time,open,high,low,close
2024-12-16 15:30:00,250.70000,251.10001,249.95000,251.039993
2024-12-17 09:30:00,250.13499,252.98000,249.78999,252.27000
2024-12-17 10:30:00,252.25500,253.35001,251.77000,252.55000
2024-12-17 11:30:00,252.53000,253.30000,252.48000,253.22501
2024-12-17 12:30:00,253.25,253.28999,252.69009,253.13000
2024-12-17 13:30:00,253.14000,253.63499,252.92999,253.20000
2024-12-17 14:30:00,253.20000,253.39000,252.75,252.88000
2024-12-17 15:30:00,252.88000,253.81000,252.64999,253.48000
2024-12-18 09:30:00,252.22000,253.39999,251.33000,253.070007
2024-12-18 10:30:00,253.070007,253.79990,252.85001,253.32001
2024-12-18 11:30:00,253.32359,254.039993,253.17500,253.63499
2024-12-18 12:30:00,253.63000,254.0099945,253.47000,253.71010
2024-12-18 13:30:00,253.70000,254.28000,251.53999,252.45000
2024-12-18 14:30:00,252.44901,252.98000,249.5,249.89999
2024-12-18 15:30:00,249.92000,250.39920,247.75,247.86000
2024-12-19 09:30:00,247.46001,251.020004,247.095001,249.89000
2024-12-19 10:30:00,249.89000,251.38760,249.37000,251.039993
2024-12-19 11:30:00,251.039993,251.85001,250.53500,250.58000
2024-12-19 12:30:00,250.59000,250.94000,249.72000,250.83000
2024-12-19 13:30:00,250.81500,251.45000,250.29021,250.52000
2024-12-19 14:30:00,250.50999,250.52000,249.53000,250.32500
2024-12-19 15:30:00,250.33000,250.55000,249.40930,249.85001
2024-12-20 09:30:00,248.12000,249.62410,246.30000,249.59500
2024-12-20 10:30:00,249.59000,252,249.39999,251.99001
2024-12-20 11:30:00,251.98000,253.92999,251.89000,253.73500
2024-12-20 12:30:00,253.73500,253.77000,252.77200,252.87000
2024-12-20 13:30:00,252.91000,253.64999,252.67999,253.62030
2024-12-20 14:30:00,253.63000,254.19000,253.30000,253.49001
2024-12-20 15:30:00,253.5,255,252.78999,254.59000
2024-12-23 09:30:00,254.77000,255.64500,253.45000,254.070007
2024-12-23 10:30:00,254.050003,255.070007,253.46001,254.83000
2024-12-23 11:30:00,254.83910,255.23000,254.37000,254.42999
2024-12-23 12:30:00,254.42999,254.75500,253.72000,253.92000
2024-12-23 13:30:00,253.92000,254.46001,253.87000,254.29500
2024-12-23 14:30:00,254.30000,254.39999,253.67999,254.34000
2024-12-23 15:30:00,254.34000,255.64999,254.34000,255.31000
2024-12-24 09:30:00,255.37000,257.42999,255.36000,257.10501
2024-12-24 10:30:00,257.13000,257.98999,257.13000,257.31000
2024-12-24 11:30:00,257.28000,257.53500,256.89001,257.38000
2024-12-24 12:30:00,257.37759,258.20001,257.061401,258.20001
2024-12-24 15:30:00,258.20001,258.20001,258.20001,258.20001
2024-12-26 09:30:00,258.35501,260.089996,257.63000,258.36121
2024-12-26 10:30:00,258.36499,259.19000,258.13000,258.88000
2024-12-26 11:30:00,258.89001,259.34000,258.82001,258.98499
2024-12-26 12:30:00,258.98801,259.32501,258.57001,258.81891
2024-12-26 13:30:00,258.81000,258.94891,258.41000,258.60001
2024-12-26 14:30:00,258.60999,259.47000,258.59000,259.10999
2024-12-26 15:30:00,259.12000,259.51001,259.010010,259.10001
2024-12-27 09:30:00,257.89999,258.70001,254.91000,254.99001
2024-12-27 10:30:00,254.96001,255.39999,254.039993,254.73000
2024-12-27 11:30:00,254.74001,254.80000,253.059998,253.67999
2024-12-27 12:30:00,253.67000,254.97990,253.64780,254.95000
2024-12-27 13:30:00,254.94000,255.50999,254.86000,255.014999
2024-12-27 14:30:00,255.029999,255.55991,254.96001,255.17000
2024-12-27 15:30:00,255.17000,255.82001,254.97000,255.72000
2024-12-30 09:30:00,252.23000,253,250.75,250.92000
2024-12-30 10:30:00,250.91600,252.28500,250.91600,251.89999
2024-12-30 11:30:00,251.89000,253.10001,251.81000,253.050003
2024-12-30 12:30:00,253.059998,253.47000,252.5,252.82001
2024-12-30 13:30:00,252.80499,253.28999,252.59000,252.93640
2024-12-30 14:30:00,252.92999,253.49989,252.69000,252.72000
2024-12-30 15:30:00,252.73000,253.039993,252.039993,252.12000
2024-12-31 09:30:00,252.66000,253.28000,251.32001,251.68770
2024-12-31 10:30:00,251.69000,252.13989,251.024994,251.17999
2024-12-31 11:30:00,251.17999,251.55000,250.64999,250.71629
2024-12-31 12:30:00,250.70000,250.75999,249.44000,249.69000
2024-12-31 13:30:00,249.69000,250.26801,249.53000,249.77000
2024-12-31 14:30:00,249.76500,250.88000,249.69000,250.77010
2024-12-31 15:30:00,250.77000,251.080002,249.5,250.38000
2025-01-02 09:30:00,248.92999,249.10001,244.80000,245.73990
2025-01-02 10:30:00,245.63000,245.88000,244.16010,244.89500
2025-01-02 11:30:00,244.90990,245.25,243.32001,243.42860
2025-01-02 12:30:00,243.41000,243.41000,242.31000,242.68620
2025-01-02 13:30:00,242.67000,242.84000,241.82010,242.48840
2025-01-02 14:30:00,242.48000,243.44000,241.87131,243.23109
2025-01-02 15:30:00,243.25,243.95000,243.010193,243.82001
2025-01-03 09:30:00,243.37000,244.17999,241.89000,242.45979
2025-01-03 10:30:00,242.45000,243.67560,242.14000,243.49001
2025-01-03 11:30:00,243.48000,244.048599,242.67000,242.77071
2025-01-03 12:30:00,242.78000,243.16000,242.28000,243.0099945
2025-01-03 13:30:00,243,243.059998,242.57001,242.67000
2025-01-03 14:30:00,242.66000,243.44240,242.64000,242.85001
2025-01-03 15:30:00,242.84000,243.60001,242.61000,243.30000
2025-01-06 09:30:00,244.33000,246.18269,243.84000,245.55000
2025-01-06 10:30:00,245.53999,247.33000,245.33000,246.74001
2025-01-06 11:30:00,246.75500,246.76100,245.70129,245.77000
2025-01-06 12:30:00,245.75999,245.87000,244.48000,245.029999
2025-01-06 13:30:00,245.029999,245.17999,244.60001,244.98000
2025-01-06 14:30:00,244.98000,245.13000,244.42500,244.89500
2025-01-06 15:30:00,244.91000,245.34000,244.42000,245
2025-01-07 09:30:00,242.98000,245.55000,242.83000,245.16499
2025-01-07 10:30:00,245.16000,245.38000,243.71001,243.77000
2025-01-07 11:30:00,243.74001,243.87520,242.13820,242.39000
2025-01-07 12:30:00,242.39999,243.40840,241.36000,243.15550
2025-01-07 13:30:00,243.14999,243.17999,242.070099,242.45799
2025-01-07 14:30:00,242.45000,242.49001,241.75,242.0099945
2025-01-07 15:30:00,242.020004,242.40500,241.53900,242.19000
2025-01-08 09:30:00,241.97000,242.86549,240.050003,242.40990
2025-01-08 10:30:00,242.39000,243.71230,242.085007,242.71001
2025-01-08 11:30:00,242.72610,243.58000,241.24001,241.37000
2025-01-08 12:30:00,241.36000,242.50870,241.20000,242.35001
2025-01-08 13:30:00,242.35001,242.98000,241.044006,242.79500
2025-01-08 14:30:00,242.70000,242.72000,241.70000,242.38400
2025-01-08 15:30:00,242.38000,242.98700,241.80000,242.72000
2025-01-10 09:30:00,240.024994,240.14999,235.80000,237.42500
2025-01-10 10:30:00,237.42419,237.44830,233.5,233.77000
2025-01-10 11:30:00,233.77000,235.89999,233,235.57001
2025-01-10 12:30:00,235.53999,237.33971,235.065002,237.11501
2025-01-10 13:30:00,237.12000,237.58501,236.41000,236.83000
2025-01-10 14:30:00,236.84000,236.88000,235.75,235.99500
2025-01-10 15:30:00,235.99500,237.28999,235.77000,236.92999
2025-01-13 09:30:00,233.5,233.59000,229.72000,230.38000
2025-01-13 10:30:00,230.38000,231.80000,230.22000,230.72501
2025-01-13 11:30:00,230.73250,232.53000,230.39999,232.32001
2025-01-13 12:30:00,232.28999,233.43500,231.98000,233.38000
2025-01-13 13:30:00,233.38000,233.97000,233.25999,233.56000
2025-01-13 14:30:00,233.55000,234.20000,233.37000,233.68440
2025-01-13 15:30:00,233.69000,234.67000,233.65500,234.39999
2025-01-14 09:30:00,234.75,236.12000,234.25999,235.61000
2025-01-14 10:30:00,235.60001,235.97000,234.13000,234.21001
2025-01-14 11:30:00,234.19000,234.47630,232.84500,233.32500
2025-01-14 12:30:00,233.31000,234.12000,232.64999,234.020203
2025-01-14 13:30:00,234.039993,234.92000,233.72000,234.25870
2025-01-14 14:30:00,234.25,234.64999,232.47200,233.29500
2025-01-14 15:30:00,233.28000,233.44000,232.53999,233.28000
2025-01-15 09:30:00,234.64000,238.39000,234.42999,237.92010
2025-01-15 10:30:00,237.96001,238.53999,237.31000,237.40070
2025-01-15 11:30:00,237.39999,237.58000,236.50240,237.11990
2025-01-15 12:30:00,237.11501,237.74001,236.97000,237.53000
2025-01-15 13:30:00,237.52000,237.75999,237.25999,237.56010
2025-01-15 14:30:00,237.58000,238.034195,237.52000,237.62120
2025-01-15 15:30:00,237.62000,238.47000,237.39000,237.85001
2025-01-16 09:30:00,237.49001,238.0099945,232.71060,232.81799
2025-01-16 10:30:00,232.80200,233.020004,230.16000,230.58501
2025-01-16 11:30:00,230.59950,231.10001,229.75,230.92000
2025-01-16 12:30:00,230.92000,231.20000,229.070007,229.19000
2025-01-16 13:30:00,229.18500,229.39999,228.56000,229.17500
2025-01-16 14:30:00,229.17500,230.068604,228.89999,229.024994
2025-01-16 15:30:00,229.0099945,229.29179,228.029999,228.24001
2025-01-17 09:30:00,232.11501,232.28999,229.72000,230.38499
2025-01-17 10:30:00,230.39999,231.64999,230.35001,231.28130
2025-01-17 11:30:00,231.28999,231.32001,229.49001,230.25909
2025-01-17 12:30:00,230.26500,230.44000,229.89000,229.91000
2025-01-17 13:30:00,229.91020,229.95000,228.48000,229.17999
2025-01-17 14:30:00,229.17999,229.77000,229.080002,229.44009
2025-01-17 15:30:00,229.44000,230.020004,229.23000,229.99001
2025-01-21 09:30:00,224,224.42000,220.80000,221.77029
2025-01-21 10:30:00,221.77000,222.089996,219.70000,220.10780
2025-01-21 11:30:00,220.089996,220.77000,219.38000,220.36000
2025-01-21 12:30:00,220.36000,221.070007,220.0099945,220.40500
2025-01-21 13:30:00,220.40469,221.69000,220.37000,221.60989
2025-01-21 14:30:00,221.60001,221.67000,220.31000,221.64990
2025-01-21 15:30:00,221.62000,222.78000,221.34000,222.66000
2025-01-22 09:30:00,219.94000,223.35280,219.80000,221.63100
2025-01-22 10:30:00,221.63499,223.080002,221.55000,222.85980
2025-01-22 11:30:00,222.85789,222.92799,221.70000,222.56500
2025-01-22 12:30:00,222.56500,222.85001,222.014999,222.11571
2025-01-22 13:30:00,222.13000,222.86501,221.91000,222.74600
2025-01-22 14:30:00,222.75,223.60001,222.42000,223.35001
2025-01-22 15:30:00,223.36501,223.98000,223.059998,223.77000
2025-01-23 09:30:00,224.73000,227.029999,224.25999,225.97000
2025-01-23 10:30:00,225.96500,226.37000,224.38000,225.17500
2025-01-23 11:30:00,225.16000,225.19501,223.38570,223.57001
2025-01-23 12:30:00,223.56500,223.78000,223.19000,223.55000
2025-01-23 13:30:00,223.56000,223.63499,222.42999,222.80000
2025-01-23 14:30:00,222.81000,223.17000,222.57500,222.88000
2025-01-23 15:30:00,222.86501,223.64999,222.30000,223.64999
2025-01-24 09:30:00,224.97501,225.63000,222.53011,222.73000
2025-01-24 10:30:00,222.73500,223.37000,222.35010,222.75999
2025-01-24 11:30:00,222.77000,223.49001,222.14000,222.28000
2025-01-24 12:30:00,222.22000,222.72450,221.95000,222.16000
2025-01-24 13:30:00,222.19000,222.55000,221.92000,222.37000
2025-01-24 14:30:00,222.35001,222.92999,221.41000,222.32001
2025-01-24 15:30:00,222.38499,223.044998,222.20000,222.78999
2025-01-27 09:30:00,224.029999,227.70000,224,227.29230
2025-01-27 10:30:00,227.30000,228.83000,227.089996,228.49380
2025-01-27 11:30:00,228.47000,230.14000,228.17999,230.089996
2025-01-27 12:30:00,230.089996,231.38000,229.81050,231.32001
2025-01-27 13:30:00,231.30000,232.14999,230.99001,232.029999
2025-01-27 14:30:00,232.029999,232.029999,230.14000,230.67999
2025-01-27 15:30:00,230.70000,231.38000,228.48000,229.94000
2025-01-28 09:30:00,230.85,237.79,230.85,237.64
2025-01-28 10:30:00,237.645,239.43,237.63,238.95
2025-01-28 11:30:00,239.18,240.19,238.2,238.64
2025-01-28 12:30:00,238.64,239.25,238.27,238.71
2025-01-28 13:30:00,238.76,239.085,238.6,238.93
2025-01-28 14:30:00,238.82,239.48,238.31,238.82
2025-01-28 15:30:00,238.84,238.96,237.77,238.23
2025-01-29 09:30:00,234.14999,237.13000,234.0099945,236.83000
2025-01-29 10:30:00,236.81000,238,236.42999,236.51570
2025-01-29 11:30:00,236.53000,237.22000,236.13000,236.86900
2025-01-29 12:30:00,236.87000,237.43500,235.46001,237.42999
2025-01-29 13:30:00,237.45000,237.66000,236.31000,236.44501
2025-01-29 14:30:00,236.44000,239.24001,236.34500,239.050003
2025-01-29 15:30:00,239.059998,239.85500,238.72000,239.35001
2025-01-30 09:30:00,238.66499,240.78999,238.089996,238.46001
2025-01-30 10:30:00,238.46001,239.029999,237.21001,238.16000
2025-01-30 11:30:00,238.18440,238.88000,237.81000,238.029999
2025-01-30 12:30:00,238.029999,238.76860,237.90500,238.45000
2025-01-30 13:30:00,238.44000,239.67000,238.44000,239.25
2025-01-30 14:30:00,239.25,240.050003,239.21001,239.58000
2025-01-30 15:30:00,239.58000,239.85500,237.24001,237.56000
2025-01-31 09:30:00,247.039993,247.19000,240.55000,240.94360
2025-01-31 10:30:00,240.90500,241.42931,238.59000,238.94901
2025-01-31 11:30:00,238.97000,240.050003,238.74001,239.74001
2025-01-31 12:30:00,239.75,239.80099,236.22000,236.42500
2025-01-31 13:30:00,236.42999,236.86000,234.47000,235.13499
2025-01-31 14:30:00,235.15500,235.27991,233.44000,234.28999
2025-01-31 15:30:00,234.31000,236.5,233.74001,235.86000
2025-02-03 09:30:00,229.44000,231.83000,226.63499,229.25999
2025-02-03 10:30:00,229.25999,229.81990,226.080002,226.42000
2025-02-03 11:30:00,226.41000,227.13000,225.71001,226.36990
2025-02-03 12:30:00,226.36000,227.070007,225.95000,226.89999
2025-02-03 13:30:00,226.91000,228.84770,226.89000,228.47000
2025-02-03 14:30:00,228.48000,229.21001,228.32001,228.55009
2025-02-03 15:30:00,228.57001,228.96989,227.63000,227.98000
2025-02-04 09:30:00,227.20000,230.41180,226.64999,230.37000
2025-02-04 10:30:00,230.38000,231.54880,230.13499,231.050003
2025-02-04 11:30:00,231.059998,232.78999,231.050003,231.78000
2025-02-04 12:30:00,231.78999,232.38000,231.39000,232.22000
2025-02-04 13:30:00,232.22569,232.36000,231.38000,232.14000
2025-02-04 14:30:00,232.14000,232.95000,232.13499,232.30901
2025-02-04 15:30:00,232.28999,233.13000,232.029999,232.78999
2025-02-05 09:30:00,229.39529,230.61971,228.30000,229.5
2025-02-05 10:30:00,229.50999,230.19749,228.85139,230.089996
2025-02-05 11:30:00,230.080002,231.28000,229.99001,230.69000
2025-02-05 12:30:00,230.67999,230.75,229.63000,229.91000
2025-02-05 13:30:00,229.89999,231.53000,229.71001,230.64870
2025-02-05 14:30:00,230.64000,231.87000,230.5,231.79500
2025-02-05 15:30:00,231.78000,232.67000,231.11011,232.46001
2025-02-06 09:30:00,231.34000,233.80000,230.77930,231.53999
2025-02-06 10:30:00,231.58501,232.32561,230.42500,231.51500
2025-02-06 11:30:00,231.50999,231.63499,230.89999,231.33000
2025-02-06 12:30:00,231.34500,232.34000,231.029999,232.19000
2025-02-06 13:30:00,232.19000,233.11000,232.080002,232.87000
2025-02-06 14:30:00,232.89000,232.89000,231.89500,232.28000
2025-02-06 15:30:00,232.28999,233.28000,231.92999,233.22000
2025-02-07 09:30:00,232.51500,234,229.88000,230.39000
2025-02-07 10:30:00,230.34000,231.26801,228.89999,229.054993
2025-02-07 11:30:00,229.085007,229.42000,228.19501,228.40060
2025-02-07 12:30:00,228.39000,229.44000,228.36330,229.29890
2025-02-07 13:30:00,229.28999,229.5,227.83000,227.88000
2025-02-07 14:30:00,227.89000,228.58000,227.78999,228
2025-02-07 15:30:00,227.99001,228.14999,227.25999,227.71001
2025-02-10 09:30:00,229.57001,230.58501,228.80000,229.86620
2025-02-10 10:30:00,229.89000,229.91161,228.74001,229.36000
2025-02-10 11:30:00,229.37080,229.38499,228.23920,228.47070
2025-02-10 12:30:00,228.47000,228.88000,228.37000,228.47000
2025-02-10 13:30:00,228.48500,229.035004,228.40500,228.69991
2025-02-10 14:30:00,228.70000,228.84000,227.60001,227.69000
2025-02-10 15:30:00,227.73000,227.88000,227.20000,227.64000
2025-02-11 09:30:00,228.20000,233.49001,228.13000,233.34000
2025-02-11 10:30:00,233.21500,234.71790,232.82010,234.64999
2025-02-11 11:30:00,234.66000,235.23000,233.72169,234.57230
2025-02-11 12:30:00,234.59000,234.625,233.25,233.54500
2025-02-11 13:30:00,233.72000,234.18990,233.13000,233.37000
2025-02-11 14:30:00,233.36211,233.92500,232.89999,233.11079
2025-02-11 15:30:00,233.11000,233.30000,232.17000,232.77000
2025-02-12 09:30:00,231.27499,234.050003,230.67999,233.60500
2025-02-12 10:30:00,233.58121,235.14000,233.58000,235.070007
2025-02-12 11:30:00,235.070007,235.66000,234.73000,235.28999
2025-02-12 12:30:00,235.27330,235.89000,234.86000,235.48000
2025-02-12 13:30:00,235.47321,236.42000,235.32001,236.21001
2025-02-12 14:30:00,236.21001,236.66000,236.070007,236.46500
2025-02-12 15:30:00,236.46001,236.96001,235.91000,236.89000
2025-02-13 09:30:00,238.42000,239,235.57001,237.88000
2025-02-13 10:30:00,237.89600,241.61000,237.73000,240.48000
2025-02-13 11:30:00,240.49030,240.84000,239.82001,240.34500
2025-02-13 12:30:00,240.34990,241.35001,240.19000,241.029999
2025-02-13 13:30:00,241.039993,242.070007,240.53000,241.76990
2025-02-13 14:30:00,241.75011,242.33990,241.25999,241.54500
2025-02-13 15:30:00,241.54500,241.76900,241.0099945,241.52000
2025-02-14 09:30:00,241.070007,245.050003,241,244.38000
2025-02-14 10:30:00,244.38000,244.38000,243.16000,243.94501
2025-02-14 11:30:00,243.94000,244.53000,243.69000,243.81520
2025-02-14 12:30:00,243.82500,244.31000,243.34000,243.99989
2025-02-14 13:30:00,243.98000,244.53999,243.94000,244.14999
2025-02-14 14:30:00,244.13989,244.37000,243.91010,244.10001
2025-02-14 15:30:00,244.080002,245.41000,243.91000,244.57001
2025-02-18 09:30:00,243.91000,245.17999,242.86011,244.090500
2025-02-18 10:30:00,244.080002,244.96989,243.94000,244.73000
2025-02-18 11:30:00,244.72000,245.050003,244.17999,244.42999
2025-02-18 12:30:00,244.45000,244.5,243.25,243.43500
2025-02-18 13:30:00,243.42999,243.48331,241.84000,243.054993
2025-02-18 14:30:00,243.054993,243.83501,242.98000,243.52000
2025-02-18 15:30:00,243.53000,244.60001,243.14999,244.47000
2025-02-19 09:30:00,244.61000,246.0099945,243.78999,243.93990
2025-02-19 10:30:00,243.92999,244.49001,243.16040,244.39571
2025-02-19 11:30:00,244.39000,245.65140,244.029999,245.14999
2025-02-19 12:30:00,245.14000,245.28000,244.23000,244.71001
2025-02-19 13:30:00,244.71500,245.18990,244.22000,244.90010
2025-02-19 14:30:00,244.89999,245.17000,244.45010,244.88000
2025-02-19 15:30:00,244.88000,245.089600,244.53500,244.88000
2025-02-20 09:30:00,244.97000,246.78000,244.28999,244.74500
2025-02-20 10:30:00,244.74001,246.70000,244.59000,246.13060
2025-02-20 11:30:00,246.125,246.46001,245.029999,246.38000
2025-02-20 12:30:00,246.37000,246.41000,245.16000,245.44501
2025-02-20 13:30:00,245.44000,245.58000,245.020004,245.25500
2025-02-20 14:30:00,245.25,245.75,244.85001,245.62000
2025-02-20 15:30:00,245.61000,246,245.36000,245.86000
2025-02-21 09:30:00,245.96500,246.94000,245.22000,245.78999
2025-02-21 10:30:00,245.77499,247.45000,245.22000,247.13000
2025-02-21 11:30:00,247.14500,247.64999,246.64999,247.37000
2025-02-21 12:30:00,247.38000,248.69000,247.10001,247.44119
2025-02-21 13:30:00,247.44510,248.076706,246.42999,246.49001
2025-02-21 14:30:00,246.50500,246.82001,245.39011,245.80000
2025-02-21 15:30:00,245.81500,246.089996,245.33000,245.59000
2025-02-24 09:30:00,244.80800,248.86000,244.59000,247.85001
2025-02-24 10:30:00,247.85001,247.95410,246.0099945,247.11020
2025-02-24 11:30:00,247.13000,248.32001,247.12000,247.79500
2025-02-24 12:30:00,247.82001,248.14000,247.22000,248.050003
2025-02-24 13:30:00,248.050003,248.80000,247.67000,248.66000
2025-02-24 14:30:00,248.66000,248.75,247.42999,247.61000
2025-02-24 15:30:00,247.59500,247.78999,246.82001,247.23000
2025-02-25 09:30:00,248,249.52000,244.91000,245.11000
2025-02-25 10:30:00,245.13000,246.87000,244.91000,246.52499
2025-02-25 11:30:00,246.53500,249.98000,246.43010,249.58000
2025-02-25 12:30:00,249.58000,249.62000,247.73000,247.98000
2025-02-25 13:30:00,247.97000,248.62000,247.16000,247.66811
2025-02-25 14:30:00,247.64000,248.59000,247.55000,247.72000
2025-02-25 15:30:00,247.72501,247.77000,246.044998,247.050003
2025-02-26 09:30:00,244.33000,244.98000,241.42000,243.48000
2025-02-26 10:30:00,243.49500,243.72000,241.58000,241.81000
2025-02-26 11:30:00,241.80000,243.89000,241.75,243.13000
2025-02-26 12:30:00,243.14000,243.28999,240.24001,240.34030
2025-02-26 13:30:00,240.34000,240.39000,239.13000,239.82001
2025-02-26 14:30:00,239.81000,240.45000,239.53000,239.95000
2025-02-26 15:30:00,239.96001,240.71001,239.68500,240.31000
2025-02-27 09:30:00,239.34500,242.28000,238.47000,241.375
2025-02-27 10:30:00,241.36000,242.46001,240.64000,241.52000
2025-02-27 11:30:00,241.52000,241.78481,239.58501,241.057999
2025-02-27 12:30:00,241.12970,242.17999,240.36000,241.89999
2025-02-27 13:30:00,241.92999,242.050003,240.52000,240.63000
2025-02-27 14:30:00,240.64500,240.66000,238.77029,238.92000
2025-02-27 15:30:00,238.95500,239.36951,237.10001,237.38000
2025-02-28 09:30:00,236.95000,237.80000,234.50999,237.59500
2025-02-28 10:30:00,237.58000,237.83000,236.49001,236.92000
2025-02-28 11:30:00,236.87000,237.75,236.55000,237.60500
2025-02-28 12:30:00,237.69000,237.89999,236.23000,237.41000
2025-02-28 13:30:00,237.40500,238.30830,237.0099945,237.92000
2025-02-28 14:30:00,237.88000,239.78000,237.70039,239.71001
2025-02-28 15:30:00,239.69000,242.089996,238.81000,241.84000
2025-03-03 09:30:00,241.72200,244.027206,239.82500,241.48500
2025-03-03 10:30:00,241.5,242.63000,241.12669,241.19000
2025-03-03 11:30:00,241.23000,242.55000,240.66499,242.53999
2025-03-03 12:30:00,242.53999,242.98680,240.74001,240.96500
2025-03-03 13:30:00,241.020004,241.87000,240.44000,241.15179
2025-03-03 14:30:00,241.16000,242,236.64999,236.88921
2025-03-03 15:30:00,236.88000,238.56000,236.11200,238.14000
2025-03-04 09:30:00,237.70500,239.39000,236.35001,238.39999
2025-03-04 10:30:00,238.39999,239.81000,237.64999,238.63000
2025-03-04 11:30:00,238.59000,240.070007,238.12891,238.16499
2025-03-04 12:30:00,238.11000,238.17990,236.16000,236.75
2025-03-04 13:30:00,236.75,238.56000,236.42999,238.28889
2025-03-04 14:30:00,238.28999,239.24989,237.98230,238.69000
2025-03-04 15:30:00,238.67999,238.75,234.70000,236.070007
2025-03-05 09:30:00,235.49500,235.95000,230.55000,230.92000
2025-03-05 10:30:00,230.94000,233.20000,230.14000,230.64900
2025-03-05 11:30:00,230.62000,234.64999,229.23000,234.53990
2025-03-05 12:30:00,234.53999,235.53999,234,234.67999
2025-03-05 13:30:00,234.66530,236.55000,234.10001,235.74750
2025-03-05 14:30:00,235.80000,236.48000,235.14999,236.039993
2025-03-05 15:30:00,236.0099945,236.35001,235.059998,235.77000
2025-03-06 09:30:00,234.43500,237.16000,233.53999,236.47000
2025-03-06 10:30:00,236.47000,237.86000,236.24500,236.78000
2025-03-06 11:30:00,236.74001,237.34000,234.040405,234.41499
2025-03-06 12:30:00,234.39999,235.42999,234.059998,234.29500
2025-03-06 13:30:00,234.30499,235.17000,233.39999,233.69000
2025-03-06 14:30:00,233.65500,236.0099945,233.33000,235.17999
2025-03-06 15:30:00,235.17000,235.75999,234.45000,235.32001
2025-03-07 09:30:00,235.10500,239.42999,234.835,238.31000
2025-03-07 10:30:00,238.31500,240.16000,237.030106,239.020004
2025-03-07 11:30:00,239.039993,239.69749,237.86000,239.28999
2025-03-07 12:30:00,239.25999,241.37000,238.80000,240.41440
2025-03-07 13:30:00,240.42500,240.91000,238.57001,239.64999
2025-03-07 14:30:00,239.66499,239.86000,238.080002,238.81140
2025-03-07 15:30:00,238.80000,239.77000,237.94000,239.070007
2025-03-10 09:30:00,235.48000,236.16000,228.52000,228.55000
2025-03-10 10:30:00,228.55499,229.5,225.28999,226.50870
2025-03-10 11:30:00,226.53000,227.28999,224.22000,225.48000
2025-03-10 12:30:00,225.53999,226.69000,224.32500,225.21001
2025-03-10 13:30:00,225.24001,226.98000,224.87000,226.58000
2025-03-10 14:30:00,226.59000,227.51500,224.42090,226.97620
2025-03-10 15:30:00,226.99001,228.64999,226.5,227.54100
2025-03-11 09:30:00,223.80000,225.83990,220.0099945,222.52000
2025-03-11 10:30:00,222.49001,222.95000,220.59000,221.0032043
2025-03-11 11:30:00,220.98000,221.74001,218.5,218.55000
2025-03-11 12:30:00,218.53999,219.88000,217.45000,217.75500
2025-03-11 13:30:00,217.73000,220.98000,217.67999,220.54500
2025-03-11 14:30:00,220.55000,223.28000,220.090195,221.82021
2025-03-11 15:30:00,221.82001,222.050003,220.58000,220.73000
2025-03-12 09:30:00,220.17999,221.75,218.83000,218.95000
2025-03-12 10:30:00,218.95000,219.39999,214.91000,216.44501
2025-03-12 11:30:00,216.47000,218.61000,216.33000,218.36040
2025-03-12 12:30:00,218.44501,218.60001,216.88000,218.18980
2025-03-12 13:30:00,218.13000,218.22000,215.92999,216.11000
2025-03-12 14:30:00,216.12000,217.089905,215.050003,215.63989
2025-03-12 15:30:00,215.64999,217.27000,215.28000,216.94000
2025-03-13 09:30:00,215.94000,216.83940,214.22000,214.28000
2025-03-13 10:30:00,214.30000,214.82001,213.63000,214.040207
2025-03-13 11:30:00,214.044998,214.35001,211.56,211.94000
2025-03-13 12:30:00,211.93381,212.92999,210.69000,211.15500
2025-03-13 13:30:00,211.14000,212.47000,210.50011,212.28999
2025-03-13 14:30:00,212.28600,212.46989,210.36000,210.63000
2025-03-13 15:30:00,210.67000,210.71001,208.42000,209.71001
2025-03-14 09:30:00,211.25,213.42999,209.58000,210.37810
2025-03-14 10:30:00,210.38000,212.38000,209.98000,211.92999
2025-03-14 11:30:00,211.92999,213.94000,211.91000,212.23070
2025-03-14 12:30:00,212.23500,213.5,212.072296,212.31500
2025-03-14 13:30:00,212.30260,212.68990,210.75999,211.24500
2025-03-14 14:30:00,211.25,213.41100,211.25,212.90530
2025-03-14 15:30:00,212.89461,213.89999,212.71001,213.38000
2025-03-17 09:30:00,213.36000,214.97000,212.17000,213.22470
2025-03-17 10:30:00,213.22501,213.25999,210.46970,210.75470
2025-03-17 11:30:00,210.75500,211.80000,209.98000,211.20000
2025-03-17 12:30:00,211.21001,212.37000,211.089996,212.33031
2025-03-17 13:30:00,212.35500,214.73019,212.28000,214.45500
2025-03-17 14:30:00,214.45000,214.79680,214.070007,214.68500
2025-03-17 15:30:00,214.67999,215.22000,213.67000,214.19000
2025-03-18 09:30:00,214.14000,215.14999,212.95000,214.55141
2025-03-18 10:30:00,214.55000,214.89000,212.64999,213.33000
2025-03-18 11:30:00,213.25,213.98000,212.78999,213.72000
2025-03-18 12:30:00,213.70000,213.77361,211.49001,212.28340
2025-03-18 13:30:00,212.30000,212.32001,211.55980,211.99500
2025-03-18 14:30:00,212,212.65500,211.81030,212.34500
2025-03-18 15:30:00,212.34500,213.25999,212.31000,212.78999
2025-03-19 09:30:00,214.22000,218.75999,213.91010,217.14500
2025-03-19 10:30:00,217.21001,217.21980,214.96001,215.66901
2025-03-19 11:30:00,215.69000,216.75,215.17999,215.30000
2025-03-19 12:30:00,215.28999,215.33000,214.28999,214.38000
2025-03-19 13:30:00,214.39200,215.049698,213.75,214.27000
2025-03-19 14:30:00,214.27000,217.059006,214.25,215.50990
2025-03-19 15:30:00,215.5,215.67999,214.48000,215.30000
2025-03-20 09:30:00,213.99001,217.48990,212.89999,216.99040
2025-03-20 10:30:00,216.98000,217.29500,215.78760,215.9
2025-03-20 11:30:00,215.94000,216.46001,214.020004,214.14000
2025-03-20 12:30:00,214.14000,214.50999,213,213.23000
2025-03-20 13:30:00,213.25999,213.89000,212.73000,212.75999
2025-03-20 14:30:00,212.77000,213.39999,212.22000,212.68350
2025-03-20 15:30:00,212.69000,214.75999,212.69000,214.14999
2025-03-21 09:30:00,211.51500,214.41000,211.47000,213.74001
2025-03-21 10:30:00,213.71001,214.84000,213.26070,213.44350
2025-03-21 11:30:00,213.44000,215.39999,212.64000,214.65500
2025-03-21 12:30:00,214.67000,215.48000,214.48480,214.62000
2025-03-21 13:30:00,214.61000,215.039001,214.26010,214.67000
2025-03-21 14:30:00,214.67000,215.37000,214.64000,215.31000
2025-03-21 15:30:00,215.31000,218.84000,215.0099945,218.36000
2025-03-24 09:30:00,221,221.020996,218.58000,219.77000
2025-03-24 10:30:00,219.81000,220.69000,219.029205,219.15750
2025-03-24 11:30:00,219.15500,220.050003,218.96001,219
2025-03-24 12:30:00,219.014999,219.5,218.82001,219.28999
2025-03-24 13:30:00,219.32001,219.85001,219.089996,219.75999
2025-03-24 14:30:00,219.77499,220.47000,219.46581,219.77000
2025-03-24 15:30:00,219.78999,221.0099945,219.66000,220.42999
2025-03-25 09:30:00,220.77,223.38,220.085,223.37
2025-03-25 10:30:00,223.33,223.895,222.3,223.55
2025-03-25 11:30:00,223.555,223.685,223.01,223.135
2025-03-25 12:30:00,223.105,223.63,222.83,222.83
2025-03-25 13:30:00,222.835,223.94,222.615,223.49
2025-03-25 14:30:00,223.495,223.71,222.79,223.39
2025-03-25 15:30:00,223.41,224.1,223.3,223.76
2025-03-26 09:30:00,223.50999,225.020004,222.84000,224.074493
2025-03-26 10:30:00,224.085007,224.31560,223.11000,223.72000
2025-03-26 11:30:00,223.72009,223.89999,222.12000,223.67500
2025-03-26 12:30:00,223.67500,223.78999,221.63000,222.080002
2025-03-26 13:30:00,222.080002,222.22000,221.40010,221.83501
2025-03-26 14:30:00,221.81500,221.88499,220.60001,220.60001
2025-03-26 15:30:00,220.61501,221.88000,220.47000,221.39999
2025-03-27 09:30:00,221.33000,222.10001,220.56010,221.64999
2025-03-27 10:30:00,221.64999,223.24001,221.39999,222.80009
2025-03-27 11:30:00,222.80000,223.75999,222.56500,223.19501
2025-03-27 12:30:00,223.17999,223.98000,222.72000,223.10500
2025-03-27 13:30:00,223.080002,224.56000,223.050003,224.37000
2025-03-27 14:30:00,224.35001,224.99001,223.94501,224.78999
2025-03-27 15:30:00,224.80000,224.99001,223.70000,223.92999
2025-03-28 09:30:00,221.64900,223.80000,219.69501,219.91000
2025-03-28 10:30:00,219.89000,220.64999,219.17000,219.98000
2025-03-28 11:30:00,219.89110,220.22000,218.35001,218.69000
2025-03-28 12:30:00,218.67000,219.12000,218.21001,218.49001
2025-03-28 13:30:00,218.5,219.16650,218.17999,219.050003
2025-03-28 14:30:00,219.039993,219.14999,218.11040,218.50999
2025-03-28 15:30:00,218.5,218.75,217.67999,217.88000
2025-03-31 09:30:00,217.22000,219.31000,216.24001,218.57001
2025-03-31 10:30:00,218.61000,220.080002,218.35,219.13000
2025-03-31 11:30:00,219.10001,220.92999,218.88519,220.92000
2025-03-31 12:30:00,220.89999,221.020004,219.39000,219.87000
2025-03-31 13:30:00,219.85001,220.88000,219.24170,220.79500
2025-03-31 14:30:00,220.80000,221.73500,220.39000,221.22501
2025-03-31 15:30:00,221.21001,224.97000,220.99010,221.99500
2025-04-01 09:30:00,219.80499,223.39000,218.89999,221.51990
2025-04-01 10:30:00,221.49001,223.42999,221.36000,222.87990
2025-04-01 11:30:00,222.86501,223.14000,222.14999,222.53000
2025-04-01 12:30:00,222.55499,223.080002,222.19000,222.33850
2025-04-01 13:30:00,222.30000,222.77499,221.45000,221.5
2025-04-01 14:30:00,221.49001,222.12000,221.14999,221.73000
2025-04-01 15:30:00,221.71001,223.49001,221.57001,223.14000
2025-04-02 09:30:00,221.19000,224.10851,221.050003,224.039993
2025-04-02 10:30:00,224.020004,224.71539,223.45000,224.48000
2025-04-02 11:30:00,224.45000,224.60001,223.11000,224.13000
2025-04-02 12:30:00,224.13000,225.19000,223.19000,224.72000
2025-04-02 13:30:00,224.72000,224.81000,222.92000,222.92999
2025-04-02 14:30:00,222.92000,223.94099,222.86140,223.66010
2025-04-02 15:30:00,223.67000,224.46001,223.5,223.78999
2025-04-03 09:30:00,205.52000,207.48990,202.52000,205.63499
2025-04-03 10:30:00,205.63499,206.47000,203.37000,204.050003
2025-04-03 11:30:00,204.050003,207.039993,203.70430,206.059998
2025-04-03 12:30:00,206.10001,206.30000,203.84010,204.0050049
2025-04-03 13:30:00,203.99001,204.60510,202.70000,203
2025-04-03 14:30:00,202.98280,203.52000,202.14000,202.20000
2025-04-03 15:30:00,202.20000,203.86000,201.25,203.059998
2025-04-04 09:30:00,196.17000,199.88000,192.80000,195.28000
2025-04-04 10:30:00,195.29500,197.21170,191.059998,194.49001
2025-04-04 11:30:00,194.46500,196,192.25999,192.81000
2025-04-04 12:30:00,192.78000,193.97620,190.89999,190.99001
2025-04-04 13:30:00,190.98000,192.57001,188.83099,188.88000
2025-04-04 14:30:00,188.89999,190.86880,187.34500,190.23000
2025-04-04 15:30:00,190.15500,191.73000,188.059998,188.38000
2025-04-07 09:30:00,177.24001,194.14000,174.62000,182.39999
2025-04-07 10:30:00,181.75,185.93980,175.70000,176.36000
2025-04-07 11:30:00,176.41000,180.16000,175.75,178.14000
2025-04-07 12:30:00,178.10001,181.72000,177.10001,181.53999
2025-04-07 13:30:00,181.55499,183.89000,179.5,180.33501
2025-04-07 14:30:00,180.34000,182.30000,178.28011,178.42130
2025-04-07 15:30:00,178.44000,182,178.43500,181.59000
2025-04-08 09:30:00,186.73000,190.33501,185.10001,189.33000
2025-04-08 10:30:00,189.32001,189.92999,184.059998,184.089996
2025-04-08 11:30:00,184.070007,185.53999,182.28999,183.33000
2025-04-08 12:30:00,183.32001,183.51500,175,175.029999
2025-04-08 13:30:00,175.020004,178.60989,174.85001,175.33000
2025-04-08 14:30:00,175.31219,177.23000,171.63000,172.89000
2025-04-08 15:30:00,172.87000,173.44000,169.21010,172.77000
2025-04-09 09:30:00,172.17900,179.42000,171.89000,178.41180
2025-04-09 10:30:00,178.50999,180.42000,176.83000,179.75500
2025-04-09 11:30:00,179.75,181.070007,177.75,179.59000
2025-04-09 12:30:00,179.57990,194.49001,179.24001,188.52499
2025-04-09 13:30:00,188.50999,194.86990,188.13000,190.80000
2025-04-09 14:30:00,190.78999,198.98000,183.87000,196.059998
2025-04-09 15:30:00,196,200.61000,195.91000,198.85001
2025-04-10 09:30:00,189.16499,194.77991,189,192.14500
2025-04-10 10:30:00,192.22000,193.57001,188.69000,188.85921
2025-04-10 11:30:00,188.85500,189.23000,183,184.27000
2025-04-10 12:30:00,184.26500,189.89999,184.17500,188.0099945
2025-04-10 13:30:00,187.97000,192,186,191.75999
2025-04-10 14:30:00,191.75,192.80000,189.020004,189.98500
2025-04-10 15:30:00,190,192.43500,187.83000,190.44000
2025-04-11 09:30:00,186.17999,193.25,186.059998,189.92999
2025-04-11 10:30:00,189.94000,194.20000,189.64000,193.32001
2025-04-11 11:30:00,193.28999,197.67000,192.87860,195.80099
2025-04-11 12:30:00,195.82001,199.35001,195.81000,196.83070
2025-04-11 13:30:00,196.85249,199.53999,196.037903,197.58000
2025-04-11 14:30:00,197.60001,198.94389,197.40179,198.34200
2025-04-11 15:30:00,198.35001,199,197.54140,198.020004
2025-04-14 09:30:00,211.44000,212.94000,204.61000,204.75
2025-04-14 10:30:00,204.80000,206.19991,203.41000,203.60001
2025-04-14 11:30:00,203.64999,204.38000,201.16209,201.75
2025-04-14 12:30:00,201.73000,204.97850,201.58501,203.86400
2025-04-14 13:30:00,203.88499,205.81000,203.42999,205.78999
2025-04-14 14:30:00,205.78999,206.66000,205.39000,205.71001
2025-04-14 15:30:00,205.72000,205.89999,202.32001,202.59000
2025-04-15 09:30:00,201.85500,203.50500,199.82001,200.80000
2025-04-15 10:30:00,200.78999,203.089996,200.68600,202.11501
2025-04-15 11:30:00,202.14000,203.35001,201.96001,203.039993
2025-04-15 12:30:00,203.050003,203.28400,201.11501,201.60440
2025-04-15 13:30:00,201.58501,202.77690,201.30499,201.76500
2025-04-15 14:30:00,201.71500,203.28999,201.64000,202.80000
2025-04-15 15:30:00,202.83000,202.95900,201.92000,202.13000
2025-04-16 09:30:00,198.36000,200.70000,196.020004,197.070007
2025-04-16 10:30:00,197.059998,198.98849,196.81000,198.35010
2025-04-16 11:30:00,198.375,198.39999,196.39050,196.91000
2025-04-16 12:30:00,196.91000,197.92000,196.64999,197.75999
2025-04-16 13:30:00,197.75999,197.81000,193.92000,194.55499
2025-04-16 14:30:00,194.53999,194.64371,192.37000,192.57001
2025-04-16 15:30:00,192.58000,194.86349,192.57001,194.30000
2025-04-17 09:30:00,197.14999,197.20000,194.64000,195.64000
2025-04-17 10:30:00,195.69000,197.095001,194.42000,196.039993
2025-04-17 11:30:00,196.029999,198.050003,195.98869,197.80499
2025-04-17 12:30:00,197.82600,198.57001,196.67999,196.70000
2025-04-17 13:30:00,196.71001,198.83350,196.67000,198.28000
2025-04-17 14:30:00,198.28999,198.66000,196.87000,197.24220
2025-04-17 15:30:00,197.25,197.70000,195.82001,196.87000
2025-04-21 09:30:00,193.26500,193.80000,191.36000,192.12000
2025-04-21 10:30:00,192.11000,192.49001,190.60500,190.73500
2025-04-21 11:30:00,190.72000,191.32001,189.81120,191.13000
2025-04-21 12:30:00,191.12000,191.75,190.14000,190.61400
2025-04-21 13:30:00,190.59000,191,190.24001,190.82001
2025-04-21 14:30:00,190.81500,191.38000,190.20000,191.10500
2025-04-21 15:30:00,191.089996,193.42000,191.050003,193.089996
2025-04-22 09:30:00,196.070007,198.94000,196,198.11000
2025-04-22 10:30:00,198.12000,199.55000,197.67000,198.83000
2025-04-22 11:30:00,198.83000,201.55000,197.86000,201.38000
2025-04-22 12:30:00,201.40010,201.53000,198.32030,198.53999
2025-04-22 13:30:00,198.51620,200.0099945,198.10240,199.89180
2025-04-22 14:30:00,199.88000,200.5,198.56000,198.62019
2025-04-22 15:30:00,198.625,199.89000,198,199.66000
2025-04-23 09:30:00,206,208,204.63010,206.80499
2025-04-23 10:30:00,206.81000,207.95000,204.059998,204.63000
2025-04-23 11:30:00,204.625,205.41000,202.79900,204.11000
2025-04-23 12:30:00,204.14000,205.44000,203.51840,204.95000
2025-04-23 13:30:00,205,205.64999,204.22000,204.48241
2025-04-23 14:30:00,204.47000,205.17000,203.65669,204.0099945
2025-04-23 15:30:00,204.030899,205.75,203.61000,204.36000
2025-04-24 09:30:00,204.88499,206.35001,202.94000,206.32001
2025-04-24 10:30:00,206.28999,206.66000,205.22009,205.92500
2025-04-24 11:30:00,205.88499,206.75,205.58009,206.28999
2025-04-24 12:30:00,206.28999,207.029999,205.82001,206.90500
2025-04-24 13:30:00,206.92000,207.78999,206.55000,207.28900
2025-04-24 14:30:00,207.30000,208.10001,207.029999,207.090103
2025-04-24 15:30:00,207.11000,208.82990,207.089996,208.20000
2025-04-25 09:30:00,206.42999,209.24989,206.20000,206.63480
2025-04-25 10:30:00,206.64000,207.76289,206.51500,207.10001
2025-04-25 11:30:00,207.11000,208.89999,206.66000,208.59129
2025-04-25 12:30:00,208.60001,209.41000,208.28999,209.37019
2025-04-25 13:30:00,209.39000,209.41499,207.37000,208.50450
2025-04-25 14:30:00,208.50999,208.87000,208.14000,208.22000
2025-04-25 15:30:00,208.21001,209.42999,207.87000,209.23000
2025-04-28 09:30:00,210.055,211.45,208.76,208.84
2025-04-28 10:30:00,208.83,209.79,207.86,207.97
2025-04-28 11:30:00,207.99,208.39,207.47,207.86
2025-04-28 12:30:00,207.89,208.71,207.855,208.16
2025-04-28 13:30:00,208.07,210.05,208.07,209.87
2025-04-28 14:30:00,209.87,210.94,209.8,210.54
2025-04-28 15:30:00,210.53,211.48,210.04,210.1
2025-04-29 09:30:00,208.69299,212.24001,208.37000,210.95000
2025-04-29 10:30:00,210.96001,212.070007,210.67000,211.039993
2025-04-29 11:30:00,211.039993,211.32530,210.39999,210.48801
2025-04-29 12:30:00,210.49001,210.69000,209.35001,210.36000
2025-04-29 13:30:00,210.37000,211.85001,210.22000,211.72270
2025-04-29 14:30:00,211.72000,211.96060,211.10010,211.30000
2025-04-29 15:30:00,211.31000,211.77000,210.95000,211.24001
2025-04-30 09:30:00,209.30000,209.72000,206.67050,209.32120
2025-04-30 10:30:00,209.34950,210.86000,208.71010,210.54500
2025-04-30 11:30:00,210.56000,211.28000,209.95000,210.59000
2025-04-30 12:30:00,210.59000,211.36000,209.80000,211.080002
2025-04-30 13:30:00,211.070007,212.97000,210.31500,210.71500
2025-04-30 14:30:00,210.70000,211.31000,210.28000,210.34460
2025-04-30 15:30:00,210.375,213.53999,210.050003,212.49001
2025-05-01 09:30:00,209.0099945,212.5,208.89999,211.74001
2025-05-01 10:30:00,211.75,214.22000,211.31500,212.89661
2025-05-01 11:30:00,212.89500,213.12000,211.41499,212.78000
2025-05-01 12:30:00,212.78000,212.87759,211.85001,212.50999
2025-05-01 13:30:00,212.50999,213,212.065002,212.78000
2025-05-01 14:30:00,212.78999,213.20000,212.30000,212.94000
2025-05-01 15:30:00,212.94000,214.55000,212.47000,212.83000
2025-05-02 09:30:00,206.089996,206.81990,202.16000,206.72000
2025-05-02 10:30:00,206.72000,206.99001,204.60001,204.90080
2025-05-02 11:30:00,204.92000,206.58000,204.86060,205
2025-05-02 12:30:00,205,205.89000,204.14999,204.69901
2025-05-02 13:30:00,204.70000,205.83000,204.70000,204.88000
2025-05-02 14:30:00,204.87000,205.42999,203.66000,204.75999
2025-05-02 15:30:00,204.75999,205.5,203.89000,205.30000
2025-05-05 09:30:00,203.125,204.10001,198.62000,198.78000
2025-05-05 10:30:00,198.78700,199.64999,198.21001,199.19960
2025-05-05 11:30:00,199.19000,200.039993,198.66000,199.97400
2025-05-05 12:30:00,199.96001,200.64000,199.46,200.41000
2025-05-05 13:30:00,200.41000,201.089996,200.16000,200.96001
2025-05-05 14:30:00,200.95000,201.16000,199.39999,199.39999
2025-05-05 15:30:00,199.39999,199.59990,198.51970,198.77000
2025-05-06 09:30:00,198.125,199.88000,197.020004,198.91000
2025-05-06 10:30:00,198.89999,199.13000,197.85001,199.035004
2025-05-06 11:30:00,199.035004,200.64900,198.66000,198.98000
2025-05-06 12:30:00,198.97501,200.020004,198.96001,199.42500
2025-05-06 13:30:00,199.45000,199.82001,198.69000,199.30499
2025-05-06 14:30:00,199.29500,199.85001,199.020004,199.70840
2025-05-06 15:30:00,199.73000,200.17000,198.38000,198.41000
2025-05-07 09:30:00,199.19501,199.44000,197.35001,199.22000
2025-05-07 10:30:00,199.22701,199.39999,193.81000,194.35069
2025-05-07 11:30:00,194.36000,195.37000,193.25,194.87000
2025-05-07 12:30:00,194.85001,195.78000,194.57500,195.30000
2025-05-07 13:30:00,195.32001,195.36000,193.30000,194.0099945
2025-05-07 14:30:00,193.99699,195.71001,193.83141,194.32001
2025-05-07 15:30:00,194.34000,197.46989,194.28999,196.25
2025-05-08 09:30:00,197.74001,198.13000,194.67960,195.82001
2025-05-08 10:30:00,195.83000,197.83000,195.51500,197.53999
2025-05-08 11:30:00,197.53000,200.049805,197.31000,199.24001
2025-05-08 12:30:00,199.23570,199.99001,199.010101,199.14000
2025-05-08 13:30:00,199.14000,199.21201,198.089996,198.64000
2025-05-08 14:30:00,198.64000,199.68800,198.45000,199.56000
2025-05-08 15:30:00,199.57001,199.62000,197.16400,197.39999
2025-05-09 09:30:00,199.0050049,200.53990,198.12000,198.36011
2025-05-09 10:30:00,198.38499,199.17999,197.53500,198.42999
2025-05-09 11:30:00,198.42000,199.0099945,197.92999,198.13499
2025-05-09 12:30:00,198.13000,198.45000,197.60001,198.14000
2025-05-09 13:30:00,198.14500,199.099899,197.91000,198.91000
2025-05-09 14:30:00,198.94000,199.42999,198.71001,198.78000
2025-05-09 15:30:00,198.80000,198.92990,198.34010,198.53999
2025-05-12 09:30:00,210.97000,211.26649,206.75,209.16000
2025-05-12 10:30:00,209.17000,210.23000,208.12000,208.75999
2025-05-12 11:30:00,208.78000,208.98650,208.25,208.73000
2025-05-12 12:30:00,208.73000,209.99001,208.70920,209.93500
2025-05-12 13:30:00,209.94000,210.96001,209.93500,210.77000
2025-05-12 14:30:00,210.78000,211.14999,209.92000,210.050003
2025-05-12 15:30:00,210.059998,210.85001,209.96001,210.83000
2025-05-13 09:30:00,210.42999,211.66570,209.080002,211.45000
2025-05-13 10:30:00,211.44501,211.88000,211.080002,211.38499
2025-05-13 11:30:00,211.39751,211.61000,210.48000,211.28000
2025-05-13 12:30:00,211.28000,211.94000,210.90981,211.71001
2025-05-13 13:30:00,211.71001,212.97000,211.70990,212.46001
2025-05-13 14:30:00,212.47520,213.39999,212.039993,213.23000
2025-05-13 15:30:00,213.19000,213.36000,212.60500,212.84000
2025-05-14 09:30:00,212.42500,213.94000,211.87000,213.28999
2025-05-14 10:30:00,213.30499,213.71640,211.88980,212.62000
2025-05-14 11:30:00,212.61800,212.88000,211.99001,212.28999
2025-05-14 12:30:00,212.29500,212.60001,210.58009,210.96001
2025-05-14 13:30:00,210.97000,211.94521,210.96001,211.37000
2025-05-14 14:30:00,211.38000,212.050003,210.99001,211.35950
2025-05-14 15:30:00,211.34000,212.60001,211.24001,212.41000
2025-05-15 09:30:00,210.99500,212.53000,209.53999,210.27499
2025-05-15 10:30:00,210.32001,212.80000,210.19000,212.49640
2025-05-15 11:30:00,212.5,212.96001,211.41010,211.64169
2025-05-15 12:30:00,211.63000,212.28000,211.21001,212.12010
2025-05-15 13:30:00,212.13000,212.13000,210.25999,210.63000
2025-05-15 14:30:00,210.63000,211.21001,210.32500,210.36000
2025-05-15 15:30:00,210.35001,211.46001,210.14999,211.45799
2025-05-16 09:30:00,212.32001,212.57001,210.56000,210.60001
2025-05-16 10:30:00,210.59000,210.66000,209.77000,210.080002
2025-05-16 11:30:00,210.089996,211.14990,210.089996,210.95500
2025-05-16 12:30:00,210.96001,211.42000,210.70000,211.11000
2025-05-16 13:30:00,211.11000,211.74001,210.73000,211.62000
2025-05-16 14:30:00,211.63000,211.92999,211.42999,211.72501
2025-05-16 15:30:00,211.71001,211.73000,211.11000,211.19000
2025-05-19 09:30:00,208.024994,208.27000,204.25999,206.61990
2025-05-19 10:30:00,206.61000,208.039993,206.24001,207.33000
2025-05-19 11:30:00,207.32001,208.58000,207.28000,208.48260
2025-05-19 12:30:00,208.49001,209.48000,208.070007,208.92999
2025-05-19 13:30:00,208.92999,209.20000,207.78000,208.029999
2025-05-19 14:30:00,208.050003,208.80000,207.96001,208.12740
2025-05-19 15:30:00,208.12000,208.92999,208.10001,208.75999
2025-05-20 09:30:00,208.044998,208.14360,206.47000,207.84500
2025-05-20 10:30:00,207.83000,208.47000,207.22000,207.63429
2025-05-20 11:30:00,207.64999,208.42999,207.050003,207.81000
2025-05-20 12:30:00,207.81000,208.015396,207.11000,207.38000
2025-05-20 13:30:00,207.37000,207.40500,205.47000,205.59000
2025-05-20 14:30:00,205.58000,206.41000,205.029999,206.27000
2025-05-20 15:30:00,206.27000,206.94000,205.92999,206.87000
2025-05-21 09:30:00,205.12000,206.77991,204.059998,205.81000
2025-05-21 10:30:00,205.85001,207.039993,205.47620,206.58000
2025-05-21 11:30:00,206.57001,206.87000,205.52010,205.64000
2025-05-21 12:30:00,205.64999,206.089996,202.020004,202.10001
2025-05-21 13:30:00,202.089996,203.34500,201.75999,202.34151
2025-05-21 14:30:00,202.32001,202.61000,200.72000,201.030106
2025-05-21 15:30:00,201.059998,202.49001,201.050003,202.059998
2025-05-22 09:30:00,200.71500,201.64000,199.70000,200.36000
2025-05-22 10:30:00,200.37000,201.36000,200.35361,200.95000
2025-05-22 11:30:00,200.95000,202.40990,200.86000,201.95000
2025-05-22 12:30:00,201.94501,202.069901,201.16000,201.89000
2025-05-22 13:30:00,201.88000,202.22000,201.67000,201.97000
2025-05-22 14:30:00,201.96001,202.72000,201.64999,202.61000
2025-05-22 15:30:00,202.62000,202.64999,201,201.37000
2025-05-23 09:30:00,193.66499,197.70000,193.46001,197.17000
2025-05-23 10:30:00,197.14999,197.37000,195.69000,196.58501
2025-05-23 11:30:00,196.59000,197.12000,195.71500,196.050201
2025-05-23 12:30:00,196.050797,196.67239,195.63499,196.62000
2025-05-23 13:30:00,196.60001,196.60001,195.089996,195.75
2025-05-23 14:30:00,195.72000,195.89999,195.029999,195.46240
2025-05-23 15:30:00,195.46001,195.97000,195.029999,195.34000
2025-05-27 09:30:00,198.30000,199.17000,197.42999,198.35001
2025-05-27 10:30:00,198.36000,199.37000,198.0099945,199.36501
2025-05-27 11:30:00,199.36000,200.58000,199,199.99500
2025-05-27 12:30:00,199.99001,200.64999,199.67000,199.95990
2025-05-27 13:30:00,199.95500,200.74001,199.81000,200.37000
2025-05-27 14:30:00,200.38000,200.55000,200.19000,200.29440
2025-05-27 15:30:00,200.30000,200.47000,199.92999,200.20000
2025-05-28 09:30:00,200.67999,202.73000,199.89999,200.75
2025-05-28 10:30:00,200.74001,201.31000,200.21001,201.044998
2025-05-28 11:30:00,201.050003,201.28999,200.86200,201.10001
2025-05-28 12:30:00,201.089996,201.52000,200.82500,201.11000
2025-05-28 13:30:00,201.12000,201.25,200.73000,200.85001
2025-05-28 14:30:00,200.84000,201.52110,200.32001,201.12860
2025-05-28 15:30:00,201.089996,201.39500,200.19501,200.42000
2025-05-29 09:30:00,203.27000,203.78000,200.75999,201.14000
2025-05-29 10:30:00,201.11000,201.64999,200.55000,200.74001
2025-05-29 11:30:00,200.74001,200.80000,198.50999,199.42000
2025-05-29 12:30:00,199.39999,200.44960,199.39999,199.97501
2025-05-29 13:30:00,199.96001,200.17000,199.039993,199.039993
2025-05-29 14:30:00,199.039993,199.57001,198.57001,199.13930
2025-05-29 15:30:00,199.125,200.24800,199.080002,199.95000
2025-05-30 09:30:00,199.40500,199.57001,197.97000,199.24001
2025-05-30 10:30:00,199.23000,199.48500,198.81000,199.31000
2025-05-30 11:30:00,199.30000,199.37000,197.55040,197.71500
2025-05-30 12:30:00,197.72000,198.17000,196.78000,198.085007
2025-05-30 13:30:00,198.080002,199.17999,197.95000,199.12000
2025-05-30 14:30:00,199.12000,200.23000,198.92000,200.050598
2025-05-30 15:30:00,200.070007,201.95000,199.74010,200.66000
2025-06-02 09:30:00,201.625,202.13000,200.12000,200.53000
2025-06-02 10:30:00,200.52000,201.99001,200.35001,200.71001
2025-06-02 11:30:00,200.72000,201.11870,200.30000,201.029999
2025-06-02 12:30:00,201.029999,201.16800,200.57001,200.86011
2025-06-02 13:30:00,200.86000,201.53000,200.58009,201.45399
2025-06-02 14:30:00,201.45000,201.77991,201.14000,201.66000
2025-06-02 15:30:00,201.64999,201.80991,201.30000,201.80000
2025-06-03 09:30:00,202.13499,203.24001,200.95500,201.74001
2025-06-03 10:30:00,201.74001,202.69000,201.52020,202.5
2025-06-03 11:30:00,202.52000,203.34000,202.059998,203.054993
2025-06-03 12:30:00,203.059998,203.74001,202.72000,203.31461
2025-06-03 13:30:00,203.33501,203.77000,202.5,203.091705
2025-06-03 14:30:00,203.080002,203.43990,202.99001,203.17999
2025-06-03 15:30:00,203.17999,203.46989,202.98000,203.34000
2025-06-04 09:30:00,202.91000,206.24001,202.65080,205.14000
2025-06-04 10:30:00,205.12000,205.17999,203.99010,204.089996
2025-06-04 11:30:00,204.089996,204.60001,202.14999,202.83000
2025-06-04 12:30:00,202.82001,203.59000,202.61501,203.41499
2025-06-04 13:30:00,203.41200,203.47000,202.85001,203.12000
2025-06-04 14:30:00,203.11000,203.25,202.75999,203.19000
2025-06-04 15:30:00,203.19000,203.44769,202.75999,202.88699
2025-06-05 09:30:00,203.59500,203.84000,201.27000,202.45000
2025-06-05 10:30:00,202.45000,204.59000,201.67720,204.54379
2025-06-05 11:30:00,204.53500,204.75,202.48000,203.14000
2025-06-05 12:30:00,203.14000,203.25,201.55000,202.60010
2025-06-05 13:30:00,202.60001,202.89999,201.14999,202.21040
2025-06-05 14:30:00,202.21001,202.72000,200.20000,200.73000
2025-06-05 15:30:00,200.74001,201.77000,200.15961,200.55000
2025-06-06 09:30:00,202.99500,205.70000,202.98309,203.66000
2025-06-06 10:30:00,203.53999,204.059998,202.86011,203.039993
2025-06-06 11:30:00,203.020004,203.60001,202.61000,202.625
2025-06-06 12:30:00,202.66220,203.78000,202.050003,203.59000
2025-06-06 13:30:00,203.60001,205.21001,203.59000,204.98500
2025-06-06 14:30:00,204.99001,205.47000,204.68500,204.70000
2025-06-06 15:30:00,204.69000,205.22000,203.89500,203.92999
2025-06-09 09:30:00,204.39999,206,203.98000,205.32001
2025-06-09 10:30:00,205.30000,205.74001,204.50999,204.53000
2025-06-09 11:30:00,204.53011,204.91000,203.73000,203.92880
2025-06-09 12:30:00,203.92999,205.29990,200.020004,200.72000
2025-06-09 13:30:00,200.71001,202.66769,200.029999,201.46001
2025-06-09 14:30:00,201.42999,201.70000,200.63000,201.25
2025-06-09 15:30:00,201.21001,202.35500,200.89000,201.44000
2025-06-10 09:30:00,200.60001,203.35690,200.57001,202.87000
2025-06-10 10:30:00,202.86000,204.35001,202.73000,203.31500
2025-06-10 11:30:00,203.32001,203.32001,202.30009,202.53880
2025-06-10 12:30:00,202.53000,202.76300,201.75,201.75999
2025-06-10 13:30:00,201.77499,202.10001,201.31000,201.70000
2025-06-10 14:30:00,201.69000,203.22501,201.60001,202.82001
2025-06-10 15:30:00,202.82111,202.97501,202.33000,202.75
2025-06-11 09:30:00,203.47000,204.5,202.33000,202.76010
2025-06-11 10:30:00,202.70351,202.80000,200.97000,201.0099945
2025-06-11 11:30:00,200.98,201.14999,199.65961,200.20711
2025-06-11 12:30:00,200.19070,201.23650,200.18500,200.91000
2025-06-11 13:30:00,200.90500,200.98500,198.71001,199.23920
2025-06-11 14:30:00,199.22000,199.60001,198.62000,198.98000
2025-06-11 15:30:00,198.95000,199.125,198.41000,198.85001
2025-06-12 09:30:00,198.89880,199.39000,197.36011,198.066696
2025-06-12 10:30:00,198.080002,198.92,197.86270,198.16499
2025-06-12 11:30:00,198.089996,198.64000,197.75500,198.59000
2025-06-12 12:30:00,198.58000,199.44000,198.21001,199.25999
2025-06-12 13:30:00,199.25999,199.67990,198.66960,198.75
2025-06-12 14:30:00,198.75999,199.060394,198.54500,198.88499
2025-06-12 15:30:00,198.88000,199.20000,198.39999,199.20000
2025-06-13 09:30:00,199.50999,200.37000,195.91000,196.15500
2025-06-13 10:30:00,196.14000,197.64000,195.98000,197.50999
2025-06-13 11:30:00,197.52000,198.047501,197.21001,197.27000
2025-06-13 12:30:00,197.28999,197.57001,196.92000,197.27000
2025-06-13 13:30:00,197.25,197.71001,196.22000,196.27800
2025-06-13 14:30:00,196.25999,196.64000,195.81000,196.22000
2025-06-13 15:30:00,196.24001,196.69000,195.77000,196.45000
2025-06-16 09:30:00,197.28999,198.68500,196.56360,198.42999
2025-06-16 10:30:00,198.43500,198.66000,197.16499,197.31500
2025-06-16 11:30:00,197.31000,197.63000,196.875,197.080002
2025-06-16 12:30:00,197.10001,197.95500,197.020004,197.875
2025-06-16 13:30:00,197.88499,198.19000,197.77000,197.98869
2025-06-16 14:30:00,197.99001,198.39999,197.66000,198.24500
2025-06-16 15:30:00,198.24500,198.49001,197.92999,198.37000
2025-06-17 09:30:00,197.25,197.92999,196.25500,197.58000
2025-06-17 10:30:00,197.58299,197.78999,197.32500,197.58000
2025-06-17 11:30:00,197.59000,198.38890,197.46001,197.61501
2025-06-17 12:30:00,197.61000,197.84570,196.46500,196.52000
2025-06-17 13:30:00,196.50999,196.82001,195.21001,195.46001
2025-06-17 14:30:00,195.48000,195.94000,195.42030,195.84000
2025-06-17 15:30:00,195.85001,195.88499,195.44099,195.64000
2025-06-18 09:30:00,195.94501,197.50999,195.070007,197.060196
2025-06-18 10:30:00,197.11000,197.57001,196.63499,196.94000
2025-06-18 11:30:00,196.88,197.23000,196.50031,196.95081
2025-06-18 12:30:00,196.94000,197.020004,196.050003,196.059998
2025-06-18 13:30:00,196.070007,196.98000,195.63000,195.91000
2025-06-18 14:30:00,195.91000,196.45000,195.11000,195.64000
2025-06-18 15:30:00,195.63000,197.11000,195.46600,196.25
2025-06-20 09:30:00,198.23500,200.94000,197.53000,198.67999
2025-06-20 10:30:00,198.69000,198.69000,196.85960,197.67000
2025-06-20 11:30:00,197.71001,198.86000,197.70000,198.49001
2025-06-20 12:30:00,198.49001,199.37000,198.27000,198.32001
2025-06-20 13:30:00,198.32001,200.19000,198.070007,199.81000
2025-06-20 14:30:00,199.82001,200.33670,199.60010,199.92999
2025-06-20 15:30:00,199.92000,201.70000,199.77000,200.94000
2025-06-23 09:30:00,201.53200,202.30000,199.94000,201.37180
2025-06-23 10:30:00,201.38000,201.59000,200.22501,200.53000
2025-06-23 11:30:00,200.33000,200.52000,199.50999,200.13960
2025-06-23 12:30:00,200.14000,201.52000,198.96001,201.43900
2025-06-23 13:30:00,201.46001,202.24001,201.080002,201.69000
2025-06-23 14:30:00,201.67000,201.89680,201.050705,201.36020
2025-06-23 15:30:00,201.35001,201.84000,201.13499,201.55000
2025-06-24 09:30:00,202.59000,202.78000,200.20000,200.98230
2025-06-24 10:30:00,200.99001,201.58000,200.74040,201.38000
2025-06-24 11:30:00,201.46001,202.56500,201.24001,202.45000
2025-06-24 12:30:00,202.45151,203.44000,201.94000,201.96001
2025-06-24 13:30:00,201.96001,202.33000,201.31000,201.57001
2025-06-24 14:30:00,201.58000,202.014999,201.30499,201.53000
2025-06-24 15:30:00,201.53500,201.59990,200.27000,200.28999
2025-06-25 09:30:00,201.42000,203.66000,201.20000,202.44000
2025-06-25 10:30:00,202.44000,203.17500,201.96,202.10001
2025-06-25 11:30:00,202.10500,202.17000,201.39999,201.87000
2025-06-25 12:30:00,201.88000,202.19991,201.089996,201.14000
2025-06-25 13:30:00,201.14000,201.28000,200.62010,201.015396
2025-06-25 14:30:00,201.020004,201.5,200.95000,201.15981
2025-06-25 15:30:00,201.14000,201.62000,200.88499,201.60001
2025-06-26 09:30:00,201.42999,202.61501,199.64999,199.75
2025-06-26 10:30:00,199.74001,200.50999,199.62000,199.69000
2025-06-26 11:30:00,199.71001,200.78999,199.46001,200.12280
2025-06-26 12:30:00,200.13780,200.27000,199.63499,200.24001
2025-06-26 13:30:00,200.25,201.36000,199.97501,200.98000
2025-06-26 14:30:00,200.99001,201.17870,200.75,201.17500
2025-06-26 15:30:00,201.17520,201.56000,200.78999,200.94000
2025-06-27 09:30:00,201.89500,203.22000,201.25999,201.58009
2025-06-27 10:30:00,201.59000,201.95020,200.85500,201.38181
2025-06-27 11:30:00,201.39999,202.050003,201.39000,201.99001
2025-06-27 12:30:00,201.99001,202.70000,201.73000,202.080002
2025-06-27 13:30:00,202.10001,202.12000,200.92999,201.44000
2025-06-27 14:30:00,201.45000,201.52000,200.78999,201.125
2025-06-27 15:30:00,201.13000,201.27000,200.22000,201.10001
2025-06-30 09:30:00,202.0099945,202.19000,200.35240,201.0099030
2025-06-30 10:30:00,201.0050049,201.32001,199.59010,199.97000
2025-06-30 11:30:00,199.98920,200.42000,199.80000,200.32500
2025-06-30 12:30:00,200.31000,200.48000,199.84500,200.15500
2025-06-30 13:30:00,200.15500,200.83000,199.89999,200.69501
2025-06-30 14:30:00,200.69510,207.089996,199.26070,206.58560
2025-06-30 15:30:00,206.55000,207.39000,205.050003,205.12000
2025-07-01 09:30:00,206.66499,209.83000,206.14011,209.54010
2025-07-01 10:30:00,209.55009,210.18649,207.47000,207.95000
2025-07-01 11:30:00,207.96001,208.18500,206.78999,207.875
2025-07-01 12:30:00,207.87000,208.53000,207.10001,208.089996
2025-07-01 13:30:00,208.088898,208.42000,207.61000,208.21001
2025-07-01 14:30:00,208.21001,208.42990,207.375,208.19000
2025-07-01 15:30:00,208.18500,208.23000,207.51500,207.86000
2025-07-02 09:30:00,209.080002,213.34000,208.14000,212.30000
2025-07-02 10:30:00,212.28000,212.85001,211.42000,211.47501
2025-07-02 11:30:00,211.49001,212.020004,210.86000,210.92030
2025-07-02 12:30:00,210.92000,211.35001,210.22000,210.81810
2025-07-02 13:30:00,210.81000,211.77000,210.74001,211.59000
2025-07-02 14:30:00,211.57500,212.96001,211.37000,211.94501
2025-07-02 15:30:00,211.94000,212.75,211.92999,212.41000
2025-07-03 09:30:00,212.145,213.855,211.825,213.715
2025-07-03 10:30:00,213.74,214.45,213.04,213.88
2025-07-03 11:30:00,213.885,214.65,213.67,214.1
2025-07-03 12:30:00,214.1,214.14,213.34,213.44
2025-07-07 09:30:00,212.67999,216.23,211.81000,212.36000
2025-07-07 10:30:00,212.37000,212.60001,211.60001,212.039993
2025-07-07 11:30:00,212.035004,212.22000,210.38000,210.83650
2025-07-07 12:30:00,210.83900,211.16991,209.52000,209.67039
2025-07-07 13:30:00,209.67000,210.5,208.91000,208.94040
2025-07-07 14:30:00,208.94000,210.070007,208.80000,209.45000
2025-07-07 15:30:00,209.46001,210.25,209.19000,209.94000
2025-07-08 09:30:00,210.13000,210.46001,208.45000,209.28000
2025-07-08 10:30:00,209.28500,211.42999,209.25999,209.87070
2025-07-08 11:30:00,209.88000,211.18500,209.78000,210.83000
2025-07-08 12:30:00,210.84000,210.89000,209.5,209.83501
2025-07-08 13:30:00,209.84000,210.25999,209.32001,209.94501
2025-07-08 14:30:00,209.95000,210.044998,209.40500,209.60500
2025-07-08 15:30:00,209.59000,210.34000,209.30000,210.035004
2025-07-09 09:30:00,209.53000,210.89999,209.35001,209.91000
2025-07-09 10:30:00,209.89000,209.89999,207.22000,207.80499
2025-07-09 11:30:00,207.81000,208.22000,207.26590,207.80000
2025-07-09 12:30:00,207.81039,209.044998,207.57140,208.91560
2025-07-09 13:30:00,208.91499,209.98000,208.72000,209.73250
2025-07-09 14:30:00,209.74500,210.19000,209.62000,209.89000
2025-07-09 15:30:00,209.88000,211.33000,209.73000,211.11000
2025-07-10 09:30:00,210.50500,212.29990,210.12000,212.0099945
2025-07-10 10:30:00,212.029999,213.48000,211.89999,212.98000
2025-07-10 11:30:00,212.99001,213.17999,211.83000,212.080002
2025-07-10 12:30:00,212.070007,212.78000,211.85001,212.62000
2025-07-10 13:30:00,212.61000,213.16000,212.31000,212.60001
2025-07-10 14:30:00,212.59489,213.45000,212.57001,212.57500
2025-07-10 15:30:00,212.58000,213.020004,212.089996,212.42000
2025-07-11 09:30:00,210.56500,212.13000,209.86000,211.78999
2025-07-11 10:30:00,211.78999,211.78999,210.48000,210.82500
2025-07-11 11:30:00,210.83000,211.21001,210.42830,210.63499
2025-07-11 12:30:00,210.62000,211.28999,210.45000,211.16499
2025-07-11 13:30:00,211.15500,211.65981,210.95200,211.40500
2025-07-11 14:30:00,211.41000,211.51700,210.62000,211.16000
2025-07-11 15:30:00,211.13000,211.39999,211.029297,211.074997
2025-07-14 09:30:00,209.90900,210.91000,207.53999,208.029999
2025-07-14 10:30:00,208.029999,208.89169,207.82500,208.76500
2025-07-14 11:30:00,208.77000,209.17999,208.56000,208.84070
2025-07-14 12:30:00,208.85001,209.33000,208.76019,209
2025-07-14 13:30:00,209.013306,209.45000,208.96080,209
2025-07-14 14:30:00,209,209.40730,208.87010,209.19991
2025-07-14 15:30:00,209.17000,209.19000,208.52000,208.53999
2025-07-15 09:30:00,209.14999,211.13000,208.92000,210.17000
2025-07-15 10:30:00,210.14000,211.42999,209.19769,211.42999
2025-07-15 11:30:00,211.42999,211.89000,210.36000,210.67999
2025-07-15 12:30:00,210.69501,211.070007,210.38000,210.67270
2025-07-15 13:30:00,210.68500,211.67000,210.66000,211.375
2025-07-15 14:30:00,211.38890,211.48000,209.96001,210.17999
2025-07-15 15:30:00,210.20300,210.28999,208.99001,209.0099945
2025-07-16 09:30:00,210.28999,212.39999,209.91051,212.085007
2025-07-16 10:30:00,212.11000,212.18449,209.28999,210.12000
2025-07-16 11:30:00,210.14880,210.5,208.64000,209.59000
2025-07-16 12:30:00,209.60001,210.94800,209.37000,210.35001
2025-07-16 13:30:00,210.34000,210.63190,209.87100,210.038498
2025-07-16 14:30:00,210.039993,210.58510,210.039993,210.32500
2025-07-16 15:30:00,210.32001,210.63660,209.97000,210.22000
2025-07-17 09:30:00,210.625,211.0099945,209.59000,209.95000
2025-07-17 10:30:00,209.94000,210.83000,209.77000,210.44000
2025-07-17 11:30:00,210.45000,211.45000,210.10500,211.39000
2025-07-17 12:30:00,211.38890,211.50999,210.78999,210.95500
2025-07-17 13:30:00,210.95000,211.80000,210.90010,211.28000
2025-07-17 14:30:00,211.28000,211.28000,210.78000,210.99500
2025-07-17 15:30:00,210.99989,211.050003,209.74001,210.061005
2025-07-18 09:30:00,210.75500,211.0099945,209.70450,209.95430
2025-07-18 10:30:00,209.96001,211.0099945,209.77000,210.85001
2025-07-18 11:30:00,210.85500,211.13000,210.67999,211.0099945
2025-07-18 12:30:00,211.020004,211.78999,210.88000,211.19000
2025-07-18 13:30:00,211.17999,211.53999,210.75999,210.93500
2025-07-18 14:30:00,210.92999,211.19501,210.78999,210.95000
2025-07-18 15:30:00,210.94000,211.34500,210.83000,211.22000
2025-07-21 09:30:00,212.050003,215.78000,211.64090,214.64500
2025-07-21 10:30:00,214.64000,214.71001,212.87000,213.47000
2025-07-21 11:30:00,213.46001,213.71001,213.16000,213.31960
2025-07-21 12:30:00,213.31500,213.86000,213.14000,213.67999
2025-07-21 13:30:00,213.66000,213.71001,212.50999,213.25999
2025-07-21 14:30:00,213.26880,213.42999,212.50999,212.58000
2025-07-21 15:30:00,212.58000,212.71860,212.070007,212.53999
2025-07-22 09:30:00,213.23500,214.029999,212.23010,213.26550
2025-07-22 10:30:00,213.25999,213.69000,212.72000,213.47729
2025-07-22 11:30:00,213.47000,213.82001,212.75999,213.28000
2025-07-22 12:30:00,213.24001,214.48000,212.84000,214.41119
2025-07-22 13:30:00,214.39999,214.42340,213.44000,213.71001
2025-07-22 14:30:00,213.71001,214.41991,213.71001,214.18500
2025-07-22 15:30:00,214.17999,214.64500,213.92999,214.39000
2025-07-23 09:30:00,215.044998,215.10001,212.41000,212.93510
2025-07-23 10:30:00,212.94991,213.17000,212.5,213.14999
2025-07-23 11:30:00,213.14999,213.81000,212.64999,213.5
2025-07-23 12:30:00,213.5,214.22850,213.36000,214.125
2025-07-23 13:30:00,214.12000,214.63499,214.070007,214.40500
2025-07-23 14:30:00,214.40500,214.69501,213.94000,214.14000
2025-07-23 15:30:00,214.14500,214.31000,213.61000,214.31000
2025-07-24 09:30:00,214.059998,215.69000,213.53000,214.46001
2025-07-24 10:30:00,214.45000,215.35001,214.059601,215.25999
2025-07-24 11:30:00,215.26160,215.49001,214.20000,214.34000
2025-07-24 12:30:00,214.34000,215.20000,214.28000,214.78999
2025-07-24 13:30:00,214.78999,215.20000,214.56000,214.73500
2025-07-24 14:30:00,214.73891,215.020004,214.33000,214.81000
2025-07-24 15:30:00,214.81100,214.94000,213.72000,213.75999
2025-07-25 09:30:00,214.70000,214.86000,213.74001,214.58530
2025-07-25 10:30:00,214.59000,215.24001,214.21001,214.50999
2025-07-25 11:30:00,214.5,214.64000,214.050003,214.38960
2025-07-25 12:30:00,214.39000,214.59000,214.039993,214.17000
2025-07-25 13:30:00,214.17039,214.50999,213.82001,213.89000
2025-07-25 14:30:00,213.91000,214.0099945,213.39999,213.5
2025-07-25 15:30:00,213.50500,214,213.49001,213.96001
2025-07-28 09:30:00,214.029999,214.74001,213.58000,214.52000
2025-07-28 10:30:00,214.53500,214.84500,214.12230,214.43500
2025-07-28 11:30:00,214.44000,214.75,214.28999,214.53999
2025-07-28 12:30:00,214.53500,214.57500,213.41499,213.64500
2025-07-28 13:30:00,213.63499,214.020004,213.62000,213.80000
2025-07-28 14:30:00,213.82001,213.83000,213.059998,213.42999
2025-07-28 15:30:00,213.42000,214.050003,213.32001,214.039993
2025-07-29 09:30:00,214.16000,214.81000,211.50999,213.050003
2025-07-29 10:30:00,213.039993,213.24831,211.89000,211.89999
2025-07-29 11:30:00,211.88100,212.92999,211.70000,212
2025-07-29 12:30:00,211.99001,212.39000,210.82500,212.20000
2025-07-29 13:30:00,212.21001,212.39000,211.81500,211.96001
2025-07-29 14:30:00,211.96500,212.44000,211.60001,211.89000
2025-07-29 15:30:00,211.89000,211.91000,211.054504,211.35001
2025-07-30 09:30:00,211.89500,212.39000,210.020004,210.61000
2025-07-30 10:30:00,210.62000,210.72000,209.62000,209.71500
2025-07-30 11:30:00,209.72000,210.42000,209.57001,210.12000
2025-07-30 12:30:00,210.11000,210.17000,209.32001,209.75650
2025-07-30 13:30:00,209.75,210.14990,209.48000,209.85500
2025-07-30 14:30:00,209.85500,210.14000,207.72000,208.52000
2025-07-30 15:30:00,208.50999,209.10989,208.13000,209.020004
2025-07-31 09:30:00,208.38000,209.68150,207.82500,208.84241
2025-07-31 10:30:00,208.86000,209.55000,208.070007,208.28281
2025-07-31 11:30:00,208.27000,209,208.17000,208.95450
2025-07-31 12:30:00,208.95000,209.84000,208.5,208.66499
2025-07-31 13:30:00,208.66499,208.92000,207.59000,208.61000
2025-07-31 14:30:00,208.61000,209.38429,208.49001,208.56990
2025-07-31 15:30:00,208.57001,208.85001,207.16000,207.61000
2025-08-01 09:30:00,210.84000,213.58000,204.37000,205.36000
2025-08-01 10:30:00,205.33000,205.73000,203.070007,203.44000
2025-08-01 11:30:00,203.42000,204.59000,202.64999,202.75
2025-08-01 12:30:00,202.75999,203.28951,201.5,201.98250
2025-08-01 13:30:00,201.98010,203.73000,201.63010,203.55000
2025-08-01 14:30:00,203.55000,204.32120,202.89999,203.19000
2025-08-01 15:30:00,203.17999,203.24001,202.17000,202.27000
2025-08-04 09:30:00,204.50500,206.84000,204.19501,206.75999
2025-08-04 10:30:00,206.75999,207.88000,205.74001,205.77000
2025-08-04 11:30:00,205.75999,205.88000,203.92999,203.93500
2025-08-04 12:30:00,203.94000,204.48000,203.86501,204.14999
2025-08-04 13:30:00,204.14000,204.22000,203.41000,203.42999
2025-08-04 14:30:00,203.44000,203.53000,202.070007,202.32500
2025-08-04 15:30:00,202.33000,203.45000,201.67500,203.34000
2025-08-05 09:30:00,203.43500,204.55499,202.16000,204.53000
2025-08-05 10:30:00,204.53500,205.34000,203.90500,204.63000
2025-08-05 11:30:00,204.62000,204.69000,203.44000,203.71001
2025-08-05 12:30:00,203.71001,204.17000,203.089996,204.035004
2025-08-05 13:30:00,204.050003,204.30000,203.75999,203.87000
2025-08-05 14:30:00,203.86000,203.97000,203.19009,203.33501
2025-08-05 15:30:00,203.34000,203.41000,202.67000,202.92999
2025-08-06 09:30:00,205.60001,211.14999,205.59000,210.75999
2025-08-06 10:30:00,210.75999,214.34000,210.63000,214.22501
2025-08-06 11:30:00,214.22501,214.99001,213.67000,214.49989
2025-08-06 12:30:00,214.51970,214.88989,213.86900,214.53999
2025-08-06 13:30:00,214.51500,215.38000,214.089996,214.60249
2025-08-06 14:30:00,214.61000,214.79500,213.75,213.875
2025-08-06 15:30:00,213.88499,214.42000,212.81000,213.25
2025-08-07 09:30:00,218.875,220.33000,216.58000,218.27000
2025-08-07 10:30:00,218.28630,220.13000,217.64999,219.62900
2025-08-07 11:30:00,219.62000,220.34000,219.42000,219.91499
2025-08-07 12:30:00,219.92000,220.21001,213.25,218.71001
2025-08-07 13:30:00,218.72000,219.73000,218.71010,219.5
2025-08-07 14:30:00,219.49001,220.85001,219.24350,219.30009
2025-08-07 15:30:00,219.30450,220.20000,219.25,220.13000
2025-08-08 09:30:00,220.82001,223.10001,219.25,222.78169
2025-08-08 10:30:00,222.78000,224.63000,222.63000,224.36000
2025-08-08 11:30:00,224.35500,228.22501,224.31000,228.20000
2025-08-08 12:30:00,228.20979,230.91000,227.94360,228.67500
2025-08-08 13:30:00,228.67000,230.99001,228.55000,229.28999
2025-08-08 14:30:00,229.29160,229.87990,228.50999,228.83000
2025-08-08 15:30:00,228.82001,229.69000,228.46001,229.37000
2025-08-11 09:30:00,226.75,228.73000,224.76241,226.77499
2025-08-11 10:30:00,226.78999,227.89000,226.10001,227.47000
2025-08-11 11:30:00,227.47000,229.56000,227.47000,228.73000
2025-08-11 12:30:00,228.73500,229.099899,228,228.10001
2025-08-11 13:30:00,228.089996,228.19501,227.0099945,227.73500
2025-08-11 14:30:00,227.75999,227.96001,227.10001,227.64999
2025-08-11 15:30:00,227.65919,227.69501,226.64000,227.20500
2025-08-12 09:30:00,228.0050049,229.93990,227.10001,228.57001
2025-08-12 10:30:00,228.59000,230.58650,228.25999,229.73000
2025-08-12 11:30:00,229.72990,230.11000,228.32001,229.78000
2025-08-12 12:30:00,229.78000,230.78000,229.66000,229.77499
2025-08-12 13:30:00,229.77010,230.55000,229.45000,229.57001
2025-08-12 14:30:00,229.58000,229.61000,228.92000,229.18300
2025-08-12 15:30:00,229.17000,230.10001,229.059998,229.64999
2025-08-13 09:30:00,231.070007,232.72000,230.42999,231.81000
2025-08-13 10:30:00,231.81000,234.55000,231.67999,232.28999
2025-08-13 11:30:00,232.28000,233.39729,232.030197,233.095001
2025-08-13 12:30:00,233.070007,233.36000,231.56010,232.45500
2025-08-13 13:30:00,232.45000,234.99001,232.020004,232.92500
2025-08-13 14:30:00,232.94000,233.91000,230.80000,233.58501
2025-08-13 15:30:00,233.58501,234.33000,233.11000,233.33000
2025-08-14 09:30:00,234.054993,235.11000,231.67020,232.21001
2025-08-14 10:30:00,232.20500,232.46001,230.85001,231.74020
2025-08-14 11:30:00,231.75,232.29500,230.91000,232.0099945
2025-08-14 12:30:00,232.020004,233.14000,231.96880,232.92731
2025-08-14 13:30:00,232.92999,233.13000,232.32001,232.73000
2025-08-14 14:30:00,232.71001,233.49001,232.44000,232.94501
2025-08-14 15:30:00,232.92999,233.50999,232.69000,232.83000
2025-08-15 09:30:00,233.73000,234.22141,231.55009,232.17000
2025-08-15 10:30:00,232.16141,232.28999,230.47000,231.070007
2025-08-15 11:30:00,231.070007,231.45500,230.61971,230.74001
2025-08-15 12:30:00,230.74420,231.22501,230.23000,230.57001
2025-08-15 13:30:00,230.56000,231.28990,229.36000,230.85001
2025-08-15 14:30:00,230.86000,231.5,230.48000,231.36000
2025-08-15 15:30:00,231.37000,231.77000,231.020004,231.64999
2025-08-18 09:30:00,231.78000,233.12000,230.61000,230.66000
2025-08-18 10:30:00,230.62000,231.22000,230.37000,230.86000
2025-08-18 11:30:00,230.86501,231.10001,230.5,230.67999
2025-08-18 12:30:00,230.67999,231.14999,230.11000,231.070007
2025-08-18 13:30:00,231.080002,231.67000,230.89999,231.14500
2025-08-18 14:30:00,231.14999,231.67500,231.10001,231.22501
2025-08-18 15:30:00,231.22000,231.55000,230.88000,230.88000
2025-08-19 09:30:00,231.27499,232.86501,230.59000,231.83000
2025-08-19 10:30:00,231.82001,232.27000,230.47000,231.32260
2025-08-19 11:30:00,231.32001,231.66000,231.054993,231.30991
2025-08-19 12:30:00,231.28000,231.33000,230.059998,230.625
2025-08-19 13:30:00,230.62000,230.89999,229.87000,230.050003
2025-08-19 14:30:00,230.024994,230.19000,229.35001,230.18500
2025-08-19 15:30:00,230.18500,230.69000,229.99001,230.53999
2025-08-20 09:30:00,229.97000,230.46989,226.5,226.72009
2025-08-20 10:30:00,226.74001,227.55000,226.11000,227.33501
2025-08-20 11:30:00,227.33000,227.37000,226.41000,227.13460
2025-08-20 12:30:00,227.13000,227.16000,225.89000,226.29500
2025-08-20 13:30:00,226.30000,226.83000,225.77000,225.99010
2025-08-20 14:30:00,225.99001,226.73000,225.87000,226.44501
2025-08-20 15:30:00,226.44000,227,225.92999,225.96001
2025-08-21 09:30:00,226.28000,226.52000,224.67999,225.57990
2025-08-21 10:30:00,225.52730,225.58501,224.51010,225.13000
2025-08-21 11:30:00,225.13499,225.84000,224.80000,224.83000
2025-08-21 12:30:00,224.83000,225.0099945,223.78040,224.17500
2025-08-21 13:30:00,224.17081,224.77850,224.16000,224.23000
2025-08-21 14:30:00,224.22350,225.054993,224.094193,224.88000
2025-08-21 15:30:00,224.89999,225.25,224.38840,224.91000
2025-08-22 09:30:00,226.17000,228.19000,225.41000,227.95000
2025-08-22 10:30:00,227.97000,228.72000,227.80000,228.059998
2025-08-22 11:30:00,228.039993,228.43500,226.92500,227.16930
2025-08-22 12:30:00,227.17000,229.089996,227.070007,228.61000
2025-08-22 13:30:00,228.62740,228.62740,227.78000,227.87000
2025-08-22 14:30:00,227.88000,228.51981,227.78500,227.85001
2025-08-22 15:30:00,227.84000,228.31000,227.44000,227.75
2025-08-25 09:30:00,226.40500,229.12000,226.24001,228.81000
2025-08-25 10:30:00,228.77000,229.24001,228.28999,228.56500
2025-08-25 11:30:00,228.57001,229.30000,228.50011,228.53999
2025-08-25 12:30:00,228.53999,228.75999,228.32001,228.43500
2025-08-25 13:30:00,228.43500,228.65500,227.74001,227.88499
2025-08-25 14:30:00,227.875,227.90500,227.44501,227.59840
2025-08-25 15:30:00,227.60001,227.72000,227.12000,227.14999
2025-08-26 09:30:00,226.87000,227.050003,224.69000,226.5
2025-08-26 10:30:00,226.50999,227.29990,226.28999,226.96159
2025-08-26 11:30:00,226.96500,227.70000,226.55000,227.57050
2025-08-26 12:30:00,227.56000,228.17000,227.42000,228.11160
2025-08-26 13:30:00,228.11000,228.50999,227.73500,228.35921
2025-08-26 14:30:00,228.36000,228.62000,227.77000,228.56821
2025-08-26 15:30:00,228.57001,229.49001,227.72501,229.30000
2025-08-27 09:30:00,228.58000,230.25,228.29500,230.014999
2025-08-27 10:30:00,230.029999,230.70000,229.48000,229.57410
2025-08-27 11:30:00,229.57001,230.087997,229.31000,229.87000
2025-08-27 12:30:00,229.89000,230.089996,229.60001,229.84000
2025-08-27 13:30:00,229.84000,230.67999,229.80000,230.625
2025-08-27 14:30:00,230.62000,230.63499,229.72000,230.13251
2025-08-27 15:30:00,230.125,230.89999,230.12000,230.44000
2025-08-28 09:30:00,230.81000,230.89999,229.33501,230.41580
2025-08-28 10:30:00,230.43010,231.89999,230.35001,230.95000
2025-08-28 11:30:00,230.96001,232.35500,230.94820,232.28999
2025-08-28 12:30:00,232.28000,233.12000,232.080002,233
2025-08-28 13:30:00,233.0099945,233.41000,232.83009,232.91920
2025-08-28 14:30:00,232.92000,233.17000,232.69000,232.97501
2025-08-28 15:30:00,232.97501,233.33000,232.48000,232.49001
2025-08-29 09:30:00,232.56000,233.36130,231.37000,232.80960
2025-08-29 10:30:00,232.80499,233.16000,232.5,232.96001
2025-08-29 11:30:00,232.98500,233.029999,231.39999,232.5
2025-08-29 12:30:00,232.50999,232.96001,231.98000,232.029999
2025-08-29 13:30:00,232.032501,232.57500,231.97000,232.17999
2025-08-29 14:30:00,232.19000,232.75,232,232.35429
2025-08-29 15:30:00,232.35001,232.83771,231.48000,232.27000
2025-09-02 09:30:00,229.70000,230.78000,227.69000,230.60001
2025-09-02 10:30:00,230.60001,230.75,227.52840,227.82899
2025-09-02 11:30:00,227.82001,228.14690,227.17000,227.85001
2025-09-02 12:30:00,227.84370,228.54539,227.64999,228.41000
2025-09-02 13:30:00,228.42000,229.34000,228.33000,228.39999
2025-09-02 14:30:00,228.39999,229.080002,226.97000,228.94000
2025-09-02 15:30:00,228.92470,230,228.89500,229.71001
2025-09-03 09:30:00,237.20000,237.97000,234.37000,236.83000
2025-09-03 10:30:00,236.81390,237.60001,235.99001,236.011002
2025-09-03 11:30:00,236.020004,236.82001,235.49001,236.49001
2025-09-03 12:30:00,236.49980,237.89999,236.44000,237.42720
2025-09-03 13:30:00,237.42500,237.44000,236.63000,236.91000
2025-09-03 14:30:00,236.89999,237.45000,236.77000,237.15500
2025-09-03 15:30:00,237.15581,238.71001,237.15041,238.49001
2025-09-04 09:30:00,238.45000,239.89320,237.039993,237.69000
2025-09-04 10:30:00,237.67999,238.10001,237.074997,237.39999
2025-09-04 11:30:00,237.39000,237.67461,236.74001,237.16000
2025-09-04 12:30:00,237.14999,238.089996,236.97000,238.039993
2025-09-04 13:30:00,238.040100,238.39000,237.50999,238.059998
2025-09-04 14:30:00,238.070007,238.98000,237.88000,238.70450
2025-09-04 15:30:00,238.70000,239.89990,238.49001,239.71001
2025-09-05 09:30:00,239.99001,241.32001,239.12000,239.28500
2025-09-05 10:30:00,239.25,240.17000,238.64000,239.80499
2025-09-05 11:30:00,239.82001,240.31500,238.52000,238.77000
2025-09-05 12:30:00,238.78000,239.72501,238.49010,239.625
2025-09-05 13:30:00,239.64850,239.64999,238.73000,239.12000
2025-09-05 14:30:00,239.12000,240.13000,239.10001,239.92500
2025-09-05 15:30:00,239.92999,240.014999,239.059998,239.67000
2025-09-08 09:30:00,239.30000,240.14999,238.74001,239.23000
2025-09-08 10:30:00,239.22000,239.57001,238.61501,238.70000
2025-09-08 11:30:00,238.69501,238.78830,237.60001,237.73000
2025-09-08 12:30:00,237.72000,237.87990,236.34000,237.80580
2025-09-08 13:30:00,237.80991,237.95500,237.10500,237.16499
2025-09-08 14:30:00,237.15500,237.24989,236.61000,237.11000
2025-09-08 15:30:00,237.11501,238.0099945,236.90421,237.92000
2025-09-09 09:30:00,237,238,236.074997,236.31010
2025-09-09 10:30:00,236.31000,236.67999,235.78000,236.22501
2025-09-09 11:30:00,236.23000,236.25999,235.55000,236
2025-09-09 12:30:00,236,238.78050,235.82500,237.75
2025-09-09 13:30:00,237.75999,238.10001,233.67000,234.52859
2025-09-09 14:30:00,234.55000,234.69000,233.37000,234.31000
2025-09-09 15:30:00,234.31000,234.63499,233.51500,234.35001
2025-09-10 09:30:00,232.024994,232.34000,227.55000,228.10800
2025-09-10 10:30:00,228.11000,228.34641,227.020004,227.039993
2025-09-10 11:30:00,227.039993,228.054993,226.24010,227.73860
2025-09-10 12:30:00,227.74500,227.78990,226.62000,226.80499
2025-09-10 13:30:00,226.80000,227.085007,226.35001,227.059998
2025-09-10 14:30:00,227.054993,227.35001,226.17999,226.18500
2025-09-10 15:30:00,226.18500,227.10001,225.95219,226.78000
2025-09-11 09:30:00,226.875,229.18500,226.64999,228.94000
2025-09-11 10:30:00,228.94000,229.32001,228.32021,228.74001
2025-09-11 11:30:00,228.75,228.78000,228.029999,228.61000
2025-09-11 12:30:00,228.60001,229.53999,228.31000,229.47250
2025-09-11 13:30:00,229.47000,230.16000,229.17999,229.46001
2025-09-11 14:30:00,229.46500,230.15080,229.41000,229.85001
2025-09-11 15:30:00,229.84000,230.45000,229.83501,230.020004
2025-09-12 09:30:00,230,234.078003,229.020004,234.070007
2025-09-12 10:30:00,234.080002,234.50999,233.36000,234.095001
2025-09-12 11:30:00,234.089996,234.49001,233.62100,233.96941
2025-09-12 12:30:00,233.96370,233.96500,233,233.23500
2025-09-12 13:30:00,233.22000,233.87000,233.21851,233.53999
2025-09-12 14:30:00,233.53999,234.45000,233.029999,233.77550
2025-09-12 15:30:00,233.78000,234.28999,233.50999,234.059998
2025-09-15 09:30:00,237,238.19000,235.029999,236.21500
2025-09-15 10:30:00,236.21001,237.020004,235.66000,236.82001
2025-09-15 11:30:00,236.81500,237.30000,236.47000,236.57001
2025-09-15 12:30:00,236.56490,236.59050,235.70000,235.75999
2025-09-15 13:30:00,235.75,236.14000,235.58000,235.64000
2025-09-15 14:30:00,235.63499,236.34000,235.27000,235.97000
2025-09-15 15:30:00,235.97000,236.78999,235.67999,236.75999
2025-09-16 09:30:00,237,241.22000,236.32350,239.53000
2025-09-16 10:30:00,239.53000,239.85001,238.24500,239.59290
2025-09-16 11:30:00,239.58009,239.58009,238.46500,239.19501
2025-09-16 12:30:00,239.20000,239.39999,238.89999,239.085602
2025-09-16 13:30:00,239.10001,239.11000,238.13000,238.92999
2025-09-16 14:30:00,238.94000,239.60001,238.81000,238.93829
2025-09-16 15:30:00,238.94000,239.42000,238.080093,238.14000
2025-09-17 09:30:00,238.97000,240.10001,238.78999,239.63000
2025-09-17 10:30:00,239.64000,240.0099945,239.20000,239.48000
2025-09-17 11:30:00,239.48500,239.78000,239.28000,239.67430
2025-09-17 12:30:00,239.67999,239.77000,239.35001,239.52000
2025-09-17 13:30:00,239.52000,239.82001,238.45000,239.56000
2025-09-17 14:30:00,239.55000,239.63000,237.73010,239.26289
2025-09-17 15:30:00,239.27000,239.28000,238.48000,238.97000
2025-09-18 09:30:00,239.95000,241.20000,236.64999,237.56000
2025-09-18 10:30:00,237.56500,238.79500,237.31500,238.19000
2025-09-18 11:30:00,238.21001,238.53999,237.35001,237.94000
2025-09-18 12:30:00,237.95000,238.20000,237.64000,237.88000
2025-09-18 13:30:00,237.87000,238.10001,237.21021,237.80180
2025-09-18 14:30:00,237.81000,237.94640,237.25011,237.45000
2025-09-18 15:30:00,237.45500,238.11000,237.43500,237.85001
2025-09-19 09:30:00,241.17500,242.59000,240.21060,241.14999
2025-09-19 10:30:00,241.14999,243.16000,241.059998,242.28000
2025-09-19 11:30:00,242.27370,244.56911,242.049194,244.52000
2025-09-19 12:30:00,244.51250,245.92000,244.26871,245.24380
2025-09-19 13:30:00,245.24001,246.26990,244.89999,245.48849
2025-09-19 14:30:00,245.48500,246.10001,245.19099,245.61000
2025-09-19 15:30:00,245.60001,246.30000,244.74001,245.28999
2025-09-22 09:30:00,248.34000,252.73500,248.17000,252.67160
2025-09-22 10:30:00,252.66000,256.079987,252.080002,255.78979
2025-09-22 11:30:00,255.77000,256.63000,253.58000,253.72000
2025-09-22 12:30:00,253.73000,254.73000,253.16000,254.59290
2025-09-22 13:30:00,254.58000,255.25999,253.89999,255.24001
2025-09-22 14:30:00,255.24500,256.059998,254.73470,255.78999
2025-09-22 15:30:00,255.80499,256.26001,255.61501,256.089996
2025-09-23 09:30:00,256.5,257.34000,255.28000,256.61731
2025-09-23 10:30:00,256.60999,256.70001,255.0099945,256.10001
2025-09-23 11:30:00,256.13000,256.20999,255.35001,255.72690
2025-09-23 12:30:00,255.72009,255.85001,254.39999,254.67000
2025-09-23 13:30:00,254.66000,254.96100,253.92999,254.64000
2025-09-23 14:30:00,254.64000,254.84000,253.59000,254.16991
2025-09-23 15:30:00,254.16000,254.53000,253.67000,254.53000
2025-09-24 09:30:00,255,255.37000,252.080002,252.62199
2025-09-24 10:30:00,252.625,252.99001,251.53999,252.12000
2025-09-24 11:30:00,252.12000,252.25999,251.039993,252.16499
2025-09-24 12:30:00,252.17140,252.25999,251.34000,251.49001
2025-09-24 13:30:00,251.51500,252.11000,251.28000,251.76500
2025-09-24 14:30:00,251.75,251.78999,251.24001,251.39000
2025-09-24 15:30:00,251.39000,252.49001,251.28999,252.24001
2025-09-25 09:30:00,253,254.12000,251.71201,254
2025-09-25 10:30:00,254.00010681,254.13879,253.029999,253.50011
2025-09-25 11:30:00,253.50011,253.91000,252.30000,252.53030
2025-09-25 12:30:00,252.53999,253.88000,252.5,253.5
2025-09-25 13:30:00,253.49001,254.59000,252.85001,254.56000
2025-09-25 14:30:00,254.55000,257.17001,254.23000,256.95999
2025-09-25 15:30:00,256.95001,257.10999,255.42000,256.94000
2025-09-26 09:30:00,254,256.60001,253.78000,255.020004
2025-09-26 10:30:00,255.020004,255.99001,254.57120,255.97009
2025-09-26 11:30:00,255.97000,256.040009,254.86000,255.66499
2025-09-26 12:30:00,255.66000,256.97501,255.48000,256.51999
2025-09-26 13:30:00,256.51999,257.35999,255.86000,256.55499
2025-09-26 14:30:00,256.56500,256.72989,255.49001,255.64500
2025-09-26 15:30:00,255.64000,255.64980,254.89999,255.46001
2025-09-29 09:30:00,254,254.5,253.0099945,254.21989
2025-09-29 10:30:00,254.20500,254.24001,253.31000,253.47000
2025-09-29 11:30:00,253.46651,254.070007,253.12000,253.66000
2025-09-29 12:30:00,253.67000,253.77991,253.21001,253.39999
2025-09-29 13:30:00,253.39000,254.61501,253.13000,254.57001
2025-09-29 14:30:00,254.57001,254.60001,253.61000,253.99001
2025-09-29 15:30:00,253.99001,254.83000,253.94000,254.35001
2025-09-30 09:30:00,255,255.91901,253.96001,254.88620
2025-09-30 10:30:00,254.91000,255.67500,253.82010,254.22000
2025-09-30 11:30:00,254.21001,254.97000,254.16010,254.53510
2025-09-30 12:30:00,254.55060,254.67000,253.31171,253.73500
2025-09-30 13:30:00,253.75999,253.99001,253.11000,253.34000
2025-09-30 14:30:00,253.34000,254.24001,253.27100,253.95000
2025-09-30 15:30:00,253.96001,255.17999,253.81000,254.56000
2025-10-01 09:30:00,255.25,258.79001,255.050003,256.16141
2025-10-01 10:30:00,256.17999,256.25900,255.10001,255.52451
2025-10-01 11:30:00,255.53011,256.92001,255.50999,256.16000
2025-10-01 12:30:00,256.16360,256.82980,255.85500,256.14041
2025-10-01 13:30:00,256.16501,256.68591,256.059998,256.48499
2025-10-01 14:30:00,256.48001,256.94000,255.87000,255.94000
2025-10-01 15:30:00,255.94000,256.14001,255.28000,255.41000
2025-10-02 09:30:00,256.59000,257.29999,254.14999,256.22009
2025-10-02 10:30:00,256.23001,257.64001,255.97000,257.16501
2025-10-02 11:30:00,257.14999,258.17999,256.72101,257.34500
2025-10-02 12:30:00,257.34500,257.82260,257.11389,257.41000
2025-10-02 13:30:00,257.39001,257.91000,257.029999,257.88000
2025-10-02 14:30:00,257.87000,258.16000,257.375,257.51001
2025-10-02 15:30:00,257.51001,257.875,256.88000,257.14001
2025-10-03 09:30:00,254.66499,259.040009,253.96001,257.85001
2025-10-03 10:30:00,257.85999,258.73999,257.51999,258.51001
2025-10-03 11:30:00,258.49301,259.23999,258.25711,258.54871
2025-10-03 12:30:00,258.54001,258.92999,258.12000,258.31000
2025-10-03 13:30:00,258.29999,258.59000,256.95999,258.37000
2025-10-03 14:30:00,258.37000,258.58499,257.85001,257.92001
2025-10-03 15:30:00,257.92001,258.26001,257.40350,258.015015
2025-10-06 09:30:00,257.94501,259.070007,255.050003,257.78000
2025-10-06 10:30:00,257.79999,257.98001,257.28000,257.55130
2025-10-06 11:30:00,257.56500,257.67001,256.76999,257.13000
2025-10-06 12:30:00,257.13000,257.48001,256.13049,256.56000
2025-10-06 13:30:00,256.54999,256.68121,255.5,256.18500
2025-10-06 14:30:00,256.18021,256.66000,256.065002,256.51001
2025-10-06 15:30:00,256.51001,257.25,256.45999,256.64999
2025-10-07 09:30:00,256.82001,257.39999,256.28000,256.67999
2025-10-07 10:30:00,256.67001,257.10791,255.60001,256.37900
2025-10-07 11:30:00,256.39001,256.84979,255.89000,256.33841
2025-10-07 12:30:00,256.32999,256.66000,255.75430,255.89000
2025-10-07 13:30:00,255.86000,256.14999,255.42999,256.069885
2025-10-07 14:30:00,256.070007,256.30151,255.91010,256.019989
2025-10-07 15:30:00,256.019989,256.62000,255.92000,256.48999
2025-10-08 09:30:00,256.53000,258.19000,256.10999,257.84000
2025-10-08 10:30:00,257.85999,258.45499,257.20001,258.040009
2025-10-08 11:30:00,258.054993,258.51999,257.56000,258.20001
2025-10-08 12:30:00,258.19000,258.32501,257.625,257.92499
2025-10-08 13:30:00,257.92499,258.20001,257.64999,257.91501
2025-10-08 14:30:00,257.89999,258.42999,257.73999,258.25
2025-10-08 15:30:00,258.23999,258.48999,257.88000,258.029999
2025-10-09 09:30:00,257.775,258,254.78,254.98000
2025-10-09 10:30:00,254.89,255.23,254.57010,254.65
2025-10-09 11:30:00,254.62,254.75,253.77,253.99
2025-10-09 12:30:00,253.985,254.04,253.19,253.45760
2025-10-09 13:30:00,253.41,253.84,253.14,253.435
2025-10-09 14:30:00,253.42,254.11,253.32,253.78
2025-10-09 15:30:00,253.77,254.27000,253.56,254.03
2025-10-10 09:30:00,254.87000,256.37000,254.44000,255.087997
2025-10-10 10:30:00,255.039993,255.34000,248.95000,249.41000
2025-10-10 11:30:00,249.125,249.94501,247.75999,248.61000
2025-10-10 12:30:00,248.59000,249.059998,247.059998,247.81000
2025-10-10 13:30:00,247.77000,248.57001,247.080002,247.16000
2025-10-10 14:30:00,247.13710,247.31000,245.81500,246.16499
2025-10-10 15:30:00,246.17000,246.99001,244.70000,245.31000
2025-10-13 09:30:00,249.38000,249.49001,245.56000,246.37601
2025-10-13 10:30:00,246.37000,248.65990,246.23000,248.59030
2025-10-13 11:30:00,248.62000,249.62000,248.36000,249.17999
2025-10-13 12:30:00,249.17000,249.68930,248.55000,249.10420
2025-10-13 13:30:00,249.089996,249.32001,248.68800,249.14619
2025-10-13 14:30:00,249.14000,249.24001,248.13000,248.32001
2025-10-13 15:30:00,248.32001,248.59000,247.33000,247.59000
2025-10-14 09:30:00,246.61501,247.23000,244.70000,247.020004
2025-10-14 10:30:00,247,247.74989,246.12000,246.21400
2025-10-14 11:30:00,246.23000,247.75,246.17000,247.39000
2025-10-14 12:30:00,247.39000,248.035400,247.38499,247.79800
2025-10-14 13:30:00,247.81000,247.82001,247.17999,247.48500
2025-10-14 14:30:00,247.49001,248.75,247.14439,248.42000
2025-10-14 15:30:00,248.42999,248.84500,246.73000,247.85001
2025-10-15 09:30:00,249.38000,251.82001,248.64000,250.85001
2025-10-15 10:30:00,250.87000,251.46919,249.80000,249.85989
2025-10-15 11:30:00,249.82001,250.049698,248.72000,249.77499
2025-10-15 12:30:00,249.78000,249.94991,247.48000,248.090500
2025-10-15 13:30:00,248.10500,249.80000,248.050003,249.64700
2025-10-15 14:30:00,249.64999,250.10001,249.48000,249.92000
2025-10-15 15:30:00,249.92999,250.070007,248.17000,249.42999
2025-10-16 09:30:00,248.27000,248.38000,246.17999,247.50999
2025-10-16 10:30:00,247.49001,249.039993,247.48170,248.23500
2025-10-16 11:30:00,248.17000,248.66310,247.035004,247.72000
2025-10-16 12:30:00,247.70010,247.77209,246.039993,247.22000
2025-10-16 13:30:00,247.22000,247.42000,245.25999,245.66000
2025-10-16 14:30:00,245.64000,247.020004,245.13000,246.55000
2025-10-16 15:30:00,246.56000,247.91000,246.35001,247.42999
2025-10-17 09:30:00,248.020004,250.32001,247.27000,249.56010
2025-10-17 10:30:00,249.64400,249.86000,248.23000,248.48000
2025-10-17 11:30:00,248.48000,250.35001,248.097198,250.29649
2025-10-17 12:30:00,250.29330,251.36000,250.27521,250.81500
2025-10-17 13:30:00,250.80000,252.53500,250.24500,252.30000
2025-10-17 14:30:00,252.28239,252.82001,251.70000,252.75999
2025-10-17 15:30:00,252.75,253.38000,252.12000,252.30000
2025-10-20 09:30:00,255.88499,259.87000,255.63000,259.50500
2025-10-20 10:30:00,259.48999,263.54999,259.070007,262.57001
2025-10-20 11:30:00,262.54999,264.375,262.41751,263.48999
2025-10-20 12:30:00,263.48001,264.20999,262.64999,263.16501
2025-10-20 13:30:00,263.17999,263.82999,262.79001,263.73001
2025-10-20 14:30:00,263.73999,263.81000,263.040009,263.42001
2025-10-20 15:30:00,263.44000,263.85001,261.92999,262.23001
2025-10-21 09:30:00,261.88000,265.29001,261.88000,263.49991
2025-10-21 10:30:00,263.45999,263.82999,262.51001,263.66199
2025-10-21 11:30:00,263.67001,264.53500,263.080109,263.17001
2025-10-21 12:30:00,263.16000,263.67990,262.84750,263.32651
2025-10-21 13:30:00,263.32581,264.049988,262.14999,263.44989
2025-10-21 14:30:00,263.44958,263.73819,262.95001,263.084991
2025-10-21 15:30:00,263.095001,263.20999,262.47000,262.84000
2025-10-22 09:30:00,262.79001,262.85001,259.72000,260.049896
2025-10-22 10:30:00,260,261.13000,257.64011,258.42990
2025-10-22 11:30:00,258.45001,259.48999,258.049988,258.54999
2025-10-22 12:30:00,258.54999,258.76999,256.29999,256.69141
2025-10-22 13:30:00,256.67001,257.079803,255.42999,256.55099
2025-10-22 14:30:00,256.54999,257.67999,256.14001,257.51001
2025-10-22 15:30:00,257.51999,258.81000,257.42999,258.42999
2025-10-23 09:30:00,259.89001,260.17990,258.010101,259.47989
2025-10-23 10:30:00,259.42001,259.67999,258.73001,259.39999
2025-10-23 11:30:00,259.39999,260.61990,259.083405,260.040009
2025-10-23 12:30:00,260.049988,260.54999,259.51999,259.85999
2025-10-23 13:30:00,259.88000,260.42499,259.82999,259.97000
2025-10-23 14:30:00,259.97000,260.019989,259.62000,259.89999
2025-10-23 15:30:00,259.91000,260.049988,259.079987,259.57999
2025-10-24 09:30:00,261.19000,261.62000,259.17999,260.94141
2025-10-24 10:30:00,260.94000,263.35999,260.79001,263.28000
2025-10-24 11:30:00,263.29001,264.029999,262.95001,263.57999
2025-10-24 12:30:00,263.59000,263.70999,262.85001,263.60999
2025-10-24 13:30:00,263.60999,264.13000,263.41000,264.019989
2025-10-24 14:30:00,264.024994,264.10001,263.14999,263.5
2025-10-24 15:30:00,263.51001,263.66000,262.13000,262.73999
2025-10-27 09:30:00,264.88000,267.049988,264.65009,265.73001
2025-10-27 10:30:00,265.73999,266.42001,265.19501,265.70999
2025-10-27 11:30:00,265.70999,266.089996,265.049988,265.92999
2025-10-27 12:30:00,265.94000,266.125,265.51001,265.62000
2025-10-27 13:30:00,265.63000,266.015015,265.51001,265.59500
2025-10-27 14:30:00,265.59000,267.39999,265.47000,267.27499
2025-10-27 15:30:00,267.26999,269.079987,267.20999,268.73999
2025-10-28 09:30:00,269.13501,269.87000,268.25,268.64999
2025-10-28 10:30:00,268.64230,269.14001,268.14999,268.69720
2025-10-28 11:30:00,268.69501,269.075806,268.35001,268.99500
2025-10-28 12:30:00,268.98001,269.87000,268.82001,269.49500
2025-10-28 13:30:00,269.49500,269.49500,268.79999,269.090210
2025-10-28 14:30:00,269.10501,269.44000,268.78000,269.20001
2025-10-28 15:30:00,269.20001,269.35501,268.60001,269.029999
2025-10-29 09:30:00,269.27499,271.41000,268.70001,270.42001
2025-10-29 10:30:00,270.41000,270.44501,267.51221,267.63000
2025-10-29 11:30:00,267.60999,268.85999,267.10999,268.62000
2025-10-29 12:30:00,268.60300,269.93011,268.47009,269.93011
2025-10-29 13:30:00,269.89001,270.85001,269.79001,270.81000
2025-10-29 14:30:00,270.78500,270.92999,268.26001,268.31000
2025-10-29 15:30:00,268.32001,270.38000,267.79999,269.73001
2025-10-30 09:30:00,271.98999,274.14001,268.98999,269.089996
2025-10-30 10:30:00,269.089996,271.17001,268.48001,270.79001
2025-10-30 11:30:00,270.78000,272.39001,270.26309,272.010010
2025-10-30 12:30:00,272,272.067810,271.040009,271.95001
2025-10-30 13:30:00,271.95001,272.29999,271.28000,271.75
2025-10-30 14:30:00,271.76001,272.0079956,270.99500,271.34000
2025-10-30 15:30:00,271.34000,271.67001,271.049988,271.29001
2025-10-31 09:30:00,276.98999,277.32001,269.16000,270.38000
2025-10-31 10:30:00,270.42999,271.55991,270.10010,271.29999
2025-10-31 11:30:00,271.29990,272.85849,270.22000,272.43500
2025-10-31 12:30:00,272.42999,273.17001,270.14999,270.34879
2025-10-31 13:30:00,270.32999,272.059906,270.10999,271.81000
2025-10-31 14:30:00,271.79001,272.17499,271.26999,272.10501
2025-10-31 15:30:00,272.13000,272.64999,269.95999,270.25
2025-11-03 09:30:00,270.42001,270.78000,266.25,267.63000
2025-11-03 10:30:00,267.64001,268.28000,266.5,266.64001
2025-11-03 11:30:00,266.65991,268.14999,266.52231,267.53500
2025-11-03 12:30:00,267.51999,268,267.25,267.67801
2025-11-03 13:30:00,267.70990,268.62000,267.31000,267.31000
2025-11-03 14:30:00,267.32001,267.79001,266.91000,267.62000
2025-11-03 15:30:00,267.63000,269.10999,267.45999,269.059998
2025-11-04 09:30:00,268.24249,269.59000,267.61499,268.42999
2025-11-04 10:30:00,268.42999,271,267.70999,270.60999
2025-11-04 11:30:00,270.64001,271.48599,268.98001,270.010010
2025-11-04 12:30:00,270.0050049,270.92999,269.89001,270.63840
2025-11-04 13:30:00,270.60999,270.82001,269.87000,270.51041
2025-11-04 14:30:00,270.53000,270.60999,269.28271,270.090515
2025-11-04 15:30:00,270.10001,270.40500,269.5,270.20999
2025-11-05 09:30:00,268.59000,269.58990,266.92999,269.010101
2025-11-05 10:30:00,268.98999,270.38000,268.76001,270.29001
2025-11-05 11:30:00,270.28000,270.47000,269.5,269.97000
2025-11-05 12:30:00,269.97000,270.79001,269.92999,270.12000
2025-11-05 13:30:00,270.10999,271.70001,269.76999,270.42999
2025-11-05 14:30:00,270.41000,271.5,269.53000,269.60001
2025-11-05 15:30:00,269.60999,270.39999,268.99500,270.10999
2025-11-06 09:30:00,267.89001,272.82001,267.89001,272.82001
2025-11-06 10:30:00,272.82800,273.39999,271.55011,272.18149
2025-11-06 11:30:00,272.17999,272.22000,270.39001,271.42499
2025-11-06 12:30:00,271.42001,272.46979,270.92001,271.35001
2025-11-06 13:30:00,271.37000,272.16000,271.020386,271.99011
2025-11-06 14:30:00,272.0050049,272.20001,270.73499,271.20999
2025-11-06 15:30:00,271.20001,271.52020,269.59500,269.64001
2025-11-07 09:30:00,269.79501,272.29001,267.26999,271.57999
2025-11-07 10:30:00,271.56000,271.97000,269.48001,269.53000
2025-11-07 11:30:00,269.51999,269.89001,268.32001,269.10999
2025-11-07 12:30:00,269.11499,269.14001,268.058807,268.45001
2025-11-07 13:30:00,268.45001,268.66000,267.095001,267.25
2025-11-07 14:30:00,267.26001,268.5,266.78000,267.75989
2025-11-07 15:30:00,267.76001,268.57999,267.69000,268.42001
2025-11-10 09:30:00,268.95001,273.73001,268.95001,271.85699
2025-11-10 10:30:00,271.82999,271.98999,269.049988,269.066406
2025-11-10 11:30:00,269.040009,269.75879,268.48999,269.079987
2025-11-10 12:30:00,269.070007,270.23001,269.010010,269.73001
2025-11-10 13:30:00,269.70999,270.30771,267.45499,269.66000
2025-11-10 14:30:00,269.63000,269.81000,269.049988,269.11859
2025-11-10 15:30:00,269.10001,269.60001,268.76001,269.35999
2025-11-11 09:30:00,269.81000,274.73999,269.79999,274.10001
2025-11-11 10:30:00,274.10001,274.34610,272.42999,272.5
2025-11-11 11:30:00,272.51001,273.61499,271.78000,273.31500
2025-11-11 12:30:00,273.32999,274.70001,273.029999,274.48001
2025-11-11 13:30:00,274.48999,275.66000,274.16000,275.32001
2025-11-11 14:30:00,275.32999,275.76001,275.049988,275.25
2025-11-11 15:30:00,275.23999,275.84500,274.79999,275.29999
2025-11-12 09:30:00,275.075012,275.23999,271.87000,272.94000
2025-11-12 10:30:00,272.91000,274.60999,272.54999,274.60001
2025-11-12 11:30:00,274.59000,274.85001,273.72501,274.39001
2025-11-12 12:30:00,274.38000,275.14001,274.12000,274.98001
2025-11-12 13:30:00,274.98999,275.73001,274.42999,274.45001
2025-11-12 14:30:00,274.45001,274.69000,273.5,274.049988
2025-11-12 15:30:00,274.049988,274.39999,272.97000,273.47000
2025-11-13 09:30:00,274.26999,276.69901,273.29001,273.70999
2025-11-13 10:30:00,273.70010,274.19000,272.17999,274.037109
2025-11-13 11:30:00,274.029999,274.48990,272.45999,272.85999
2025-11-13 12:30:00,272.84000,273.32001,272.5,272.57010
2025-11-13 13:30:00,272.56000,273.85001,272.10001,273.53000
2025-11-13 14:30:00,273.53500,273.69000,272.54501,273.039612
2025-11-13 15:30:00,273.029999,273.60001,272.5,273.040009
2025-11-14 09:30:00,271.049988,273.89001,269.60001,273.75919
2025-11-14 10:30:00,273.76999,274.64999,273.20001,274.64999
2025-11-14 11:30:00,274.64499,275.92001,273.54999,275.70499
2025-11-14 12:30:00,275.70999,275.95831,274.23001,274.58499
2025-11-14 13:30:00,274.57001,274.76001,273.84000,273.95999
2025-11-14 14:30:00,273.97000,274.25,272.89001,272.98999
2025-11-14 15:30:00,272.97000,273.26001,272.17001,272.54999
2025-11-17 09:30:00,268.72000,270.48999,267,269.28000
2025-11-17 10:30:00,269.23001,269.39001,266.64999,267.87991
2025-11-17 11:30:00,267.85001,269.54999,267.82001,268.92001
2025-11-17 12:30:00,268.94000,269.35001,267.44000,267.78000
2025-11-17 13:30:00,267.76999,268.34000,266.85999,267.29001
2025-11-17 14:30:00,267.29501,267.38000,265.73001,266.44000
2025-11-17 15:30:00,266.44000,267.57999,266.19000,267.45999
2025-11-18 09:30:00,269.91501,270.70499,265.32001,267.64999
2025-11-18 10:30:00,267.66501,268.12000,266.028015,267.84000
2025-11-18 11:30:00,267.84000,268.33801,267.14001,267.16501
2025-11-18 12:30:00,267.16000,268.92999,266.42999,268.45001
2025-11-18 13:30:00,268.45001,269.22000,267.95999,268.034485
2025-11-18 14:30:00,268.049988,268.92499,267.67999,268.28021
2025-11-18 15:30:00,268.29999,268.42999,267.32999,267.51001
2025-11-19 09:30:00,265.52499,272.20999,265.5,271.85001
2025-11-19 10:30:00,271.85010,272.010010,269.32010,269.73001
2025-11-19 11:30:00,269.75,270.65500,269.53000,270.39999
2025-11-19 12:30:00,270.45999,271.31000,269.62000,270.029999
2025-11-19 13:30:00,270.010010,271.010010,269.63000,269.67001
2025-11-19 14:30:00,269.67001,270.73499,269.17001,270.035004
2025-11-19 15:30:00,270,270.32999,268.14001,268.54999
2025-11-20 09:30:00,270.81000,275.42999,270.81000,273.90500
2025-11-20 10:30:00,273.91000,274.73001,271.62000,271.78000
2025-11-20 11:30:00,271.78000,271.78000,268.049988,268.94000
2025-11-20 12:30:00,268.87000,269.25,267.020111,268.81000
2025-11-20 13:30:00,268.79001,268.92999,266.35999,267.79501
2025-11-20 14:30:00,267.78000,267.91000,267,267.32001
2025-11-20 15:30:00,267.32001,267.57999,265.92001,266.38000
2025-11-21 09:30:00,265.88000,270.45001,265.82001,269.85001
2025-11-21 10:30:00,269.79001,271.47000,269.22000,270.89999
2025-11-21 11:30:00,270.89001,271.12000,269.81000,270.54999
2025-11-21 12:30:00,270.63000,271.60001,270.20001,270.98001
2025-11-21 13:30:00,270.98001,273.31500,270.86499,272.60999
2025-11-21 14:30:00,272.57501,273.28000,271.35001,271.37000
2025-11-21 15:30:00,271.35001,272.13000,270.59000,271.5
2025-11-24 09:30:00,270.89999,275.92001,270.89999,273.095001
2025-11-24 10:30:00,273.079987,275.38959,272.64999,275
2025-11-24 11:30:00,274.97000,275.26999,274.44000,274.85001
2025-11-24 12:30:00,274.85001,276.51001,274.75,276.12000
2025-11-24 13:30:00,276.12000,276.45001,275.85001,276.21951
2025-11-24 14:30:00,276.23001,276.65500,275.35501,276.47501
2025-11-24 15:30:00,276.47000,276.98001,275.10999,275.98001
2025-11-25 09:30:00,275.29999,280.38000,275.26999,278.90500
2025-11-25 10:30:00,278.89001,279.63000,277.78000,277.82999
2025-11-25 11:30:00,277.82001,279.31000,277.5,279.070099
2025-11-25 12:30:00,279.089996,279.37000,278.23001,278.76001
2025-11-25 13:30:00,278.76501,278.78000,277.79001,278.035004
2025-11-25 14:30:00,278.040009,278.14499,277.49750,277.56500
2025-11-25 15:30:00,277.56000,278,276.85999,276.95001
2025-11-26 09:30:00,276.95999,279.047485,276.63000,277.81000
2025-11-26 10:30:00,277.79001,279.14001,276.81000,279.010101
2025-11-26 11:30:00,279.029999,279.53000,278.87000,279.079010
2025-11-26 12:30:00,279.070007,279.29001,278.095001,278.54999
2025-11-26 13:30:00,278.56000,278.58179,277.92499,278.26001
2025-11-26 14:30:00,278.26010,278.94000,278.010010,278.079987
2025-11-26 15:30:00,278.070007,278.29999,277.14999,277.47000
2025-11-28 09:30:00,277.26001,278.23920,276.019989,276.26001
2025-11-28 10:30:00,276.29001,276.91989,275.98999,276.25
2025-11-28 11:30:00,276.24500,277.16010,275.98651,277.049988
2025-11-28 12:30:00,277.059998,279,276.90079,278.85999
2025-12-01 09:30:00,278.14999,278.76999,276.14001,278.14209
2025-12-01 10:30:00,278.10001,278.48010,277.30499,277.92001
2025-12-01 11:30:00,277.89999,279.89001,277.89001,279.77051
2025-12-01 12:30:00,279.77499,280.64001,279.45999,280.58820
2025-12-01 13:30:00,280.59009,281.22000,280.45001,280.89001
2025-12-01 14:30:00,280.88000,281.94000,280.70999,281.91000
2025-12-01 15:30:00,281.92001,283.41000,281.73001,283.32001
2025-12-02 09:30:00,283,285.30899,282.73001,284.57001
2025-12-02 10:30:00,284.54001,287.39999,284.14999,285.54001
2025-12-02 11:30:00,285.54001,285.99991,284.82999,285.87000
2025-12-02 12:30:00,285.88000,286.34000,284.94000,285.21500
2025-12-02 13:30:00,285.20001,286.13000,285.015015,285.625
2025-12-02 14:30:00,285.60001,286.82001,285.58011,286.23999
2025-12-02 15:30:00,286.23999,286.60999,285.70999,286.23001
2025-12-03 09:30:00,286.20001,288.60999,285.89999,287.34052
2025-12-03 10:30:00,287.32001,287.59000,285.75,286.41000
2025-12-03 11:30:00,286.42001,286.82001,285.5,286.38501
2025-12-03 12:30:00,286.35001,286.44000,285.34000,285.67929
2025-12-03 13:30:00,285.67999,285.94000,284.88431,285.20999
2025-12-03 14:30:00,285.23001,285.24991,284.27499,284.55499
2025-12-03 15:30:00,284.54999,284.70001,283.54001,284.14999
2025-12-04 09:30:00,284.10999,284.73001,280.26999,281.22501
2025-12-04 10:30:00,281.20999,281.60001,279.81000,280.28000
2025-12-04 11:30:00,280.28500,280.93350,279.93781,280.11499
2025-12-04 12:30:00,280.13000,280.48669,279.64001,280.0050049
2025-12-04 13:30:00,279.98999,280.10001,278.59000,278.85999
2025-12-04 14:30:00,278.85999,280.73001,278.82001,280.125
2025-12-04 15:30:00,280.12000,280.69000,279.57999,280.64999
2025-12-05 09:30:00,280.54001,281.14001,279.26999,280.45511
2025-12-05 10:30:00,280.45999,280.98001,279.29001,279.29501
2025-12-05 11:30:00,279.29999,279.32999,278.11499,278.31500
2025-12-05 12:30:00,278.31500,279.48010,278.049988,279.44000
2025-12-05 13:30:00,279.48001,279.57001,278.58499,279.23380
2025-12-05 14:30:00,279.23001,279.29999,278.54001,278.80139
2025-12-05 15:30:00,278.79999,279.024994,278.19000,278.79001
2025-12-08 09:30:00,278.16849,279.66931,277.45001,277.56000
2025-12-08 10:30:00,277.54999,277.88000,276.70499,277.45999
2025-12-08 11:30:00,277.47000,277.81900,277.000091553,277.23001
2025-12-08 12:30:00,277.20999,277.84991,276.87000,276.97000
2025-12-08 13:30:00,276.94949,276.94949,276.20001,276.35999
2025-12-08 14:30:00,276.37000,276.97000,276.14999,276.92499
2025-12-08 15:30:00,276.92999,277.98499,276.66000,277.95999
2025-12-09 09:30:00,277.89001,280.029999,277.35001,277.70001
2025-12-09 10:30:00,277.70001,278,277.029999,277.41000
2025-12-09 11:30:00,277.41000,278.12000,277.20001,277.875
2025-12-09 12:30:00,277.875,278.73999,277.79999,278.38501
2025-12-09 13:30:00,278.38501,278.89001,278.12000,278.69000
2025-12-09 14:30:00,278.69000,278.75,277.64999,277.86499
2025-12-09 15:30:00,277.86499,278.25,276.92001,277.23001
2025-12-10 09:30:00,277.87000,278.79300,276.58499,277.45001
2025-12-10 10:30:00,277.45499,278.28000,276.44000,278.25769
2025-12-10 11:30:00,278.23001,278.89001,277.97501,278.52649
2025-12-10 12:30:00,278.51999,279.28000,278.084991,278.12000
2025-12-10 13:30:00,278.12000,279.22000,277.91000,278.22000
2025-12-10 14:30:00,278.22000,279.75,277.70001,278.98001
2025-12-10 15:30:00,278.98999,279.37000,278.59000,278.72000
2025-12-11 09:30:00,279.095001,279.57999,273.81000,276.12000
2025-12-11 10:30:00,276.11499,276.59000,275.20001,275.82501
2025-12-11 11:30:00,275.82001,278.17999,275.81000,277.90500
2025-12-11 12:30:00,277.92001,278.35001,277.38000,277.52261
2025-12-11 13:30:00,277.52499,278.20999,277.51001,277.76001
2025-12-11 14:30:00,277.76001,278.21500,277.59131,278.095001
2025-12-11 15:30:00,278.089996,278.20999,277.47000,278.059998
2025-12-12 09:30:00,277.79501,279.22000,276.82001,277.87000
2025-12-12 10:30:00,277.88000,278.85999,277.44000,277.73999
2025-12-12 11:30:00,277.76999,278.44000,277.28079,277.85501
2025-12-12 12:30:00,277.83499,279.19000,277.83499,279.049988
2025-12-12 13:30:00,279.040009,279.049988,277.73001,277.95001
2025-12-12 14:30:00,277.95001,278.82,277.81000,278.054993
2025-12-12 15:30:00,278.049988,278.5,276.94501,278.37000
2025-12-15 09:30:00,280,280.049988,273.62000,274.14499
2025-12-15 10:30:00,274.17001,275.64041,273.72000,275.51001
2025-12-15 11:30:00,275.54001,275.69501,274.14999,274.92001
2025-12-15 12:30:00,274.92499,275.10001,273.73001,274.040009
2025-12-15 13:30:00,274.019989,274.25,273.079987,273.37000
2025-12-15 14:30:00,273.38000,273.84250,272.84000,273.80499
2025-12-15 15:30:00,273.81000,274.72000,273.51999,274.11499
2025-12-16 09:30:00,272.82001,274.029999,271.79001,273.17001
2025-12-16 10:30:00,273.17001,273.82001,272.5,272.81000
2025-12-16 11:30:00,272.79999,274.28000,272.69000,273.20001
2025-12-16 12:30:00,273.19989,273.48999,271.79999,272.13000
2025-12-16 13:30:00,272.13501,273.91000,272.13501,273.56500
2025-12-16 14:30:00,273.56500,274.79999,273.54001,274.56000
2025-12-16 15:30:00,274.54999,275.5,274.45001,274.47000
2025-12-17 09:30:00,275.010010,276.16000,274.82999,275.49500
2025-12-17 10:30:00,275.47000,275.73001,273.045013,273.48999
2025-12-17 11:30:00,273.48999,273.48999,272.28000,272.87000
2025-12-17 12:30:00,272.88000,273.69000,272.64999,273.019989
2025-12-17 13:30:00,272.99011,273.97000,272.44000,273.78500
2025-12-17 14:30:00,273.76999,274.10999,273.57001,273.65009
2025-12-17 15:30:00,273.67001,273.87000,271.69000,271.85999
2025-12-18 09:30:00,273.60501,273.62000,266.95999,270.89999
2025-12-18 10:30:00,270.86200,272.72000,270.81000,272.29999
2025-12-18 11:30:00,272.29001,273.16400,269.94000,270.25
2025-12-18 12:30:00,270.20001,272.75,270.12000,272.64999
2025-12-18 13:30:00,272.67001,272.95999,271.089996,271.37000
2025-12-18 14:30:00,271.37000,271.96991,270.5,271.84000
2025-12-18 15:30:00,271.85001,273.20001,271.78500,272.16000
2025-12-19 09:30:00,272.14499,272.92001,270.95001,271.73499
2025-12-19 10:30:00,271.72009,272.82001,270.99500,271.26080
2025-12-19 11:30:00,271.26230,271.45999,270.26999,270.65500
2025-12-19 12:30:00,270.66000,271.80951,270.34000,270.75
2025-12-19 13:30:00,270.76001,271.50989,270.39999,271.37000
2025-12-19 14:30:00,271.38000,271.73999,270.17499,270.79999
2025-12-19 15:30:00,270.81000,274.57629,269.89999,273.67001
2025-12-22 09:30:00,272.85999,273.88000,271.57001,272.015015
2025-12-22 10:30:00,272.029999,272.79999,271.51001,272.44000
2025-12-22 11:30:00,272.42001,272.51001,271.51999,271.94000
2025-12-22 12:30:00,271.92001,272.14001,270.73999,270.93991
2025-12-22 13:30:00,270.93500,271.14001,270.51001,270.86499
2025-12-22 14:30:00,270.87000,271.10999,270.71500,270.72000
2025-12-22 15:30:00,270.71500,271.19989,270.50500,270.82001
2025-12-23 09:30:00,270.35999,271.92999,269.56000,270.84000
2025-12-23 10:30:00,270.84000,271.95001,270.70001,271.78140
2025-12-23 11:30:00,271.81500,272.31119,271.47299,271.53000
2025-12-23 12:30:00,271.54001,271.81000,271.10999,271.70001
2025-12-23 13:30:00,271.70001,272.12000,271.5,271.81000
2025-12-23 14:30:00,271.81000,272.44000,271.76001,272.10699
2025-12-23 15:30:00,272.10001,272.45001,271.84000,272.23999
2025-12-24 09:30:00,273.25,274.73999,273.089996,274.035095
2025-12-24 10:30:00,274.040009,275.049988,273.91000,274.85101
2025-12-24 11:30:00,274.85999,275.42999,274.82999,275.35999
2025-12-24 12:30:00,275.35501,275.39001,273.56000,273.85001
2025-12-26 09:30:00,274.25,275.37000,274.059998,274.82480
2025-12-26 10:30:00,274.81500,274.98001,274.37000,274.88000
2025-12-26 11:30:00,274.88000,274.93500,274.41000,274.64001
2025-12-26 12:30:00,274.63000,274.64999,274.22501,274.51999
2025-12-26 13:30:00,274.52499,274.98499,274.38000,274.76010
2025-12-26 14:30:00,274.76501,274.82999,273.87009,273.98001
2025-12-26 15:30:00,273.98001,273.98999,272.87000,273.25
2025-12-29 09:30:00,272.69000,274.35999,272.39001,273.95432
2025-12-29 10:30:00,273.95001,274.029999,272.98999,273.22000
2025-12-29 11:30:00,273.21881,273.29001,272.82999,273.040009
2025-12-29 12:30:00,273.040009,273.67001,272.95029,273.64001
2025-12-29 13:30:00,273.63000,274,273.44000,273.67999
2025-12-29 14:30:00,273.67999,274,273.67001,273.90280
2025-12-29 15:30:00,273.91000,273.94000,273.45999,273.79901
2025-12-30 09:30:00,274,274.070007,272.39481,272.59000
2025-12-30 10:30:00,272.57999,273.32001,272.42001,272.85980
2025-12-30 11:30:00,272.82999,272.92001,272.28000,272.59000
2025-12-30 12:30:00,272.59000,273.19000,272.56000,273.10001
2025-12-30 13:30:00,273.10001,273.52179,273.010101,273.39001
2025-12-30 14:30:00,273.38000,273.47449,273.089996,273.16501
2025-12-30 15:30:00,273.16000,273.25500,272.73999,272.98999
2025-12-31 09:30:00,273.35999,273.67999,272.23181,272.48999
2025-12-31 10:30:00,272.49500,272.58499,271.76001,272.48999
2025-12-31 11:30:00,272.48999,272.79999,272.26999,272.67001
2025-12-31 12:30:00,272.66000,273.10001,272.54999,272.625
2025-12-31 13:30:00,272.625,273.42999,272.57999,272.96091
2025-12-31 14:30:00,272.97021,273.0068054,271.95999,272.079987
2025-12-31 15:30:00,272.089996,272.75,271.75,271.84000
2026-01-02 09:30:00,272,277.82480,272,273.39001
2026-01-02 10:30:00,273.37000,273.39001,269.82999,270.32458
2026-01-02 11:30:00,270.29999,270.95999,269.10999,270.14999
2026-01-02 12:30:00,270.17999,270.48001,269.73001,270.079987
2026-01-02 13:30:00,270.089996,270.24991,269.019989,270.13000
2026-01-02 14:30:00,270.14001,270.84000,270.089996,270.51001
2026-01-02 15:30:00,270.53000,271.049988,270.35001,270.98001
2026-01-05 09:30:00,270.63501,271.17999,267.85999,269.81000
2026-01-05 10:30:00,269.79999,270.22000,268.70001,268.79001
2026-01-05 11:30:00,268.78000,268.85001,266.92001,266.97000
2026-01-05 12:30:00,266.98999,267.89001,266.77011,267.42001
2026-01-05 13:30:00,267.41000,267.66501,266.14001,266.26990
2026-01-05 14:30:00,266.26999,267.040009,266.20001,267.019012
2026-01-05 15:30:00,267.029999,267.73999,266.45001,267.26001
2026-01-06 09:30:00,267.0079956,267.0079956,263.029999,264.029999
2026-01-06 10:30:00,264.029999,265.10001,262.29999,262.41989
2026-01-06 11:30:00,262.42001,263.01,262.2,262.88461
2026-01-06 12:30:00,262.89001,263.79999,262.49011,262.845
2026-01-06 13:30:00,262.92999,263.070007,262.54001,262.87701
2026-01-06 14:30:00,262.84,263.015015,262.15,262.82001
2026-01-06 15:30:00,262.82999,263,262.22,262.22
2026-01-07 09:30:00,263.26999,263.67999,261.20999,262.029999
2026-01-07 10:30:00,262.019989,262.29001,260.91000,261.083710
2026-01-07 11:30:00,261.084991,262.57001,261.070007,262.35999
2026-01-07 12:30:00,262.37000,262.70001,261.079987,261.22000
2026-01-07 13:30:00,261.24500,262.20001,261.13000,261.59000
2026-01-07 14:30:00,261.59000,262.51999,261.26001,261.32999
2026-01-07 15:30:00,261.32999,261.32999,259.82001,260.35999
2026-01-08 09:30:00,256.375,257.76999,255.70000,256.74500
2026-01-08 10:30:00,256.72009,257.19000,255.95000,256.10999
2026-01-08 11:30:00,256.10999,258.60001,255.97000,256.70901
2026-01-08 12:30:00,256.69009,257.63000,256.59799,257.48001
2026-01-08 13:30:00,257.51001,257.51999,256.29999,256.60001
2026-01-08 14:30:00,256.60501,258.32999,256.38000,258.28000
2026-01-08 15:30:00,258.28000,259.28000,257.96011,259.059998
2026-01-09 09:30:00,259.075012,260,256.22009,258.45999
2026-01-09 10:30:00,258.45999,258.75,256.88000,256.95999
2026-01-09 11:30:00,256.95129,259.054993,256.76639,258.92999
2026-01-09 12:30:00,258.91000,259.16000,258.24011,259.12000
2026-01-09 13:30:00,259.13000,259.95001,259.010010,259.73001
2026-01-09 14:30:00,259.73001,260.20999,259.67999,259.96500
2026-01-09 15:30:00,259.95001,260.054993,258.95001,259.35001
2026-01-12 09:30:00,259.41000,261.29999,256.79999,260.35001
2026-01-12 10:30:00,260.36499,260.45001,259.049988,260.23001
2026-01-12 11:30:00,260.23001,261.10999,259.70999,260.60931
2026-01-12 12:30:00,260.60001,261.29999,260.35001,260.89001
2026-01-12 13:30:00,260.89099,260.94000,260.19000,260.64001
2026-01-12 14:30:00,260.64999,261.19000,260.48529,260.97000
2026-01-12 15:30:00,260.95999,261.13000,260.010010,260.20999
2026-01-13 09:30:00,258.72000,261.81000,258.39001,260.090088
2026-01-13 10:30:00,260.14001,260.27991,259.48999,259.91000
2026-01-13 11:30:00,259.89999,261.16000,259.85001,260.84000
2026-01-13 12:30:00,260.85001,261.44000,259.98999,259.98999
2026-01-13 13:30:00,259.98001,260.67361,259.14999,259.73999
2026-01-13 14:30:00,259.73990,259.79999,258.76010,259.019989
2026-01-13 15:30:00,259.010010,261.20001,258.84000,261.049988
2026-01-14 09:30:00,259.48999,261.81000,258.82001,259.75
2026-01-14 10:30:00,259.75500,260,257.85999,258.73999
2026-01-14 11:30:00,258.73999,258.81000,256.70999,257.38000
2026-01-14 12:30:00,257.39001,257.71500,256.91000,257.53000
2026-01-14 13:30:00,257.53000,258.10001,257.054993,257.79999
2026-01-14 14:30:00,257.79999,259.98001,257.79001,259.97000
2026-01-14 15:30:00,259.98001,260.60001,258.68411,259.95001
2026-01-15 09:30:00,260.64999,261.029999,259.62000,260.10010
2026-01-15 10:30:00,260.14001,260.78510,259.19000,260.49500
2026-01-15 11:30:00,260.5,260.63000,259.29999,259.32999
2026-01-15 12:30:00,259.34000,259.56500,258,259.53000
2026-01-15 13:30:00,259.54999,259.75,258.26001,258.32001
2026-01-15 14:30:00,258.34341,258.45001,257.049988,257.67001
2026-01-15 15:30:00,257.65750,258.38000,257.10999,258.32999
2026-01-16 09:30:00,257.88000,258.89999,256.46011,256.81000
2026-01-16 10:30:00,256.81000,256.92001,256.059998,256.43991
2026-01-16 11:30:00,256.42651,256.63000,255.82001,255.83000
2026-01-16 12:30:00,255.83000,256.089905,254.92999,256.029999
2026-01-16 13:30:00,256.029999,257.14999,255.91499,256
2026-01-16 14:30:00,256,256.97000,255.94000,256.17999
2026-01-16 15:30:00,256.17001,256.47250,255.13000,255.48000
2026-01-20 09:30:00,252.50999,254.78999,250.85001,251.61571
2026-01-20 10:30:00,251.64000,252.13000,250.69000,251.30499
2026-01-20 11:30:00,251.30000,251.59000,250.35001,250.56000
2026-01-20 12:30:00,250.52000,250.70000,249.080002,249.19501
2026-01-20 13:30:00,249.17999,249.23000,247.42000,247.45250
2026-01-20 14:30:00,247.45000,248.17999,245.080002,245.46001
2026-01-20 15:30:00,245.46001,246.92999,243.42000,246.69000
2026-01-21 09:30:00,248.71001,248.75,246.080002,247.57001
2026-01-21 10:30:00,247.57001,248.72000,246.83000,247.30000
2026-01-21 11:30:00,247.31000,247.36000,245.19000,245.83000
2026-01-21 12:30:00,245.82010,246.47000,245.58000,245.88000
2026-01-21 13:30:00,245.88000,247.34000,245.5,247.11031
2026-01-21 14:30:00,247.13000,251.56000,247.10001,248.38280
2026-01-21 15:30:00,248.39000,248.58000,246.84000,247.63000
2026-01-22 09:30:00,249.36000,250.77991,248.38499,250.13000
2026-01-22 10:30:00,250.14999,250.16000,249,249.69991
2026-01-22 11:30:00,249.69501,249.89999,249.25999,249.74001
2026-01-22 12:30:00,249.75,250.82001,249.73000,250.67999
2026-01-22 13:30:00,250.67000,251,249.75011,250.52000
2026-01-22 14:30:00,250.50999,250.625,248.26511,248.37000
2026-01-22 15:30:00,248.34000,248.92000,248.17999,248.34000
2026-01-23 09:30:00,245.75,247.24001,244.67999,247.010101
2026-01-23 10:30:00,247.020004,249.41000,246.97000,248.35001
2026-01-23 11:30:00,248.37000,248.80000,247.88000,248.73990
2026-01-23 12:30:00,248.72000,248.80991,247.61000,247.92999
2026-01-23 13:30:00,247.96001,248.029907,246.97000,247.47501
2026-01-23 14:30:00,247.47000,248.47000,247.40500,248.19000
2026-01-23 15:30:00,248.19000,248.85001,247.74500,247.97000
2026-01-26 09:30:00,251.48000,254.89000,249.80000,254.039993
2026-01-26 10:30:00,254.039993,255.5,253.92000,255.099899
2026-01-26 11:30:00,255.085007,255.42000,254.25999,254.5
2026-01-26 12:30:00,254.47000,254.75,254.080002,254.64999
2026-01-26 13:30:00,254.64000,255.97000,254.32001,255.94000
2026-01-26 14:30:00,255.92999,256.56000,255.47000,255.72501
2026-01-26 15:30:00,255.73000,255.99001,254.89999,255.42000
2026-01-27 09:30:00,259.14001,261.95001,258.66000,259.84500
2026-01-27 10:30:00,259.85999,261.39001,259.76001,260.72000
2026-01-27 11:30:00,260.72000,261.35999,260.47000,261.31000
2026-01-27 12:30:00,261.30011,261.35001,260.23010,260.25500
2026-01-27 13:30:00,260.26999,260.35999,259.51999,259.875
2026-01-27 14:30:00,259.875,260.040009,259.14999,259.38000
2026-01-27 15:30:00,259.38501,259.67499,258.20999,258.26999
2026-01-28 09:30:00,257.56000,258.85501,255.21500,256.089996
2026-01-28 10:30:00,256.059998,256.70999,255.25999,255.49001
2026-01-28 11:30:00,255.47000,255.48000,254.66000,254.82001
2026-01-28 12:30:00,254.80000,255.39000,254.50999,255.25500
2026-01-28 13:30:00,255.25999,255.88000,254.78000,255.11000
2026-01-28 14:30:00,255.080002,256.64001,255.050003,256.47501
2026-01-28 15:30:00,256.45999,256.89999,255.92999,256.44000
2026-01-29 09:30:00,258.070007,259.64999,255.49001,256.89999
2026-01-29 10:30:00,256.89001,257.040009,254.41000,256.17001
2026-01-29 11:30:00,256.13000,257.41000,255.12000,257.22000
2026-01-29 12:30:00,257.20001,257.67001,256.54999,257.38000
2026-01-29 13:30:00,257.36499,258.18161,257.16000,258.14499
2026-01-29 14:30:00,258.14499,258.56839,257.74011,258.29501
2026-01-29 15:30:00,258.31000,259.35001,257.75,258.17499
2026-01-30 09:30:00,255.16499,258.70001,252.17999,254
2026-01-30 10:30:00,254.080002,256.90500,253.69501,256.6875
2026-01-30 11:30:00,256.69000,257.14001,254.28349,255.21001
2026-01-30 12:30:00,255.16000,256.070007,254.53999,256.054993
2026-01-30 13:30:00,256.054993,258.28000,255.75,257.58499
2026-01-30 14:30:00,257.60001,259.91000,257.41000,259.91000
2026-01-30 15:30:00,259.92001,261.89990,258,259.48001
2026-02-02 09:30:00,260.019989,265.25,259.20499,265.040009
2026-02-02 10:30:00,265.035004,265.37000,262.31000,264.29181
2026-02-02 11:30:00,264.29501,264.85001,263.81000,264.17999
2026-02-02 12:30:00,264.19000,265.31000,263.78000,265.13000
2026-02-02 13:30:00,265.14499,267.35001,265.010010,267.17999
2026-02-02 14:30:00,267.125,269.56989,266.82001,268.98001
2026-02-02 15:30:00,268.97501,270.48999,268.84000,269.95999
2026-02-03 09:30:00,269.13000,271.57999,267.69000,269.88501
2026-02-03 10:30:00,269.85001,271.28500,267.60999,268.89499
2026-02-03 11:30:00,268.89999,270.5,268.29001,268.89999
2026-02-03 12:30:00,268.89001,270.37000,268.75500,269.34000
2026-02-03 13:30:00,269.33499,271.875,268.85001,271.48001
2026-02-03 14:30:00,271.47000,271.70001,268.67001,269.20999
2026-02-03 15:30:00,269.21500,270.049988,268.84000,269.45999
2026-02-04 09:30:00,272.31000,278.81000,272.28500,276.10001
2026-02-04 10:30:00,276.125,277.39001,275.29999,277.21381
2026-02-04 11:30:00,277.19351,277.26001,273.89999,275.25
2026-02-04 12:30:00,275.26999,276.11499,273.14001,275.60001
2026-02-04 13:30:00,275.62000,275.76001,274.35001,274.91000
2026-02-04 14:30:00,274.90021,278.079987,274.82999,277.60999
2026-02-04 15:30:00,277.60999,278.95001,276.35999,276.45999
2026-02-05 09:30:00,278.019989,279.44000,273.23001,276.78500
2026-02-05 10:30:00,276.79001,277.39999,273.29001,275.22000
2026-02-05 11:30:00,275.29001,275.5,273.52499,274.73999
2026-02-05 12:30:00,274.72000,274.98001,273.91000,274.32001
2026-02-05 13:30:00,274.26001,277.57001,274.11499,277.045013
2026-02-05 14:30:00,277.065002,277.72000,276.085693,276.63000
2026-02-05 15:30:00,276.63000,276.91000,275.35001,275.92001
2026-02-06 09:30:00,277.16000,280.90500,277,279.29001
2026-02-06 10:30:00,279.29999,279.95001,278.35001,279.11499
2026-02-06 11:30:00,279.10001,279.77499,278.23999,278.67999
2026-02-06 12:30:00,278.70999,278.79999,277.49011,277.77499
2026-02-06 13:30:00,277.79999,277.95999,276.92499,277.13000
2026-02-06 14:30:00,277.13000,278.75,276.99500,277.66000
2026-02-06 15:30:00,277.65500,279.010010,277.57001,278.079987
2026-02-09 09:30:00,277.90500,278.040009,273.049988,273.082703
2026-02-09 10:30:00,273.089996,273.75,272.76999,273.39819
2026-02-09 11:30:00,273.37000,273.79999,271.70001,272.011505
2026-02-09 12:30:00,272.040009,272.34000,271.76999,271.98001
2026-02-09 13:30:00,271.98001,273.70999,271.84000,273.62000
2026-02-09 14:30:00,273.63000,274.25,272.91501,274.040009
2026-02-09 15:30:00,274.029999,275.12000,273.51001,274.54001
2026-02-10 09:30:00,274.88501,275.35999,273.20999,274.42001
2026-02-10 10:30:00,274.39001,274.91000,273.98999,274.059998
2026-02-10 11:30:00,274.019989,274.049896,272.94000,273.35001
2026-02-10 12:30:00,273.35001,274.19000,273.14999,274.054993
2026-02-10 13:30:00,274.054993,274.26999,273.66000,273.96500
2026-02-10 14:30:00,273.97000,274.29999,273.51999,274.070007
2026-02-10 15:30:00,274.079987,274.48999,273.31000,273.79001
2026-02-11 09:30:00,274.69501,277.44000,274.45001,277.050110
2026-02-11 10:30:00,277.10001,279.98001,277.040009,278.19000
2026-02-11 11:30:00,278.19000,280.17999,278.16000,279.94501
2026-02-11 12:30:00,279.91040,280.14999,278.5,278.95999
2026-02-11 13:30:00,278.93500,279.67001,278.5,279.57999
2026-02-11 14:30:00,279.57999,279.59000,274.81061,276.049988
2026-02-11 15:30:00,276.010010,276.54999,275.45999,275.54001
2026-02-12 09:30:00,275.60001,275.72000,270.059998,271.25
2026-02-12 10:30:00,271.26001,271.75,266.14999,266.17001
2026-02-12 11:30:00,266.19000,267.040009,264.42001,264.60001
2026-02-12 12:30:00,264.57001,264.64999,260.17999,262.32999
2026-02-12 13:30:00,262.31000,262.67001,261.23001,261.78000
2026-02-12 14:30:00,261.76999,262.48999,261.10001,261.48999
2026-02-12 15:30:00,261.48001,262.51001,260.28000,261.59000
2026-02-13 09:30:00,262.010010,262.23001,258.79999,260.59500
2026-02-13 10:30:00,260.57999,261.48999,258.37000,259.28751
2026-02-13 11:30:00,259.29849,260.20999,258.60001,259.59000
2026-02-13 12:30:00,259.59000,260.26999,258.76999,258.91000
2026-02-13 13:30:00,258.94000,259.31000,258.28000,258.45999
2026-02-13 14:30:00,258.48001,258.73001,255.81731,255.91000
2026-02-13 15:30:00,255.91000,256.66000,255.45000,255.82001
2026-02-17 09:30:00,258.049988,261.39001,255.55299,259.64001
2026-02-17 10:30:00,259.63000,260.98001,258.73999,260.26501
2026-02-17 11:30:00,260.25500,262.23001,259.92999,261.84991
2026-02-17 12:30:00,261.85001,263.67999,260.91000,263.39999
2026-02-17 13:30:00,263.45999,266.29001,263.32001,265.28500
2026-02-17 14:30:00,265.26001,266.14990,264.020111,264.29001
2026-02-17 15:30:00,264.29501,264.53000,262.5,263.75
2026-02-18 09:30:00,263.5,265.64999,262.45001,265.39819
2026-02-18 10:30:00,265.39001,266.089996,265.040009,266.040009
2026-02-18 11:30:00,266.024994,266.82001,265.17001,265.42001
2026-02-18 12:30:00,265.41000,265.95999,265,265.39990
2026-02-18 13:30:00,265.38000,265.57901,264.52301,264.57001
2026-02-18 14:30:00,264.59500,264.62991,263.20999,263.73999
2026-02-18 15:30:00,263.73999,265.53000,263.73999,264.32001
2026-02-19 09:30:00,262.60001,264.35001,262.29001,262.87000
2026-02-19 10:30:00,262.88000,264.48001,262.76010,263.62000
2026-02-19 11:30:00,263.67001,264.14001,262.69009,262.94000
2026-02-19 12:30:00,262.89999,263.059998,261.42001,261.76999
2026-02-19 13:30:00,261.73999,262.36890,261.5,261.54001
2026-02-19 14:30:00,261.51001,261.67001,260.26999,260.76001
2026-02-19 15:30:00,260.76001,261.29999,260.049988,260.51001
2026-02-20 09:30:00,258.95499,262.35001,258.16000,260.57050
2026-02-20 10:30:00,260.54999,263.26001,260.27731,261.42999
2026-02-20 11:30:00,261.42001,264.75,261.23001,262.29999
2026-02-20 12:30:00,262.26950,263.92999,261.60999,263.60999
2026-02-20 13:30:00,263.57501,264.73001,263.16000,264.42999
2026-02-20 14:30:00,264.44000,264.70999,263.28500,263.33011
2026-02-20 15:30:00,263.34500,264.74500,263.089996,264.59000
2026-02-23 09:30:00,263.48999,267.73999,263.38101,267.049988
2026-02-23 10:30:00,267.089996,267.52991,264.75,266.59000
2026-02-23 11:30:00,266.57001,267.34589,265.84000,267.12979
2026-02-23 12:30:00,267.10699,269.37000,266.86121,269.33499
2026-02-23 13:30:00,269.34000,269.42999,267.25,267.29999
2026-02-23 14:30:00,267.27011,267.32999,266.28000,266.78000
2026-02-23 15:30:00,266.81000,267.20001,265.98999,266.39001
2026-02-24 09:30:00,268,274.89001,267.73999,273.67001
2026-02-24 10:30:00,273.67999,274.82001,272.35999,273.22000
2026-02-24 11:30:00,273.22501,273.23999,271.98999,272.51001
2026-02-24 12:30:00,272.48999,272.79001,271.59500,271.59500
2026-02-24 13:30:00,271.60001,272.54999,271.37000,272.29001
2026-02-24 14:30:00,272.28000,272.72000,271.38000,271.90991
2026-02-24 15:30:00,271.91000,272.42990,271.48001,272.17001
2026-02-25 09:30:00,271.67999,274.079987,271.049988,273.63000
2026-02-25 10:30:00,273.63000,274.58990,272.92001,273.96500
2026-02-25 11:30:00,273.91501,274.069885,272.95999,273.60999
2026-02-25 12:30:00,273.60999,274.63000,273.42001,274.35001
2026-02-25 13:30:00,274.32999,274.94000,274.17999,274.41000
2026-02-25 14:30:00,274.41000,274.54001,273.20999,273.75
2026-02-25 15:30:00,273.72000,274.72000,273.625,274.17999
2026-02-26 09:30:00,274.95499,276.10999,270.84000,272
2026-02-26 10:30:00,271.92001,272.78510,270.79501,272.54001
2026-02-26 11:30:00,272.53000,272.73001,271.51270,271.76001
2026-02-26 12:30:00,271.75500,272.024994,270.91000,271.39001
2026-02-26 13:30:00,271.41000,272.94000,270.85300,272.79999
2026-02-26 14:30:00,272.80499,273.5,272.57999,272.63000
2026-02-26 15:30:00,272.64499,273.070007,272.20001,272.98999
2026-02-27 09:30:00,272.81000,272.81000,268.29999,268.50500
2026-02-27 10:30:00,268.47009,269.64001,268.19199,269.054993
2026-02-27 11:30:00,269.070007,269.51999,267.26999,267.88419
2026-02-27 12:30:00,267.87000,268.26001,265.88000,265.95081
2026-02-27 13:30:00,265.95001,266.48001,265.48010,265.73001
2026-02-27 14:30:00,265.73001,266.89999,265.26001,266.64001
2026-02-27 15:30:00,266.63000,266.63000,262.89001,264.17001
2026-03-02 09:30:00,262.44000,264.53989,260.20001,263.81000
2026-03-02 10:30:00,263.82001,265.029999,262,264.35999
2026-03-02 11:30:00,264.35999,266.20001,264,266
2026-03-02 12:30:00,265.99500,266.29001,265.25,265.5
2026-03-02 13:30:00,265.52802,266.14999,264.35999,266.059998
2026-03-02 14:30:00,266.045013,266.53000,264.14001,264.31000
2026-03-02 15:30:00,264.31500,265.54999,263.60999,264.60001
2026-03-03 09:30:00,263.48001,265.56000,261.22000,262.26001
2026-03-03 10:30:00,262.28000,263.94000,261.91000,262.57001
2026-03-03 11:30:00,262.48001,263.78000,261.57999,261.81000
2026-03-03 12:30:00,261.79999,261.87000,260.13000,261.48001
2026-03-03 13:30:00,261.44000,263.91000,261.37000,263.65500
2026-03-03 14:30:00,263.67001,264.61499,262.51001,263.28000
2026-03-03 15:30:00,263.23999,263.95999,262.34000,263.68900
2026-03-04 09:30:00,264.64999,266.14999,261.42001,264.13000
2026-03-04 10:30:00,264.125,264.72000,262.81500,264.53000
2026-03-04 11:30:00,264.51999,265.51001,264.29999,264.89999
2026-03-04 12:30:00,264.91000,265.35999,263.34000,263.78000
2026-03-04 13:30:00,263.79999,264.19501,263.059998,263.35001
2026-03-04 14:30:00,263.34000,263.67999,262.059906,262.73001
2026-03-04 15:30:00,262.70999,263.16000,262.16461,262.45001
2026-03-05 09:30:00,260.74500,261.45001,258.54001,258.87000
2026-03-05 10:30:00,258.91000,261.22501,258.075012,260.75500
2026-03-05 11:30:00,260.76001,261.55499,258.97000,259.019989
2026-03-05 12:30:00,259.040009,259.48999,258.49500,258.90909
2026-03-05 13:30:00,258.92001,259.17999,257.76001,257.85999
2026-03-05 14:30:00,257.84500,259.48999,257.25,258.69000
2026-03-05 15:30:00,258.67999,260.56000,258.41000,260.26001
2026-03-06 09:30:00,258.73999,258.76001,254.37000,256.70001
2026-03-06 10:30:00,256.69501,257.95001,256.079987,257.25
2026-03-06 11:30:00,257.29999,257.48999,256.39001,256.76999
2026-03-06 12:30:00,256.76999,257.59000,256.059998,256.47501
2026-03-06 13:30:00,256.47501,257.23001,255.91000,257.17999
2026-03-06 14:30:00,257.17001,257.96991,256.80051,256.91000
2026-03-06 15:30:00,256.92001,258.010010,256.44000,257.44000
2026-03-09 09:30:00,255.69000,257.019897,253.68050,255.71001
2026-03-09 10:30:00,255.66000,257.88000,255.63000,257.73001
2026-03-09 11:30:00,257.72000,258.26999,257.14999,257.57001
2026-03-09 12:30:00,257.57999,258.089996,256.54001,256.63000
2026-03-09 13:30:00,256.64999,257.36499,255.95000,257.14999
2026-03-09 14:30:00,257.13171,259.57001,256.51999,259.48001
2026-03-09 15:30:00,259.45999,261.14999,259.010010,259.89001
2026-03-10 09:30:00,257.69501,260.25,256.95001,259.97000
2026-03-10 10:30:00,259.94009,261.78000,259.91501,261.31000
2026-03-10 11:30:00,261.29999,261.98001,261,261.87000
2026-03-10 12:30:00,261.89001,262.48001,260.82001,262.20001
2026-03-10 13:30:00,262.19000,262.48001,260.47000,261.67001
2026-03-10 14:30:00,261.70001,261.97000,260.42999,260.50500
2026-03-10 15:30:00,260.47000,261.20001,260.35010,260.72000
2026-03-11 09:30:00,261.20999,262.13000,259.54999,259.99500
2026-03-11 10:30:00,260,260.95999,259.85999,260.10001
2026-03-11 11:30:00,260.12000,260.86801,259.85001,260.64499
2026-03-11 12:30:00,260.62000,261.20001,260.5,261.025085
2026-03-11 13:30:00,261.040009,261.13000,259.63000,260.10999
2026-03-11 14:30:00,260.10001,260.39999,259.81000,260.13171
2026-03-11 15:30:00,260.14001,261.10001,260.040009,260.81000
2026-03-12 09:30:00,258.64001,258.95001,254.67000,254.67000
2026-03-12 10:30:00,254.66000,255.78999,254.35001,255.35500
2026-03-12 11:30:00,255.33000,256.25,254.17999,255.65781
2026-03-12 12:30:00,255.63000,255.95000,254.77000,255.050003
2026-03-12 13:30:00,255.040100,255.67999,254.81000,255.39500
2026-03-12 14:30:00,255.37000,256.25,254.89000,256.089996
2026-03-12 15:30:00,256.099915,256.20511,254.97000,255.75
2026-03-13 09:30:00,255.39999,256.32999,254.64070,255.42500
2026-03-13 10:30:00,255.42999,255.81000,253.27000,253.30070
2026-03-13 11:30:00,253.33000,253.50999,251.85001,252.65500
2026-03-13 12:30:00,252.64000,252.97000,250.96001,251.17999
2026-03-13 13:30:00,251.18500,251.65750,250.77930,251.26401
2026-03-13 14:30:00,251.25999,251.84500,250.21001,250.29500
2026-03-13 15:30:00,250.28000,250.62000,249.52000,250.11501
2026-03-16 09:30:00,252.10500,253.59000,249.91000,253.23579
2026-03-16 10:30:00,253.22000,253.88499,252.92000,253.014999
2026-03-16 11:30:00,253.0099945,253.53999,252.20010,252.36501
2026-03-16 12:30:00,252.35001,253.33000,252.20000,252.92999
2026-03-16 13:30:00,252.94000,253.059998,252.13000,252.92000
2026-03-16 14:30:00,252.92200,253.44000,252.27000,252.86200
2026-03-16 15:30:00,252.84000,253.059998,252.11000,252.78000
2026-03-17 09:30:00,253.078506,255.074997,252.17999,254.44000
2026-03-17 10:30:00,254.48000,254.95000,253.80080,254.17000
2026-03-17 11:30:00,254.14999,255.12990,253.66000,254.86000
2026-03-17 12:30:00,254.87000,255.029999,253.56000,253.92000
2026-03-17 13:30:00,253.91000,254.63000,253.88499,254.10001
2026-03-17 14:30:00,254.095001,254.33000,253.13010,253.77000
2026-03-17 15:30:00,253.78000,254.58000,253.67999,254.23000
2026-03-18 09:30:00,252.625,254.94000,251.38000,252.35500
2026-03-18 10:30:00,252.34000,253.059998,252.080002,252.31990
2026-03-18 11:30:00,252.31000,252.33000,251.46001,251.57010
2026-03-18 12:30:00,251.57500,251.59000,250.39000,250.80499
2026-03-18 13:30:00,250.78999,251.64760,250.53999,250.96001
2026-03-18 14:30:00,250.94000,250.94501,249.61000,249.67999
2026-03-18 15:30:00,249.69400,250.35001,249,249.91000
2026-03-19 09:30:00,249.39999,251.83000,247.30000,249.80000
2026-03-19 10:30:00,249.80099,250.71001,249.14011,249.41000
2026-03-19 11:30:00,249.41000,249.95261,248.88000,249.25999
2026-03-19 12:30:00,249.27499,249.42000,247.71001,248.28011
2026-03-19 13:30:00,248.29500,248.52991,247.67000,248.022003
2026-03-19 14:30:00,248.0099945,249.59000,247.67000,248.47000
2026-03-19 15:30:00,248.44000,249.33000,248.28999,248.90700
2026-03-20 09:30:00,248.11000,248.75999,246.61000,247.75999
2026-03-20 10:30:00,247.81000,248.85001,247.16010,247.98500
2026-03-20 11:30:00,247.95000,249.059998,247.86000,248.62000
2026-03-20 12:30:00,248.63000,248.78999,248.080002,248.27000
2026-03-20 13:30:00,248.28999,248.75990,247.53011,248.039993
2026-03-20 14:30:00,248.089996,249.19991,247.59000,248.089996
2026-03-20 15:30:00,248.089996,248.20000,246,248.19000
2026-03-23 09:30:00,253.99001,254.56000,251.020004,252.43990
2026-03-23 10:30:00,252.42000,252.92000,251.53000,252.57990
2026-03-23 11:30:00,252.59000,252.90500,250.67500,250.80499
2026-03-23 12:30:00,250.81000,251.75,250.28000,250.92000
2026-03-23 13:30:00,250.95500,251.98500,250.89999,251.33000
2026-03-23 14:30:00,251.37000,252.41499,251.37000,251.76500
2026-03-23 15:30:00,251.76500,252.52499,250.97000,251.44000
2026-03-24 09:30:00,250.49001,253.12000,249.55000,252.47000
2026-03-24 10:30:00,252.44000,254.17000,251.74001,253.98500
2026-03-24 11:30:00,253.98000,254.82500,253.38490,254.59000
2026-03-24 12:30:00,254.59689,254.71001,252.76500,253.059998
2026-03-24 13:30:00,253.050003,253.53999,252.29500,252.57001
2026-03-24 14:30:00,252.59000,253.15010,252.080002,252.089600
2026-03-24 15:30:00,252.089905,252.13000,251.22000,251.75
2026-03-25 09:30:00,254.020004,254.98000,251.60001,252.86000
2026-03-25 10:30:00,252.87000,254.28999,252.60001,254.24500
2026-03-25 11:30:00,254.24001,254.46001,253.089996,253.92500
2026-03-25 12:30:00,254,254.64999,253.74001,254.14500
2026-03-25 13:30:00,254.12000,254.50999,253.73500,253.96001
2026-03-25 14:30:00,253.95000,254.054993,252.25999,252.625
2026-03-25 15:30:00,252.63499,252.71500,252.0099945,252.57001
2026-03-26 09:30:00,251.99500,256.23999,250.77499,255.91000
2026-03-26 10:30:00,255.89999,257,255.50999,255.67999
2026-03-26 11:30:00,255.69000,256.76999,255.57001,256.10001
2026-03-26 12:30:00,256.10001,256.45999,254.59010,254.99001
2026-03-26 13:30:00,254.98000,255.11501,253.39000,253.82500
2026-03-26 14:30:00,253.85001,254.51500,253.14000,253.67000
2026-03-26 15:30:00,253.67999,253.72501,252.020004,252.88000
2026-03-27 09:30:00,253.91000,255.49300,252.78011,254.48000
2026-03-27 10:30:00,254.46001,254.69000,251.80000,252.62000
2026-03-27 11:30:00,252.62000,253.24001,251.69000,251.78000
2026-03-27 12:30:00,251.77499,252.75999,250.37000,250.41000
2026-03-27 13:30:00,250.41000,250.58000,248.63499,249.38499
2026-03-27 14:30:00,249.42000,249.52000,248.25,248.40990
2026-03-27 15:30:00,248.41000,249.37000,248.070007,248.62000
2026-03-30 09:30:00,249.99500,250.84000,246.97000,247.83000
2026-03-30 10:30:00,247.82001,248,246.039993,246.53000
2026-03-30 11:30:00,246.53000,247.21001,245.96001,246.020004
2026-03-30 12:30:00,246.0099945,247.44000,245.96001,246.25
2026-03-30 13:30:00,246.25500,247.32001,245.99500,246.48019
2026-03-30 14:30:00,246.50999,246.83000,245.83000,245.89000
2026-03-30 15:30:00,245.89000,247.039993,245.50999,246.53999
2026-03-31 09:30:00,247.89000,249.27000,247.64000,248.94009
2026-03-31 10:30:00,248.94009,249.0099945,247.10100,248.42999
2026-03-31 11:30:00,248.45000,250.69000,247.66000,250.34000
2026-03-31 12:30:00,250.34990,253.92990,250.17999,253.22501
2026-03-31 13:30:00,253.17999,253.96001,252.39999,253.13000
2026-03-31 14:30:00,253.12000,254.125,253.020004,253.67000
2026-03-31 15:30:00,253.67000,255.48000,253.28000,253.78999
2026-04-01 09:30:00,254.30000,256.17999,253.82001,254.12010
2026-04-01 10:30:00,254.19000,254.74500,253.33000,254.14999
2026-04-01 11:30:00,254.14999,254.82001,253.75999,254.43010
2026-04-01 12:30:00,254.44000,255.39999,254.22000,255.14220
2026-04-01 13:30:00,255.125,255.28000,254.10001,254.31000
2026-04-01 14:30:00,254.32001,255.66000,253.97000,255.65500
2026-04-01 15:30:00,255.64000,256.13000,255.15010,255.69000
2026-04-02 09:30:00,254.14000,254.75999,250.64999,252.125
2026-04-02 10:30:00,252.11000,255.72000,251.99001,255.12000
2026-04-02 11:30:00,255.16499,255.18500,254,254.11000
2026-04-02 12:30:00,254.13000,255.48531,254.070007,255.33501
2026-04-02 13:30:00,255.33501,255.39000,254.31000,255.14500
2026-04-02 14:30:00,255.16000,255.70000,254.80009,255.12000
2026-04-02 15:30:00,255.10001,256.13000,254.80000,255.89000
2026-04-06 09:30:00,256.96249,262.019989,256.48001,261.76001
2026-04-06 10:30:00,261.76001,262.16000,258.97000,259.25
2026-04-06 11:30:00,259.23010,259.63000,258.70999,259.040009
2026-04-06 12:30:00,259.029999,259.56000,257.91000,258.78000
2026-04-06 13:30:00,258.79001,259.39001,257.85001,259.28000
2026-04-06 14:30:00,259.28009,259.36990,258.019989,258.24991
2026-04-06 15:30:00,258.23001,259.075012,258.13000,258.88699
2026-04-07 09:30:00,254.72000,254.79990,247.57001,247.67000
2026-04-07 10:30:00,247.66499,248.19000,245.70000,247.82001
2026-04-07 11:30:00,247.82001,250.28990,247.39999,250.17000
2026-04-07 12:30:00,250.17000,253.39000,249.66010,251.58501
2026-04-07 13:30:00,251.61501,252.78999,251.28999,251.32001
2026-04-07 14:30:00,251.33000,252.5,250.12000,251.95500
2026-04-07 15:30:00,251.92101,253.60989,251.44000,253.49001
2026-04-08 09:30:00,258.51001,259.74991,256.53000,258.13000
2026-04-08 10:30:00,258.14001,259.51001,257.51001,257.51001
2026-04-08 11:30:00,257.51999,258.39999,257.10999,257.42801
2026-04-08 12:30:00,257.42499,258.69000,257.42499,257.51001
2026-04-08 13:30:00,257.5,258.14999,256.91000,257.23999
2026-04-08 14:30:00,257.23001,257.84000,257.089996,257.20001
2026-04-08 15:30:00,257.17999,258.98999,257.17999,258.92999
2026-04-09 09:30:00,259.37000,260.029999,256.070007,257.84000
2026-04-09 10:30:00,257.81000,258.26001,257.35010,257.54999
2026-04-09 11:30:00,257.51501,259.47000,257.47601,259.12000
2026-04-09 12:30:00,259.12000,260.53000,258.80499,260.054993
2026-04-09 13:30:00,260.049988,260.45001,259.29999,259.625
2026-04-09 14:30:00,259.60999,260.34000,259.45001,260.059998
2026-04-09 15:30:00,260.049988,261.12000,260.024994,260.39001
2026-04-10 09:30:00,259.95001,261.85001,259.070007,261.56500
2026-04-10 10:30:00,261.56500,262.19000,261.13971,261.29001
2026-04-10 11:30:00,261.31989,261.75,260.42999,260.53510
2026-04-10 12:30:00,260.54501,260.56000,259.20001,259.23999
2026-04-10 13:30:00,259.23999,260.14499,259.023102,260.12000
2026-04-10 14:30:00,260.10999,260.20001,259.35001,259.72000
2026-04-10 15:30:00,259.72000,260.53500,259.29001,260.38000
2026-04-13 09:30:00,259.85999,260.17999,256.66000,257.32001
2026-04-13 10:30:00,257.31000,257.88000,257.10001,257.70999
2026-04-13 11:30:00,257.73001,257.875,256.79001,257.78000
2026-04-13 12:30:00,257.79010,258.34000,257.51511,257.86499
2026-04-13 13:30:00,257.85999,258.20001,257.51999,257.88000
2026-04-13 14:30:00,257.86499,258.48001,257.79999,257.85001
2026-04-13 15:30:00,257.84500,259.57999,257.59000,259.20999
2026-04-14 09:30:00,259.10001,261.92999,259.029999,259.34000
2026-04-14 10:30:00,259.32999,259.42999,257.60999,258.055389
2026-04-14 11:30:00,258.049988,258.39001,257.19009,257.70001
2026-04-14 12:30:00,257.69000,259.76511,257.62000,258.66000
2026-04-14 13:30:00,258.66000,258.97000,257.75,258.78000
2026-04-14 14:30:00,258.78000,258.81000,257.75,258.32501
2026-04-14 15:30:00,258.32501,258.85999,258.14999,258.85501
2026-04-15 09:30:00,258.11,261.04,257.83,260.65
2026-04-15 10:30:00,260.76,264.115,260.43,263.16
2026-04-15 11:30:00,263.18,265.51,262.99,264.56
2026-04-15 12:30:00,264.58,265.78,264.24,264.945
2026-04-15 13:30:00,264.93,265.29,264.3,265.18
2026-04-15 14:30:00,265.18,265.86499,265.18,265.33
2026-04-15 15:30:00,265.27,266.55,265.25,266.37
2026-04-16 09:30:00,266.79999,267.16000,261.31000,262.059998
2026-04-16 10:30:00,262.089996,262.73001,261.26999,262.25
2026-04-16 11:30:00,262.25,264.38980,262.19000,264.080109
2026-04-16 12:30:00,264.089996,264.16861,263.089996,263.51999
2026-04-16 13:30:00,263.53000,264.17001,263.29001,263.57999
2026-04-16 14:30:00,263.59000,264.54999,263.48001,263.63409
2026-04-16 15:30:00,263.63000,264.25,263.26001,263.35999
2026-04-17 09:30:00,267.097992,269.79001,266.72000,268.58499
2026-04-17 10:30:00,268.63501,272.10001,268.44000,271.94000
2026-04-17 11:30:00,271.95001,272.29999,270.76999,271.54999
2026-04-17 12:30:00,271.56000,271.73990,270.17999,270.57999
2026-04-17 13:30:00,270.57999,270.73001,269.92001,270.19000
2026-04-17 14:30:00,270.19000,270.79999,269.53000,269.69501
2026-04-17 15:30:00,269.70999,270.53000,269.66010,270.18500
2026-04-20 09:30:00,270.32999,274.27499,270.32999,273.38000
2026-04-20 10:30:00,273.38989,273.85001,271.72000,272.88000
2026-04-20 11:30:00,272.82999,272.91000,272.079987,272.57001
2026-04-20 12:30:00,272.59000,273.13501,271.84000,272.19000
2026-04-20 13:30:00,272.17001,273.64001,271.98001,273.45001
2026-04-20 14:30:00,273.45999,273.45999,272.67001,272.69000
2026-04-20 15:30:00,272.64999,273.16000,272.26999,272.92999
2026-04-21 09:30:00,271.44501,272.79999,269.37000,269.58011
2026-04-21 10:30:00,269.56500,269.85001,267.75,267.92999
2026-04-21 11:30:00,267.92001,268.019989,265.81000,265.85999
2026-04-21 12:30:00,265.85999,266.88000,265.39999,266.16000
2026-04-21 13:30:00,266.17999,267,266.059998,266.375
2026-04-21 14:30:00,266.38000,268.19000,266.38000,267.95999
2026-04-21 15:30:00,267.96500,267.97000,265.87000,266.22000
2026-04-22 09:30:00,267.82001,271.94000,266.87000,271.94000
2026-04-22 10:30:00,271.94000,272.76501,270.98001,272.40009
2026-04-22 11:30:00,272.39001,273.50500,272.26001,272.69000
2026-04-22 12:30:00,272.70499,273.42001,272.35999,273.20999
2026-04-22 13:30:00,273.21899,273.73999,272.63000,272.68500
2026-04-22 14:30:00,272.70999,272.82001,272.10049,272.70999
2026-04-22 15:30:00,272.71500,273.26001,272.54999,273.19000
2026-04-23 09:30:00,275.045013,275.76999,273.13550,273.90500
2026-04-23 10:30:00,273.97000,274.30991,273.26999,273.67999
2026-04-23 11:30:00,273.63000,274.41000,273.030487,273.60001
2026-04-23 12:30:00,273.61499,273.99271,272.090088,272.23999
2026-04-23 13:30:00,272.25,273.79999,271.64999,273.66000
2026-04-23 14:30:00,273.66000,274.54501,273.53000,274.17001
2026-04-23 15:30:00,274.14999,274.25989,273.059998,273.44000
2026-04-24 09:30:00,272.76001,273.059998,270.10001,272.070007
2026-04-24 10:30:00,272.10001,272.59000,270.57010,270.67999
2026-04-24 11:30:00,270.69000,271.67999,269.79999,270.98999
2026-04-24 12:30:00,271,271.15201,269.64999,270.065002
2026-04-24 13:30:00,270.049988,270.29999,269.72000,269.95999
2026-04-24 14:30:00,269.97000,270.38000,269.85999,270.089996
2026-04-24 15:30:00,270.089996,271.48001,270,271.059998
2026-04-27 09:30:00,266.089996,268.35999,265.070007,267.35999
2026-04-27 10:30:00,267.39001,267.79999,266.62000,267.10999
2026-04-27 11:30:00,267.14001,267.64001,266.26001,266.29501
2026-04-27 12:30:00,266.29001,267.029999,266.29001,266.84000
2026-04-27 13:30:00,266.82999,267.049988,266.089996,266.34991
2026-04-27 14:30:00,266.35001,267.21500,266.13000,267.14999
2026-04-27 15:30:00,267.16000,267.95999,267.049988,267.67999
2026-04-28 09:30:00,272.33499,273.22000,268.66000,271.27991
2026-04-28 10:30:00,271.28000,271.82999,270.29001,270.32501
2026-04-28 11:30:00,270.32501,270.56500,269.33130,269.51599
2026-04-28 12:30:00,269.49500,270.13000,269.44019,269.87000
2026-04-28 13:30:00,269.87000,270.91501,269.79001,270.5
2026-04-28 14:30:00,270.5,270.63000,269.89001,270.22501
2026-04-28 15:30:00,270.23001,270.94501,269.99500,270.76001
2026-04-29 09:30:00,267.54999,270.31180,267.040009,269.39999
2026-04-29 10:30:00,269.41000,269.92999,268.73001,268.84000
2026-04-29 11:30:00,268.82449,270.14661,268.20001,269.82501
2026-04-29 12:30:00,269.82999,271.040009,269.75,270.20001
2026-04-29 13:30:00,270.20999,270.59000,269.64001,269.73999
2026-04-29 14:30:00,269.73499,270.44501,269.37000,270.28000
2026-04-29 15:30:00,270.26999,270.35999,269.60999,270.19000
2026-04-30 09:30:00,270.5,272.20001,268.14001,271.91901
2026-04-30 10:30:00,271.88000,272.20999,270.73001,271.51999
2026-04-30 11:30:00,271.52499,273.099915,271.17999,273.059998
2026-04-30 12:30:00,273.079987,273.76001,271.67999,272.78500
2026-04-30 13:30:00,272.81000,274.20001,272.79999,273.60001
2026-04-30 14:30:00,273.57999,274.48999,272.82001,274.48999
2026-04-30 15:30:00,274.47000,275.94000,270.34000,271.35999
2026-05-01 09:30:00,278.94000,287.20999,278.37000,285.34000
2026-05-01 10:30:00,285.34009,285.60001,281.45999,283.95001
2026-05-01 11:30:00,283.95499,285.48999,283.20001,283.95499
2026-05-01 12:30:00,283.95499,284.10999,282.39511,282.81000
2026-05-01 13:30:00,282.80499,282.82001,280.64011,281.23001
2026-05-01 14:30:00,281.23999,281.23999,279.73999,280.34991
2026-05-01 15:30:00,280.34000,280.69000,279.60999,280.14999
2026-05-04 09:30:00,279.65500,280.63000,274.86011,276.25360
2026-05-04 10:30:00,276.27499,278,276.070007,276.83499
2026-05-04 11:30:00,276.85001,277.37000,275.45001,276.089996
2026-05-04 12:30:00,276.10001,277.34000,275.98001,277.040009
2026-05-04 13:30:00,277.059998,277.42001,276.63000,276.76999
2026-05-04 14:30:00,276.76999,277.67001,276.26001,277.078491
2026-05-04 15:30:00,277.079987,277.32001,276.51001,276.84000
2026-05-05 09:30:00,276.89999,281.38000,276.50101,281.19000
2026-05-05 10:30:00,281.17999,283.20999,279.70999,280.22000
2026-05-05 11:30:00,280.23001,281.56000,279.84500,281.39999
2026-05-05 12:30:00,281.39001,284.57001,281.32999,282.81500
2026-05-05 13:30:00,282.81000,284.28000,282.35269,284.25009
2026-05-05 14:30:00,284.25500,284.45001,283.42001,284.20999
2026-05-05 15:30:00,284.22000,284.32999,283.45001,284.17001
2026-05-06 09:30:00,281.91501,286.72000,281.075012,286.10999
2026-05-06 10:30:00,286.13000,286.34000,283.88000,284.73999
2026-05-06 11:30:00,284.73999,286.37000,284.64999,286.26001
2026-05-06 12:30:00,286.25500,287.13000,285.70999,286.73499
2026-05-06 13:30:00,286.73001,287.85001,286.57001,287.17999
2026-05-06 14:30:00,287.16589,287.89999,286.66501,287.76001
2026-05-06 15:30:00,287.76001,288.029999,287.040009,287.53000
2026-05-07 09:30:00,289.26999,292.13000,288.20001,290.47000
2026-05-07 10:30:00,290.47000,291.39001,289.92001,290.20010
2026-05-07 11:30:00,290.20001,290.73999,288.78000,289.41000
2026-05-07 12:30:00,289.42499,289.65500,288.23999,288.76501
2026-05-07 13:30:00,288.74500,289.76999,287.89999,288.26999
2026-05-07 14:30:00,288.28000,288.34000,285.78000,286.73999
2026-05-07 15:30:00,286.73499,287.56000,286.28000,287.47000
2026-05-08 09:30:00,290.10999,294.55499,290,293.78500
2026-05-08 10:30:00,293.76999,294.76001,292.42001,292.85001
2026-05-08 11:30:00,292.85001,293.040009,292.18011,292.79999
2026-05-08 12:30:00,292.79999,292.79999,291.75009,292.14999
2026-05-08 13:30:00,292.14001,292.85999,292.070007,292.72299
2026-05-08 14:30:00,292.76511,293.60001,292.39001,293.42999
2026-05-08 15:30:00,293.45001,294.25,293.10001,293.28000
2026-05-11 09:30:00,291.97900,293.14999,290.23001,292.045013
2026-05-11 10:30:00,292.045013,293.59000,291.75,293.36990
2026-05-11 11:30:00,293.37000,293.88000,291.82141,292.41501
2026-05-11 12:30:00,292.41501,292.70499,290.63000,291.94000
2026-05-11 13:30:00,291.93991,292.98001,291.72501,291.73999
2026-05-11 14:30:00,291.73999,292.20990,290.85999,292.14999
2026-05-11 15:30:00,292.14590,292.79999,291.81000,292.73999
2026-05-12 09:30:00,292.75500,294.81000,292.61499,293.93991
2026-05-12 10:30:00,293.91000,294.89990,293.25,294.37000
2026-05-12 11:30:00,294.35999,294.78000,293.45999,293.95999
2026-05-12 12:30:00,293.95001,294.59000,293.38000,293.89999
2026-05-12 13:30:00,293.89999,294.66000,293.69000,294.64999
2026-05-12 14:30:00,294.62000,294.92001,294,294.80069
2026-05-12 15:30:00,294.79999,295.26999,294.35999,294.87000
2026-05-13 09:30:00,293.63000,297.50980,293.56000,295.14999
2026-05-13 10:30:00,295.17001,297.25,295.16000,296.94000
2026-05-13 11:30:00,296.93500,298.54999,296.72079,298.40009
2026-05-13 12:30:00,298.39001,300.37000,298.33099,300.125
2026-05-13 13:30:00,300.10999,300.92001,299.70999,299.71500
2026-05-13 14:30:00,299.70999,299.72000,298.61499,299.14999
2026-05-13 15:30:00,299.14999,299.48001,298.85001,298.88000
2026-05-14 09:30:00,299.82001,300.35001,297.079987,297.93500
2026-05-14 10:30:00,297.95001,299.47000,297.57999,299.065002
2026-05-14 11:30:00,299.070007,299.35999,298.28000,298.30991
2026-05-14 12:30:00,298.31000,298.51251,295.38000,298.38000
2026-05-14 13:30:00,298.40900,298.62991,297.54999,298.37000
2026-05-14 14:30:00,298.36499,299.20001,298.22299,299.075012
2026-05-14 15:30:00,299.079987,299.079987,297.88000,298.16501
2026-05-15 09:30:00,297.75500,299.85001,296.53000,299.29001
2026-05-15 10:30:00,299.26999,302.79001,299.23999,301.96951
2026-05-15 11:30:00,301.98999,302.60001,300.64001,301.81000
2026-05-15 12:30:00,301.79001,303.20001,301.48499,303.12000
2026-05-15 13:30:00,303.10001,303.14001,301.11801,301.26501
2026-05-15 14:30:00,301.28000,301.76001,299.88000,300.26340
2026-05-15 15:30:00,300.28000,300.66000,299.63000,300.22000
2026-05-18 09:30:00,300.23999,300.63000,296.70001,298.16501
2026-05-18 10:30:00,298.14001,298.57999,295.48001,295.48001
2026-05-18 11:30:00,295.51999,296.81000,295.019989,295.25
2026-05-18 12:30:00,295.26999,296.67999,294.91000,296.17029
2026-05-18 13:30:00,296.18500,296.68500,295.51999,296.079987
2026-05-18 14:30:00,296.14990,297.73001,295.45001,297.077301
2026-05-18 15:30:00,297.089996,297.92001,296.90500,297.89999
2026-05-19 09:30:00,296.97000,300.51001,296.35001,296.91000
2026-05-19 10:30:00,296.92999,297.75,296.51999,297.070007
2026-05-19 11:30:00,297.059998,297.57999,296.36499,297.42499
2026-05-19 12:30:00,297.41000,298.73001,297.35999,298.24951
2026-05-19 13:30:00,298.25,298.48691,297.84000,297.89001
2026-05-19 14:30:00,297.87000,298.44000,297.48999,298.38000
2026-05-19 15:30:00,298.39001,299.22000,297.84000,298.98001
2026-05-20 09:30:00,298.17999,302.37000,298.089996,299.51999
2026-05-20 10:30:00,299.51001,300.51001,299.070007,299.16000
2026-05-20 11:30:00,299.16000,300.32001,298.67001,300.0050049
2026-05-20 12:30:00,299.98999,301.26999,299.57001,301.049988
2026-05-20 13:30:00,301.059998,301.72000,300.91000,301.47000
2026-05-20 14:30:00,301.47000,302.79999,301.47000,302.19000
2026-05-20 15:30:00,302.20001,302.51999,301.85751,302.26501
2026-05-21 09:30:00,301.049988,303.070007,300.39999,301.95090
2026-05-21 10:30:00,301.92999,303.35999,301.58011,303.024994
2026-05-21 11:30:00,303.024994,304.24429,302.91000,303.63699
2026-05-21 12:30:00,303.62000,304.67999,303.049896,304.59100
2026-05-21 13:30:00,304.60999,305.10001,304.35999,304.62000
2026-05-21 14:30:00,304.62000,305.32501,303.89001,305.22681
2026-05-21 15:30:00,305.22000,305.53900,304.51001,305.089996
2026-05-22 09:30:00,306.059998,309.26999,305.85001,308.64001
2026-05-22 10:30:00,308.63501,311.39999,308.62000,311.0050049
2026-05-22 11:30:00,311,311.040009,309.72000,309.92001
2026-05-22 12:30:00,309.92999,309.98999,308.82001,309.86011
2026-05-22 13:30:00,309.87000,310.15500,308.95001,309.31000
2026-05-22 14:30:00,309.31500,309.57999,308.64001,308.70001
2026-05-22 15:30:00,308.70001,309.39999,307.97000,308.88000
2026-05-26 09:30:00,309.39999,311.82001,309.35001,311.72000
2026-05-26 10:30:00,311.73001,311.81000,310.85999,311.35999
2026-05-26 11:30:00,311.38000,311.57001,309.76999,310.47049
2026-05-26 12:30:00,310.48499,310.76999,309.029999,309.18500
2026-05-26 13:30:00,309.19000,310.20001,309.10999,309.82999
2026-05-26 14:30:00,309.84000,310.059998,308.079987,308.37991
2026-05-26 15:30:00,308.36011,308.95999,307.67001,308.38000
2026-05-27 09:30:00,308.44000,312.76999,308.32999,311.26001
2026-05-27 10:30:00,311.26001,313.26001,311.19000,311.77499
2026-05-27 11:30:00,311.79001,312.14001,310.70010,311.23499
2026-05-27 12:30:00,311.23499,311.48499,310.38000,310.47000
2026-05-27 13:30:00,310.47000,311,310.31000,310.82999
2026-05-27 14:30:00,310.82321,310.88000,309.76999,309.82001
2026-05-27 15:30:00,309.82001,311.10001,309.51999,310.92999
2026-05-28 09:30:00,310.67999,312.76001,309.60001,311.70001
2026-05-28 10:30:00,311.70001,311.97000,311.049988,311.82501
2026-05-28 11:30:00,311.82501,311.94501,310.30750,310.44000
2026-05-28 12:30:00,310.44501,311.62000,309.57001,310.79999
2026-05-28 13:30:00,310.81500,311.019989,310.10999,310.84000
2026-05-28 14:30:00,310.79001,311.35501,310.25,311.31500
2026-05-28 15:30:00,311.31500,312.56000,310.97000,312.5
2026-05-29 09:30:00,311.77499,315,311.5,313.67499
2026-05-29 10:30:00,313.66000,314.059998,310.42001,311.79999
2026-05-29 11:30:00,311.82999,312.019989,310.45001,311.19009
2026-05-29 12:30:00,311.20001,311.69000,310.20001,310.42001
2026-05-29 13:30:00,310.42001,310.56000,309.53000,310.26001
2026-05-29 14:30:00,310.26001,311.63000,310.20999,311.44501
2026-05-29 15:30:00,311.45001,313.10999,311.35999,312.070007
2026-06-01 09:30:00,309.53500,310.92999,307.79999,307.84000
2026-06-01 10:30:00,307.81000,308.47000,306.29999,306.57510
2026-06-01 11:30:00,306.56000,307.26001,305.48999,305.72000
2026-06-01 12:30:00,305.73999,306.53000,305.029999,306.47000
2026-06-01 13:30:00,306.51999,308.39999,306.31000,307.87000
2026-06-01 14:30:00,307.86499,308.32501,307.32999,307.42999
2026-06-01 15:30:00,307.43500,308.040009,305.90991,306.32001
2026-06-02 09:30:00,307.45999,310.47000,306.72000,310.34000
2026-06-02 10:30:00,310.375,312.92999,309.26001,312.70999
2026-06-02 11:30:00,312.70001,313.14999,312.040009,312.48999
2026-06-02 12:30:00,312.48001,315.10001,311.89999,314.67999
2026-06-02 13:30:00,314.67999,315.45001,313.75500,314.23999
2026-06-02 14:30:00,314.25989,315.22000,314.19000,314.76501
2026-06-02 15:30:00,314.76001,315.44000,314.029999,315.19000
2026-06-03 09:30:00,314.17499,316.94000,314,314.35001
2026-06-03 10:30:00,314.37000,314.64999,310.31000,311.66000
2026-06-03 11:30:00,311.64001,312.19000,309.51001,309.76010
2026-06-03 12:30:00,309.76001,310.46500,308.85001,309.20999
2026-06-03 13:30:00,309.19501,309.98001,308.98001,309.84000
2026-06-03 14:30:00,309.84000,310.54001,309.26999,310.41501
2026-06-03 15:30:00,310.41501,311.10001,309.20001,310.38000
2026-06-04 09:30:00,313.30499,313.54001,309.90009,310.25
2026-06-04 10:30:00,310.26001,311.35001,309.79999,310.39999
2026-06-04 11:30:00,310.41000,311.10999,309.64999,310.63000
2026-06-04 12:30:00,310.63000,311.79001,310.48001,311.66501
2026-06-04 13:30:00,311.67001,311.97501,310.98999,311.42001
2026-06-04 14:30:00,311.41000,312.070007,311.35919,311.94000
2026-06-04 15:30:00,311.94000,311.95999,310.26001,311.16000
2026-06-05 09:30:00,312.98999,315.17001,312.39999,313.42499
2026-06-05 10:30:00,313.42001,314.75,312.23999,313.42999
2026-06-05 11:30:00,313.42001,314.14990,311.85001,312
2026-06-05 12:30:00,312.0050049,312.14999,309.57999,311.51001
2026-06-05 13:30:00,311.49500,312.79999,311.38000,311.52600
2026-06-05 14:30:00,311.54001,312.019989,307.14999,308.91000
2026-06-05 15:30:00,308.88000,308.98001,307.35999,307.39001
2026-06-08 09:30:00,308.73901,315.17001,308.52200,311.97501
2026-06-08 10:30:00,311.95999,315.35999,311.78000,313.92999
2026-06-08 11:30:00,313.92999,314.98999,313.32001,313.66501
2026-06-08 12:30:00,313.67999,314.69000,312.20999,314.57001
2026-06-08 13:30:00,314.56500,317.39999,303.70999,304.85999
2026-06-08 14:30:00,304.89999,305.53000,302.050110,302.70499
2026-06-08 15:30:00,302.70999,303.24451,301.17001,301.57001
2026-06-09 09:30:00,300.27499,300.72000,292.20999,292.53000
2026-06-09 10:30:00,292.51920,293.88000,291.5,291.57999
2026-06-09 11:30:00,291.56000,291.98001,289.48001,289.5
2026-06-09 12:30:00,289.5,291.13000,287.78000,290.45999
2026-06-09 13:30:00,290.44000,290.95001,289.34000,290.95001
2026-06-09 14:30:00,290.94000,291.92001,290.29001,291.13000
2026-06-09 15:30:00,291.12000,291.67999,288.79999,290.35999
2026-06-10 09:30:00,290.76501,291.19000,287.38000,289.73499
2026-06-10 10:30:00,289.70999,290.64999,288.44501,289.98999
2026-06-10 11:30:00,289.95001,291.73999,289.73999,291.73001
2026-06-10 12:30:00,291.73999,293.22949,291.35651,293.15009
2026-06-10 13:30:00,293.16000,294.74500,292.51041,294.31000
2026-06-10 14:30:00,294.29999,294.29999,291.62000,291.92999
2026-06-10 15:30:00,291.92001,292.94000,291.39001,291.5
2026-06-11 09:30:00,293.72000,293.95001,289.75,290.57999
2026-06-11 10:30:00,290.60999,291.82001,289.60001,291.19000
2026-06-11 11:30:00,291.17999,293.94440,291.061493,292.98499
2026-06-11 12:30:00,292.95999,296,292.91000,295.95499
2026-06-11 13:30:00,295.98999,297,295.13000,295.54001
2026-06-11 14:30:00,295.54010,296.070007,295.019989,295.39999
2026-06-11 15:30:00,295.41000,296.17999,294.70001,295.35999
2026-06-12 09:30:00,296.079987,297.14001,290.60999,291.99500
2026-06-12 10:30:00,291.98001,292.98999,290.010010,292.875
2026-06-12 11:30:00,292.85999,292.85999,290.81000,291.57999
2026-06-12 12:30:00,291.57001,292.24500,290.75,291.46011
2026-06-12 13:30:00,291.48001,291.51001,289.62000,290.22501
2026-06-12 14:30:00,290.22000,290.97000,290.22000,290.64001
2026-06-12 15:30:00,290.64001,291.64001,290.19000,291.079987
2026-06-15 09:30:00,294.12000,296.32861,291.70001,295.67999
2026-06-15 10:30:00,295.70999,296.89999,295.39999,296.53000
2026-06-15 11:30:00,296.54001,297.78000,296.22000,297.23999
2026-06-15 12:30:00,297.23001,297.36499,296.25,296.66000
2026-06-15 13:30:00,296.66000,297,294.95999,295.070007
2026-06-15 14:30:00,295.075012,296.60999,295.010010,296.5
2026-06-15 15:30:00,296.49500,296.67001,295.60999,296.42001
2026-06-16 09:30:00,295.24500,298,293.97000,297.53500
2026-06-16 10:30:00,297.53500,298.45001,296.95001,298.20001
2026-06-16 11:30:00,298.22000,299.27499,297.5,298.94000
2026-06-16 12:30:00,298.94000,300.48001,298.80411,300.27499
2026-06-16 13:30:00,300.26001,300.45999,298.56799,298.72501
2026-06-16 14:30:00,298.72009,299.63031,298.22000,298.34000
2026-06-16 15:30:00,298.32999,299.48999,298.23001,299.25
2026-06-17 09:30:00,300.84500,302.070007,299.22198,300.45001
2026-06-17 10:30:00,300.45001,300.53949,297.089996,297.42999
2026-06-17 11:30:00,297.42999,299.16000,296.64001,298.61499
2026-06-17 12:30:00,298.62979,298.74500,296.57001,296.81000
2026-06-17 13:30:00,296.79999,297.60001,295.32999,295.83499
2026-06-17 14:30:00,295.82001,296.42001,294.38000,295.18500
2026-06-17 15:30:00,295.16000,296.22000,294.59000,295.88000
2026-06-18 09:30:00,298.44000,300.45990,295.62000,299.60999
2026-06-18 10:30:00,299.61499,300.57001,296.95999,297.10999
2026-06-18 11:30:00,297.10001,297.73001,295.95001,297.48999
2026-06-18 12:30:00,297.48499,298.35989,296.84000,297.82001
2026-06-18 13:30:00,297.82501,297.98499,297.010010,297.10999
2026-06-18 14:30:00,297.14001,298.070007,297.040100,297.38000
2026-06-18 15:30:00,297.35999,299.23941,297.059998,297.89001
2026-06-22 09:30:00,297.5,302.42001,297.5,301.20001
2026-06-22 10:30:00,301.20999,301.23001,299.035004,299.94000
2026-06-22 11:30:00,299.94000,301.42990,299.75,300.53989
2026-06-22 12:30:00,300.51999,300.67999,299.45001,299.81000
2026-06-22 13:30:00,299.81500,299.85999,298.58301,298.92001
2026-06-22 14:30:00,298.92001,299.34000,298.59009,299.059998
2026-06-22 15:30:00,299.059998,299.089996,296.79001,296.79001
2026-06-23 09:30:00,296.5,301.64001,296.20001,300.50659
2026-06-23 10:30:00,300.51999,300.88000,298.39999,298.54999
2026-06-23 11:30:00,298.54501,298.88501,297.35001,298.61990
2026-06-23 12:30:00,298.58499,299.47000,297.88000,299.39499
2026-06-23 13:30:00,299.39499,300.084991,298.34000,298.51999
2026-06-23 14:30:00,298.52499,298.86761,295.31000,295.84009
2026-06-23 15:30:00,295.84000,296.5,294.21201,294.28000
2026-06-24 09:30:00,295.375,296.45999,293.20001,295.46500
2026-06-24 10:30:00,295.45999,298.88000,295.10999,298.78500
2026-06-24 11:30:00,298.76001,299.70001,297.83960,298.070007
2026-06-24 12:30:00,298.049988,298.049988,295.79999,296.42001
2026-06-24 13:30:00,296.41000,296.86441,295.38000,296
2026-06-24 14:30:00,296,296.17999,294.16000,294.94009
2026-06-24 15:30:00,294.92999,295.37000,292.94000,293.26001
2026-06-25 09:30:00,287.51001,288.79999,277.45999,279.63000
2026-06-25 10:30:00,279.63501,280.089996,276.44000,277.64001
2026-06-25 11:30:00,277.66000,279.64499,274.45999,274.56500
2026-06-25 12:30:00,274.56500,278.39001,273.75,278.040009
2026-06-25 13:30:00,278.049988,280.17999,276.19000,279.34500
2026-06-25 14:30:00,279.35001,280.22009,276.040009,276.72501
2026-06-25 15:30:00,276.70001,277.45001,273.89999,275.049988
2026-06-26 09:30:00,275,278.92999,274.20999,278.26001
2026-06-26 10:30:00,278.28000,280.47000,278.079987,279.029999
2026-06-26 11:30:00,279.025909,279.45001,275.25,275.89999
2026-06-26 12:30:00,275.89999,279.37000,275.89999,279.19501
2026-06-26 13:30:00,279.17999,281.29999,278.64081,280.19000
2026-06-26 14:30:00,280.19501,281.82999,279.41000,280.14999
2026-06-26 15:30:00,280.14999,285.95001,280,281.20001
2026-06-29 09:30:00,286.85999,288.36969,280.45001,280.87000
2026-06-29 10:30:00,280.88000,282.82999,280.32999,282.33011
2026-06-29 11:30:00,282.34250,283.034485,280.22000,280.56000
2026-06-29 12:30:00,280.56000,281.54001,279.85001,281.48001
2026-06-29 13:30:00,281.47000,282.29999,280.85999,281.54999
2026-06-29 14:30:00,281.54999,283.077515,281.45499,282.67999
2026-06-29 15:30:00,282.70999,282.73999,281.47000,281.63000
2026-06-30 09:30:00,281.17001,286.28989,280.69501,286.024994
2026-06-30 10:30:00,286.010010,288.66000,285.26001,288.26999
2026-06-30 11:30:00,288.28000,289.38000,287.81000,288.14499
2026-06-30 12:30:00,288.16000,289.66000,288.125,288.42999
2026-06-30 13:30:00,288.44501,289.19000,287.85501,288.089996
2026-06-30 14:30:00,288.084991,288.17999,286.67999,287.53000
2026-06-30 15:30:00,287.53000,289.91000,287.42001,289.089996
2026-07-01 09:30:00,293.32999,293.47989,289.19501,293.059998
2026-07-01 10:30:00,293.059998,296.59000,292.73001,295.75171
2026-07-01 11:30:00,295.78000,295.79001,294.63000,294.94501
2026-07-01 12:30:00,294.94501,295.059906,293.92001,294.089996
2026-07-01 13:30:00,294.079987,295.10001,292.70001,294.80499
2026-07-01 14:30:00,294.81000,295.53000,294,294.015106
2026-07-01 15:30:00,294,295.54999,293.75009,294.25
2026-07-02 09:30:00,294.084991,305.32001,293.67999,305.049988
2026-07-02 10:30:00,305.044006,307.82001,304.85001,305.41501
2026-07-02 11:30:00,305.42001,308.45001,305.28000,308.089996
2026-07-02 12:30:00,308.089996,308.52991,306.67001,307.80499
2026-07-02 13:30:00,307.80499,308.29999,306.82010,307.32999
2026-07-02 14:30:00,307.34000,308.31000,307.13000,307.42499
2026-07-02 15:30:00,307.44000,309.42001,307.20999,308.22000
2026-07-06 09:30:00,307.67999,311.75,307.010010,311.73001
2026-07-06 10:30:00,311.70001,313.60001,311.21011,313.57999
2026-07-06 11:30:00,313.58499,314.20001,312.23001,312.25
2026-07-06 12:30:00,312.24500,312.98001,311.85001,312.38000
2026-07-06 13:30:00,312.38760,313.14990,312.10999,313.070007
2026-07-06 14:30:00,313.079987,313.56000,312.91000,313.39999
2026-07-06 15:30:00,313.41501,313.73999,312.049988,312.81000
2026-07-07 09:30:00,315.29001,315.48001,310.14999,311.45001
2026-07-07 10:30:00,311.45001,314.13000,310.98999,314.079987
2026-07-07 11:30:00,314.10251,314.73001,312.67999,313.17001
2026-07-07 12:30:00,313.14001,314.010010,312.27011,312.84000
2026-07-07 13:30:00,312.82001,313,311.85001,312.61920
2026-07-07 14:30:00,312.62000,313.17999,311.56000,311.89499
2026-07-07 15:30:00,311.89999,312.32001,310.32999,310.66000
2026-07-08 09:30:00,311.66000,312,307.051514,308.85001
2026-07-08 10:30:00,308.82001,310.85001,308.70001,310.065002
2026-07-08 11:30:00,310.079987,311.79001,309.31500,311.60001
2026-07-08 12:30:00,311.60001,314.19000,311.34000,314.11990
2026-07-08 13:30:00,314.13000,314.81000,311.15039,314.125
2026-07-08 14:30:00,314.125,314.39999,313.64999,313.81500
2026-07-08 15:30:00,313.81500,314.20001,312.75,313.26001
2026-07-09 09:30:00,310.44501,312.29999,308.16000,312.089996
2026-07-09 10:30:00,312.070007,314.85001,310.70120,314.45999
2026-07-09 11:30:00,314.46991,315.22000,314.10001,314.89999
2026-07-09 12:30:00,314.90009,315.5,314.31000,314.72141
2026-07-09 13:30:00,314.72351,315.31989,314.23499,314.56000
2026-07-09 14:30:00,314.56000,315.69000,314.25,315.41000
2026-07-09 15:30:00,315.42001,316.53000,315.39001,316.17999
2026-07-10 09:30:00,314.72000,316.39001,312.93011,313.13000
2026-07-10 10:30:00,313.12000,314.10999,312.17001,313.34000
2026-07-10 11:30:00,313.35001,314.51401,312.32001,314.35501
2026-07-10 12:30:00,314.37000,314.78000,313.94000,314.45999
2026-07-10 13:30:00,314.47000,314.89001,313.89029,314.84009
2026-07-10 14:30:00,314.85999,316.47989,314.73999,316.16000
2026-07-10 15:30:00,316.14999,316.91000,314.78000,315.32990
2026-07-13 09:30:00,317.015015,323.45001,316.38,320.19000
2026-07-13 10:30:00,320.20999,320.29501,316.85001,317.22000
2026-07-13 11:30:00,317.22000,317.89999,316.089996,317.37000
2026-07-13 12:30:00,317.34000,317.44000,315.78000,316.47000
2026-07-13 13:30:00,316.48999,316.84500,315.89999,316.84052
2026-07-13 14:30:00,316.85999,317.51999,316.16,316.32999
2026-07-13 15:30:00,316.32501,317.75,316.049988,317.42001
2026-07-14 09:30:00,313.64001,315.68500,311.91000,314.94199
2026-07-14 10:30:00,314.95001,316.19000,314.020508,314.29999
2026-07-14 11:30:00,314.32001,314.87000,312.87000,313.26999
2026-07-14 12:30:00,313.26001,314.97000,313.10999,314.87000
2026-07-14 13:30:00,314.89001,315.39001,314.59000,315.22000
2026-07-14 14:30:00,315.22000,315.87,314.82001,315.70499
2026-07-14 15:30:00,315.70499,315.76001,314.59000,314.92001
2026-07-15 09:30:00,317.625,325.67999,317.32001,324.70999
2026-07-15 10:30:00,324.70999,325.68,323.54001,325.62000
2026-07-15 11:30:00,325.60999,328.53000,325.16,328.17001
2026-07-15 12:30:00,328.16000,328.5,325.97000,326.98999
2026-07-15 13:30:00,327,328,326.64999,327.79001
2026-07-15 14:30:00,327.78000,328.72000,326.85999,327.059998
2026-07-15 15:30:00,327.040009,328.35001,325.72000,327.57001
2026-07-16 09:30:00,328.0050049,331.41000,326.79001,330.37000
2026-07-16 10:30:00,330.34000,331.14999,329.35001,330.63000
2026-07-16 11:30:00,330.65009,332.28000,327.5,331.14001
2026-07-16 12:30:00,331.18991,332.97000,329.85999,332.89999
2026-07-16 13:30:00,332.89819,333.54999,329.34000,331.26001
2026-07-16 14:30:00,331.23999,334.67999,330.91000,332.98999
2026-07-16 15:30:00,333,333.70001,330.76999,333.26999
2026-07-17 09:30:00,332.54001,334.98001,329.00061035,331.84000
2026-07-17 10:30:00,331.88000,334.76669,331.85001,334.65500
2026-07-17 11:30:00,334.66989,334.86990,330,331.74500
2026-07-17 12:30:00,331.72000,333.5,329.16000,330.54001
2026-07-17 13:30:00,330.51080,333.25,330.079987,332.375
2026-07-17 14:30:00,332.375,334.67001,332.10999,332.82999
2026-07-17 15:30:00,332.78000,334.38000,332.26001,333.73999
2026-07-20 09:30:00,333.024994,333.70999,326.10999,327.019989
2026-07-20 10:30:00,327.019989,328.019989,324.42001,324.89999
2026-07-20 11:30:00,324.94000,326.54501,324.87000,325
2026-07-20 12:30:00,325.019989,325.14499,323.70001,324.72000
2026-07-20 13:30:00,324.73001,326.48999,324.20001,325.94000
2026-07-20 14:30:00,325.98001,329.09,325.31000,329.019989
2026-07-20 15:30:00,329.010010,329.76001,326.32001,326.70001
2026-07-21 09:30:00,323.34500,327.029999,322.22040,326.73999
2026-07-21 10:30:00,326.72000,328.45001,326.1,328.38501
2026-07-21 11:30:00,328.38000,329.60001,327.75,328.62000
2026-07-21 12:30:00,328.62100,328.82999,327,327.070007
2026-07-21 13:30:00,327.070007,327.87000,326.72000,327.23999
2026-07-21 14:30:00,327.25,328.49,327.17999,327.93500
2026-07-21 15:30:00,327.92999,328.10001,327.14001,327.59000
2026-07-22 09:30:00,327.875,328.99951,324.32999,324.47501
2026-07-22 10:30:00,324.49500,325.81,324.070007,325.79999
2026-07-22 11:30:00,325.76501,325.89001,324.37000,324.88501
2026-07-22 12:30:00,324.88501,324.95001,323.34000,323.66501
2026-07-22 13:30:00,323.66501,324.019989,323.55,323.92999
2026-07-22 14:30:00,323.92990,324.70001,323.82999,324.44000
2026-07-22 15:30:00,324.44000,326.91000,323.98,325.87000
2026-07-23 09:30:00,321.73001,323.29999,319.35001,321.48999
2026-07-23 10:30:00,321.46500,322.91000,320.71500,321.28000
2026-07-23 11:30:00,321.29001,321.54999,320.070007,320.35989
2026-07-23 12:30:00,320.31000,321.05,320,320.87000
2026-07-23 13:30:00,320.87009,321.39899,320,320.26999
2026-07-23 14:30:00,320.27499,321.20001,319.76,320.41989
2026-07-23 15:30:00,320.38000,321.98001,320.040009,321.60999
2026-07-24 09:30:00,324.375,329.44,321.6,328.79999
2026-07-24 10:30:00,328.79501,331.92999,328.70999,331.76501
2026-07-24 11:30:00,331.77499,334.37000,331.67001,333.72000
2026-07-24 12:30:00,333.69501,334.22000,332.15051,332.39999
2026-07-24 13:30:00,332.39499,333.19000,332.14,332.26501
2026-07-24 14:30:00,332.26501,333.23001,332.059998,332.48999
2026-07-24 15:30:00,332.48001,333.45001,331.85,333.070007
2026-07-27 09:30:00,334.89999,338.14001,334.019989,337.69000
2026-07-27 10:30:00,337.70001,339.5,336.12000,338.73999
2026-07-27 11:30:00,338.73001,339.57001,336.75,337.45010
2026-07-27 12:30:00,337.45999,338.13000,335.67,336.049988
2026-07-27 13:30:00,336.070007,336.79999,335.049988,335.14999
2026-07-27 14:30:00,335.14999,336.23999,334.7,335.72000
2026-07-27 15:30:00,335.72000,337.22000,335.64999,336.92001
2026-07-28 09:30:00,340.029999,342.89001,335.60001,337.95999
2026-07-28 10:30:00,337.98001,339.66879,336.60001,339.26999
2026-07-28 11:30:00,339.24011,340.14001,339,339.81000
2026-07-28 12:30:00,339.82999,340.57990,338.93,339.029999
2026-07-28 13:30:00,339.040009,340.15991,339,339.84000
2026-07-28 14:30:00,339.84000,339.89001,338.275,339.20001
2026-07-28 15:30:00,339.16000,340.54,339.10001,340.16000
2026-07-29 09:30:00,339.69000,343.67001,339.56000,341.16000
2026-07-29 10:30:00,341.17001,341.73999,339.51999,339.81000
2026-07-29 11:30:00,339.82999,341.56,339.76001,341.26999
2026-07-29 12:30:00,341.25,343.44891,340.049988,342.72000
2026-07-29 13:30:00,342.69501,344.56989,342.35001,343.58771
2026-07-29 14:30:00,343.59000,343.94000,341.32999,341.53000
2026-07-29 15:30:00,341.56000,341.56000,337.35010,338.070007
2026-07-30 09:30:00,333.13000,334.48001,330.35001,331.31000
2026-07-30 10:30:00,331.29999,333.032288,329.59000,331.22000
2026-07-30 11:30:00,331.23499,332.60001,330.63000,332.089996
2026-07-30 12:30:00,332.089996,332.85001,331.40500,332.089996
2026-07-30 13:30:00,332.079987,333.98001,331.72009,333.10001
2026-07-30 14:30:00,333.12000,334.089996,332.89999,333.16000
2026-07-30 15:30:00,333.16000,334.75,332.31000,333.85001
2026-07-31 09:30:00,304.81000,306.89999,300.32999,302.73999
2026-07-31 10:30:00,302.75500,304.25,301.64001,301.73001
2026-07-31 11:30:00,301.73001,302.82001,300.39999,300.54001
2026-07-31 12:30:00,300.56000,301.83429,300,301.20001
2026-07-31 13:30:00,301.20001,302.42001,300.5,301.73001
2026-07-31 14:30:00,301.76001,305.70999,301.74500,305.65500
2026-07-31 15:30:00,305.66000,310.66000,305.019989,309.029999
2026-08-03 09:30:00,309.67001,311.79999,304.34000,305.55011
2026-08-03 10:30:00,305.54999,306.44000,303.89999,304.21500
2026-08-03 11:30:00,304.21500,306.35999,302.56000,306.35999
2026-08-03 12:30:00,306.35001,307.54001,305.89999,307.22501
2026-08-03 13:30:00,307.22501,307.23001,305.5,305.52029
2026-08-03 14:30:00,305.53000,305.97000,304.79999,305.045013
2026-08-03 15:30:00,305.045013,305.079987,302.67999,303.26999
2026-08-04 09:30:00,303.79001,307.14001,301.38,306.81000
2026-08-04 10:30:00,306.85999,306.89990,305.22501,305.67389
2026-08-04 11:30:00,305.67001,306.73001,305.48999,306.50500
2026-08-04 12:30:00,306.50500,310.42001,306.34000,308.89999
2026-08-04 13:30:00,308.89999,310.13000,308.66000,309.32001
2026-08-04 14:30:00,309.31000,309.79999,308.25,309.57999
2026-08-04 15:30:00,309.57999,310.42001,308.88000,309.39001
2026-08-05 09:30:00,309.35999,309.38000,305.67001,306.72751
2026-08-05 10:30:00,306.70001,311.71,306.26999,308.59500
2026-08-05 11:30:00,308.59500,309.44000,307.82999,308.63989
2026-08-05 12:30:00,308.63000,309.98001,308.45001,309.73999
2026-08-05 13:30:00,309.75,310.22000,308.079987,308.19009
2026-08-05 14:30:00,308.20920,309.87900,308.084991,309.62009
2026-08-05 15:30:00,309.60999,311.555,309.39001,310.92001
2026-08-06 09:30:00,314.34000,316.28940,312.12000,312.84000
2026-08-06 10:30:00,312.79999,313.64001,309.66,310.10001
2026-08-06 11:30:00,310.10501,311.26001,309.23001,311.15701
2026-08-06 12:30:00,311.16000,311.76001,310.70999,311.20059
2026-08-06 13:30:00,311.20999,312.42001,311.18011,312.23999
2026-08-06 14:30:00,312.24771,312.82001,311.88000,312.57999
2026-08-06 15:30:00,312.59000,312.94000,311.78000,312.45001
2026-08-07 09:30:00,312,314.13501,310.73999,314.079987
2026-08-07 10:30:00,314.089996,314.81000,313,313.35999
2026-08-07 11:30:00,313.35999,313.42001,311.54001,311.69000
2026-08-07 12:30:00,311.69501,312.90329,311.61011,312.73999
2026-08-07 13:30:00,312.73999,313.25,311.82001,311.91901
2026-08-07 14:30:00,311.91010,313.39001,311.67999,313.27750
2026-08-07 15:30:00,313.28000,314.18,312.92499,313.29999
2026-08-10 09:30:00,306.82999,307.46,304.63000,306.88000
2026-08-10 10:30:00,306.89709,307.20990,306.22501,306.55850
2026-08-10 11:30:00,306.52051,307.25,305.049988,305.53000
2026-08-10 12:30:00,305.54999,306.79001,305.17,306.47000
2026-08-10 13:30:00,306.47000,306.98999,306,306.71500
2026-08-10 14:30:00,306.71991,307.66989,306.6,307.23001
2026-08-10 15:30:00,307.22000,308.23001,306.87000,308.19000
2026-08-11 09:30:00,307.75,309.97000,305.67001,306.19000
2026-08-11 10:30:00,306.19000,306.94000,306.049988,306.70499
2026-08-11 11:30:00,306.70001,307.60999,306.45,306.55499
2026-08-11 12:30:00,306.57001,306.59000,305.69870,306.19000
2026-08-11 13:30:00,306.16501,306.52,302.79001,303.29999
2026-08-11 14:30:00,303.27570,305.20001,302.97,305.16000
2026-08-11 15:30:00,305.16000,305.29999,303.75,304.89999
2026-08-12 09:30:00,305.13000,305.66000,302.17999,302.34500
2026-08-12 10:30:00,302.35999,303.19000,301.029999,301.079987
2026-08-12 11:30:00,301.089905,301.82001,300.57001,301.51001
2026-08-12 12:30:00,301.51501,302.51001,301.41,302.16010
2026-08-12 13:30:00,302.17001,302.29770,301.059998,301.125
2026-08-12 14:30:00,301.12000,302.039886,301.040009,301.67999
2026-08-12 15:30:00,301.67001,302.25,301,302.22501
2026-08-13 09:30:00,304.25800,305.95999,302.049988,305.64499
2026-08-13 10:30:00,305.66000,306,303.54999,303.72000
2026-08-13 11:30:00,303.73001,303.985,302.57001,303.42999
2026-08-13 12:30:00,303.43500,303.76001,302.85,303.34000
2026-08-13 13:30:00,303.33011,303.9,302.92999,303.31000
2026-08-13 14:30:00,303.31000,304.60999,303.029999,304.39999
2026-08-13 15:30:00,304.38000,305.32001,303.97000,305.32001
2026-08-14 09:30:00,306.028015,307.48999,304.76001,304.98999
2026-08-14 10:30:00,305.019989,305.95990,304.29999,305.53290
2026-08-14 11:30:00,305.54501,305.91681,304.97000,305.44501
2026-08-14 12:30:00,305.44501,305.56500,305.079987,305.19440
2026-08-14 13:30:00,305.19501,306.25,305.040009,305.97900
2026-08-14 14:30:00,305.98001,306.17999,305.26999,305.94501
2026-08-14 15:30:00,305.92999,306.040009,305.5,305.95001
2026-08-17 09:30:00,306.20999,307.66000,304.05,304.49500
2026-08-17 10:30:00,304.48419,304.91000,303.64999,304.53500
2026-08-17 11:30:00,304.54001,304.59509,303.049988,303.55499
2026-08-17 12:30:00,303.56000,304.43,302.93900,304.41501
2026-08-17 13:30:00,304.41501,304.94000,303.95999,304.70499
2026-08-17 14:30:00,304.70001,306.16000,304.69049,306.14499
2026-08-17 15:30:00,306.14999,306.33,305.029999,305.69000
2026-08-18 09:30:00,307.53000,310.26999,305.73999,309.65991
2026-08-18 10:30:00,309.64001,311.48999,309.6,310.42999
2026-08-18 11:30:00,310.42999,310.64001,309.011993,310.61499
2026-08-18 12:30:00,310.62000,310.94000,310.20001,310.39999
2026-08-18 13:30:00,310.39999,310.64990,309.75,310.62769
2026-08-18 14:30:00,310.60999,311.24,309.37000,309.70999
2026-08-18 15:30:00,309.69501,311.069000,309.6,310.20001
2026-08-19 09:30:00,310.13000,317.81,309.60001,316.010010
2026-08-19 10:30:00,315.95999,319.27991,315.75500,318.17999
2026-08-19 11:30:00,318.18500,318.23001,315.96600,316.56000
2026-08-19 12:30:00,316.54999,316.54999,314.48999,315.059998
2026-08-19 13:30:00,315.059998,315.81900,314.77499,314.84000
2026-08-19 14:30:00,314.85999,316.73001,314.29001,316.67841
2026-08-19 15:30:00,316.66000,316.9,315.2,316.88000
2026-08-20 09:30:00,317.45499,320.28,316.21,316.47000
2026-08-20 10:30:00,316.42999,317.78000,316,317.22000
2026-08-20 11:30:00,317.22989,317.25,315.95999,316.46500
2026-08-20 12:30:00,316.46500,317.63000,316.29001,316.67001
2026-08-20 13:30:00,316.66000,316.86,314.82001,314.84000
2026-08-20 14:30:00,314.81009,315.70001,313.29999,313.37000
2026-08-20 15:30:00,313.39001,313.65,310.64999,311.34000
2026-08-21 09:30:00,312.049988,312.38000,307.010010,307.79501
2026-08-21 10:30:00,307.82001,310.64001,307.60001,310.60001
2026-08-21 11:30:00,310.61499,311.92999,310.39999,311.20319
2026-08-21 12:30:00,311.20001,311.64001,310.26999,311.059998
2026-08-21 13:30:00,311.019989,311.16000,308.40051,308.47000
2026-08-21 14:30:00,308.47501,309.85001,308.16000,309.73999
2026-08-21 15:30:00,309.75,310.17899,309.16,309.42001
2026-08-24 09:30:00,311.47000,313.19989,309.97000,312.94000
2026-08-24 10:30:00,312.92999,313.32999,311.53000,312.23999
2026-08-24 11:30:00,312.23999,312.39001,311.34000,311.92859
2026-08-24 12:30:00,311.91000,313.35999,311.85999,312.11990
2026-08-24 13:30:00,312.11899,312.36,311.5,311.73999
2026-08-24 14:30:00,311.72000,311.84,310.72000,311.25
2026-08-24 15:30:00,311.23001,311.27991,310.17200,310.35001
2026-08-25 09:30:00,310.93500,313.58,309.64999,310.084991
2026-08-25 10:30:00,310.079987,310.79001,308.39001,309.31009
2026-08-25 11:30:00,309.31000,310.19000,309.22,309.95499
2026-08-25 12:30:00,309.95001,310.10001,309.5,309.65500
2026-08-25 13:30:00,309.65500,310.34000,308.60999,309.54001
2026-08-25 14:30:00,309.55499,309.61,308.20999,308.97009
2026-08-25 15:30:00,308.97009,310.3,308.62000,309.82999
2026-08-26 09:30:00,310.24500,313.41989,308.80011,311.79501
2026-08-26 10:30:00,311.79001,313.45001,311.66,312.51999
2026-08-26 11:30:00,312.51999,313.95,312.17999,313.29471
2026-08-26 12:30:00,313.30499,313.48001,312.5,313.13000
2026-08-26 13:30:00,313.15500,313.25,312.65,313.049896
2026-08-26 14:30:00,313.029999,315.25,312.95,314.84460
2026-08-26 15:30:00,314.85999,315.43,313.19,313.48999
2026-08-27 09:30:00,311.98999,312.10199,309.40009,310.79211
2026-08-27 10:30:00,310.79999,315.16000,310.63,314.64999
2026-08-27 11:30:00,314.65500,315.079895,314.11011,314.57001
2026-08-27 12:30:00,314.56500,315.39999,314.25,315.26999
2026-08-27 13:30:00,315.28000,315.34000,313.99350,314.17999
2026-08-27 14:30:00,314.20001,314.59,313.44501,313.57001
2026-08-27 15:30:00,313.57999,315.089996,313.37000,314.57501
2026-08-28 09:30:00,317.088013,318.13000,315.45041,316.72501
2026-08-28 10:30:00,316.72501,322.029999,316.51999,321.94000
2026-08-28 11:30:00,321.95499,322.37000,320.53500,320.97000
2026-08-28 12:30:00,320.94501,321.51999,319.58011,319.73999
2026-08-28 13:30:00,319.81000,320.049988,319.37000,319.54001
2026-08-28 14:30:00,319.54999,319.98999,319.049988,319.54501
2026-08-28 15:30:00,319.78259,320.32999,319.5,319.64001
2026-08-31 09:30:00,319.56000,321.235,315.45,315.70999
2026-08-31 10:30:00,315.70999,315.82001,314.35999,315.069885
2026-08-31 11:30:00,315.040009,315.22501,313.94000,314.67001
2026-08-31 12:30:00,314.60001,316,312.79999,313.88000
2026-08-31 13:30:00,313.85001,316.02,313.38501,315.68500
2026-08-31 14:30:00,315.68188,316.16000,315.01,316.024994
2026-08-31 15:30:00,316.029999,317.69000,315.70999,317.23001
2026-09-01 09:30:00,316.98001,325.39001,314.73,325.34451
2026-09-01 10:30:00,325.33511,325.85999,322.73999,324.60001
2026-09-01 11:30:00,324.62000,327.3,324.019989,326.66000
2026-09-01 12:30:00,326.67999,326.88501,324.48499,324.64999
2026-09-01 13:30:00,324.69000,325.75,324.32001,325.20999
2026-09-01 14:30:00,325.20001,325.92999,324.39050,325.57001
2026-09-01 15:30:00,325.60999,325.88800,324.10001,325.14001
2026-09-02 09:30:00,326.97000,328.39999,323.53000,324.57001
2026-09-02 10:30:00,324.58499,326.54999,324,326.54999
2026-09-02 11:30:00,326.53000,327.055,323.89499,324.66989
2026-09-02 12:30:00,324.66000,326.5,324.62000,325.075012
2026-09-02 13:30:00,325.075012,326.48999,324.68039,326.29550
2026-09-02 14:30:00,326.30991,326.43,324.60010,325.64001
2026-09-02 15:30:00,325.64050,325.95001,324.67001,324.98999
2026-09-03 09:30:00,324.94769,330.33,324.10999,329.71500
2026-09-03 10:30:00,329.71500,330.81000,327.60999,329.82999
2026-09-03 11:30:00,329.85001,330.57001,329.23999,330.069885
2026-09-03 12:30:00,330.040009,330.23999,327.45001,327.73001
2026-09-03 13:30:00,327.72000,328.040009,326.67999,327.12000
2026-09-03 14:30:00,327.14499,327.84000,326.51001,327.79501
2026-09-03 15:30:00,327.79001,328.84000,327.41000,328.20999
2026-09-04 09:30:00,328.30499,328.92999,320.44000,320.70999
2026-09-04 10:30:00,320.70999,321.16000,317.85999,319.47000
2026-09-04 11:30:00,319.47000,321.33,319.10999,320.5
2026-09-04 12:30:00,320.51740,321.9,320.41010,321.68500
2026-09-04 13:30:00,321.67999,321.67999,320.73999,320.88000
2026-09-04 14:30:00,320.88000,322.10001,320.85999,321.78500
2026-09-04 15:30:00,321.76999,321.80911,319.65,319.98999
