time,open,high,low,close
2026-06-16 05:00:00,65840.1,66150.22,65840.09,66045
2026-06-16 06:00:00,66044.99,66572.99,66044.99,66446
2026-06-16 07:00:00,66446.01,66527.23,66300.1,66372
2026-06-16 08:00:00,66372,66992,66345.06,66899.61
2026-06-16 09:00:00,66899.61,66923.99,66474.74,66510
2026-06-16 10:00:00,66510.01,66778,66486.38,66514
2026-06-16 11:00:00,66514.01,66643.23,66368.36,66481.73
2026-06-16 12:00:00,66481.73,66818,66368,66429.83
2026-06-16 13:00:00,66429.84,66463.13,65928.16,66052
2026-06-16 14:00:00,66052.01,66265.8,65360.92,65654.9
2026-06-16 15:00:00,65654.9,65999.78,65614.3,65859.76
2026-06-16 16:00:00,65859.76,65953.97,65706,65758.07
2026-06-16 17:00:00,65758.07,66011.47,65710.34,65978.79
2026-06-16 18:00:00,65978.78,66248.69,65802,65847.99
2026-06-16 19:00:00,65848,65848,65560,65675.88
2026-06-16 20:00:00,65675.89,65865.92,65592,65854
2026-06-16 21:00:00,65854,65938,65654.9,65776.97
2026-06-16 22:00:00,65776.97,65882,65680,65780
2026-06-16 23:00:00,65780.01,65834.19,65626.9,65675.01
2026-06-17 00:00:00,65675.02,65848,65675.02,65700
2026-06-17 01:00:00,65700,65956.56,65477.5,65940
2026-06-17 02:00:00,65940,66200,65788,65904
2026-06-17 03:00:00,65903.99,65904,65703.45,65851.99
2026-06-17 04:00:00,65852,66048.19,65788.31,65892
2026-06-17 05:00:00,65892.01,65978,65746.51,65836.3
2026-06-17 06:00:00,65836.3,65896.45,65582.63,65624
2026-06-17 07:00:00,65624.01,65710,65251,65539.5
2026-06-17 08:00:00,65539.51,65574,64833.07,64926.02
2026-06-17 09:00:00,64926.02,65076.76,64842.01,64909.44
2026-06-17 10:00:00,64909.44,64993.97,64768,64798
2026-06-17 11:00:00,64798,64868.21,64565,64810.01
2026-06-17 12:00:00,64810.01,65108,64590.53,65040.88
2026-06-17 13:00:00,65040.88,65369.53,64850,65278
2026-06-17 14:00:00,65278,65461.38,64772.72,65101.45
2026-06-17 15:00:00,65101.45,65855.66,64987.74,65752
2026-06-17 16:00:00,65751.99,66445.93,65722,65864.12
2026-06-17 17:00:00,65864.13,66191.98,65800,66104.08
2026-06-17 18:00:00,66107.99,66107.99,64800,65516
2026-06-17 19:00:00,65516,65666,63998.35,64301.85
2026-06-17 20:00:00,64301.85,64488.96,64181.33,64434.36
2026-06-17 21:00:00,64434.36,64452,64142,64257.77
2026-06-17 22:00:00,64257.77,64434.84,63915.77,64300.01
2026-06-17 23:00:00,64300.01,64529.2,64248,64509.4
2026-06-18 00:00:00,64509.4,64702,64457.67,64468.01
2026-06-18 01:00:00,64468.01,64806,64466.3,64548.74
2026-06-18 02:00:00,64548.75,64776.66,64488,64689.5
2026-06-18 03:00:00,64689.5,64689.5,64267.86,64282.82
2026-06-18 04:00:00,64282.82,64347.09,63826.93,63883.41
2026-06-18 05:00:00,63883.26,64020,63696.29,63994
2026-06-18 06:00:00,63994,64134.33,63850,64083.41
2026-06-18 07:00:00,64084,64510.5,64015.42,64510.44
2026-06-18 08:00:00,64510.45,64646.75,64378.25,64399.92
2026-06-18 09:00:00,64399.93,64478,64196.14,64199.53
2026-06-18 10:00:00,64199.53,64223.79,63910,64078.61
2026-06-18 11:00:00,64078.61,64196,63878.14,63974.4
2026-06-18 12:00:00,63974.4,64402.01,63922,64378.07
2026-06-18 13:00:00,64378.06,64445.19,63800,63984
2026-06-18 14:00:00,63983.99,64203.66,63587.3,63816.61
2026-06-18 15:00:00,63816.61,63825.99,62293.76,62369.44
2026-06-18 16:00:00,62369.43,62814,62349.42,62688
2026-06-18 17:00:00,62688,62750,62272.07,62606
2026-06-18 18:00:00,62606,62959.75,62580.01,62708.92
2026-06-18 19:00:00,62708.93,63008.33,62636,62950.79
2026-06-18 20:00:00,62950.79,63274.19,62950.79,63086
2026-06-18 21:00:00,63086,63121.81,62870.39,62971.32
2026-06-18 22:00:00,62971.32,62990,62742,62885.85
2026-06-18 23:00:00,62885.84,62985.12,62756.6,62958.01
2026-06-19 00:00:00,62958.01,63086,62840,63020
2026-06-19 01:00:00,63020,63100,62852.01,63021.86
2026-06-19 02:00:00,63021.86,63110.29,62893.71,63006
2026-06-19 03:00:00,63006.01,63029.64,62386.9,62773.51
2026-06-19 04:00:00,62773.52,62916.66,62409.55,62452.01
2026-06-19 05:00:00,62452.01,62744.92,62452,62739.2
2026-06-19 06:00:00,62739.2,62914.73,62728,62894.08
2026-06-19 07:00:00,62894.09,62917.32,62504.27,62629.99
2026-06-19 08:00:00,62630,62782,62533.33,62603.99
2026-06-19 09:00:00,62604,62654,62316.44,62390
2026-06-19 10:00:00,62390.01,62587.27,62383.76,62533.25
2026-06-19 11:00:00,62533.24,62684,62452.52,62626
2026-06-19 12:00:00,62626,62872.99,62353,62830.01
2026-06-19 13:00:00,62830.01,63415,62666,63210
2026-06-19 14:00:00,63210,63419.27,63010,63203.53
2026-06-19 15:00:00,63203.54,63283.86,63019.26,63214.01
2026-06-19 16:00:00,63214.01,63387.8,62918.98,62971.99
2026-06-19 17:00:00,62972,63263.49,62866.99,63198.01
2026-06-19 18:00:00,63198,63201.95,62991.37,63110.01
2026-06-19 19:00:00,63110.01,63140,62942,63021.6
2026-06-19 20:00:00,63021.6,63274,62958.59,63250.01
2026-06-19 21:00:00,63250.01,63275.64,63060,63075.98
2026-06-19 22:00:00,63075.99,63369.48,63048,63315.28
2026-06-19 23:00:00,63315.29,63666,63276,63543.91
2026-06-20 00:00:00,63543.9,63777,63470,63530.01
2026-06-20 01:00:00,63530.01,63616.23,63404,63586.28
2026-06-20 02:00:00,63586.27,63586.27,63336.01,63340.57
2026-06-20 03:00:00,63340.58,63510,63320.14,63476.79
2026-06-20 04:00:00,63476.79,63613.59,63402,63583.53
2026-06-20 05:00:00,63583.53,63907.07,63543.46,63678.07
2026-06-20 06:00:00,63678.07,63761.99,63640.36,63744.61
2026-06-20 07:00:00,63744.61,63800,63594.37,63655.21
2026-06-20 08:00:00,63655.21,63664.39,63392.41,63417.97
2026-06-20 09:00:00,63417.98,63787.74,63417.98,63741.16
2026-06-20 10:00:00,63741.16,63777.5,63592.44,63674.7
2026-06-20 11:00:00,63674.71,63798.76,63620.74,63688
2026-06-20 12:00:00,63688,63785.76,63537.99,63655.09
2026-06-20 13:00:00,63655.1,63655.1,63278,63397.78
2026-06-20 14:00:00,63397.77,64150,63184.21,63949.9
2026-06-20 15:00:00,63949.9,64388,63836,64160.04
2026-06-20 16:00:00,64160.04,64167.26,63902.58,64034.31
2026-06-20 17:00:00,64034.31,64041.07,63730.21,63834.7
2026-06-20 18:00:00,63834.7,63928.4,63788,63805.89
2026-06-20 19:00:00,63805.9,63968,63798,63936
2026-06-20 20:00:00,63935.99,63981.09,63853.31,63925.99
2026-06-20 21:00:00,63926,64092.91,63918.29,64012.4
2026-06-20 22:00:00,64012.39,64350,63978.12,64272.01
2026-06-20 23:00:00,64272,64336.91,64250.02,64298.01
2026-06-21 00:00:00,64298.01,64322.91,64237.31,64294
2026-06-21 01:00:00,64294,64323.68,64206.17,64248
2026-06-21 02:00:00,64248,64275.12,64216.05,64241.25
2026-06-21 03:00:00,64241.26,64472.99,64234,64426
2026-06-21 04:00:00,64426,64588,64269.45,64276.12
2026-06-21 05:00:00,64276.12,64365.43,64225.6,64256.55
2026-06-21 06:00:00,64256.56,64323.99,64200,64303.46
2026-06-21 07:00:00,64303.47,64303.47,64173.08,64191.07
2026-06-21 08:00:00,64191.06,64228,63900.17,64014
2026-06-21 09:00:00,64014,64246,63961.28,64209.16
2026-06-21 10:00:00,64209.16,64408,64204,64365.99
2026-06-21 11:00:00,64366,64483.95,64112.01,64176
2026-06-21 12:00:00,64176,64235.13,63952,64200
2026-06-21 13:00:00,64200,64200,64020.01,64146
2026-06-21 14:00:00,64146,64154,64004,64145.97
2026-06-21 15:00:00,64145.97,64355.88,64120,64224
2026-06-21 16:00:00,64224,64254.38,64046,64145.31
2026-06-21 17:00:00,64145.32,64221.44,64080,64151.46
2026-06-21 18:00:00,64151.47,64240,63933.47,64213.81
2026-06-21 19:00:00,64213.82,64298.84,64168.73,64207.12
2026-06-21 20:00:00,64207.13,64271.21,63700,63848
2026-06-21 21:00:00,63848,63969.59,63510,63808.01
2026-06-21 22:00:00,63808,63864,63575.04,63801.59
2026-06-21 23:00:00,63801.6,63801.6,63270,63311.99
2026-06-22 00:00:00,63312,64094,63312,63896.01
2026-06-22 01:00:00,63896,64823.52,63850.8,64606
2026-06-22 02:00:00,64606,64663.99,64250,64257.99
2026-06-22 03:00:00,64258,64459.44,63894.98,63974.01
2026-06-22 04:00:00,63974.01,64116.44,63868.41,64100.02
2026-06-22 05:00:00,64100.01,64344.17,64088.64,64247.74
2026-06-22 06:00:00,64247.74,64326,63946,63989.95
2026-06-22 07:00:00,63989.96,64397.57,63968.23,64211.19
2026-06-22 08:00:00,64211.2,64350.58,64044,64165.99
2026-06-22 09:00:00,64166,64256.2,64052.17,64145.39
2026-06-22 10:00:00,64145.4,64272,64065.18,64139.21
2026-06-22 11:00:00,64139.21,64768.46,64097.08,64657.22
2026-06-22 12:00:00,64657.22,65222.45,64579.08,65149.57
2026-06-22 13:00:00,65149.58,65589.76,64945.53,65578
2026-06-22 14:00:00,65577.99,65622.83,64835,64980.39
2026-06-22 15:00:00,64980.39,65146,64757.11,64836.95
2026-06-22 16:00:00,64836.95,64862,64519,64719.77
2026-06-22 17:00:00,64719.77,64769.98,64388.16,64602
2026-06-22 18:00:00,64602,64730.15,64311,64334.01
2026-06-22 19:00:00,64334.01,64499.28,64276,64472
2026-06-22 20:00:00,64472.51,64659.43,64356.95,64433.8
2026-06-22 21:00:00,64433.8,64480,64134.39,64320.57
2026-06-22 22:00:00,64320.57,64396.45,63804.59,63971.12
2026-06-22 23:00:00,63971.13,64053.33,63877.61,64020.01
2026-06-23 00:00:00,64020.01,64162.02,63828.93,64154.99
2026-06-23 01:00:00,64154.99,64273.09,63893.33,64156
2026-06-23 02:00:00,64156,64275.38,64042.01,64204.01
2026-06-23 03:00:00,64204.01,64204.01,63968.42,64065.35
2026-06-23 04:00:00,64065.34,64095.55,63612.62,63623.02
2026-06-23 05:00:00,63623.03,63728,63342.34,63400
2026-06-23 06:00:00,63400,63400,62568.9,62936.01
2026-06-23 07:00:00,62936.01,63095,62872,62886.03
2026-06-23 08:00:00,62886.04,62945.08,61938,62385.99
2026-06-23 09:00:00,62386,62528.13,62350.44,62386
2026-06-23 10:00:00,62386,62586,62247.2,62328.01
2026-06-23 11:00:00,62328.01,62643.99,62328,62507.06
2026-06-23 12:00:00,62507.05,62558,62189.42,62256.6
2026-06-23 13:00:00,62256.61,62538.72,61960,62475.99
2026-06-23 14:00:00,62476,62855.98,62406.25,62493.63
2026-06-23 15:00:00,62493.63,62507.99,62198,62487.79
2026-06-23 16:00:00,62487.79,62846,62428.01,62558
2026-06-23 17:00:00,62558,62693.48,62327.95,62358.02
2026-06-23 18:00:00,62358.03,62445.21,62104.7,62241.99
2026-06-23 19:00:00,62242,62480,62230,62388.49
2026-06-23 20:00:00,62388.49,62531.27,62380.25,62470.7
2026-06-23 21:00:00,62470.7,62658.93,62470.7,62599.77
2026-06-23 22:00:00,62599.77,62779.82,62526,62590
2026-06-23 23:00:00,62590,62799.99,62480.39,62734.57
2026-06-24 00:00:00,62734.57,63024.4,62733.29,63014
2026-06-24 01:00:00,63014,63119.45,62772.15,62932.19
2026-06-24 02:00:00,62932.19,63013.12,62606.09,62630
2026-06-24 03:00:00,62630.01,62830,62461.87,62729.78
2026-06-24 04:00:00,62729.78,62799.62,62525.49,62744.42
2026-06-24 05:00:00,62744.41,63073.44,62706,62890
2026-06-24 06:00:00,62889.99,62909.98,62728.73,62780
2026-06-24 07:00:00,62780.01,62844,62610.11,62657.99
2026-06-24 08:00:00,62658,62807.46,62605.28,62800
2026-06-24 09:00:00,62800,62800.01,62637.08,62681.7
2026-06-24 10:00:00,62681.7,62681.7,62412.05,62445.99
2026-06-24 11:00:00,62445.99,63239.06,62318.88,62921.19
2026-06-24 12:00:00,62921.19,62973.2,62585.2,62618.31
2026-06-24 13:00:00,62618.31,62628.75,61255.74,61338.01
2026-06-24 14:00:00,61338,61456,60888,61113.1
2026-06-24 15:00:00,61113.1,61150.13,60249.82,60250
2026-06-24 16:00:00,60250,60678.1,59622,59850
2026-06-24 17:00:00,59850,60057.18,59102.7,59404
2026-06-24 18:00:00,59404,59930,59310.85,59599.99
2026-06-24 19:00:00,59600,60000,59530,59958.3
2026-06-24 20:00:00,59958.3,61208.48,59854,60956
2026-06-24 21:00:00,60956,61144.63,60665.75,61110
2026-06-24 22:00:00,61109.99,61276,60802.66,60873.99
2026-06-24 23:00:00,60874,61112,60830.01,61077.99
2026-06-25 00:00:00,61078,61163.16,60726.77,60832
2026-06-25 01:00:00,60832,60988,60720.23,60928
2026-06-25 02:00:00,60928,60966,60700.01,60799.08
2026-06-25 03:00:00,60799.08,60910.63,60684.94,60883.65
2026-06-25 04:00:00,60883.66,61410,60792,61357.63
2026-06-25 05:00:00,61357.63,61807.04,61280,61600.01
2026-06-25 06:00:00,61600.02,61869.02,61600.01,61732.06
2026-06-25 07:00:00,61732.06,61962.4,61670,61911.04
2026-06-25 08:00:00,61911.03,61920,61684.87,61712.35
2026-06-25 09:00:00,61712.36,61792,61614.32,61739.29
2026-06-25 10:00:00,61739.29,61751.07,61257.79,61269.94
2026-06-25 11:00:00,61269.95,61422.52,61066,61282.01
2026-06-25 12:00:00,61282,61761.35,61080,61244.01
2026-06-25 13:00:00,61244.01,61369.18,58115.01,58290.17
2026-06-25 14:00:00,58291.7,60485.51,58291.7,59471.5
2026-06-25 15:00:00,59471.49,59655.86,58874.85,59557.99
2026-06-25 16:00:00,59557.99,60067,59157.63,59312.64
2026-06-25 17:00:00,59312.64,59740.9,59139.96,59676.01
2026-06-25 18:00:00,59676,59793.34,59364,59512.71
2026-06-25 19:00:00,59512.71,59516,59168.82,59320
2026-06-25 20:00:00,59319.99,59741.95,59319.99,59456.62
2026-06-25 21:00:00,59456.62,60273.81,59452.01,60211.87
2026-06-25 22:00:00,60211.86,60211.86,59740,59851.27
2026-06-25 23:00:00,59851.27,60191.55,59739.99,59794
2026-06-26 00:00:00,59794.64,59906.71,59642.77,59667.09
2026-06-26 01:00:00,59667.09,59789.07,59228,59431.5
2026-06-26 02:00:00,59431.49,59456,58358.77,58561.99
2026-06-26 03:00:00,58562,60131.37,58337,60036.01
2026-06-26 04:00:00,60036,60238.77,59836.17,59920.47
2026-06-26 05:00:00,59920.47,60047.68,59736,59953.3
2026-06-26 06:00:00,59953.3,60459.55,59702,60324
2026-06-26 07:00:00,60324,60759.99,60283.08,60532
2026-06-26 08:00:00,60532,60580,60150.56,60245.67
2026-06-26 09:00:00,60245.9,60259.37,59583.33,59736.01
2026-06-26 10:00:00,59736.01,59858.93,59239.78,59313.26
2026-06-26 11:00:00,59313.26,59588,59259.78,59413.24
2026-06-26 12:00:00,59413.24,60007.91,58969.9,59185.02
2026-06-26 13:00:00,59185.02,60216.14,58500.1,60175.43
2026-06-26 14:00:00,60175.42,60294,59390,59590.73
2026-06-26 15:00:00,59590.73,60500,59584.01,60328.32
2026-06-26 16:00:00,60328.18,60583,59970,60041.75
2026-06-26 17:00:00,60041.76,60287.9,59952,60023.97
2026-06-26 18:00:00,60023.96,60158,59556,59668.01
2026-06-26 19:00:00,59668.01,60098,59617.37,59751.97
2026-06-26 20:00:00,59751.96,59994,59571.31,59718
2026-06-26 21:00:00,59717.99,60050,59678,59918.7
2026-06-26 22:00:00,59918.7,60080,59754,60048
2026-06-26 23:00:00,60048,60117.64,59923.27,60097.27
2026-06-27 00:00:00,60097.27,60197,59876.22,60059.07
2026-06-27 01:00:00,60059.09,60068,59936.07,59945.53
2026-06-27 02:00:00,59945.53,60378.23,59921.68,60290.01
2026-06-27 03:00:00,60290.01,60412,60159.91,60305.73
2026-06-27 04:00:00,60305.73,60482,60217.26,60239.99
2026-06-27 05:00:00,60240,60311,60136,60236.76
2026-06-27 06:00:00,60236.75,60500,60093.33,60370.62
2026-06-27 07:00:00,60370.63,60574,60300,60548.07
2026-06-27 08:00:00,60548.06,60548.74,60371.62,60456
2026-06-27 09:00:00,60456,60511.99,60289.55,60414.62
2026-06-27 10:00:00,60414.62,60487.31,60380,60420.28
2026-06-27 11:00:00,60420.28,60447.8,60198.94,60363.65
2026-06-27 12:00:00,60363.65,60430.01,60257.03,60430
2026-06-27 13:00:00,60430,60665.74,60394,60588.35
2026-06-27 14:00:00,60588.35,60728,60510,60611.5
2026-06-27 15:00:00,60611.49,60941.17,60570,60840.06
2026-06-27 16:00:00,60840.06,60855.03,60673.64,60807.99
2026-06-27 17:00:00,60808,60818.76,60413.15,60524.88
2026-06-27 18:00:00,60524.89,60576.03,60446.25,60570.86
2026-06-27 19:00:00,60570.86,60605.41,60085.88,60175.95
2026-06-27 20:00:00,60175.95,60306,60173.07,60300
2026-06-27 21:00:00,60300,60482.18,60142,60203.82
2026-06-27 22:00:00,60203.83,60256.56,59855.16,60228.95
2026-06-27 23:00:00,60228.96,60320,59952,60029
2026-06-28 00:00:00,60029.01,60190,60018,60146
2026-06-28 01:00:00,60146,60273.38,59986,60222.22
2026-06-28 02:00:00,60222.21,60339.99,60054,60150.45
2026-06-28 03:00:00,60150.46,60275,60150.45,60197.04
2026-06-28 04:00:00,60197.03,60231.83,60088.04,60133
2026-06-28 05:00:00,60133.01,60140,59753.48,59989.17
2026-06-28 06:00:00,59989.18,60030,59808,60002.82
2026-06-28 07:00:00,60002.82,60259.68,60000,60219.99
2026-06-28 08:00:00,60220,60545.01,60140.14,60370
2026-06-28 09:00:00,60370.01,60462,60250.81,60258.84
2026-06-28 10:00:00,60258.85,60292.48,60068,60166.71
2026-06-28 11:00:00,60166.71,60374.05,60100,60342
2026-06-28 12:00:00,60341.99,60457.02,60190,60293.51
2026-06-28 13:00:00,60293.5,60293.51,59963.86,60071.88
2026-06-28 14:00:00,60071.89,60250,60018,60033
2026-06-28 15:00:00,60033.01,60130,59817.28,59890
2026-06-28 16:00:00,59890.35,59943.9,59582.34,59690.62
2026-06-28 17:00:00,59690.62,59848,59403.77,59586.01
2026-06-28 18:00:00,59586,59700,59502,59614.46
2026-06-28 19:00:00,59614.46,59682,59270.26,59481.79
2026-06-28 20:00:00,59481.78,59765.9,59474.28,59660
2026-06-28 21:00:00,59660,59796.66,59333.33,59445.95
2026-06-28 22:00:00,59445.96,59906,58905,59067.01
2026-06-28 23:00:00,59067,59848,59011.99,59577.01
2026-06-29 00:00:00,59577.01,59700,59000.01,59667.01
2026-06-29 01:00:00,59667,59697,59206,59440.95
2026-06-29 02:00:00,59440.95,59812,58900.01,59757.46
2026-06-29 03:00:00,59757.47,60233,59757.47,60049.46
2026-06-29 04:00:00,60049.45,60053.99,59746,59830
2026-06-29 05:00:00,59830.01,60102.8,59392.02,60102.8
2026-06-29 06:00:00,60102.8,60346.27,60050.67,60075.49
2026-06-29 07:00:00,60075.5,60186.94,59936,60026
2026-06-29 08:00:00,60026.01,60093.99,59745.46,59840
2026-06-29 09:00:00,59840.01,60104,59778.76,60057
2026-06-29 10:00:00,60057,60311.95,60056.99,60088
2026-06-29 11:00:00,60088,60216,59796,59956.05
2026-06-29 12:00:00,59956.05,60780.57,59595.09,59948.78
2026-06-29 13:00:00,59948.79,60340,59319.9,59580
2026-06-29 14:00:00,59580,59699.99,59011,59469.67
2026-06-29 15:00:00,59469.45,59960,59097.58,59824.01
2026-06-29 16:00:00,59824.01,60030,59584.48,59892.86
2026-06-29 17:00:00,59892.87,60683.84,59892,60413.99
2026-06-29 18:00:00,60413.99,60520,60193.87,60295
2026-06-29 19:00:00,60295,60557.5,60153.35,60433.49
2026-06-29 20:00:00,60433.5,60553.06,60295.32,60296
2026-06-29 21:00:00,60296.01,60585.99,60261.89,60479.72
2026-06-29 22:00:00,60479.71,60516,60350,60352.31
2026-06-29 23:00:00,60352.31,60379.23,60194.01,60260.21
2026-06-30 00:00:00,60260.2,60276.54,59700,59838.01
2026-06-30 01:00:00,59838.01,60048.98,59771,59939.94
2026-06-30 02:00:00,59939.94,60042.54,59755,59948.24
2026-06-30 03:00:00,59948.24,60031.75,59600,59627.48
2026-06-30 04:00:00,59627.47,59700,59433.36,59492.01
2026-06-30 05:00:00,59492.01,59656.89,59360,59652.13
2026-06-30 06:00:00,59652.13,59712.88,59513.72,59592
2026-06-30 07:00:00,59592,59632,59444,59524.01
2026-06-30 08:00:00,59524.01,59551.03,59189,59311.92
2026-06-30 09:00:00,59311.26,59420,59252,59374.96
2026-06-30 10:00:00,59374.96,59420,59286.36,59334.01
2026-06-30 11:00:00,59334.01,59413.27,59123.01,59192.7
2026-06-30 12:00:00,59192.71,59192.71,58403.51,58412
2026-06-30 13:00:00,58411.99,58802.66,58228.33,58737.18
2026-06-30 14:00:00,58737.17,59276.6,58433,58482.81
2026-06-30 15:00:00,58482.81,58796,58201,58381.99
2026-06-30 16:00:00,58382,58632,58241.79,58497.65
2026-06-30 17:00:00,58497.65,58618.65,58310.72,58417.99
2026-06-30 18:00:00,58417.99,58699.98,58351.56,58680.87
2026-06-30 19:00:00,58680.86,58839.16,58586.01,58818.05
2026-06-30 20:00:00,58818,58874.99,58648.26,58732.01
2026-06-30 21:00:00,58732,58770,58509.99,58639.99
2026-06-30 22:00:00,58639.99,58806.91,58513.8,58607.99
2026-06-30 23:00:00,58607.99,58664,58555,58624.71
2026-07-01 00:00:00,58624.71,58750.68,58310,58576
2026-07-01 01:00:00,58575.99,59022.81,57800.19,58770.57
2026-07-01 02:00:00,58770.58,59171.63,58663.95,59085
2026-07-01 03:00:00,59085,59318,58850,59197.13
2026-07-01 04:00:00,59197.12,59457,59062,59339.99
2026-07-01 05:00:00,59339.99,59376.48,59126.42,59154.33
2026-07-01 06:00:00,59154.33,59156,58534.31,58755.8
2026-07-01 07:00:00,58755.8,58823.9,58600,58768.65
2026-07-01 08:00:00,58768.64,58984,58500,58973.99
2026-07-01 09:00:00,58973.99,59091.99,58825.61,58944.55
2026-07-01 10:00:00,58944.55,58948.47,58624,58659.98
2026-07-01 11:00:00,58659.97,58755.9,58550,58622.03
2026-07-01 12:00:00,58622.02,58676,58326,58538.01
2026-07-01 13:00:00,58538,59508,58536,59498.03
2026-07-01 14:00:00,59498.03,60092,59278,59542
2026-07-01 15:00:00,59541.99,60536.55,59520.51,60147.15
2026-07-01 16:00:00,60147.15,60267.17,59865.75,59920
2026-07-01 17:00:00,59920,60239.84,59787.35,60190.6
2026-07-01 18:00:00,60190.59,60298,60016.4,60171.16
2026-07-01 19:00:00,60171.16,60352.93,60000,60028.67
2026-07-01 20:00:00,60029.39,60198,59876,60126
2026-07-01 21:00:00,60126,60846.95,60124.89,60815.99
2026-07-01 22:00:00,60815.99,61334,60339,60478.01
2026-07-01 23:00:00,60478,60478,59984.86,60024
2026-07-02 00:00:00,60024,60028,59588,59761.73
2026-07-02 01:00:00,59761.74,60324.99,59715.8,60175.92
2026-07-02 02:00:00,60175.91,60495.24,60015.68,60423.1
2026-07-02 03:00:00,60423.11,61121.78,60300.02,61058
2026-07-02 04:00:00,61057.99,61058,60728,60787.98
2026-07-02 05:00:00,60787.98,60877.69,60488,60504.54
2026-07-02 06:00:00,60504.54,60652.74,60260,60274.01
2026-07-02 07:00:00,60274.01,60315.93,60104,60149.99
2026-07-02 08:00:00,60149.99,60555.06,60132.51,60511.99
2026-07-02 09:00:00,60512,61437.49,60376.13,61184
2026-07-02 10:00:00,61184,61350,61051.07,61263.68
2026-07-02 11:00:00,61263.93,61388,61125.58,61358.01
2026-07-02 12:00:00,61358,61614,61147.23,61542.53
2026-07-02 13:00:00,61542.53,62053,61506,61939.04
2026-07-02 14:00:00,61939.04,62200,61394.49,61696.61
2026-07-02 15:00:00,61696.61,61850.86,61427.39,61612.93
2026-07-02 16:00:00,61612.93,61790.13,61108.99,61682.34
2026-07-02 17:00:00,61682.34,61962.43,61619.69,61667.39
2026-07-02 18:00:00,61667.4,61900.29,61664.39,61761.36
2026-07-02 19:00:00,61761.36,61763.81,61424,61479.6
2026-07-02 20:00:00,61479.59,61596,61342,61584.78
2026-07-02 21:00:00,61584.77,61653.43,61516,61592.26
2026-07-02 22:00:00,61592.26,61596.62,61406.28,61465.26
2026-07-02 23:00:00,61465.26,61606,61350.02,61560
2026-07-03 00:00:00,61560,61578,61248.86,61308.75
2026-07-03 01:00:00,61308.75,61733.11,61286,61588
2026-07-03 02:00:00,61588,61664.62,61294,61440.01
2026-07-03 03:00:00,61440.01,61575.15,61324,61434
2026-07-03 04:00:00,61434,61524.01,61332.76,61448
2026-07-03 05:00:00,61448,61808,61430,61700.49
2026-07-03 06:00:00,61700.49,61850,61612,61710.01
2026-07-03 07:00:00,61710.01,61864.99,61659.32,61750.47
2026-07-03 08:00:00,61750.47,61896.99,61554.07,61584
2026-07-03 09:00:00,61583.99,61783.89,61510.01,61718.68
2026-07-03 10:00:00,61718.69,62038,61663.98,61916.46
2026-07-03 11:00:00,61916.46,62103.1,61840,62024.02
2026-07-03 12:00:00,62024.01,62174.47,61871.66,61983.99
2026-07-03 13:00:00,61984,62282,61944,62116.01
2026-07-03 14:00:00,62116,62280,61700,62167.48
2026-07-03 15:00:00,62167.47,62400,61820,61922.72
2026-07-03 16:00:00,61922.71,62125.99,61911.65,62104.81
2026-07-03 17:00:00,62104.81,62292.51,62068.78,62194
2026-07-03 18:00:00,62193.99,62250,62118,62204.01
2026-07-03 19:00:00,62204,62317.64,62146,62210
2026-07-03 20:00:00,62210,62907.77,62186.01,62776.92
2026-07-03 21:00:00,62776.91,62979.86,62518.72,62732
2026-07-03 22:00:00,62732,62748.01,62538.47,62578
2026-07-03 23:00:00,62578,62707.67,62529.03,62583.26
2026-07-04 00:00:00,62583.26,62946,62578.55,62756.29
2026-07-04 01:00:00,62756.29,62756.29,62404.25,62468.44
2026-07-04 02:00:00,62468.44,62576,62432,62538.96
2026-07-04 03:00:00,62538.96,62750,62484.01,62627.29
2026-07-04 04:00:00,62627.28,62749.97,62590.06,62700
2026-07-04 05:00:00,62700,62700.01,62441.29,62471.52
2026-07-04 06:00:00,62471.53,62559.43,62328.24,62500.01
2026-07-04 07:00:00,62500.01,62634.24,62470,62576
2026-07-04 08:00:00,62576,62674.47,62516.46,62553.78
2026-07-04 09:00:00,62553.78,62583.99,62415.87,62494
2026-07-04 10:00:00,62494.01,62545.02,62445.38,62513
2026-07-04 11:00:00,62512.99,62563.84,62456.24,62482.01
2026-07-04 12:00:00,62482,62696.78,62482,62664.01
2026-07-04 13:00:00,62664.01,62776.92,62542,62588.84
2026-07-04 14:00:00,62588.84,62738.28,62585.53,62693.99
2026-07-04 15:00:00,62693.99,63075.46,62687.89,62943.29
2026-07-04 16:00:00,62943.29,62968.29,62786,62927.29
2026-07-04 17:00:00,62927.3,63439.62,62803,63280.38
2026-07-04 18:00:00,63280.38,63346,63092.02,63172.78
2026-07-04 19:00:00,63172.79,63461.99,63123.49,63294.72
2026-07-04 20:00:00,63294.72,63392,63155.37,63233.78
2026-07-04 21:00:00,63233.79,63448,63202,63297.84
2026-07-04 22:00:00,63297.83,63310,63160,63184.99
2026-07-04 23:00:00,63185,63241.33,62927.98,63144.01
2026-07-05 00:00:00,63144.01,63144.01,62888.86,62991.29
2026-07-05 01:00:00,62991.3,63043.15,62800,62887.94
2026-07-05 02:00:00,62887.93,62926,62596.08,62693.56
2026-07-05 03:00:00,62693.57,62796.39,62658,62769.04
2026-07-05 04:00:00,62769.03,62952.93,62712,62815.99
2026-07-05 05:00:00,62815.99,62815.99,62659.65,62740.5
2026-07-05 06:00:00,62740.5,62819.91,62669.99,62782.18
2026-07-05 07:00:00,62782.18,63059.99,62718.31,63020.21
2026-07-05 08:00:00,63020.21,63104,62900,62915
2026-07-05 09:00:00,62915,62930.16,62436.59,62622.18
2026-07-05 10:00:00,62622.18,62756.25,62536.57,62756.12
2026-07-05 11:00:00,62756.12,62812,62600.03,62658.92
2026-07-05 12:00:00,62658.92,62772,62569.37,62745.01
2026-07-05 13:00:00,62745,62819.66,62644.12,62792
2026-07-05 14:00:00,62791.99,62818.37,62656.02,62812.25
2026-07-05 15:00:00,62812.25,62943.59,62679.76,62740.01
2026-07-05 16:00:00,62740.01,62772.86,62590.02,62637.48
2026-07-05 17:00:00,62637.48,62820,62594.38,62624.93
2026-07-05 18:00:00,62624.93,62880,62616,62820.33
2026-07-05 19:00:00,62820.33,62888.14,62714.98,62768.88
2026-07-05 20:00:00,62768.87,62836.01,62700,62730.61
2026-07-05 21:00:00,62730.61,63220,62609.47,63092.01
2026-07-05 22:00:00,63092,63964.48,63005.04,63736
2026-07-05 23:00:00,63735.99,63999,63577.36,63650
2026-07-06 00:00:00,63650.01,63772.52,63350,63761.99
2026-07-06 01:00:00,63761.98,63920,63550,63576
2026-07-06 02:00:00,63576,63669.45,63373.13,63460.01
2026-07-06 03:00:00,63460.01,63495.14,63136.01,63294
2026-07-06 04:00:00,63294,63402.77,63187.98,63267.99
2026-07-06 05:00:00,63267.99,63268,62950,63114
2026-07-06 06:00:00,63113.99,63152.7,62972,62976
2026-07-06 07:00:00,62976,63120,62890,63089.42
2026-07-06 08:00:00,63089.42,63244,62800.13,62904.01
2026-07-06 09:00:00,62904.01,62914,62630.85,62664.77
2026-07-06 10:00:00,62664.77,63030,62664.76,62822.06
2026-07-06 11:00:00,62822.07,63000,62483.83,62483.84
2026-07-06 12:00:00,62483.84,62487.98,61668.2,61754.01
2026-07-06 13:00:00,61754.01,62034,61306.84,61768.21
2026-07-06 14:00:00,61768.2,62411.41,61712.54,62052
2026-07-06 15:00:00,62052,63550,62052,63545.98
2026-07-06 16:00:00,63545.98,63863,63386.01,63732
2026-07-06 17:00:00,63732,63976.16,63570.16,63587.38
2026-07-06 18:00:00,63587.38,63886,63560,63696.4
2026-07-06 19:00:00,63696.4,63887.93,63652.42,63738.52
2026-07-06 20:00:00,63738.52,63892.65,63589.41,63828
2026-07-06 21:00:00,63828,64700,63810,64489.98
2026-07-06 22:00:00,64489.97,64500,64151.01,64244
2026-07-06 23:00:00,64244,64340.76,64017.78,64042.02
2026-07-07 00:00:00,64042.93,64314,63997.5,64203.99
2026-07-07 01:00:00,64203.99,64204,63767.04,63840
2026-07-07 02:00:00,63840,63908,63288.01,63322.01
2026-07-07 03:00:00,63322.01,63414,63150,63191.01
2026-07-07 04:00:00,63191.01,63288.33,63064,63100.01
2026-07-07 05:00:00,63100,63278.99,62800,63128.01
2026-07-07 06:00:00,63128,63400,62984.42,63340
2026-07-07 07:00:00,63340.01,63445.7,63072.1,63083.18
2026-07-07 08:00:00,63083.19,63184,62984.58,63104
2026-07-07 09:00:00,63104,63348.73,63063.28,63256
2026-07-07 10:00:00,63256.01,63467.15,63228.17,63284
2026-07-07 11:00:00,63284,63452,63116.02,63406
2026-07-07 12:00:00,63405.99,63872,63396.58,63481.39
2026-07-07 13:00:00,63481.39,63482.5,63000,63056
2026-07-07 14:00:00,63056,63634,62671.39,63562.05
2026-07-07 15:00:00,63562.05,64105,63376.22,63930.51
2026-07-07 16:00:00,63930.5,64243.75,63810,63983.27
2026-07-07 17:00:00,63983.28,64232,63896.21,64186
2026-07-07 18:00:00,64185.99,64188,63672.01,63679.99
2026-07-07 19:00:00,63679.99,63894.58,63379.69,63817.99
2026-07-07 20:00:00,63818,63901.75,63585,63697.99
2026-07-07 21:00:00,63698,63866,63313.1,63423.94
2026-07-07 22:00:00,63423.93,63660,63218,63551.02
2026-07-07 23:00:00,63551.02,63708,63320,63363.99
2026-07-08 00:00:00,63364,63761.99,63307.36,63612.77
2026-07-08 01:00:00,63612.78,63649.5,62921.78,63038.01
2026-07-08 02:00:00,63038,63066,62525.47,62979.99
2026-07-08 03:00:00,62979.98,63094,62700.18,62766
2026-07-08 04:00:00,62766,62901.49,62676,62800
2026-07-08 05:00:00,62800.01,62876.95,62558,62637.88
2026-07-08 06:00:00,62637.88,62746,62477.04,62657.81
2026-07-08 07:00:00,62657.82,62894.89,62550,62888.35
2026-07-08 08:00:00,62888.34,62941.46,61855.26,62018.36
2026-07-08 09:00:00,62018.36,62190.01,61743.83,62057.67
2026-07-08 10:00:00,62057.68,62199.97,61903.45,62183.12
2026-07-08 11:00:00,62183.11,62392.04,62055.63,62299.99
2026-07-08 12:00:00,62300,62451.08,61953.58,61957.73
2026-07-08 13:00:00,61957.74,62090,61632.23,61945.49
2026-07-08 14:00:00,61945.49,62173.56,61712,61889.83
2026-07-08 15:00:00,61889.83,61922,61544.56,61704.01
2026-07-08 16:00:00,61704.01,62164.6,61692,62113.03
2026-07-08 17:00:00,62113.02,62394.32,62032,62104.62
2026-07-08 18:00:00,62104.62,62351.97,62045.2,62185.32
2026-07-08 19:00:00,62185.33,62292.19,62068,62277.98
2026-07-08 20:00:00,62277.98,62306.54,62082.8,62099.61
2026-07-08 21:00:00,62099.62,62251.22,61956,62187.17
2026-07-08 22:00:00,62187.17,62350.63,62178,62330.4
2026-07-08 23:00:00,62330.4,62346.6,62174,62290
2026-07-09 00:00:00,62290.01,62309.88,62058.51,62129.99
2026-07-09 01:00:00,62129.99,62642,61837.1,61916
2026-07-09 02:00:00,61916,62121.21,61705.29,61788.8
2026-07-09 03:00:00,61788.79,62062.99,61730,61974.34
2026-07-09 04:00:00,61974.34,62456.29,61956.46,62453.74
2026-07-09 05:00:00,62453.74,62624.61,62236,62589.61
2026-07-09 06:00:00,62589.61,62980,62485.58,62959.96
2026-07-09 07:00:00,62959.96,63283.26,62788.06,63000
2026-07-09 08:00:00,62999.99,63100.1,62855.63,62903.65
2026-07-09 09:00:00,62903.66,63002,62786.82,62953.4
2026-07-09 10:00:00,62953.4,63056.98,62688,62786.04
2026-07-09 11:00:00,62786.05,62830,62614.66,62786.34
2026-07-09 12:00:00,62786.33,62952,62465.39,62614.02
2026-07-09 13:00:00,62614.01,63240.15,62523.08,63028.35
2026-07-09 14:00:00,63028.36,63144.79,62666.66,63016
2026-07-09 15:00:00,63016,63261,62811.1,62868.05
2026-07-09 16:00:00,62868.06,62996,62559.59,62700.01
2026-07-09 17:00:00,62700.01,63165.12,62668,63142.79
2026-07-09 18:00:00,63142.79,63500,63080,63219.03
2026-07-09 19:00:00,63219.03,63375.73,63118.45,63248.1
2026-07-09 20:00:00,63248.09,63330.85,63177.36,63313.38
2026-07-09 21:00:00,63313.38,63397.94,63208.91,63274.59
2026-07-09 22:00:00,63274.6,63418,63218.77,63218.78
2026-07-09 23:00:00,63218.78,63325,63060.91,63230
2026-07-10 00:00:00,63230.01,63255.49,62926.01,63113.93
2026-07-10 01:00:00,63113.92,63999.99,62962,63749.86
2026-07-10 02:00:00,63749.86,64050.23,63692.76,63961.99
2026-07-10 03:00:00,63961.99,64050,63822.8,63947.2
2026-07-10 04:00:00,63947.2,64176.86,63857.64,64047.88
2026-07-10 05:00:00,64047.89,64200,63944.05,64115.99
2026-07-10 06:00:00,64116,64162,63836,63854.71
2026-07-10 07:00:00,63854.71,64011.9,63802.02,63963
2026-07-10 08:00:00,63963,64392,63962.99,64246.01
2026-07-10 09:00:00,64246,64480.01,64102,64385.09
2026-07-10 10:00:00,64385.09,64494.84,64274.47,64407.8
2026-07-10 11:00:00,64407.8,64480,64341.83,64425.18
2026-07-10 12:00:00,64425.18,64608,63999,64286.64
2026-07-10 13:00:00,64286.65,64692.83,64152.84,64484
2026-07-10 14:00:00,64484,64516,63793.43,63914.87
2026-07-10 15:00:00,63914.88,64210,63898,64040
2026-07-10 16:00:00,64039.99,64220,63826.57,64140.01
2026-07-10 17:00:00,64140,64158.58,63821.88,63823.99
2026-07-10 18:00:00,63824,64003.99,63732.66,63810
2026-07-10 19:00:00,63809.99,64077.56,63780,63917.88
2026-07-10 20:00:00,63917.88,63946.36,63656,63841.25
2026-07-10 21:00:00,63841.25,64099.56,63835.05,64011.99
2026-07-10 22:00:00,64012,64169.39,63981.37,64112.29
2026-07-10 23:00:00,64112.3,64222.61,64024,64161.72
2026-07-11 00:00:00,64161.72,64168.49,64028.43,64124
2026-07-11 01:00:00,64123.99,64310,64004.01,64012.95
2026-07-11 02:00:00,64012.95,64166,63984.07,64158.04
2026-07-11 03:00:00,64158.04,64195.04,64068,64150.42
2026-07-11 04:00:00,64150.42,64213.55,64080.26,64152
2026-07-11 05:00:00,64152,64221.99,64121.07,64176.01
2026-07-11 06:00:00,64176,64278,64124,64219.1
2026-07-11 07:00:00,64219.09,64256.55,64152,64162.18
2026-07-11 08:00:00,64162.18,64300,64153.87,64265.98
2026-07-11 09:00:00,64265.98,64300,64159.7,64167.34
2026-07-11 10:00:00,64167.35,64204.02,64129.99,64196
2026-07-11 11:00:00,64196,64215.32,64167.99,64198
2026-07-11 12:00:00,64197.99,64228,64130.65,64195.49
2026-07-11 13:00:00,64195.48,64266,64159.99,64235.66
2026-07-11 14:00:00,64235.67,64504.11,64235.66,64350.07
2026-07-11 15:00:00,64350.07,64484.01,63896.18,64175.75
2026-07-11 16:00:00,64175.75,64273.63,64084,64180.01
2026-07-11 17:00:00,64180,64402,64164.08,64315.53
2026-07-11 18:00:00,64315.53,64395.17,64288.91,64327.99
2026-07-11 19:00:00,64327.99,64338,64233.23,64286
2026-07-11 20:00:00,64286,64463.83,64285.99,64382.45
2026-07-11 21:00:00,64382.44,64427.56,64338.09,64355.99
2026-07-11 22:00:00,64355.99,64424.03,64144.47,64203.08
2026-07-11 23:00:00,64203.09,64246,63819,63819
2026-07-12 00:00:00,63819.01,63909.92,63702.16,63828.47
2026-07-12 01:00:00,63828.48,64172.66,63812,64133.61
2026-07-12 02:00:00,64133.61,64133.62,64029.51,64070.39
2026-07-12 03:00:00,64070.4,64223.74,64035.68,64223.73
2026-07-12 04:00:00,64223.73,64245.87,63943.68,63999.93
2026-07-12 05:00:00,63999.94,64024.48,63900,63959.93
2026-07-12 06:00:00,63959.93,63962.85,63640.83,63762.46
2026-07-12 07:00:00,63762.47,63908.39,63740.12,63885.27
2026-07-12 08:00:00,63885.28,64100.32,63884.2,63983.18
2026-07-12 09:00:00,63983.18,64062.17,63764,63961.61
2026-07-12 10:00:00,63961.6,63961.6,63843.4,63865.76
2026-07-12 11:00:00,63865.76,64030,63826.01,64018.01
2026-07-12 12:00:00,64018,64135,63970.55,64026
2026-07-12 13:00:00,64026.01,64097.99,63987.4,64023.14
2026-07-12 14:00:00,64023.13,64290.11,63958.71,64203.08
2026-07-12 15:00:00,64203.08,64262.15,64117.97,64176
2026-07-12 16:00:00,64176,64209.64,64042,64177.7
2026-07-12 17:00:00,64177.7,64177.74,64029.12,64078
2026-07-12 18:00:00,64078,64150,64018.69,64147.99
2026-07-12 19:00:00,64148,64270,64147.3,64228.59
2026-07-12 20:00:00,64228.59,64254,64178.03,64198.89
2026-07-12 21:00:00,64198.9,64232.02,63891.84,63920.4
2026-07-12 22:00:00,63920.4,63923.99,63668,63886.87
2026-07-12 23:00:00,63886.86,63914.85,63726.62,63780
2026-07-13 00:00:00,63780,64425,63568,64072.01
2026-07-13 01:00:00,64072,64072.01,63376.53,63412.01
2026-07-13 02:00:00,63412.01,63541.94,63237.26,63375.99
2026-07-13 03:00:00,63376,63382.95,62741.04,62806.41
2026-07-13 04:00:00,62806.41,62911.94,62620.13,62672
2026-07-13 05:00:00,62672,62905.68,62500.76,62799
2026-07-13 06:00:00,62799.01,62880,62710.45,62797.55
2026-07-13 07:00:00,62797.55,63070.01,62753.69,62985.52
2026-07-13 08:00:00,62985.53,63302.88,62935.92,63206.97
2026-07-13 09:00:00,63206.98,63210,63086.12,63100.02
2026-07-13 10:00:00,63100.02,63157.85,62862.28,62867.89
2026-07-13 11:00:00,62867.9,63135.55,62867.9,62901.99
2026-07-13 12:00:00,62901.99,62990.04,62570,62625.15
2026-07-13 13:00:00,62625.15,62766.37,62164,62318
2026-07-13 14:00:00,62318.01,62794.97,62101,62791.85
2026-07-13 15:00:00,62791.85,62983.83,62559.58,62618.01
2026-07-13 16:00:00,62618,62629.35,62212,62276
2026-07-13 17:00:00,62276.01,62370,61900,61904.99
2026-07-13 18:00:00,61904.99,62100,61824.97,62020
2026-07-13 19:00:00,62020,62292.84,61990,62288.23
2026-07-13 20:00:00,62288.23,62324.74,62050.71,62210.99
2026-07-13 21:00:00,62211,62216.35,61897.45,62065.06
2026-07-13 22:00:00,62065.05,62224,61911.31,61924
2026-07-13 23:00:00,61924,62347.46,61882.88,62334.52
2026-07-14 00:00:00,62334.52,62666.66,62272.2,62549.54
2026-07-14 01:00:00,62549.55,62640,62460.03,62540.42
2026-07-14 02:00:00,62540.41,62645,62329.98,62544
2026-07-14 03:00:00,62544,62604,62314,62572.89
2026-07-14 04:00:00,62572.88,62768.95,62539.71,62745.23
2026-07-14 05:00:00,62745.24,62872,62697.69,62737
2026-07-14 06:00:00,62737,62772.48,62566.01,62624.05
2026-07-14 07:00:00,62624.06,62655.99,62516.93,62560.92
2026-07-14 08:00:00,62560.92,62807.94,62500,62713.85
2026-07-14 09:00:00,62713.85,62742,62534.29,62629.55
2026-07-14 10:00:00,62629.56,62908.8,62609.47,62800
2026-07-14 11:00:00,62800.01,62923.06,62713.6,62844.99
2026-07-14 12:00:00,62844.99,63989.54,62780.84,63960
2026-07-14 13:00:00,63959.99,64181.99,63699.03,63840.01
2026-07-14 14:00:00,63840.01,64346.49,63580.99,64305.02
2026-07-14 15:00:00,64305.01,64966.43,64194.64,64743.99
2026-07-14 16:00:00,64744,64896.86,64606,64730
2026-07-14 17:00:00,64730.01,64730.01,64231.77,64621.43
2026-07-14 18:00:00,64621.43,64648.88,64477.23,64571.98
2026-07-14 19:00:00,64571.99,64704,64487.38,64569.59
2026-07-14 20:00:00,64569.59,64599,64419.99,64572.02
2026-07-14 21:00:00,64572.02,64893.92,64526,64676.9
2026-07-14 22:00:00,64676.89,65100,64516,64860.89
2026-07-14 23:00:00,64860.89,65048,64782,65043.98
2026-07-15 00:00:00,65043.99,65065.01,64765.12,64824.58
2026-07-15 01:00:00,64824.57,64853.08,64644.48,64674.35
2026-07-15 02:00:00,64674.35,64755.99,64488,64490.87
2026-07-15 03:00:00,64490.87,64840,64490.86,64792.01
2026-07-15 04:00:00,64792,64885.99,64714,64746.01
2026-07-15 05:00:00,64746.01,64964.96,64602.5,64944.06
2026-07-15 06:00:00,64944.06,65277.37,64814,64814
2026-07-15 07:00:00,64814.01,64876,64485,64549.34
2026-07-15 08:00:00,64549.33,64797.02,64549.33,64768.01
2026-07-15 09:00:00,64768,64917.94,64653.18,64671.83
2026-07-15 10:00:00,64671.84,64855.56,64614,64663
2026-07-15 11:00:00,64663,64767.37,64616.11,64732.15
2026-07-15 12:00:00,64732.15,65249.9,64606,65164
2026-07-15 13:00:00,65164,65577,64888,65117.99
2026-07-15 14:00:00,65118,65517.05,65070,65399.81
2026-07-15 15:00:00,65399.8,65600,65261.71,65427.61
2026-07-15 16:00:00,65427.6,65470,64784.83,65120.79
2026-07-15 17:00:00,65120.8,65194.72,64972.95,65056.1
2026-07-15 18:00:00,65056.1,65143.57,64847.42,64860
2026-07-15 19:00:00,64860,65000,64738.49,64977.34
2026-07-15 20:00:00,64977.34,65055.39,64899,64968.01
2026-07-15 21:00:00,64968.02,65018.74,64789.89,64834.31
2026-07-15 22:00:00,64834.31,64982.47,64772,64866.93
2026-07-15 23:00:00,64866.93,64938,64691.89,64756.28
2026-07-16 00:00:00,64756.28,64845.5,64500,64584.07
2026-07-16 01:00:00,64584.07,64830,64392.01,64730.01
2026-07-16 02:00:00,64730,64735.09,64574.02,64642.01
2026-07-16 03:00:00,64642,64745.55,64555,64619.95
2026-07-16 04:00:00,64619.96,64692,64544.04,64650.05
2026-07-16 05:00:00,64650.05,64997.52,64592.67,64917.99
2026-07-16 06:00:00,64917.99,64978,64630.01,64777.32
2026-07-16 07:00:00,64777.33,64777.33,64086.12,64238
2026-07-16 08:00:00,64238,64380,63888,64126.85
2026-07-16 09:00:00,64126.86,64186.83,64019.02,64090
2026-07-16 10:00:00,64090,64269.42,64077.75,64221.34
2026-07-16 11:00:00,64221.34,64269.42,64101,64256.53
2026-07-16 12:00:00,64256.52,64256.52,63838.28,63966.01
2026-07-16 13:00:00,63966.01,64480,63961.14,64376
2026-07-16 14:00:00,64375.99,64863.07,64332.57,64543.51
2026-07-16 15:00:00,64543.51,64896,64320,64704.73
2026-07-16 16:00:00,64704.73,64712,64333.33,64484
2026-07-16 17:00:00,64484.01,64484.01,63984.09,64069.03
2026-07-16 18:00:00,64069.04,64330,64052.14,64246.01
2026-07-16 19:00:00,64246.01,64301.99,64152,64271.84
2026-07-16 20:00:00,64271.85,64276,64108,64114.27
2026-07-16 21:00:00,64114.25,64253.25,64101.18,64161.99
2026-07-16 22:00:00,64162,64240.12,63950.01,63968
2026-07-16 23:00:00,63968.01,64010.58,63748.74,63830.2
2026-07-17 00:00:00,63830.2,63912,63612.62,63886
2026-07-17 01:00:00,63886,64067.69,63476,63546.24
2026-07-17 02:00:00,63546.25,63657.99,63380.28,63482
2026-07-17 03:00:00,63482,63720,63482,63570
2026-07-17 04:00:00,63570,63576,63320,63486.01
2026-07-17 05:00:00,63486.01,63486.01,62804.3,62839.76
2026-07-17 06:00:00,62839.77,62998.52,62710,62948
2026-07-17 07:00:00,62948,62983.99,62800,62828.11
2026-07-17 08:00:00,62828.11,62939.04,62666,62888
2026-07-17 09:00:00,62888.01,63069.06,62852.89,62989.46
2026-07-17 10:00:00,62989.47,63201.91,62989.47,63179.92
2026-07-17 11:00:00,63179.91,63361.7,63063.67,63298.01
2026-07-17 12:00:00,63298,63348,63069.09,63099.75
2026-07-17 13:00:00,63099.75,63180,62537.56,63153.99
2026-07-17 14:00:00,63154,63518,63051.77,63174
2026-07-17 15:00:00,63174.01,63452,62856.16,63452
2026-07-17 16:00:00,63452,63706.75,63312.01,63594
2026-07-17 17:00:00,63594,64228.27,63594,64049.86
2026-07-17 18:00:00,64049.85,64387.99,63894,64259.73
2026-07-17 19:00:00,64259.73,64259.73,63981.2,64160.8
2026-07-17 20:00:00,64160.8,64192.57,63958.19,64120
2026-07-17 21:00:00,64120.01,64216.61,64064,64110
2026-07-17 22:00:00,64110.01,64147,63903.63,63986
2026-07-17 23:00:00,63986.01,64011.08,63884.35,63931.67
2026-07-18 00:00:00,63931.67,64012.39,63895.33,63910.04
2026-07-18 01:00:00,63910.05,64000,63886.65,63952.98
2026-07-18 02:00:00,63952.97,64032.6,63930.54,63967.61
2026-07-18 03:00:00,63967.61,64017.85,63928.15,64017.84
2026-07-18 04:00:00,64017.84,64017.85,63947.09,63967.99
2026-07-18 05:00:00,63968,63998,63926.39,63967.95
2026-07-18 06:00:00,63967.95,64005.99,63950,63979.67
2026-07-18 07:00:00,63979.67,64026.03,63974.94,64002.75
2026-07-18 08:00:00,64002.75,64019.64,63960,64006.01
2026-07-18 09:00:00,64006.01,64006.01,63887.73,63987.76
2026-07-18 10:00:00,63987.77,64026.39,63982.34,64016.43
2026-07-18 11:00:00,64016.43,64097.22,64010.99,64069.89
2026-07-18 12:00:00,64069.89,64274.47,64057.27,64218
2026-07-18 13:00:00,64218.01,64218.01,63963,64106
2026-07-18 14:00:00,64105.99,64195.01,64101.42,64126
2026-07-18 15:00:00,64126,64163.99,64037.45,64123.12
2026-07-18 16:00:00,64123.13,64314,64091.48,64303.47
2026-07-18 17:00:00,64303.48,64492,64280.22,64480.29
2026-07-18 18:00:00,64480.28,64669.5,64462,64512.41
2026-07-18 19:00:00,64512.41,64597.9,64482,64552.79
2026-07-18 20:00:00,64552.8,64739.64,64528.69,64693.01
2026-07-18 21:00:00,64693.02,64846.83,64614.36,64731.72
2026-07-18 22:00:00,64731.73,64865,64712.29,64805.05
2026-07-18 23:00:00,64805.04,64843.3,64709.28,64834.22
2026-07-19 00:00:00,64834.21,64906.4,64769.47,64792.08
2026-07-19 01:00:00,64792.08,64792.09,64765.99,64765.99
2026-07-19 02:00:00,64766,64967.25,64700.84,64826.01
2026-07-19 03:00:00,64826.01,64842.92,64620.44,64706.18
2026-07-19 04:00:00,64706.18,64795.43,64610.89,64720.17
2026-07-19 05:00:00,64720.17,64815.65,64676,64724.01
2026-07-19 06:00:00,64724,64759.33,64694.66,64711.69
2026-07-19 07:00:00,64711.69,64784,64675,64711.05
2026-07-19 08:00:00,64711.04,64743,64631.54,64707.49
2026-07-19 09:00:00,64707.48,64725.74,64500,64509.99
2026-07-19 10:00:00,64510,64700,64482,64595
2026-07-19 11:00:00,64595,64636.28,64445,64467.64
2026-07-19 12:00:00,64467.65,64467.65,64285.24,64441.15
2026-07-19 13:00:00,64441.16,64516.33,64307.72,64483.31
2026-07-19 14:00:00,64483.32,64663.04,64425.24,64593.07
2026-07-19 15:00:00,64593.07,64620,64500,64585.32
2026-07-19 16:00:00,64585.33,64644,64505.21,64538.72
2026-07-19 17:00:00,64538.72,64752,64406.3,64547.86
2026-07-19 18:00:00,64547.86,64554,64280,64419.99
2026-07-19 19:00:00,64420,64467.82,64352,64462.58
2026-07-19 20:00:00,64462.58,64560,64462.57,64535.99
2026-07-19 21:00:00,64536,64562.55,64350,64415.75
2026-07-19 22:00:00,64415.75,64900,64347.89,64674.67
2026-07-19 23:00:00,64674.66,64772,64572,64722.54
2026-07-20 00:00:00,64722.55,65107.99,64416,64553.84
2026-07-20 01:00:00,64553.85,65029.4,64506,64628.01
2026-07-20 02:00:00,64628.01,64964,64585,64827.2
2026-07-20 03:00:00,64827.19,64914.93,64644.01,64869.8
2026-07-20 04:00:00,64869.79,64869.99,64540,64540.01
2026-07-20 05:00:00,64540,64562,64082.7,64128
2026-07-20 06:00:00,64128.01,64220,63765.83,63917.98
2026-07-20 07:00:00,63917.99,64315.96,63896,64280.01
2026-07-20 08:00:00,64280.01,64356,63100,64049.99
2026-07-20 09:00:00,64050,64276,64012.8,64199.5
2026-07-20 10:00:00,64199.51,64415.42,64162,64301.18
2026-07-20 11:00:00,64301.18,65068,64273.33,65002.01
2026-07-20 12:00:00,65002,65002.83,64599.89,64640
2026-07-20 13:00:00,64640,64763.67,64208,64344.01
2026-07-20 14:00:00,64344.01,64575.37,64077.76,64416.01
2026-07-20 15:00:00,64416.01,65666.8,64398.15,65598.75
2026-07-20 16:00:00,65598.75,65637.7,65336,65508.5
2026-07-20 17:00:00,65508.5,65646.55,65342.52,65587.98
2026-07-20 18:00:00,65587.99,65799,65204,65240.01
2026-07-20 19:00:00,65240.01,65274.58,65041.05,65142
2026-07-20 20:00:00,65142,65438,65061.92,65367.58
2026-07-20 21:00:00,65367.57,65445.27,65272.32,65286.02
2026-07-20 22:00:00,65286.02,65286.02,65092.66,65141.99
2026-07-20 23:00:00,65142,65272.21,65128.17,65255.51
2026-07-21 00:00:00,65255.51,65585,65148.75,65568.01
2026-07-21 01:00:00,65568,65658.78,65232.65,65235.55
2026-07-21 02:00:00,65235.56,65500,65176.2,65414.01
2026-07-21 03:00:00,65414.01,65593.11,65411.74,65566.78
2026-07-21 04:00:00,65566.77,65742.58,65471.69,65522.01
2026-07-21 05:00:00,65522,65933.24,65485.55,65751.56
2026-07-21 06:00:00,65751.56,65991.05,65634,65913
2026-07-21 07:00:00,65913,66245.64,65866,66186.86
2026-07-21 08:00:00,66186.86,66354,66129.19,66226.44
2026-07-21 09:00:00,66226.43,66350,66144,66291.99
2026-07-21 10:00:00,66292,66420.65,66176.55,66180
2026-07-21 11:00:00,66180,66350,66147.82,66345.59
2026-07-21 12:00:00,66345.59,66640,66255.73,66558.82
2026-07-21 13:00:00,66558.81,66810.97,66315.62,66786
2026-07-21 14:00:00,66786,66956.15,66648.27,66842.3
2026-07-21 15:00:00,66842.29,66842.3,66517.52,66676.54
2026-07-21 16:00:00,66676.53,66764,66462.32,66542.01
2026-07-21 17:00:00,66542.01,66567.59,66052.63,66207.95
2026-07-21 18:00:00,66207.96,66358,66098.71,66319.95
2026-07-21 19:00:00,66319.96,66502.8,66264.12,66444.76
2026-07-21 20:00:00,66444.76,66496,66359.3,66406.57
2026-07-21 21:00:00,66406.58,66408.26,66290,66385
2026-07-21 22:00:00,66385,66388.35,66204,66304.02
2026-07-21 23:00:00,66304.02,66576,66228.55,66556.16
2026-07-22 00:00:00,66556.15,66739.89,66525.54,66620.97
2026-07-22 01:00:00,66620.97,66661.79,66282.65,66433.3
2026-07-22 02:00:00,66433.29,66532.26,66298,66314.12
2026-07-22 03:00:00,66314.12,66371.27,66176,66210
2026-07-22 04:00:00,66209.99,66424,66198,66381.05
2026-07-22 05:00:00,66381.05,66381.05,65944.51,65974.9
2026-07-22 06:00:00,65974.9,66026.93,65830.94,65934.33
2026-07-22 07:00:00,65934.34,65968.9,65701,65843.48
2026-07-22 08:00:00,65843.48,66164.57,65843.47,65987.96
2026-07-22 09:00:00,65987.97,66082.5,65850,65928
2026-07-22 10:00:00,65928.01,66116.36,65898,66046.02
2026-07-22 11:00:00,66046.01,66092.59,65909.16,66013.36
2026-07-22 12:00:00,66013.36,66013.37,65553.67,65636.01
2026-07-22 13:00:00,65636.01,65982.28,65559.66,65951.39
2026-07-22 14:00:00,65951.38,66204.98,65588,65793.98
2026-07-22 15:00:00,65793.98,66125,65793.98,66047.39
2026-07-22 16:00:00,66047.38,66384,65911.6,66229.01
2026-07-22 17:00:00,66229.01,66275.29,65944,66024.03
2026-07-22 18:00:00,66024.02,66075.91,65726.08,65895.46
2026-07-22 19:00:00,65895.46,65958.56,65691.93,65923.19
2026-07-22 20:00:00,65923.19,65986,65791.79,65919.68
2026-07-22 21:00:00,65919.67,66133.98,65892.64,66072.47
2026-07-22 22:00:00,66072.48,66080.94,65932,66044.17
2026-07-22 23:00:00,66044.17,66138.24,65844.3,66114.49
2026-07-23 00:00:00,66114.5,66313.14,66054.58,66058.19
2026-07-23 01:00:00,66058.2,66208,65751,65830
2026-07-23 02:00:00,65830,65843.25,65653.23,65805.34
2026-07-23 03:00:00,65805.35,65816,65585.11,65662.53
2026-07-23 04:00:00,65662.53,65738.99,65590.12,65616.48
2026-07-23 05:00:00,65616.49,65797.93,65570.12,65691.01
2026-07-23 06:00:00,65691.01,65821.17,65625.2,65790
2026-07-23 07:00:00,65790,65790,65351.02,65442.13
2026-07-23 08:00:00,65442.12,65665.99,65419.75,65633
2026-07-23 09:00:00,65632.99,65757.99,65608.18,65638.92
2026-07-23 10:00:00,65638.92,65792.09,65589.69,65740
2026-07-23 11:00:00,65740,65740.01,65540.93,65555.21
2026-07-23 12:00:00,65555.21,65589.41,64988.05,65167.04
2026-07-23 13:00:00,65167.05,65221.29,64863.62,64880
2026-07-23 14:00:00,64880,65216.24,64822.13,64909.99
2026-07-23 15:00:00,64910,65023.68,64728,64958.36
2026-07-23 16:00:00,64958.37,64961.15,64704.57,64756.84
2026-07-23 17:00:00,64756.84,64900,64650,64681.27
2026-07-23 18:00:00,64681.26,64948.05,64680,64869.12
2026-07-23 19:00:00,64869.13,64934.75,64686.56,64846.94
2026-07-23 20:00:00,64846.93,65217.93,64834.52,65147.5
2026-07-23 21:00:00,65147.5,65210.35,65014,65169.81
2026-07-23 22:00:00,65169.82,65227.99,65013.94,65195.43
2026-07-23 23:00:00,65195.43,65235.43,65052.01,65098.97
2026-07-24 00:00:00,65098.98,65113.86,64762.18,64973.99
2026-07-24 01:00:00,64974,65168,64944.37,65086
2026-07-24 02:00:00,65086,65187.57,64925.45,65116.99
2026-07-24 03:00:00,65116.99,65464.35,65078,65456.7
2026-07-24 04:00:00,65456.7,65469.86,65272.26,65318
2026-07-24 05:00:00,65318.01,65394,65248,65325
2026-07-24 06:00:00,65325.01,65519.93,65278.07,65472
2026-07-24 07:00:00,65472,65808.59,65320.69,65499.95
2026-07-24 08:00:00,65499.94,65508.17,65302.18,65302.18
2026-07-24 09:00:00,65302.18,65314.66,64952.38,65113.13
2026-07-24 10:00:00,65113.13,65157.99,64906.85,64950
2026-07-24 11:00:00,64950.01,65099.99,64857.14,65083.43
2026-07-24 12:00:00,65083.42,65133.99,64766,64780.01
2026-07-24 13:00:00,64780,64802,63920.01,64155.46
2026-07-24 14:00:00,64155.47,64198.3,63739.75,64055.12
2026-07-24 15:00:00,64055.11,64333.33,63858,64093.85
2026-07-24 16:00:00,64093.86,64200,63881.46,63958
2026-07-24 17:00:00,63958.01,64202.91,63905.51,64180
2026-07-24 18:00:00,64180,64290.1,64129.75,64272
2026-07-24 19:00:00,64272.01,64292.44,64141.18,64225.32
2026-07-24 20:00:00,64225.32,64288.02,64128.89,64170.23
2026-07-24 21:00:00,64170.24,64258.73,64122.29,64155
2026-07-24 22:00:00,64155,64216.27,64121.86,64169.01
2026-07-24 23:00:00,64169.01,64187.4,64134.71,64139.99
2026-07-25 00:00:00,64140,64179.03,64033.18,64073.61
2026-07-25 01:00:00,64073.61,64160,64006.55,64068.01
2026-07-25 02:00:00,64068,64099.99,64017.87,64052
2026-07-25 03:00:00,64052.01,64105.61,64016.65,64085.36
2026-07-25 04:00:00,64085.36,64205.67,64085.15,64181.46
2026-07-25 05:00:00,64181.45,64199.76,63980.01,64024
2026-07-25 06:00:00,64024,64063.37,63964.57,64010
2026-07-25 07:00:00,64010,64038.52,64000,64003.2
2026-07-25 08:00:00,64003.2,64010.01,63810,63876.06
2026-07-25 09:00:00,63876.07,64024.72,63830,63999.99
2026-07-25 10:00:00,64000,64070,63996,64070
2026-07-25 11:00:00,64069.99,64113,64047.09,64064.01
2026-07-25 12:00:00,64064.01,64123.8,64043,64123.8
2026-07-25 13:00:00,64123.8,64267.78,64106.74,64172
2026-07-25 14:00:00,64172.01,64217.09,64126,64214.04
2026-07-25 15:00:00,64214.05,64272,64169.99,64182
2026-07-25 16:00:00,64182.01,64241.71,64123,64206.6
2026-07-25 17:00:00,64206.61,64356,64194.37,64267.4
2026-07-25 18:00:00,64267.41,64475.28,64267.41,64415.99
2026-07-25 19:00:00,64415.99,64438.12,64388.38,64388.38
2026-07-25 20:00:00,64388.39,64392.74,64313,64339.75
2026-07-25 21:00:00,64339.75,64430,64263.03,64344.02
2026-07-25 22:00:00,64344.02,64426,64344.01,64412
2026-07-25 23:00:00,64412.01,64429.38,64363,64375
2026-07-26 00:00:00,64375.01,64507,64350,64506.99
2026-07-26 01:00:00,64506.99,64541.66,64456.67,64462
2026-07-26 02:00:00,64462,64527.59,64427.59,64527.56
2026-07-26 03:00:00,64527.57,64582,64488.73,64557
2026-07-26 04:00:00,64557,64599.95,64491.73,64530.06
2026-07-26 05:00:00,64530.06,64530.07,64403.95,64417.69
2026-07-26 06:00:00,64417.68,64457.55,64293.81,64438
2026-07-26 07:00:00,64438.01,64460,64341.99,64370
2026-07-26 08:00:00,64370,64493.99,64353,64480.01
2026-07-26 09:00:00,64480.02,64549.02,64478.38,64538
2026-07-26 10:00:00,64538.01,64573.73,64497.62,64515.4
2026-07-26 11:00:00,64515.39,64535.99,64495.17,64507.35
2026-07-26 12:00:00,64507.36,64662.99,64434,64466.67
2026-07-26 13:00:00,64466.68,64571.42,64414,64518
2026-07-26 14:00:00,64517.99,64768.23,64517.99,64712.99
2026-07-26 15:00:00,64713,64827,64673.42,64768
2026-07-26 16:00:00,64768,64940.51,64703.23,64734.17
2026-07-26 17:00:00,64734.17,64794.45,64668.91,64697.2
2026-07-26 18:00:00,64697.21,64769.99,64668.91,64734.38
2026-07-26 19:00:00,64734.39,64753,64671.91,64695.52
2026-07-26 20:00:00,64695.52,64703.36,64631.57,64649.04
2026-07-26 21:00:00,64649.04,64924,64649.03,64858.02
2026-07-26 22:00:00,64858.03,65502.6,64858.03,65412.68
2026-07-26 23:00:00,65412.69,65577,65273.76,65399.99
2026-07-27 00:00:00,65400,65418.81,65065.46,65131.95
2026-07-27 01:00:00,65131.96,65225.75,64892.03,65206.21
2026-07-27 02:00:00,65206.21,65281.64,65118.08,65172
2026-07-27 03:00:00,65172.02,65367.73,65161.99,65284
2026-07-27 04:00:00,65284,65500,65242.69,65282.8
2026-07-27 05:00:00,65282.81,65493.38,65282.8,65468.38
2026-07-27 06:00:00,65468.38,65744.6,65404.9,65416.76
2026-07-27 07:00:00,65416.77,65447.02,65217.16,65221.99
2026-07-27 08:00:00,65221.99,65258,65128.85,65162.98
2026-07-27 09:00:00,65162.98,65348.17,65100,65262.17
2026-07-27 10:00:00,65262.18,65432,65230.01,65333.35
2026-07-27 11:00:00,65333.35,65333.36,65092,65100.79
2026-07-27 12:00:00,65100.79,65255.76,64836,65086
2026-07-27 13:00:00,65086,65718,64913.12,65217.37
2026-07-27 14:00:00,65217.38,65431.9,64459.82,64687.45
2026-07-27 15:00:00,64687.45,64776,64418.01,64554.01
2026-07-27 16:00:00,64554,64970.93,64517.78,64898.52
2026-07-27 17:00:00,64898.53,65090,64794.37,65019.81
2026-07-27 18:00:00,65019.81,65058.32,64755.67,64878
2026-07-27 19:00:00,64878,65078,64810.9,64984
2026-07-27 20:00:00,64983.99,65056,64908.01,64960.65
2026-07-27 21:00:00,64960.64,64960.65,64790.28,64821.25
2026-07-27 22:00:00,64821.26,64821.26,63792,63792
2026-07-27 23:00:00,63792.01,63940.27,63605.56,63755.86
2026-07-28 00:00:00,63755.86,63827.49,63469.3,63487.88
2026-07-28 01:00:00,63487.88,63529.89,63059.39,63230.83
2026-07-28 02:00:00,63230.82,63305.94,63108,63185.59
2026-07-28 03:00:00,63185.59,63375.39,63168.01,63343.83
2026-07-28 04:00:00,63343.82,63361.85,63221.26,63350.95
2026-07-28 05:00:00,63350.95,63623.5,63323.09,63451.61
2026-07-28 06:00:00,63451.62,63660.72,63395.13,63640.63
2026-07-28 07:00:00,63640.63,63668.71,63455.58,63505.99
2026-07-28 08:00:00,63506,63546.36,63406.11,63428.08
2026-07-28 09:00:00,63428.07,63581.33,63368.81,63393.99
2026-07-28 10:00:00,63393.99,63555.18,63294,63473.47
2026-07-28 11:00:00,63473.48,63593,63352,63450
2026-07-28 12:00:00,63449.99,63570,63364.96,63546.65
2026-07-28 13:00:00,63546.65,63588,62742.47,63104
2026-07-28 14:00:00,63104,63550,62965.38,63412.45
2026-07-28 15:00:00,63412.45,64026.62,63269.28,63928.47
2026-07-28 16:00:00,63928.46,64100,63773.65,64043.26
2026-07-28 17:00:00,64043.27,64043.27,63504,63685.88
2026-07-28 18:00:00,63685.88,63849.09,63672.26,63734.49
2026-07-28 19:00:00,63734.49,63904,63675.93,63904
2026-07-28 20:00:00,63904,64018.39,63880,63917.55
2026-07-28 21:00:00,63917.55,64073.3,63892,63972.44
2026-07-28 22:00:00,63972.44,64020.76,63768.47,63783.71
2026-07-28 23:00:00,63783.72,63956.4,63562,63915
2026-07-29 00:00:00,63915,64200,63873.54,63953.99
2026-07-29 01:00:00,63954,63999,63690,63705.06
2026-07-29 02:00:00,63705.07,64132.42,63658,63979.96
2026-07-29 03:00:00,63979.96,64002,63710,63753.03
2026-07-29 04:00:00,63753.04,63970.92,63598,63968.34
2026-07-29 05:00:00,63968.34,64094.2,63890.07,64067.32
2026-07-29 06:00:00,64067.32,64471,64026.64,64435.62
2026-07-29 07:00:00,64435.63,64575.99,64402.67,64561
2026-07-29 08:00:00,64561.01,64588,64283.83,64417.31
2026-07-29 09:00:00,64417.31,64744.81,64386.94,64698
2026-07-29 10:00:00,64698.01,64718,64410.24,64469.83
2026-07-29 11:00:00,64469.84,64591.73,64422.5,64507.54
2026-07-29 12:00:00,64507.53,64507.54,64215.93,64276.81
2026-07-29 13:00:00,64276.82,64667.18,64139.68,64664.7
2026-07-29 14:00:00,64664.69,64718.87,64047.71,64108.01
2026-07-29 15:00:00,64108.01,64195,63886,63964.01
2026-07-29 16:00:00,63964.01,64146.53,63624.15,63808.33
2026-07-29 17:00:00,63808.33,64286.71,63709.19,64269.83
2026-07-29 18:00:00,64269.83,64648.79,63758,64501.52
2026-07-29 19:00:00,64501.52,64600,63511,63589.46
2026-07-29 20:00:00,63589.46,63746.42,63378.09,63522.01
2026-07-29 21:00:00,63522.01,63860,63267.34,63860
2026-07-29 22:00:00,63860,64131.44,63859.99,63942.5
2026-07-29 23:00:00,63942.5,64067.12,63899,63984.28
2026-07-30 00:00:00,63984.29,64125.61,63603.92,63696.72
2026-07-30 01:00:00,63696.73,64370,63690,64266
2026-07-30 02:00:00,64266.01,64411.76,64159.63,64189.99
2026-07-30 03:00:00,64190,64300.91,64133.99,64161.98
2026-07-30 04:00:00,64161.98,64180,64008.5,64023.99
2026-07-30 05:00:00,64024,64182,63907.85,64033.89
2026-07-30 06:00:00,64033.9,64080,63957.2,64002
2026-07-30 07:00:00,64001.99,64144.06,63943.29,64026
2026-07-30 08:00:00,64026,64358.99,63980.54,64308.01
2026-07-30 09:00:00,64308.01,64641.37,64283.8,64567.56
2026-07-30 10:00:00,64567.55,64631.99,64562,64570.72
2026-07-30 11:00:00,64570.72,64885.18,64542.73,64788
2026-07-30 12:00:00,64788.01,65043.94,64788,64925
2026-07-30 13:00:00,64925,65176.6,64689.02,65022.01
2026-07-30 14:00:00,65022,65042,64620,64683.97
2026-07-30 15:00:00,64683.97,64888,64607.31,64730.3
2026-07-30 16:00:00,64730.29,64963.64,64729.56,64818.01
2026-07-30 17:00:00,64818.01,64988,64772,64872
2026-07-30 18:00:00,64871.99,64899.8,64688,64702.8
2026-07-30 19:00:00,64702.8,64904,64702.79,64800
2026-07-30 20:00:00,64800,64936,64752.12,64777.37
2026-07-30 21:00:00,64777.38,64802.48,64700.34,64735.53
2026-07-30 22:00:00,64735.53,65029.29,64668.91,64851.16
2026-07-30 23:00:00,64851.16,65086.4,64740,64780.02
2026-07-31 00:00:00,64780.03,64901.55,64690.29,64724.91
2026-07-31 01:00:00,64724.92,65409.56,64480.44,64564.01
2026-07-31 02:00:00,64564,64614,64203.58,64297.79
2026-07-31 03:00:00,64297.79,64439.81,64172,64370
2026-07-31 04:00:00,64370,64438,64236,64300
2026-07-31 05:00:00,64299.99,64421.68,64268.47,64363.06
2026-07-31 06:00:00,64363.06,64496.64,64196.08,64231.97
2026-07-31 07:00:00,64231.97,64245.57,63878.11,63950.01
2026-07-31 08:00:00,63950.01,63987.36,63784.67,63834.01
2026-07-31 09:00:00,63834.01,63847.13,63638.18,63715.9
2026-07-31 10:00:00,63715.91,63951.77,63610,63918.67
2026-07-31 11:00:00,63918.68,64011.99,63792.01,63805.51
2026-07-31 12:00:00,63805.5,63830.62,63627.66,63754.01
2026-07-31 13:00:00,63754.01,63849.19,63241.71,63270.73
2026-07-31 14:00:00,63270.72,63310,62466,62682.06
2026-07-31 15:00:00,62682.05,62769.36,62490.24,62716.57
2026-07-31 16:00:00,62716.57,62931.79,62709.01,62870.88
2026-07-31 17:00:00,62870.87,63301.68,62800,63245.44
2026-07-31 18:00:00,63245.44,63302,62966,63097.57
2026-07-31 19:00:00,63097.57,63158,62936.29,62972
2026-07-31 20:00:00,62972,63034,62928.35,62953.7
2026-07-31 21:00:00,62953.7,63062.47,62846,62947.78
2026-07-31 22:00:00,62947.77,63020,62870.01,62950
2026-07-31 23:00:00,62950.01,63013.52,62860.64,62887.88
2026-08-01 00:00:00,62887.88,63024.04,62887.87,62938.01
2026-08-01 01:00:00,62938.01,62990,62923.47,62975.01
2026-08-01 02:00:00,62975,63106.55,62975,63075.07
2026-08-01 03:00:00,63075.08,63075.08,62970.65,63004.48
2026-08-01 04:00:00,63004.47,63115.37,62993.2,63115.01
2026-08-01 05:00:00,63115,63142.85,63000.85,63020
2026-08-01 06:00:00,63020,63086.65,62992.82,63080.64
2026-08-01 07:00:00,63080.65,63110.89,63034,63050.46
2026-08-01 08:00:00,63050.45,63150,63050.45,63126.25
2026-08-01 09:00:00,63126.25,63139.54,63046.33,63053.17
2026-08-01 10:00:00,63053.17,63111.09,62986.31,63056
2026-08-01 11:00:00,63055.99,63091.97,63037.72,63076
2026-08-01 12:00:00,63076,63119.4,63076,63103.68
2026-08-01 13:00:00,63103.68,63106.83,63051,63069.32
2026-08-01 14:00:00,63069.31,63127.07,63069.31,63126.52
2026-08-01 15:00:00,63126.53,63126.53,63007.05,63007.06
2026-08-01 16:00:00,63007.06,63027.65,62874,62932.32
2026-08-01 17:00:00,62932.32,62996,62666,62708.07
2026-08-01 18:00:00,62708.06,62734,62275,62580.56
2026-08-01 19:00:00,62580.55,62624,62461.17,62529.82
2026-08-01 20:00:00,62529.81,62674.98,62482.99,62662.13
2026-08-01 21:00:00,62662.14,62864,62662.13,62812.75
2026-08-01 22:00:00,62812.76,62866.62,62794.17,62831.28
2026-08-01 23:00:00,62831.29,62862.8,62769.97,62823.64
2026-08-02 00:00:00,62823.65,62979.99,62806.58,62833.99
2026-08-02 01:00:00,62834,63088,62834,62981.87
2026-08-02 02:00:00,62981.87,63547.7,62958.54,63451.58
2026-08-02 03:00:00,63451.58,63550,63380,63461.95
2026-08-02 04:00:00,63461.95,63612,63461.95,63590
2026-08-02 05:00:00,63590,63634,63415.26,63453.27
2026-08-02 06:00:00,63453.27,63498.15,63435.99,63482.49
2026-08-02 07:00:00,63482.49,63544.51,63480,63506.24
2026-08-02 08:00:00,63506.23,63530,63172,63193.99
2026-08-02 09:00:00,63194,63320,63094,63273.94
2026-08-02 10:00:00,63273.94,63273.94,63125.06,63205.03
2026-08-02 11:00:00,63205.03,63206,62982.38,63031.99
2026-08-02 12:00:00,63031.99,63231.67,63031.99,63125.49
2026-08-02 13:00:00,63125.49,63146.89,63010,63126.92
2026-08-02 14:00:00,63126.92,63186,63062,63069.37
2026-08-02 15:00:00,63069.37,63186,63050,63109.14
2026-08-02 16:00:00,63109.13,63273.49,63064.01,63180.36
2026-08-02 17:00:00,63180.36,63342,63152,63300.28
2026-08-02 18:00:00,63300,63610.01,63290,63382.01
2026-08-02 19:00:00,63382.01,63479.85,63323.89,63456.01
2026-08-02 20:00:00,63456,63501.48,63404.69,63494.52
2026-08-02 21:00:00,63494.51,63785,63479.45,63578
2026-08-02 22:00:00,63578.01,63796.33,63376.71,63424.58
2026-08-02 23:00:00,63424.58,63596,63344,63570
2026-08-03 00:00:00,63570.01,63596,63208.3,63317.6
2026-08-03 01:00:00,63317.61,63350,63111.1,63212.16
2026-08-03 02:00:00,63212.16,63286,63100,63141.4
2026-08-03 03:00:00,63141.39,63168.44,62786.04,62870.49
2026-08-03 04:00:00,62870.48,63001.77,62770.37,62790
2026-08-03 05:00:00,62790,62875.02,62751.3,62827.17
2026-08-03 06:00:00,62827.17,62872.58,62613,62623.6
2026-08-03 07:00:00,62623.6,62700,62552.04,62621.1
2026-08-03 08:00:00,62621.1,62647.69,62300,62541.5
2026-08-03 09:00:00,62541.5,62863.1,62520,62837.4
2026-08-03 10:00:00,62837.4,62860,62615.11,62742.01
2026-08-03 11:00:00,62742.01,62778.92,62540.95,62560.01
2026-08-03 12:00:00,62560.01,62799.3,62445.26,62700
2026-08-03 13:00:00,62700.01,63390,62562.42,63351.09
2026-08-03 14:00:00,63351.09,63992.71,63136,63967.19
2026-08-03 15:00:00,63967.19,63989.75,63646.59,63694.91
2026-08-03 16:00:00,63694.9,63939.99,63664,63776.46
2026-08-03 17:00:00,63776.46,64059.75,63714.55,63906
2026-08-03 18:00:00,63905.99,64000,63768,63870.87
2026-08-03 19:00:00,63870.87,64080,63846,63869.38
2026-08-03 20:00:00,63869.38,64023.61,63769.92,63775.43
2026-08-03 21:00:00,63775.43,63791.98,63548,63590.15
2026-08-03 22:00:00,63590.15,63680,63392.01,63618
2026-08-03 23:00:00,63618.01,63621.35,63465.43,63520
2026-08-04 00:00:00,63520,63585.09,63322.01,63361.99
2026-08-04 01:00:00,63362,63927.99,63361.99,63847.93
2026-08-04 02:00:00,63847.92,63972,63686.44,63822.44
2026-08-04 03:00:00,63822.45,63860,63649,63800.01
2026-08-04 04:00:00,63800.01,64243.81,63762,64029
2026-08-04 05:00:00,64029.01,64056,63788.23,63818.48
2026-08-04 06:00:00,63818.47,63859.71,63654.16,63670
2026-08-04 07:00:00,63670,63763.63,63506.78,63685.74
2026-08-04 08:00:00,63685.73,63748.22,63564.99,63588.94
2026-08-04 09:00:00,63589.04,63610,63516.43,63603.73
2026-08-04 10:00:00,63603.73,63842,63451.8,63764
2026-08-04 11:00:00,63763.99,63950,63712,63926
2026-08-04 12:00:00,63926,64062.46,63788,63906.41
2026-08-04 13:00:00,63906.41,64097.74,63656,63683.94
2026-08-04 14:00:00,63683.95,64193.54,63615.38,64128.72
2026-08-04 15:00:00,64128.73,64238,63814.29,64125.14
2026-08-04 16:00:00,64125.14,64130,63897.22,63950.93
2026-08-04 17:00:00,63950.94,64184,63892,63972.09
2026-08-04 18:00:00,63972.09,64400,63965.73,64305.99
2026-08-04 19:00:00,64305.99,64413.21,64193.57,64233.36
2026-08-04 20:00:00,64233.35,64420,64001.68,64341
2026-08-04 21:00:00,64341,64341.99,64175.52,64194
2026-08-04 22:00:00,64193.99,64293.91,64140,64270.61
2026-08-04 23:00:00,64270.62,64549.16,64081.26,64106.56
2026-08-05 00:00:00,64106.55,64193.25,63978.44,63988
2026-08-05 01:00:00,63988,64346,63950,64333.84
2026-08-05 02:00:00,64333.85,64504,64322.59,64368.26
2026-08-05 03:00:00,64368.27,64446,64046,64183.27
2026-08-05 04:00:00,64183.27,64218,64088.01,64176.7
2026-08-05 05:00:00,64176.69,64525.97,64163.36,64330.87
2026-08-05 06:00:00,64330.86,64373.31,64229.34,64253.58
2026-08-05 07:00:00,64253.59,64272,63995.89,64163.99
2026-08-05 08:00:00,64164,64280,64098,64120.81
2026-08-05 09:00:00,64120.81,64210.83,64102.95,64155.05
2026-08-05 10:00:00,64155.06,64242.93,64020,64062.23
2026-08-05 11:00:00,64062.23,64150,64044.5,64075.28
2026-08-05 12:00:00,64075.28,64581.43,64050,64332.43
2026-08-05 13:00:00,64332.43,64412,63880,64407.99
2026-08-05 14:00:00,64407.99,64578,64300,64476.39
2026-08-05 15:00:00,64476.4,64744,64385.49,64388.01
2026-08-05 16:00:00,64388.01,64760.99,64388,64661.99
2026-08-05 17:00:00,64661.99,64804,64541.71,64770
2026-08-05 18:00:00,64770,64844.99,64670.01,64799.1
2026-08-05 19:00:00,64799.1,64936.18,64781.79,64840.28
2026-08-05 20:00:00,64840.27,65025.22,64806.46,64822.89
2026-08-05 21:00:00,64822.88,64825.78,64657.69,64733.13
2026-08-05 22:00:00,64733.13,64783.84,64629.81,64636
2026-08-05 23:00:00,64636,64749.99,64579.15,64665.23
2026-08-06 00:00:00,64665.24,64724.38,64572,64644.99
2026-08-06 01:00:00,64644.92,64659.65,64498,64580.07
2026-08-06 02:00:00,64580.08,64650.62,64439.34,64579.36
2026-08-06 03:00:00,64579.36,64583.63,64493.2,64531.03
2026-08-06 04:00:00,64531.03,64755.72,64496.27,64734.65
2026-08-06 05:00:00,64734.65,64996,64730.26,64908.09
2026-08-06 06:00:00,64908.1,64908.1,64745.69,64860
2026-08-06 07:00:00,64860,64965.66,64776,64809.7
2026-08-06 08:00:00,64809.7,64999,64760,64941.99
2026-08-06 09:00:00,64942,64944,64630,64683.62
2026-08-06 10:00:00,64683.62,64685.05,64581.21,64615.95
2026-08-06 11:00:00,64615.95,64661.26,64503.54,64622.09
2026-08-06 12:00:00,64622.08,64637.68,64381.96,64424
2026-08-06 13:00:00,64424.01,64524.21,64172,64434.01
2026-08-06 14:00:00,64434.01,64850,64362,64778
2026-08-06 15:00:00,64778.01,64987.26,64624.29,64631.87
2026-08-06 16:00:00,64631.88,64778,64592.37,64757.99
2026-08-06 17:00:00,64758,64834,64548.81,64621.69
2026-08-06 18:00:00,64621.68,64621.69,64378.67,64418.47
2026-08-06 19:00:00,64418.48,64474.71,64365,64446
2026-08-06 20:00:00,64446.01,64536.32,64439.7,64439.7
2026-08-06 21:00:00,64439.71,64513.99,64404.74,64440.74
2026-08-06 22:00:00,64440.74,64450,64330.4,64351.49
2026-08-06 23:00:00,64351.48,64360.01,64200,64323.61
2026-08-07 00:00:00,64323.61,64410,64230.59,64317.99
2026-08-07 01:00:00,64318,64476.78,64300,64422.55
2026-08-07 02:00:00,64422.54,64544,64252.09,64399.87
2026-08-07 03:00:00,64399.88,64407.73,64260,64289.99
2026-08-07 04:00:00,64289.99,64364.08,64166,64255.13
2026-08-07 05:00:00,64255.14,64400,64177.62,64336.43
2026-08-07 06:00:00,64336.42,64463.75,64283.91,64304.12
2026-08-07 07:00:00,64304.12,64436.13,64264,64319.84
2026-08-07 08:00:00,64319.84,64672.1,64304.22,64600
2026-08-07 09:00:00,64600,64965,64599.99,64839.32
2026-08-07 10:00:00,64839.32,64916,64802,64893.98
2026-08-07 11:00:00,64893.99,65213.33,64893.64,65029.98
2026-08-07 12:00:00,65029.98,65390.99,64986.26,65292.32
2026-08-07 13:00:00,65292.31,65338,64984.68,65009.24
2026-08-07 14:00:00,65009.23,65275.03,64788,64957.98
2026-08-07 15:00:00,64957.98,65136.17,64894.83,64912.72
2026-08-07 16:00:00,64912.71,65072.31,64814,64814
2026-08-07 17:00:00,64814.01,64828.82,64525,64764.33
2026-08-07 18:00:00,64764.33,64881.13,64676,64735.51
2026-08-07 19:00:00,64735.52,65039.42,64735.52,64960.47
2026-08-07 20:00:00,64960.46,65053.56,64948,64972
2026-08-07 21:00:00,64972,65102,64928,64928.01
2026-08-07 22:00:00,64928.02,64947.7,64846,64888
2026-08-07 23:00:00,64888,64923.2,64869.99,64923.19
2026-08-08 00:00:00,64923.2,64954,64784.19,64929.01
2026-08-08 01:00:00,64929.01,64965,64908.97,64911.79
2026-08-08 02:00:00,64911.8,64957.47,64894.49,64923.97
2026-08-08 03:00:00,64923.98,65074.18,64918.28,65033
2026-08-08 04:00:00,65033,65071.15,64971.18,65013.58
2026-08-08 05:00:00,65013.58,65018.64,64976,64995.39
2026-08-08 06:00:00,64995.39,65014,64959.81,65006.61
2026-08-08 07:00:00,65006.61,65006.61,64951.34,64960
2026-08-08 08:00:00,64959.99,65020.5,64948.56,64993.87
2026-08-08 09:00:00,64993.88,65050,64992.98,64994.31
2026-08-08 10:00:00,64994.31,65022.43,64994.31,65005.87
2026-08-08 11:00:00,65005.88,65024.1,64957,64967.35
2026-08-08 12:00:00,64967.36,65050.55,64924,65008.34
2026-08-08 13:00:00,65008.33,65018,65000,65015.27
2026-08-08 14:00:00,65015.27,65192.54,65015.27,65129.02
2026-08-08 15:00:00,65129.01,65149.57,65061.31,65080.82
2026-08-08 16:00:00,65080.83,65116.82,65039,65086.45
2026-08-08 17:00:00,65086.46,65150,65075.46,65119.75
2026-08-08 18:00:00,65119.75,65119.75,65025.54,65044.07
2026-08-08 19:00:00,65044.08,65093.7,65017.39,65075.41
2026-08-08 20:00:00,65075.4,65100.61,65060,65082.41
2026-08-08 21:00:00,65082.42,65082.42,65000.53,65012.96
2026-08-08 22:00:00,65012.95,65038,64948.17,64950.61
2026-08-08 23:00:00,64950.62,64975.99,64936.01,64962.6
2026-08-09 00:00:00,64962.6,64991.93,64958.17,64973.65
2026-08-09 01:00:00,64973.65,65002,64838.33,64861.46
2026-08-09 02:00:00,64861.46,64863.16,64777.92,64820.01
2026-08-09 03:00:00,64820.01,64820.01,64730.08,64788.8
2026-08-09 04:00:00,64788.8,64826.13,64785,64785
2026-08-09 05:00:00,64785.01,64801.58,64777,64801.58
2026-08-09 06:00:00,64801.57,64867.11,64801.57,64849.99
2026-08-09 07:00:00,64850,64860.01,64826.14,64826.14
2026-08-09 08:00:00,64826.15,64960.06,64792.1,64824.16
2026-08-09 09:00:00,64824.17,64877.86,64809.68,64877.85
2026-08-09 10:00:00,64877.86,64994.07,64877.85,64959.86
2026-08-09 11:00:00,64959.87,65000,64950,64950
2026-08-09 12:00:00,64950.01,64962.41,64914.73,64960.11
2026-08-09 13:00:00,64960.12,65266,64960.11,65219.78
2026-08-09 14:00:00,65219.78,65300,65150.95,65260.01
2026-08-09 15:00:00,65260.01,65264,65214,65228.68
2026-08-09 16:00:00,65228.68,65266.06,65182.36,65232.14
2026-08-09 17:00:00,65232.15,65239.18,65198.68,65198.68
2026-08-09 18:00:00,65198.68,65220,65192,65199.68
2026-08-09 19:00:00,65199.69,65210,65179.72,65180.66
2026-08-09 20:00:00,65180.66,65181.99,65046.25,65137.96
2026-08-09 21:00:00,65137.96,65250,65115.05,65192.99
2026-08-09 22:00:00,65192.99,65474.46,64971.41,65077.13
2026-08-09 23:00:00,65077.13,65108,64842.59,64901.59
2026-08-10 00:00:00,64901.59,65322.58,64826.78,64968.01
2026-08-10 01:00:00,64968.21,65391.14,64900,65189.99
2026-08-10 02:00:00,65190,65220,64903.54,65099.99
2026-08-10 03:00:00,65099.99,65172,64904.99,64982.01
2026-08-10 04:00:00,64982,65100,64924,65006.73
2026-08-10 05:00:00,65006.74,65159.25,64979.88,65134
2026-08-10 06:00:00,65134,65339.7,65130.01,65299.4
2026-08-10 07:00:00,65299.4,65379.13,65196.53,65202.73
2026-08-10 08:00:00,65202.72,65328.73,65192,65245.58
2026-08-10 09:00:00,65245.59,65245.59,64958.87,64967.24
2026-08-10 10:00:00,64967.25,65074.61,64967.24,65013.06
2026-08-10 11:00:00,65013.07,65130.16,64977.93,65125.98
2026-08-10 12:00:00,65125.99,65237.8,64850,64870.75
2026-08-10 13:00:00,64870.74,64973.72,64518.01,64561.98
2026-08-10 14:00:00,64561.98,64888.32,64544.01,64625.77
2026-08-10 15:00:00,64625.77,64711.43,64203.15,64299.99
2026-08-10 16:00:00,64299.99,64354,63830.57,63904.65
2026-08-10 17:00:00,63904.65,64027.12,63832,63953.04
2026-08-10 18:00:00,63953.04,64020.64,63806.27,63889.39
2026-08-10 19:00:00,63889.39,64101.34,63888.01,64045.7
2026-08-10 20:00:00,64045.7,64215.21,64023.06,64158.5
2026-08-10 21:00:00,64158.49,64158.5,63987,63987
2026-08-10 22:00:00,63987,64055.95,63944,64016
2026-08-10 23:00:00,64015.99,64020,63920.69,63970.01
2026-08-11 00:00:00,63970.01,64058,63895.64,64040
2026-08-11 01:00:00,64040.01,64080.1,63958.2,64060.8
2026-08-11 02:00:00,64060.8,64086,64030,64044.59
2026-08-11 03:00:00,64044.6,64176,64044.59,64155.01
2026-08-11 04:00:00,64155,64159.65,64021.02,64023.51
2026-08-11 05:00:00,64023.51,64051.93,63964,64000
2026-08-11 06:00:00,64000,64050.43,63852,63969.28
2026-08-11 07:00:00,63969.29,64108,63911.09,64065.99
2026-08-11 08:00:00,64066,64148.78,64044.72,64136.41
2026-08-11 09:00:00,64136.41,64300,64121.51,64300
2026-08-11 10:00:00,64300,64312.7,64200,64233.23
2026-08-11 11:00:00,64233.23,64400,64233.23,64389.57
2026-08-11 12:00:00,64389.58,64515.43,64274.57,64330.01
2026-08-11 13:00:00,64330,64368.42,64050,64200.28
2026-08-11 14:00:00,64200.29,64263.83,63714.75,63770.03
2026-08-11 15:00:00,63770.03,63868,63451,63609.87
2026-08-11 16:00:00,63609.86,63660,63459.54,63512.59
2026-08-11 17:00:00,63512.59,63632.94,63461.88,63607.88
2026-08-11 18:00:00,63607.87,63626.03,63251.59,63373.07
2026-08-11 19:00:00,63373.07,63536,63238,63536
2026-08-11 20:00:00,63536,63748.37,63536,63740
2026-08-11 21:00:00,63740,63768.58,63622,63672.73
2026-08-11 22:00:00,63672.73,63768,63626.25,63668.49
2026-08-11 23:00:00,63668.5,63668.5,63543.55,63600
2026-08-12 00:00:00,63600.01,63745.53,63534.01,63742.07
2026-08-12 01:00:00,63742.07,63855.5,63698.18,63813.8
2026-08-12 02:00:00,63813.8,63908.01,63730.72,63749.76
2026-08-12 03:00:00,63749.77,63845.91,63709.85,63835.59
2026-08-12 04:00:00,63835.58,63891.42,63739.99,63769.58
2026-08-12 05:00:00,63769.58,63869.56,63724.25,63849.94
2026-08-12 06:00:00,63849.94,63849.94,63606.15,63711.97
2026-08-12 07:00:00,63711.97,63838,63644.1,63837.99
2026-08-12 08:00:00,63838,63867.2,63773.98,63794.94
2026-08-12 09:00:00,63794.95,64130.47,63768.01,64108.81
2026-08-12 10:00:00,64108.82,64218,64059.99,64143.36
2026-08-12 11:00:00,64143.36,64249.5,64113.5,64240.04
2026-08-12 12:00:00,64240.04,64500,63976.37,64119.71
2026-08-12 13:00:00,64119.72,64159.36,63840,63840
2026-08-12 14:00:00,63840,63926.13,63362.74,63363.39
2026-08-12 15:00:00,63363.39,63570.01,63316,63441.47
2026-08-12 16:00:00,63441.48,63578,63368.35,63492.12
2026-08-12 17:00:00,63492.12,63556,63416.4,63471
2026-08-12 18:00:00,63470.99,63522.56,63373.97,63386.59
2026-08-12 19:00:00,63386.58,63465.13,63310.34,63421.11
2026-08-12 20:00:00,63421.11,63600,63421.11,63599.99
2026-08-12 21:00:00,63600,63661.24,63421.61,63469.83
2026-08-12 22:00:00,63469.84,63536,63370,63432.28
2026-08-12 23:00:00,63432.28,63482.89,63378.23,63479.99
2026-08-13 00:00:00,63479.99,63717.31,63460.32,63556.92
2026-08-13 01:00:00,63556.91,63631.67,63382.45,63456.11
2026-08-13 02:00:00,63456.1,63582,63380,63550.01
2026-08-13 03:00:00,63550.01,63686.4,63514.21,63646.99
2026-08-13 04:00:00,63647,63778,63591.56,63693.74
2026-08-13 05:00:00,63693.73,64010,63671.64,63878
2026-08-13 06:00:00,63878.01,63942.36,63757.47,63942.35
2026-08-13 07:00:00,63942.36,63947.09,63856.13,63865.84
2026-08-13 08:00:00,63865.84,63915,63742,63766.8
2026-08-13 09:00:00,63766.8,63786.49,63587.99,63782.64
2026-08-13 10:00:00,63782.65,63818.16,63586,63651.19
2026-08-13 11:00:00,63651.2,63660.76,63350,63484.3
2026-08-13 12:00:00,63484.31,63710,63450,63697.76
2026-08-13 13:00:00,63697.76,63850,63566,63724
2026-08-13 14:00:00,63723.99,63999,63686,63859.45
2026-08-13 15:00:00,63859.46,63940.08,63420,63420.01
2026-08-13 16:00:00,63420.01,63568.97,62802.27,63160.13
2026-08-13 17:00:00,63160.13,63294.61,63074.44,63144.38
2026-08-13 18:00:00,63144.37,63369.63,63105.44,63310
2026-08-13 19:00:00,63310,63519.39,63310,63407.99
2026-08-13 20:00:00,63408,63474.34,63368,63415.55
2026-08-13 21:00:00,63415.56,63500,63390,63474
2026-08-13 22:00:00,63474,63640,63473.99,63530.01
2026-08-13 23:00:00,63530.01,63539.03,63400,63490.86
2026-08-14 00:00:00,63490.86,63552.99,63410,63541.45
2026-08-14 01:00:00,63541.45,63585.92,63458,63575.86
2026-08-14 02:00:00,63575.86,63617.45,63465.38,63465.39
2026-08-14 03:00:00,63465.39,63576,63301.58,63310
2026-08-14 04:00:00,63310,63472.5,63276,63372.56
2026-08-14 05:00:00,63372.56,63400.3,63286.67,63379.83
2026-08-14 06:00:00,63379.83,63379.83,62942,62974.14
2026-08-14 07:00:00,62974.14,63110,62920,62920.78
2026-08-14 08:00:00,62920.78,62997.83,62700,62940.01
2026-08-14 09:00:00,62940.01,62940.01,62744,62792.75
2026-08-14 10:00:00,62792.75,62946,62739.98,62814.14
2026-08-14 11:00:00,62814.14,62936.82,62814,62868.83
2026-08-14 12:00:00,62868.83,62913.3,62726.26,62741.69
2026-08-14 13:00:00,62741.68,62822.33,62605,62668
2026-08-14 14:00:00,62668,62797.88,62535.24,62620.01
2026-08-14 15:00:00,62620.01,63089.18,62612,62990.95
2026-08-14 16:00:00,62990.94,63215.58,62966.86,63133.48
2026-08-14 17:00:00,63133.49,63247.05,63000,63013.69
2026-08-14 18:00:00,63013.7,63088.21,62894.85,62930.01
2026-08-14 19:00:00,62930.01,62996,62830,62968.05
2026-08-14 20:00:00,62968.06,63020.74,62896.85,62907.59
2026-08-14 21:00:00,62907.59,62937.22,62873.25,62928.49
2026-08-14 22:00:00,62928.49,62957.28,62800,62886.88
2026-08-14 23:00:00,62886.87,63066.13,62865.03,63043.56
2026-08-15 00:00:00,63043.56,63059.5,62992.91,63019.88
2026-08-15 01:00:00,63019.89,63051.78,62993.57,63045.13
2026-08-15 02:00:00,63045.14,63134.82,63035.95,63134.41
2026-08-15 03:00:00,63134.41,63187.98,63039.99,63051.25
2026-08-15 04:00:00,63051.25,63151.65,63051.25,63122
2026-08-15 05:00:00,63122.01,63155.76,63039.99,63089
2026-08-15 06:00:00,63089,63134.84,63027.89,63114.68
2026-08-15 07:00:00,63114.68,63134.83,63042,63075.43
2026-08-15 08:00:00,63075.43,63085.8,62933.71,62935.72
2026-08-15 09:00:00,62935.72,63045.83,62920,63030.38
2026-08-15 10:00:00,63030.39,63051.74,63002.12,63046.1
2026-08-15 11:00:00,63046.1,63054.69,62996.85,63022.01
2026-08-15 12:00:00,63022.01,63055.36,62946.58,63050.13
2026-08-15 13:00:00,63050.12,63080.88,63028.11,63060.35
2026-08-15 14:00:00,63060.34,63060.35,62996.77,63040
2026-08-15 15:00:00,63040.01,63120.09,63032,63100.55
2026-08-15 16:00:00,63100.55,63124.99,63066.73,63096.63
2026-08-15 17:00:00,63096.62,63100.69,63066.21,63070.5
2026-08-15 18:00:00,63070.49,63115.58,63044.37,63057.58
2026-08-15 19:00:00,63057.58,63127.4,63057.57,63126.08
2026-08-15 20:00:00,63126.07,63126.08,63076.96,63103.29
2026-08-15 21:00:00,63103.29,63168.95,63103.29,63159.04
2026-08-15 22:00:00,63159.04,63175,63135.52,63135.52
2026-08-15 23:00:00,63135.52,63139.96,63086,63086.01
2026-08-16 00:00:00,63086.01,63086.01,63061.47,63085.82
2026-08-16 01:00:00,63085.81,63085.82,63012,63084.78
2026-08-16 02:00:00,63084.78,63151.59,63024.22,63121.91
2026-08-16 03:00:00,63121.92,63130.01,63115.61,63130
2026-08-16 04:00:00,63130.01,63158.8,63090,63090.01
2026-08-16 05:00:00,63090,63094,63040,63069.43
2026-08-16 06:00:00,63069.43,63083.79,63043.21,63069.31
2026-08-16 07:00:00,63069.32,63069.32,63054.34,63061.02
2026-08-16 08:00:00,63061.03,63079.76,63061.02,63072.42
2026-08-16 09:00:00,63072.43,63072.43,62968.45,62992.69
2026-08-16 10:00:00,62992.68,63013.62,62968.45,63008.57
2026-08-16 11:00:00,63008.56,63013.66,62981.93,63013.66
2026-08-16 12:00:00,63013.66,63025.42,62997.77,63021.98
2026-08-16 13:00:00,63021.99,63070.05,63021.98,63060.01
2026-08-16 14:00:00,63060.01,63102.86,63060,63102.85
2026-08-16 15:00:00,63102.86,63146.4,63102.86,63146.39
2026-08-16 16:00:00,63146.39,63390,63137.35,63260.01
2026-08-16 17:00:00,63260,63276.61,63120.22,63159.3
2026-08-16 18:00:00,63159.31,63173.71,63120,63140.06
2026-08-16 19:00:00,63140.05,63230,63100.89,63108.81
2026-08-16 20:00:00,63108.8,63140,63027.6,63067.79
2026-08-16 21:00:00,63067.79,63085.15,62754,62929.61
2026-08-16 22:00:00,62929.61,62954,62716,62913.7
2026-08-16 23:00:00,62913.7,62993.77,62830,62900
2026-08-17 00:00:00,62900,62956,62751.1,62917.54
2026-08-17 01:00:00,62917.54,63246.91,62896,63116.12
2026-08-17 02:00:00,63116.12,63500,63037.09,63403.34
2026-08-17 03:00:00,63403.33,63520,63339.78,63429.21
2026-08-17 04:00:00,63429.21,63580,63429.21,63532.44
2026-08-17 05:00:00,63532.43,63594.76,63446.59,63520.18
2026-08-17 06:00:00,63520.18,63717.17,63477.95,63667.99
2026-08-17 07:00:00,63668,63668,63500,63514.45
2026-08-17 08:00:00,63514.45,63545.08,63350,63380.84
2026-08-17 09:00:00,63380.83,63428,63295,63323.96
2026-08-17 10:00:00,63323.97,63694.26,63300.25,63692.21
2026-08-17 11:00:00,63692.2,63781.69,63587.05,63631.1
2026-08-17 12:00:00,63631.11,63680,63533.06,63554.69
2026-08-17 13:00:00,63554.7,63799.64,63444.17,63672.36
2026-08-17 14:00:00,63672.37,63904.76,63588,63902.63
2026-08-17 15:00:00,63902.63,64227.27,63812.35,64200
2026-08-17 16:00:00,64200,64216.42,64058,64115.76
2026-08-17 17:00:00,64115.76,64425,63979.3,64325.99
2026-08-17 18:00:00,64325.99,64610.01,64280.49,64428.87
2026-08-17 19:00:00,64428.88,64428.88,64288.35,64309.96
2026-08-17 20:00:00,64309.95,64434,64266,64392.73
2026-08-17 21:00:00,64392.72,64434.76,64296,64382.02
2026-08-17 22:00:00,64382.02,64416,64283.49,64291.25
2026-08-17 23:00:00,64291.26,64578,64288.24,64532.1
2026-08-18 00:00:00,64532.11,64568.46,64367.27,64383.71
2026-08-18 01:00:00,64383.72,64387.71,64156,64200.06
2026-08-18 02:00:00,64200.06,64272,64048,64103.22
2026-08-18 03:00:00,64103.22,64195.45,64047.73,64185.01
2026-08-18 04:00:00,64185,64250.69,64090,64210.32
2026-08-18 05:00:00,64210.33,64276,64140,64242.76
2026-08-18 06:00:00,64242.76,64446,64170,64318.03
2026-08-18 07:00:00,64318.03,64350,64164,64198.97
2026-08-18 08:00:00,64198.97,64336,64087.98,64296.02
2026-08-18 09:00:00,64296.01,64296.01,64140,64171.95
2026-08-18 10:00:00,64171.95,64216,64123.42,64202.8
2026-08-18 11:00:00,64202.81,64402.35,64192.42,64351.19
2026-08-18 12:00:00,64351.18,64355.64,64218.45,64230.02
2026-08-18 13:00:00,64230.02,64284,64027.85,64219.99
2026-08-18 14:00:00,64219.99,65058.81,64219.99,64714.16
2026-08-18 15:00:00,64714.16,64888,64652,64855.06
2026-08-18 16:00:00,64855.06,64891.81,64675.5,64840
2026-08-18 17:00:00,64840,64840.01,64670.02,64670.02
2026-08-18 18:00:00,64670.02,64822,64656,64772
2026-08-18 19:00:00,64771.99,64796,64642.36,64643.26
2026-08-18 20:00:00,64643.27,64654.87,64568,64582.39
2026-08-18 21:00:00,64582.38,64653.97,64571.48,64604.58
2026-08-18 22:00:00,64604.58,64648,64562.25,64634
2026-08-18 23:00:00,64634,64780,64631.15,64725.42
2026-08-19 00:00:00,64725.42,64736.27,64488,64488
2026-08-19 01:00:00,64488,64551.47,64389.27,64400.48
2026-08-19 02:00:00,64400.47,64414.65,64350,64351.9
2026-08-19 03:00:00,64351.86,64414,64278,64330.71
2026-08-19 04:00:00,64330.7,64391.8,64293.43,64316.22
2026-08-19 05:00:00,64316.22,64409.93,64236,64236.01
2026-08-19 06:00:00,64236.01,64344,64166,64339.8
2026-08-19 07:00:00,64339.8,64395.78,64271.78,64296
2026-08-19 08:00:00,64296.01,64510.95,64255,64413.95
2026-08-19 09:00:00,64413.95,64470.66,64360.7,64427.06
2026-08-19 10:00:00,64427.07,64456.71,64373.24,64456.71
2026-08-19 11:00:00,64456.71,64539.05,64454.99,64515.63
2026-08-19 12:00:00,64515.62,64988,64474.86,64882.15
2026-08-19 13:00:00,64882.15,65217.86,64793.29,65012.12
2026-08-19 14:00:00,65012.12,65970,65012.11,65923.21
2026-08-19 15:00:00,65923.21,69500,65892,68554
2026-08-19 16:00:00,68554,68997,68416.36,68465.27
2026-08-19 17:00:00,68465.26,68546.22,67825.03,68197.29
2026-08-19 18:00:00,68197.3,68453.43,68042,68395.99
2026-08-19 19:00:00,68396,68483.52,68103.71,68429.44
2026-08-19 20:00:00,68429.44,69579.99,68390,69048.06
2026-08-19 21:00:00,69048.06,70000,68984.78,69709.46
2026-08-19 22:00:00,69709.47,69833.99,68980,69258.9
2026-08-19 23:00:00,69258.9,69453.88,69160,69334.79
2026-08-20 00:00:00,69334.78,69793.21,69314.01,69420
2026-08-20 01:00:00,69420,69894.5,69283.25,69721.92
2026-08-20 02:00:00,69721.92,69824,69268,69301.27
2026-08-20 03:00:00,69301.27,69340,68902.22,69195.64
2026-08-20 04:00:00,69195.64,69599.01,69166,69492.01
2026-08-20 05:00:00,69492,69668,69349.16,69406.54
2026-08-20 06:00:00,69406.53,69927.97,69336.97,69851.99
2026-08-20 07:00:00,69851.99,70022,69506.91,69816.45
2026-08-20 08:00:00,69816.45,71826.26,69772.36,71592.1
2026-08-20 09:00:00,71592.11,72067.46,71500,71789.97
2026-08-20 10:00:00,71789.97,72490,71686.58,71995.99
2026-08-20 11:00:00,71995.99,72322,71820,71927.07
2026-08-20 12:00:00,71927.07,72015.42,71501,71952.04
2026-08-20 13:00:00,71952.04,72108.8,71132,71691.99
2026-08-20 14:00:00,71692,71990.09,71364.01,71826.85
2026-08-20 15:00:00,71826.85,72830,71789.01,72470.83
2026-08-20 16:00:00,72470.84,72905,72205.88,72837.15
2026-08-20 17:00:00,72837.15,72966,72534.71,72737.5
2026-08-20 18:00:00,72737.51,72810,72394,72431.36
2026-08-20 19:00:00,72431.35,72774,72330,72690.76
2026-08-20 20:00:00,72690.76,73110.7,72594,72671.75
2026-08-20 21:00:00,72671.76,72848,72557,72741.81
2026-08-20 22:00:00,72741.81,72878,72498,72676.22
2026-08-20 23:00:00,72676.23,73400,72664.56,73025.15
2026-08-21 00:00:00,73027.02,73990,73027.02,73708.02
2026-08-21 01:00:00,73707.82,75785.82,73668,75129.23
2026-08-21 02:00:00,75129.23,75197.08,74384.63,74439.74
2026-08-21 03:00:00,74439.75,74882.24,74247.46,74510.77
2026-08-21 04:00:00,74510.77,75054.46,74510.77,75026
2026-08-21 05:00:00,75026,75500,74918.79,75472.73
2026-08-21 06:00:00,75472.73,75753,75104,75646.21
2026-08-21 07:00:00,75646.2,76916.95,75620,76308.65
2026-08-21 08:00:00,76308.66,79500,76235.76,79258.03
2026-08-21 09:00:00,79258.02,79363.79,77251,77910.71
2026-08-21 10:00:00,77910.71,78250,77621.8,77810.02
2026-08-21 11:00:00,77810.01,77855.78,76411.38,76722.32
2026-08-21 12:00:00,76722.31,77477.24,76538,77223.66
2026-08-21 13:00:00,77223.66,77700,76243.04,77266.87
2026-08-21 14:00:00,77266.88,77448.26,76552.74,77384.68
2026-08-21 15:00:00,77384.69,77871.33,77170,77221.98
2026-08-21 16:00:00,77221.98,77563.53,76784.81,77486.01
2026-08-21 17:00:00,77486.01,77722.12,77189.95,77392.68
2026-08-21 18:00:00,77392.69,77550,76643.72,77146
2026-08-21 19:00:00,77145.99,77360,76856.2,77028.94
2026-08-21 20:00:00,77028.94,77548.99,76863.56,77520.19
2026-08-21 21:00:00,77520.19,78675.1,77388,78505.15
2026-08-21 22:00:00,78505.14,78760.68,78081.8,78460.14
2026-08-21 23:00:00,78460.13,78720,78100.26,78338.03
2026-08-22 00:00:00,78338.03,78500,77683.37,77953.3
2026-08-22 01:00:00,77953.3,78234,77816.66,77830.01
2026-08-22 02:00:00,77830.01,78563.83,77791.19,78470
2026-08-22 03:00:00,78470,78828.15,78372,78410.98
2026-08-22 04:00:00,78410.98,78818,78207.61,78470
2026-08-22 05:00:00,78470,78584,76500,77380.75
2026-08-22 06:00:00,77380.75,77572.16,76985.14,77486.09
2026-08-22 07:00:00,77486.09,77669.28,77220,77289.18
2026-08-22 08:00:00,77289.18,77445.6,77037.42,77210.55
2026-08-22 09:00:00,77210.55,77395.04,76851.25,77061.99
2026-08-22 10:00:00,77062,77187.46,76533.87,76976
2026-08-22 11:00:00,76976.01,77204.68,76772.05,77130.02
2026-08-22 12:00:00,77130.01,77387.99,77073.86,77300.27
2026-08-22 13:00:00,77300.27,77362.03,77116,77288.62
2026-08-22 14:00:00,77288.62,77305.14,76930,77003.62
2026-08-22 15:00:00,77003.62,77100.77,76880,76978.83
2026-08-22 16:00:00,76978.83,77547.96,76956.36,77288.01
2026-08-22 17:00:00,77288.01,77369.99,77066.66,77278.01
2026-08-22 18:00:00,77278.01,77360.92,77138,77257.86
2026-08-22 19:00:00,77257.87,77469.64,77206.53,77418.25
2026-08-22 20:00:00,77418.26,77467.53,77258,77311.69
2026-08-22 21:00:00,77311.69,77311.69,76828.78,76856.01
2026-08-22 22:00:00,76856,77155.46,76772,76997.76
2026-08-22 23:00:00,76997.77,77126.53,76900,77074.93
2026-08-23 00:00:00,77074.94,77359.53,77042.91,77302.65
2026-08-23 01:00:00,77302.65,77400,77158,77190.29
2026-08-23 02:00:00,77190.29,77232.55,77005.88,77079.46
2026-08-23 03:00:00,77079.46,77136.78,76837,76927.87
2026-08-23 04:00:00,76927.87,77036.58,76477.04,76602
2026-08-23 05:00:00,76602,76730.99,75545.67,76053.37
2026-08-23 06:00:00,76053.38,76357.51,75872.89,76096.95
2026-08-23 07:00:00,76096.96,76345.31,75907.82,76007.13
2026-08-23 08:00:00,76007.12,76654.78,75952.09,76486.49
2026-08-23 09:00:00,76486.49,76640.21,76467,76549.98
2026-08-23 10:00:00,76549.99,76924.29,76542,76790.35
2026-08-23 11:00:00,76790.35,77400,76744.94,77311.02
2026-08-23 12:00:00,77311.02,77311.99,76975.63,77206
2026-08-23 13:00:00,77206.01,77765.8,77192.21,77487.62
2026-08-23 14:00:00,77487.62,77640.58,76802,77186
2026-08-23 15:00:00,77186,77336.93,76913.49,77156.13
2026-08-23 16:00:00,77156.14,77475,77156.13,77429.88
2026-08-23 17:00:00,77429.87,77443.95,77148.2,77176.41
2026-08-23 18:00:00,77176.41,77415.33,77116,77341.98
2026-08-23 19:00:00,77341.99,77487.04,77255.99,77346.01
2026-08-23 20:00:00,77346,77460,77200.03,77401.6
2026-08-23 21:00:00,77401.59,78052.85,77401.59,77833.23
2026-08-23 22:00:00,77833.23,77979,77560.02,77598.88
2026-08-23 23:00:00,77598.87,77829.7,77290.22,77734
2026-08-24 00:00:00,77734,77742,77142.85,77679.5
2026-08-24 01:00:00,77679.51,77717.28,76918,76922.1
2026-08-24 02:00:00,76922.11,77545.08,76883.61,77478.69
2026-08-24 03:00:00,77478.7,77532.37,76933,76933.02
2026-08-24 04:00:00,76933.02,77247.12,76670.01,76897.44
2026-08-24 05:00:00,76897.44,77226.93,76842.72,77149.4
2026-08-24 06:00:00,77149.39,77525.09,77071,77464.33
2026-08-24 07:00:00,77464.33,77790.19,77281.68,77307.15
2026-08-24 08:00:00,77307.14,77414.88,76838,77041.47
2026-08-24 09:00:00,77041.46,77602.8,77028,77554.08
2026-08-24 10:00:00,77554.08,78017,77534.09,77617.22
2026-08-24 11:00:00,77617.23,78600,77450,78443.65
2026-08-24 12:00:00,78443.65,79326.48,77982,79159.99
2026-08-24 13:00:00,79159.98,79450,77851.9,78597.99
2026-08-24 14:00:00,78597.99,79841.12,78597.99,79510.92
2026-08-24 15:00:00,79510.93,80000,78824.78,79100.01
2026-08-24 16:00:00,79100.01,79877.87,78901.1,79047.6
2026-08-24 17:00:00,79047.61,79198,78468.61,78761.14
2026-08-24 18:00:00,78761.14,79084.22,78718.01,78928.35
2026-08-24 19:00:00,78928.35,79118.42,78600,78758
2026-08-24 20:00:00,78757.99,78996,78560,78932.33
2026-08-24 21:00:00,78932.33,79049.4,78853.43,78984.23
2026-08-24 22:00:00,78984.23,78988,78692,78740
2026-08-24 23:00:00,78740,79017.76,78622.13,78992.75
2026-08-25 00:00:00,78992.76,79888,78715.63,79739.99
2026-08-25 01:00:00,79739.99,79985.41,79478,79828
2026-08-25 02:00:00,79828,81272.62,79742,80649.63
2026-08-25 03:00:00,80649.62,80956,80314.31,80488.01
2026-08-25 04:00:00,80488.01,80608,80150,80363.73
2026-08-25 05:00:00,80363.74,80821.53,80322,80731.9
2026-08-25 06:00:00,80731.9,80923.69,80420,80574.09
2026-08-25 07:00:00,80574.09,80819.67,79369.17,79705.79
2026-08-25 08:00:00,79705.79,80249,79622,79930.77
2026-08-25 09:00:00,79930.76,79958,78888,79187.2
2026-08-25 10:00:00,79187.2,79484.01,78992,79309.63
2026-08-25 11:00:00,79309.63,79463.59,79044.18,79117.99
2026-08-25 12:00:00,79118,79171.88,78640,78980
2026-08-25 13:00:00,78980.01,79222,78120.74,78647.99
2026-08-25 14:00:00,78648,79386.94,78531.55,79235.99
2026-08-25 15:00:00,79236,79527.09,79020.04,79502.01
2026-08-25 16:00:00,79502.01,79563.71,79067.72,79156.02
2026-08-25 17:00:00,79156.02,79256.08,78752.06,79240.01
2026-08-25 18:00:00,79240.02,79380,79048.44,79128
2026-08-25 19:00:00,79128.01,79233.57,78728.35,78925.95
2026-08-25 20:00:00,78925.96,78976,78165.27,78206.13
2026-08-25 21:00:00,78206.14,78664,77851,78570
2026-08-25 22:00:00,78569.99,79000,78569.99,78889.51
2026-08-25 23:00:00,78889.51,78977.49,78396.88,78539.14
2026-08-26 00:00:00,78539.13,78721.48,78312,78631.79
2026-08-26 01:00:00,78631.7,78960,78607.29,78815.13
2026-08-26 02:00:00,78815.13,79251.6,78748.56,79108
2026-08-26 03:00:00,79108.01,79184,78900,79088.62
2026-08-26 04:00:00,79088.61,79200,78790.68,78826
2026-08-26 05:00:00,78826,79143.62,78638,79085.98
2026-08-26 06:00:00,79085.98,79206,78816,78947.92
2026-08-26 07:00:00,78947.92,79096,78867,78925.56
2026-08-26 08:00:00,78925.57,79119.37,78600,78707.59
2026-08-26 09:00:00,78707.59,78877.02,78244.83,78444.49
2026-08-26 10:00:00,78444.5,78879.75,78291.09,78727.45
2026-08-26 11:00:00,78727.46,78782,78317,78487.26
2026-08-26 12:00:00,78487.26,78713.79,77918.25,78319.59
2026-08-26 13:00:00,78319.58,78554,77913.19,78448.66
2026-08-26 14:00:00,78448.66,78603.41,77774,77790.48
2026-08-26 15:00:00,77790.48,78167.26,77632.58,78011.65
2026-08-26 16:00:00,78011.64,78161.73,77858,77991.3
2026-08-26 17:00:00,77991.29,78603,77991.29,78442.83
2026-08-26 18:00:00,78442.84,78650.26,78280.01,78472.41
2026-08-26 19:00:00,78472.41,78572,78292,78475.49
2026-08-26 20:00:00,78475.49,78521.7,78200,78452.04
2026-08-26 21:00:00,78452.04,78845.06,78392.19,78724.01
2026-08-26 22:00:00,78724,78975.85,78554,78700
2026-08-26 23:00:00,78700,79174.12,78654,79023.75
2026-08-27 00:00:00,79023.75,79028.49,78690.01,78690.01
2026-08-27 01:00:00,78690.02,79017.99,78546.13,78898.67
2026-08-27 02:00:00,78898.68,78978,78704.62,78717.76
2026-08-27 03:00:00,78717.76,78990,78643.23,78830.68
2026-08-27 04:00:00,78830.68,78900,78684.18,78783.99
2026-08-27 05:00:00,78783.99,78928,78600,78912.55
2026-08-27 06:00:00,78912.54,78912.55,78604.78,78817.49
2026-08-27 07:00:00,78817.5,79095.99,78754,79082.17
2026-08-27 08:00:00,79082.18,80022,79048,79755.99
2026-08-27 09:00:00,79756,80520,79683.09,79986
2026-08-27 10:00:00,79986,80158.15,79342,79626
2026-08-27 11:00:00,79625.99,79766.3,79172.65,79477.67
2026-08-27 12:00:00,79477.66,79596,79266,79282.31
2026-08-27 13:00:00,79282.31,79568,78920,79533.15
2026-08-27 14:00:00,79533.16,80388,79354.47,80204.05
2026-08-27 15:00:00,80204.06,80799.91,80094,80302.32
2026-08-27 16:00:00,80302.32,80624,80189.39,80374
2026-08-27 17:00:00,80374,80848.74,80230,80442.46
2026-08-27 18:00:00,80442.47,80442.47,79749.7,80150.69
2026-08-27 19:00:00,80150.69,80294.11,79886,79910.19
2026-08-27 20:00:00,79910.19,80120,79882.86,80096
2026-08-27 21:00:00,80096,80184,79975.74,80184
2026-08-27 22:00:00,80184,80432.36,80150,80303.21
2026-08-27 23:00:00,80303.21,80393.6,80134,80249.58
2026-08-28 00:00:00,80249.59,80705.37,80153.99,80576
2026-08-28 01:00:00,80575.99,81478.87,80434.15,80500.38
2026-08-28 02:00:00,80500.38,80500.38,79723.02,79926.11
2026-08-28 03:00:00,79926.11,80060.01,79775.61,79810.49
2026-08-28 04:00:00,79810.48,79970.5,79603.81,79643.81
2026-08-28 05:00:00,79643.8,79872.6,79558.11,79686
2026-08-28 06:00:00,79686,79999,79685.99,79904.21
2026-08-28 07:00:00,79904.21,79904.21,79573.36,79660
2026-08-28 08:00:00,79660,79840,79480,79516.78
2026-08-28 09:00:00,79516.77,79516.78,79259.43,79285.19
2026-08-28 10:00:00,79285.19,79571.99,79001.01,79565.89
2026-08-28 11:00:00,79565.9,79770.29,79555.22,79604.13
2026-08-28 12:00:00,79604.12,79727.36,79306.11,79421.05
2026-08-28 13:00:00,79421.04,79635.01,79034.56,79330.75
2026-08-28 14:00:00,79330.34,79706.64,78423.03,79542.44
2026-08-28 15:00:00,79542.44,79838.73,78312.64,78331.13
2026-08-28 16:00:00,78331.13,78404,76888,77788.46
2026-08-28 17:00:00,77788.45,78131.86,77642.78,77904
2026-08-28 18:00:00,77904,77935.5,77270,77554
2026-08-28 19:00:00,77554,77797.35,77376,77580.03
2026-08-28 20:00:00,77580.03,77609.83,77310.24,77407.34
2026-08-28 21:00:00,77407.34,77537.33,77255.69,77364
2026-08-28 22:00:00,77364,77773.2,77342,77758.69
2026-08-28 23:00:00,77758.69,77846.72,77640.74,77845.87
2026-08-29 00:00:00,77845.88,77963.92,77722,77733.63
2026-08-29 01:00:00,77733.63,77849.29,77631.28,77794.11
2026-08-29 02:00:00,77794.11,77829.72,77584.53,77671.18
2026-08-29 03:00:00,77671.18,77731.43,77507.16,77507.17
2026-08-29 04:00:00,77507.17,77678.67,77507.17,77648.91
2026-08-29 05:00:00,77648.91,77716.12,77604.06,77632.53
2026-08-29 06:00:00,77632.52,77632.53,77382.37,77466.82
2026-08-29 07:00:00,77466.83,77672,77438.01,77626.01
2026-08-29 08:00:00,77626.01,77634,77487.73,77633.99
2026-08-29 09:00:00,77634,77754.23,77566.01,77650.03
2026-08-29 10:00:00,77650.02,77732,77526,77635.17
2026-08-29 11:00:00,77635.17,77724.99,77573.32,77584.67
2026-08-29 12:00:00,77584.66,77657.99,77506.63,77583.74
2026-08-29 13:00:00,77583.74,77722,77559.45,77704.32
2026-08-29 14:00:00,77704.32,78150,77663.83,78014.37
2026-08-29 15:00:00,78014.37,78014.37,77806.9,77865.36
2026-08-29 16:00:00,77865.36,78130.43,77858.29,78027.17
2026-08-29 17:00:00,78027.17,78100,77896,78100
2026-08-29 18:00:00,78099.99,78250,78018.02,78158.01
2026-08-29 19:00:00,78158.01,78330,78138.87,78182
2026-08-29 20:00:00,78181.99,78298,78117.95,78129.92
2026-08-29 21:00:00,78129.92,78198,78062,78161.63
2026-08-29 22:00:00,78161.62,78239.4,78086,78228.34
2026-08-29 23:00:00,78228.33,78283.7,78190,78230
2026-08-30 00:00:00,78230,78330,78147.17,78179.86
2026-08-30 01:00:00,78179.86,78190,77994.02,78081.5
2026-08-30 02:00:00,78081.49,78178.02,78014.74,78106.01
2026-08-30 03:00:00,78106,78233.7,78065.99,78144.68
2026-08-30 04:00:00,78144.68,78220,77990,78109.75
2026-08-30 05:00:00,78109.74,78214,78109.74,78127.71
2026-08-30 06:00:00,78127.72,78310.71,78106.07,78280.34
2026-08-30 07:00:00,78280.34,78291.27,78118,78118
2026-08-30 08:00:00,78118,78207.22,78034,78074.01
2026-08-30 09:00:00,78074.01,78118.87,77986,78000.01
2026-08-30 10:00:00,78000.01,78145.29,77962.49,78145.29
2026-08-30 11:00:00,78145.29,78242,78117.11,78166
2026-08-30 12:00:00,78165.99,78850.81,78165.99,78785.06
2026-08-30 13:00:00,78785.06,78966.76,78590.14,78860
2026-08-30 14:00:00,78860.01,78945.94,78722,78783.71
2026-08-30 15:00:00,78783.7,78912.94,78626,78823.63
2026-08-30 16:00:00,78823.62,79400,78750,79337.93
2026-08-30 17:00:00,79337.93,79337.93,78774.85,79021.02
2026-08-30 18:00:00,79021.02,79181.99,78776,79036.69
2026-08-30 19:00:00,79036.68,79041.96,78721.98,78856.39
2026-08-30 20:00:00,78856.39,78931.49,78438.23,78597.33
2026-08-30 21:00:00,78597.32,78733.77,78229.82,78653
2026-08-30 22:00:00,78653,78804,78280,78422.01
2026-08-30 23:00:00,78422.01,78454,77000,77682
2026-08-31 00:00:00,77682,78185.89,77436.4,77937.04
2026-08-31 01:00:00,77937.03,77993.03,77565.08,77640.94
2026-08-31 02:00:00,77640.93,78000,77392,77473.99
2026-08-31 03:00:00,77474,77872,77394,77756.71
2026-08-31 04:00:00,77756.7,77769.11,77458.83,77622.28
2026-08-31 05:00:00,77622.29,78156.78,77514,78016
2026-08-31 06:00:00,78016.01,78156.77,77864.16,78093.87
2026-08-31 07:00:00,78093.88,78322.56,78034.01,78196.01
2026-08-31 08:00:00,78196.01,78521.89,77982,78480.8
2026-08-31 09:00:00,78480.79,78802,78396.35,78511.03
2026-08-31 10:00:00,78511.03,78732,78316.91,78710.01
2026-08-31 11:00:00,78710.02,78710.02,78302,78315.43
2026-08-31 12:00:00,78315.43,78543.86,77675.04,77930.39
2026-08-31 13:00:00,77930.4,78282,77716.75,77867.39
2026-08-31 14:00:00,77867.39,78686.94,77746.6,78600.14
2026-08-31 15:00:00,78601.93,78777.9,78212.3,78580.42
2026-08-31 16:00:00,78580.43,78884.48,78524,78639.57
2026-08-31 17:00:00,78639.57,79019.86,78494,78897.36
2026-08-31 18:00:00,78897.35,79212,78779.24,79016
2026-08-31 19:00:00,79016.01,79250,78851.93,78898.06
2026-08-31 20:00:00,78898.06,79172,78784.32,78864.72
2026-08-31 21:00:00,78864.73,79071.12,78732.22,78964.32
2026-08-31 22:00:00,78964.33,79015.83,78579.3,78593.15
2026-08-31 23:00:00,78593.15,78593.61,78405.01,78581.29
2026-09-01 00:00:00,78581.3,78900.01,78562,78652
2026-09-01 01:00:00,78652,78797.99,78375.83,78410.62
2026-09-01 02:00:00,78410.62,78457.55,78189.93,78449.99
2026-09-01 03:00:00,78449.99,78874,78400.18,78679.01
2026-09-01 04:00:00,78679.01,78915.09,78653.96,78727.11
2026-09-01 05:00:00,78727.11,79220.61,78727.11,79179.99
2026-09-01 06:00:00,79179.99,79179.99,78745.38,78745.39
2026-09-01 07:00:00,78745.39,78806,78500,78632.37
2026-09-01 08:00:00,78632.37,78658.01,77820,77883.28
2026-09-01 09:00:00,77883.28,78062.24,77786.18,77915
2026-09-01 10:00:00,77915,78196,77758.69,78029.67
2026-09-01 11:00:00,78029.67,78202.52,77890,78098.97
2026-09-01 12:00:00,78098.96,78156,77742.01,78004
2026-09-01 13:00:00,78004.01,78202,77510,78071.99
2026-09-01 14:00:00,78072,78424,78052,78167.99
2026-09-01 15:00:00,78168,78169.69,77727.61,77919.06
2026-09-01 16:00:00,77919.07,77976,77318,77596.01
2026-09-01 17:00:00,77596.01,77721.26,77241.12,77265.79
2026-09-01 18:00:00,77265.79,77319.64,76420,77153.9
2026-09-01 19:00:00,77153.89,77466.55,77112,77312
2026-09-01 20:00:00,77312,77471.9,77236.48,77448.45
2026-09-01 21:00:00,77448.46,77516.3,76920.36,77211.32
2026-09-01 22:00:00,77211.32,77364.01,77030,77274.02
2026-09-01 23:00:00,77274.02,77638.18,77218,77439
2026-09-02 00:00:00,77439.01,77512,77132,77213.25
2026-09-02 01:00:00,77213.24,77372,76718.48,77020.68
2026-09-02 02:00:00,77020.67,77343.74,76948.97,77329.2
2026-09-02 03:00:00,77329.2,77792,77314.51,77563.5
2026-09-02 04:00:00,77563.5,77612.84,77294.56,77561.82
2026-09-02 05:00:00,77561.82,77761.93,77438,77651.07
2026-09-02 06:00:00,77651.08,77724,77462,77611.54
2026-09-02 07:00:00,77611.53,77765.99,77473.84,77473.85
2026-09-02 08:00:00,77473.86,77546,76746.81,76854.11
2026-09-02 09:00:00,76854.11,77049.4,76484.64,76752.26
2026-09-02 10:00:00,76752.26,76753.83,76264,76680.88
2026-09-02 11:00:00,76680.88,76848.73,76356,76828.76
2026-09-02 12:00:00,76828.75,77049.4,76611.67,76613.88
2026-09-02 13:00:00,76613.87,77443.61,76613.87,77146
2026-09-02 14:00:00,77146,77490,77010.24,77066.42
2026-09-02 15:00:00,77066.42,77386,76748.01,77288.98
2026-09-02 16:00:00,77288.97,77582,77171.5,77171.5
2026-09-02 17:00:00,77171.51,77406,76950.56,77381.66
2026-09-02 18:00:00,77381.65,77524,77296.52,77377.76
2026-09-02 19:00:00,77377.76,77416,77124,77341.47
2026-09-02 20:00:00,77341.48,77520,77207.47,77406.01
2026-09-02 21:00:00,77406,77431.78,77242,77284
2026-09-02 22:00:00,77284.01,77284.01,77023.11,77034.03
2026-09-02 23:00:00,77034.03,77372.62,77007.36,77340.01
2026-09-03 00:00:00,77340.01,77394,76980.01,77068.01
2026-09-03 01:00:00,77068,77546.8,76968,77356.7
2026-09-03 02:00:00,77356.69,77900,77238.89,77816.01
2026-09-03 03:00:00,77816.02,77880,77642.09,77708
2026-09-03 04:00:00,77708.01,77833.1,77547.16,77776
2026-09-03 05:00:00,77775.99,77829.8,77101.01,77809.91
2026-09-03 06:00:00,77809.91,77856.16,77698.75,77835.19
2026-09-03 07:00:00,77835.2,78183.91,77600,77663.15
2026-09-03 08:00:00,77663.14,78066,77663.14,77843.34
2026-09-03 09:00:00,77843.34,77975.46,77608,77615.24
2026-09-03 10:00:00,77615.25,77773.26,77478,77735.88
2026-09-03 11:00:00,77735.88,78004.94,77709.52,77948.39
2026-09-03 12:00:00,77948.39,78782.75,77896.07,78652.38
2026-09-03 13:00:00,78652.37,79000,78450.25,78840.52
2026-09-03 14:00:00,78840.52,80561,78704,80549.97
2026-09-03 15:00:00,80549.97,81370.33,80354.65,81348
2026-09-03 16:00:00,81348,81360,80613.52,80969.37
2026-09-03 17:00:00,80969.37,81188.17,80886,81042
2026-09-03 18:00:00,81042,81333.33,80904,81254.32
2026-09-03 19:00:00,81254.31,81790,81171.98,81755.41
2026-09-03 20:00:00,81755.41,81780,81392.74,81473
2026-09-03 21:00:00,81473,82300,81288,81590
2026-09-03 22:00:00,81590,81604.65,80905.05,81140
2026-09-03 23:00:00,81140,81338,81078,81270.37
2026-09-04 00:00:00,81270.37,81427.75,80960,80972.12
2026-09-04 01:00:00,80972.11,81097.92,80759.52,80968.01
2026-09-04 02:00:00,80968.01,80968.01,80669.45,80831.99
2026-09-04 03:00:00,80832,81021.8,80806,80850
2026-09-04 04:00:00,80850.01,81288,80820,81070.54
2026-09-04 05:00:00,81070.54,81143.3,80863.03,80996.15
2026-09-04 06:00:00,80996.15,81090,80573.21,80797.39
2026-09-04 07:00:00,80797.4,80966.75,80641.65,80656.87
2026-09-04 08:00:00,80656.86,81237,80502.87,81147.16
2026-09-04 09:00:00,81147.16,81310,80934.24,81056.63
2026-09-04 10:00:00,81056.63,81194,80831.14,81179.63
2026-09-04 11:00:00,81179.64,81423.03,81080.01,81224.86
2026-09-04 12:00:00,81224.86,81350,79177.77,79453.96
2026-09-04 13:00:00,79453.95,79704,79000,79378.67
2026-09-04 14:00:00,79378.66,79572,78660,78915.71
2026-09-04 15:00:00,78915.71,79555.32,78800,79429.33
2026-09-04 16:00:00,79429.33,79877.07,79378.19,79745.73
2026-09-04 17:00:00,79745.72,79752.92,79383,79472.22
2026-09-04 18:00:00,79472.22,79655.86,79472.22,79618.15
2026-09-04 19:00:00,79618.15,79819.99,79618.14,79793.34
2026-09-04 20:00:00,79793.35,79862.15,79667.99,79697.04
2026-09-04 21:00:00,79697.03,79819.3,79512,79624
2026-09-04 22:00:00,79624,79716,79604,79636.09
2026-09-04 23:00:00,79636.09,79758,79600.89,79660.77
2026-09-05 00:00:00,79660.77,79721.57,79562,79573.36
2026-09-05 01:00:00,79573.37,79710,79533.34,79533.34
2026-09-05 02:00:00,79533.34,79622,79472.22,79569.09
2026-09-05 03:00:00,79569.09,79630.74,79510.93,79582
2026-09-05 04:00:00,79581.99,79589.84,79500,79500.01
2026-09-05 05:00:00,79500.01,79600.01,79442,79577.53
2026-09-05 06:00:00,79577.53,79715.72,79576,79644.01
2026-09-05 07:00:00,79644.01,79763.41,79639.22,79709.96
2026-09-05 08:00:00,79709.96,79727.95,79568,79650
2026-09-05 09:00:00,79650.01,79735.97,79612,79631.28
2026-09-05 10:00:00,79631.29,79664,79593.92,79618.01
2026-09-05 11:00:00,79618,79674.33,79608,79609.28
2026-09-05 12:00:00,79609.29,79774,79609.28,79704.14
2026-09-05 13:00:00,79704.13,79762,79545.96,79613.67
2026-09-05 14:00:00,79613.67,79756.32,79613.67,79719.76
2026-09-05 15:00:00,79719.75,79816,79678.62,79806.01
2026-09-05 16:00:00,79806,80200,79754,80042
2026-09-05 17:00:00,80041.99,80162.29,79973.85,80058.6
2026-09-05 18:00:00,80058.6,80078,79930,79999.98
2026-09-05 19:00:00,79999.99,79999.99,79712.86,79754
2026-09-05 20:00:00,79753.99,79840.25,79694,79737.83
2026-09-05 21:00:00,79737.83,79938,79724.87,79906.02
2026-09-05 22:00:00,79906.02,79947.99,79749.41,79783.99
2026-09-05 23:00:00,79783.99,79912.83,79706.04,79831.75
2026-09-06 00:00:00,79831.75,79940.68,79829.98,79868
2026-09-06 01:00:00,79868.01,80067.45,79868.01,79951.39
2026-09-06 02:00:00,79951.38,80019.11,79876,79907.28
2026-09-06 03:00:00,79907.28,80107.99,79893.86,80028.01
2026-09-06 04:00:00,80028.01,80028.01,79854,79866.01
2026-09-06 05:00:00,79866.01,80107.99,79794.04,79989.13
2026-09-06 06:00:00,79989.12,79989.13,79676.66,79784.65
2026-09-06 07:00:00,79784.65,79865.89,79577,79805
2026-09-06 08:00:00,79804.68,79889.99,79752.7,79837.17
2026-09-06 09:00:00,79837.17,79990,79806.01,79885.77
2026-09-06 10:00:00,79885.78,80020,79885.77,80003.93
2026-09-06 11:00:00,80003.92,80003.93,79890,79919.17
2026-09-06 12:00:00,79919.17,80010,79858.1,79922.04
2026-09-06 13:00:00,79922.04,79968,79760.39,79829.98
2026-09-06 14:00:00,79829.99,79840.25,79233,79543.06
2026-09-06 15:00:00,79543.07,79734.59,79383.32,79716.5
2026-09-06 16:00:00,79716.51,79786,79606.04,79682
2026-09-06 17:00:00,79682,79773.88,79584.73,79745.34
2026-09-06 18:00:00,79745.34,79970,79745.34,79955.34
2026-09-06 19:00:00,79955.34,79955.34,79799.52,79829.99
2026-09-06 20:00:00,79830,79973.56,79776.59,79912
2026-09-06 21:00:00,79912,80034,79875.24,79944.38
2026-09-06 22:00:00,79944.39,80093.79,79647.04,80055.17
2026-09-06 23:00:00,80055.18,80559.99,80010,80341.83
2026-09-07 00:00:00,80341.83,80443.99,80059.11,80160.01
2026-09-07 01:00:00,80160.01,80243.81,79826.28,79926.14
2026-09-07 02:00:00,79926.14,80426,79800,79874.24
2026-09-07 03:00:00,79874.25,79986.02,79568.6,79596.39
2026-09-07 04:00:00,79596.38,79732.15,79540.38,79724
2026-09-07 05:00:00,79724.01,79926.04,79666.79,79759.47
2026-09-07 06:00:00,79759.47,79825.7,79644.55,79659.27
2026-09-07 07:00:00,79659.28,79691.06,79001.1,79397.83
2026-09-07 08:00:00,79397.83,79530.47,79397.83,79437.38
2026-09-07 09:00:00,79437.39,79550,79291.15,79313.85
2026-09-07 10:00:00,79313.85,79459.5,79313.85,79360
2026-09-07 11:00:00,79360,79487.01,79282,79420.16
2026-09-07 12:00:00,79420.16,79500,79400.48,79413.91
