time,open,high,low,close,New York VWAP,VWAP_NY - STDEV +2,VWAP_NY - STDEV +1,VWAP_NY - STDEV -1,VWAP_NY - STDEV -2,Pivot,R1,S1,R2,S2,R3,S3,Pivot Label,Volume,MA,ATR
2026-09-23T00:00:00-04:00,31014,31017.5,31011.25,31011.25,,,,,,,,,,,,,,377,,
2026-09-23T00:01:00-04:00,31010.75,31017.75,31010.75,31017.75,,,,,,,,,,,,,,363,,
2026-09-23T00:02:00-04:00,31017.75,31020.25,31015.5,31018.5,,,,,,,,,,,,,,298,,
2026-09-23T00:03:00-04:00,31019,31022.25,31017.75,31022,,,,,,,,,,,,,,203,,
2026-09-23T00:04:00-04:00,31022,31024.75,31020.75,31024.5,,,,,,,,,,,,,,455,,
2026-09-23T00:05:00-04:00,31024.5,31033.25,31024,31033,,,,,,,,,,,,,,1081,,
2026-09-23T00:06:00-04:00,31032.5,31035,31029.75,31030.5,,,,,,,,,,,,,,661,,
2026-09-23T00:07:00-04:00,31030.25,31031.75,31028.5,31031,,,,,,,,,,,,,,296,,
2026-09-23T00:08:00-04:00,31030.75,31033.5,31028.75,31032.75,,,,,,,,,,,,,,314,,
2026-09-23T00:09:00-04:00,31032.5,31033.5,31029.5,31032,,,,,,,,,,,,,,286,,
2026-09-23T00:10:00-04:00,31031.75,31033,31028,31028.5,,,,,,,,,,,,,,287,,
2026-09-23T00:11:00-04:00,31029,31033.75,31024.25,31033.25,,,,,,,,,,,,,,622,,
2026-09-23T00:12:00-04:00,31033,31034.25,31031.5,31032.75,,,,,,,,,,,,,,279,,
2026-09-23T00:13:00-04:00,31033,31034,31031.25,31033,,,,,,,,,,,,,,194,,
2026-09-23T00:14:00-04:00,31033,31033.75,31029.75,31031.75,,,,,,,,,,,,,,202,,
2026-09-23T00:15:00-04:00,31031.75,31036,31029.75,31035.75,,,,,,,,,,,,,,432,,
2026-09-23T00:16:00-04:00,31035.75,31036.25,31031.5,31034,,,,,,,,,,,,,,383,,
2026-09-23T00:17:00-04:00,31033.25,31035.25,31032.25,31034.5,,,,,,,,,,,,,,183,,
2026-09-23T00:18:00-04:00,31034.5,31035.25,31031.75,31035,,,,,,,,,,,,,,141,,
2026-09-23T00:19:00-04:00,31034.5,31038,31033,31037,,,,,,,,,,,,,,292,,
2026-09-23T00:20:00-04:00,31037.5,31040,31035.5,31037.75,,,,,,,,,,,,,,540,,
2026-09-23T00:21:00-04:00,31038,31044.75,31038,31044.75,,,,,,,,,,,,,,708,,
2026-09-23T00:22:00-04:00,31044,31044.75,31040.75,31042.25,,,,,,,,,,,,,,436,,
2026-09-23T00:23:00-04:00,31042.25,31042.75,31040.75,31041.25,,,,,,,,,,,,,,172,,
2026-09-23T00:24:00-04:00,31041.25,31042.25,31039.75,31040,,,,,,,,,,,,,,160,,
2026-09-23T00:25:00-04:00,31040.5,31043.25,31039.75,31041,,,,,,,,,,,,,,305,,
2026-09-23T00:26:00-04:00,31041.25,31043.25,31039.25,31039.75,,,,,,,,,,,,,,249,,
2026-09-23T00:27:00-04:00,31039.25,31043.25,31039,31042.25,,,,,,,,,,,,,,142,,
2026-09-23T00:28:00-04:00,31042,31042,31036.5,31038.5,,,,,,,,,,,,,,310,,
2026-09-23T00:29:00-04:00,31038,31040.25,31037,31039.75,,,,,,,,,,,,,,283,,
2026-09-23T00:30:00-04:00,31039.25,31044,31038.25,31043.5,,,,,,,,,,,,,,354,,
2026-09-23T00:31:00-04:00,31043.75,31048.5,31043.25,31048,,,,,,,,,,,,,,665,,
2026-09-23T00:32:00-04:00,31048,31048,31043.25,31044,,,,,,,,,,,,,,250,,
2026-09-23T00:33:00-04:00,31044.5,31047,31044.25,31045.5,,,,,,,,,,,,,,246,,
2026-09-23T00:34:00-04:00,31045.5,31047,31045,31045.5,,,,,,,,,,,,,,178,,
2026-09-23T00:35:00-04:00,31046,31051.75,31046,31049.5,,,,,,,,,,,,,,690,,
2026-09-23T00:36:00-04:00,31050,31052,31048.75,31050.5,,,,,,,,,,,,,,311,,
2026-09-23T00:37:00-04:00,31050.25,31051.5,31048,31049,,,,,,,,,,,,,,191,,
2026-09-23T00:38:00-04:00,31048,31048,31041,31042.25,,,,,,,,,,,,,,572,,
2026-09-23T00:39:00-04:00,31041.75,31044.25,31041,31044,,,,,,,,,,,,,,319,,
2026-09-23T00:40:00-04:00,31044,31045,31041.25,31042,,,,,,,,,,,,,,206,,
2026-09-23T00:41:00-04:00,31042.25,31048.25,31042,31046.25,,,,,,,,,,,,,,394,,
2026-09-23T00:42:00-04:00,31046,31047.75,31044,31046.75,,,,,,,,,,,,,,174,,
2026-09-23T00:43:00-04:00,31046.5,31050.5,31046.5,31049.5,,,,,,,,,,,,,,285,,
2026-09-23T00:44:00-04:00,31049.5,31050.5,31048.25,31049.5,,,,,,,,,,,,,,222,,
2026-09-23T00:45:00-04:00,31048.5,31049.5,31046.25,31048.5,,,,,,,,,,,,,,311,,
2026-09-23T00:46:00-04:00,31048.5,31050.5,31048.25,31049.75,,,,,,,,,,,,,,137,,
2026-09-23T00:47:00-04:00,31050,31051.5,31047.75,31048.75,,,,,,,,,,,,,,221,,
2026-09-23T00:48:00-04:00,31049,31051.5,31047.5,31049.25,,,,,,,,,,,,,,181,,
2026-09-23T00:49:00-04:00,31050,31051.75,31049.25,31049.25,,,,,,,,,,,,,,120,,
2026-09-23T00:50:00-04:00,31049.5,31050.5,31044.25,31047.75,,,,,,,,,,,,,,444,,
2026-09-23T00:51:00-04:00,31048.25,31048.75,31044,31046,,,,,,,,,,,,,,372,,
2026-09-23T00:52:00-04:00,31046,31046.5,31042,31042.5,,,,,,,,,,,,,,194,,
2026-09-23T00:53:00-04:00,31042.5,31044.75,31041.25,31041.5,,,,,,,,,,,,,,268,,
2026-09-23T00:54:00-04:00,31041.75,31043,31038,31040,,,,,,,,,,,,,,756,,
2026-09-23T00:55:00-04:00,31040.25,31040.5,31037.5,31038.25,,,,,,,,,,,,,,364,,
2026-09-23T00:56:00-04:00,31038,31042.25,31037.5,31041.5,,,,,,,,,,,,,,303,,
2026-09-23T00:57:00-04:00,31041.5,31041.75,31032,31033.25,,,,,,,,,,,,,,762,,
2026-09-23T00:58:00-04:00,31033.5,31035.25,31033,31034.75,,,,,,,,,,,,,,414,,
2026-09-23T00:59:00-04:00,31034.5,31036.75,31031,31035.25,,,,,,,,,,,,,,441,,
2026-09-23T01:00:00-04:00,31035.5,31037.5,31032.5,31032.5,,,,,,,,,,,,,,393,,
2026-09-23T01:01:00-04:00,31032.75,31034.25,31025,31026,,,,,,,,,,,,,,853,,
2026-09-23T01:02:00-04:00,31026.5,31029.75,31021.5,31024.5,,,,,,,,,,,,,,568,,
2026-09-23T01:03:00-04:00,31024.25,31027,31022,31026.25,,,,,,,,,,,,,,596,,
2026-09-23T01:04:00-04:00,31025.5,31029.5,31025.5,31029,,,,,,,,,,,,,,221,,
2026-09-23T01:05:00-04:00,31028.5,31031.5,31027.25,31028.25,,,,,,,,,,,,,,468,,
2026-09-23T01:06:00-04:00,31028.5,31029.25,31023,31025.25,,,,,,,,,,,,,,490,,
2026-09-23T01:07:00-04:00,31025.25,31032.75,31025.25,31032.25,,,,,,,,,,,,,,393,,
2026-09-23T01:08:00-04:00,31032.5,31034,31027.25,31029.75,,,,,,,,,,,,,,492,,
2026-09-23T01:09:00-04:00,31030.75,31033.25,31029,31033,,,,,,,,,,,,,,288,,
2026-09-23T01:10:00-04:00,31033,31039.5,31031.5,31035.5,,,,,,,,,,,,,,679,,
2026-09-23T01:11:00-04:00,31035.5,31037,31031,31031.5,,,,,,,,,,,,,,384,,
2026-09-23T01:12:00-04:00,31032,31034.25,31028.75,31029.75,,,,,,,,,,,,,,327,,
2026-09-23T01:13:00-04:00,31029.75,31034.5,31029,31033,,,,,,,,,,,,,,272,,
2026-09-23T01:14:00-04:00,31033.5,31034.5,31032,31033.25,,,,,,,,,,,,,,152,,
2026-09-23T01:15:00-04:00,31033.5,31037.75,31032.75,31034.25,,,,,,,,,,,,,,288,,
2026-09-23T01:16:00-04:00,31034.25,31039.5,31034,31037.75,,,,,,,,,,,,,,325,,
2026-09-23T01:17:00-04:00,31037.25,31043,31035.75,31041,,,,,,,,,,,,,,754,,
2026-09-23T01:18:00-04:00,31041.25,31041.5,31036.5,31036.75,,,,,,,,,,,,,,374,,
2026-09-23T01:19:00-04:00,31036.25,31037,31029.5,31032,,,,,,,,,,,,,,620,,
2026-09-23T01:20:00-04:00,31030.75,31031.5,31023.25,31026.75,,,,,,,,,,,,,,737,,
2026-09-23T01:21:00-04:00,31026.75,31030.75,31024,31024,,,,,,,,,,,,,,367,,
2026-09-23T01:22:00-04:00,31024.25,31025,31020,31021.25,,,,,,,,,,,,,,690,,
2026-09-23T01:23:00-04:00,31021,31025.5,31018.75,31024.25,,,,,,,,,,,,,,541,,
2026-09-23T01:24:00-04:00,31024.75,31024.75,31018.25,31020.75,,,,,,,,,,,,,,414,,
2026-09-23T01:25:00-04:00,31021.25,31035.5,31020.5,31033.5,,,,,,,,,,,,,,1106,,
2026-09-23T01:26:00-04:00,31033,31037,31032.25,31032.25,,,,,,,,,,,,,,362,,
2026-09-23T01:27:00-04:00,31032.5,31035.25,31031.75,31033.25,,,,,,,,,,,,,,221,,
2026-09-23T01:28:00-04:00,31034.75,31035.5,31031,31031.5,,,,,,,,,,,,,,248,,
2026-09-23T01:29:00-04:00,31031.75,31034.25,31029.75,31034,,,,,,,,,,,,,,219,,
2026-09-23T01:30:00-04:00,31034.25,31035.25,31027.75,31034.75,,,,,,,,,,,,,,375,,
2026-09-23T01:31:00-04:00,31035,31038.75,31031.25,31032.5,,,,,,,,,,,,,,486,,
2026-09-23T01:32:00-04:00,31032.25,31035.75,31031.5,31033.25,,,,,,,,,,,,,,230,,
2026-09-23T01:33:00-04:00,31032.75,31037.25,31029.5,31030.5,,,,,,,,,,,,,,264,,
2026-09-23T01:34:00-04:00,31030,31032.25,31022,31026,,,,,,,,,,,,,,613,,
2026-09-23T01:35:00-04:00,31026.25,31029.75,31025,31028.25,,,,,,,,,,,,,,528,,
2026-09-23T01:36:00-04:00,31028.25,31032.25,31027,31030.75,,,,,,,,,,,,,,225,,
2026-09-23T01:37:00-04:00,31030.25,31035.75,31029.25,31035.5,,,,,,,,,,,,,,303,,
2026-09-23T01:38:00-04:00,31035.75,31036.75,31028,31033.75,,,,,,,,,,,,,,401,,
2026-09-23T01:39:00-04:00,31033.75,31034,31031.25,31033.5,,,,,,,,,,,,,,200,,
2026-09-23T01:40:00-04:00,31033.25,31035.25,31031.75,31035,,,,,,,,,,,,,,217,,
2026-09-23T01:41:00-04:00,31035.25,31039.5,31033.75,31036.25,,,,,,,,,,,,,,403,,
2026-09-23T01:42:00-04:00,31037,31039.5,31030,31032.25,,,,,,,,,,,,,,362,,
2026-09-23T01:43:00-04:00,31031.75,31031.75,31021,31021.5,,,,,,,,,,,,,,524,,
2026-09-23T01:44:00-04:00,31021.5,31029.25,31021,31028.25,,,,,,,,,,,,,,486,,
2026-09-23T01:45:00-04:00,31028.25,31034,31027.75,31033,,,,,,,,,,,,,,304,,
2026-09-23T01:46:00-04:00,31033,31039,31032.75,31035.25,,,,,,,,,,,,,,443,,
2026-09-23T01:47:00-04:00,31035.25,31039.5,31034.75,31039.25,,,,,,,,,,,,,,218,,
2026-09-23T01:48:00-04:00,31039.5,31042.25,31034.75,31035.25,,,,,,,,,,,,,,461,,
2026-09-23T01:49:00-04:00,31035.75,31036.75,31026.75,31028.75,,,,,,,,,,,,,,571,,
2026-09-23T01:50:00-04:00,31029.5,31032.25,31028.5,31032.25,,,,,,,,,,,,,,350,,
2026-09-23T01:51:00-04:00,31031.75,31037,31029.5,31035.25,,,,,,,,,,,,,,256,,
2026-09-23T01:52:00-04:00,31035.75,31041.5,31035.25,31040.25,,,,,,,,,,,,,,459,,
2026-09-23T01:53:00-04:00,31040.5,31044.25,31040.5,31041.5,,,,,,,,,,,,,,431,,
2026-09-23T01:54:00-04:00,31041.5,31042.5,31036.25,31039,,,,,,,,,,,,,,292,,
2026-09-23T01:55:00-04:00,31039,31041.25,31028.25,31031.5,,,,,,,,,,,,,,683,,
2026-09-23T01:56:00-04:00,31030.75,31036,31028.75,31032.75,,,,,,,,,,,,,,398,,
2026-09-23T01:57:00-04:00,31033.25,31035,31030,31030.75,,,,,,,,,,,,,,216,,
2026-09-23T01:58:00-04:00,31031,31032.75,31027.5,31030.25,,,,,,,,,,,,,,400,,
2026-09-23T01:59:00-04:00,31029.75,31031.25,31028.75,31028.75,,,,,,,,,,,,,,158,,
2026-09-23T02:00:00-04:00,31029,31039.5,31028,31035.75,,,,,,,,,,,,,,875,,
2026-09-23T02:01:00-04:00,31036,31042,31034.5,31041,,,,,,,,,,,,,,609,,
2026-09-23T02:02:00-04:00,31041,31054.75,31041,31051,,,,,,,,,,,,,,1601,,
2026-09-23T02:03:00-04:00,31051.75,31052,31047.5,31050.5,,,,,,,,,,,,,,479,,
2026-09-23T02:04:00-04:00,31051,31051.25,31041.5,31043.75,,,,,,,,,,,,,,629,,
2026-09-23T02:05:00-04:00,31043.25,31048.75,31042.25,31047.5,,,,,,,,,,,,,,438,,
2026-09-23T02:06:00-04:00,31047.75,31054.75,31046.75,31051.75,,,,,,,,,,,,,,506,,
2026-09-23T02:07:00-04:00,31051.25,31053.25,31046.5,31046.5,,,,,,,,,,,,,,443,,
2026-09-23T02:08:00-04:00,31047.25,31048.75,31039.5,31043.75,,,,,,,,,,,,,,523,,
2026-09-23T02:09:00-04:00,31043.75,31044.5,31037,31040,,,,,,,,,,,,,,338,,
2026-09-23T02:10:00-04:00,31041,31046.25,31041,31045.75,,,,,,,,,,,,,,400,,
2026-09-23T02:11:00-04:00,31045.5,31050,31044.25,31048.5,,,,,,,,,,,,,,421,,
2026-09-23T02:12:00-04:00,31049,31050,31047.5,31049.25,,,,,,,,,,,,,,263,,
2026-09-23T02:13:00-04:00,31049,31058.25,31048.75,31056.75,,,,,,,,,,,,,,987,,
2026-09-23T02:14:00-04:00,31057,31058,31054,31057.5,,,,,,,,,,,,,,439,,
2026-09-23T02:15:00-04:00,31057.5,31058.25,31051.5,31055,,,,,,,,,,,,,,624,,
2026-09-23T02:16:00-04:00,31054.75,31058.25,31054.25,31055.5,,,,,,,,,,,,,,353,,
2026-09-23T02:17:00-04:00,31055.25,31057,31054.25,31055,,,,,,,,,,,,,,134,,
2026-09-23T02:18:00-04:00,31055.25,31058,31054,31056.25,,,,,,,,,,,,,,257,,
2026-09-23T02:19:00-04:00,31056.25,31058.25,31054.25,31055.5,,,,,,,,,,,,,,332,,
2026-09-23T02:20:00-04:00,31055.25,31057.5,31052.75,31055,,,,,,,,,,,,,,260,,
2026-09-23T02:21:00-04:00,31054.25,31056,31039,31042.25,,,,,,,,,,,,,,1982,,
2026-09-23T02:22:00-04:00,31041.75,31049.5,31039.5,31048,,,,,,,,,,,,,,779,,
2026-09-23T02:23:00-04:00,31048.5,31051.75,31045.25,31047.25,,,,,,,,,,,,,,304,,
2026-09-23T02:24:00-04:00,31046.75,31050.75,31046.25,31049.75,,,,,,,,,,,,,,252,,
2026-09-23T02:25:00-04:00,31050.5,31056.5,31049.75,31054.25,,,,,,,,,,,,,,447,,
2026-09-23T02:26:00-04:00,31054.5,31059.75,31054.25,31058,,,,,,,,,,,,,,679,,
2026-09-23T02:27:00-04:00,31058.25,31062.75,31055.5,31056.75,,,,,,,,,,,,,,730,,
2026-09-23T02:28:00-04:00,31056.5,31059.75,31055.5,31057.5,,,,,,,,,,,,,,302,,
2026-09-23T02:29:00-04:00,31058,31059,31056.25,31057.5,,,,,,,,,,,,,,251,,
2026-09-23T02:30:00-04:00,31057.25,31061.75,31056,31060.5,,,,,,,,,,,,,,439,,
2026-09-23T02:31:00-04:00,31060.5,31073,31058.5,31072.75,,,,,,,,,,,,,,1352,,
2026-09-23T02:32:00-04:00,31073,31075.25,31065.25,31074.5,,,,,,,,,,,,,,1458,,
2026-09-23T02:33:00-04:00,31074.25,31077.5,31071.75,31073,,,,,,,,,,,,,,937,,
2026-09-23T02:34:00-04:00,31072.75,31081.5,31071.5,31081,,,,,,,,,,,,,,1115,,
2026-09-23T02:35:00-04:00,31081,31088.5,31078.5,31087,,,,,,,,,,,,,,1236,,
2026-09-23T02:36:00-04:00,31087,31089.25,31083,31088.75,,,,,,,,,,,,,,955,,
2026-09-23T02:37:00-04:00,31089,31089.75,31086.25,31087,,,,,,,,,,,,,,427,,
2026-09-23T02:38:00-04:00,31087.25,31090.5,31084.25,31089.75,,,,,,,,,,,,,,645,,
2026-09-23T02:39:00-04:00,31089.25,31094.75,31088,31090.75,,,,,,,,,,,,,,985,,
2026-09-23T02:40:00-04:00,31090.5,31091.5,31082.75,31083.75,,,,,,,,,,,,,,694,,
2026-09-23T02:41:00-04:00,31083.75,31084.5,31079.75,31081,,,,,,,,,,,,,,573,,
2026-09-23T02:42:00-04:00,31081,31085.75,31081,31083.75,,,,,,,,,,,,,,388,,
2026-09-23T02:43:00-04:00,31084.25,31085.5,31078.25,31079,,,,,,,,,,,,,,453,,
2026-09-23T02:44:00-04:00,31078.25,31083.5,31073.75,31083,,,,,,,,,,,,,,927,,
2026-09-23T02:45:00-04:00,31082.75,31083,31074,31074.25,,,,,,,,,,,,,,600,,
2026-09-23T02:46:00-04:00,31074.25,31075.25,31057.25,31058.5,,,,,,,,,,,,,,1754,,
2026-09-23T02:47:00-04:00,31058.5,31075,31057.25,31072.5,,,,,,,,,,,,,,1146,,
2026-09-23T02:48:00-04:00,31072.25,31081,31072,31079,,,,,,,,,,,,,,785,,
2026-09-23T02:49:00-04:00,31079.25,31081,31078,31079.75,,,,,,,,,,,,,,307,,
2026-09-23T02:50:00-04:00,31079.75,31081,31071,31071.5,,,,,,,,,,,,,,646,,
2026-09-23T02:51:00-04:00,31072,31077.25,31070.75,31074.25,,,,,,,,,,,,,,441,,
2026-09-23T02:52:00-04:00,31074.25,31075.5,31068.25,31072,,,,,,,,,,,,,,442,,
2026-09-23T02:53:00-04:00,31071.75,31071.75,31065,31066.25,,,,,,,,,,,,,,492,,
2026-09-23T02:54:00-04:00,31066.25,31068.75,31062.75,31063.75,,,,,,,,,,,,,,478,,
2026-09-23T02:55:00-04:00,31063.75,31064.75,31061.25,31062.25,,,,,,,,,,,,,,387,,
2026-09-23T02:56:00-04:00,31062.5,31064.5,31059.75,31061.75,,,,,,,,,,,,,,405,,
2026-09-23T02:57:00-04:00,31061.25,31062.25,31053.75,31057.5,,,,,,,,,,,,,,915,,
2026-09-23T02:58:00-04:00,31056.5,31056.5,31050.75,31053.75,,,,,,,,,,,,,,738,,
2026-09-23T02:59:00-04:00,31053,31053.5,31048.25,31050,,,,,,,,,,,,,,498,,
2026-09-23T03:00:00-04:00,31049.75,31053.75,31044.75,31046.75,,,,,,,,,,,,,,1467,,
2026-09-23T03:01:00-04:00,31046.25,31055.25,31046.25,31053.5,,,,,,,,,,,,,,784,,
2026-09-23T03:02:00-04:00,31053.5,31055,31045.25,31045.75,,,,,,,,,,,,,,577,,
2026-09-23T03:03:00-04:00,31046.25,31054.75,31043,31051,,,,,,,,,,,,,,543,,
2026-09-23T03:04:00-04:00,31052.25,31053,31046,31052,,,,,,,,,,,,,,322,,
2026-09-23T03:05:00-04:00,31052.5,31053,31040.5,31041,,,,,,,,,,,,,,806,,
2026-09-23T03:06:00-04:00,31041.25,31048.75,31040,31041.25,,,,,,,,,,,,,,739,,
2026-09-23T03:07:00-04:00,31041.25,31041.5,31033.25,31037.5,,,,,,,,,,,,,,1145,,
2026-09-23T03:08:00-04:00,31037.25,31039.25,31034.5,31036.5,,,,,,,,,,,,,,506,,
2026-09-23T03:09:00-04:00,31036.75,31036.75,31029,31031.5,,,,,,,,,,,,,,981,,
2026-09-23T03:10:00-04:00,31031.25,31033.75,31028,31032,,,,,,,,,,,,,,593,,
2026-09-23T03:11:00-04:00,31031.75,31041.75,31030.75,31039,,,,,,,,,,,,,,963,,
2026-09-23T03:12:00-04:00,31039,31046,31038.5,31040.75,,,,,,,,,,,,,,887,,
2026-09-23T03:13:00-04:00,31041.5,31047.5,31039.25,31044.75,,,,,,,,,,,,,,406,,
2026-09-23T03:14:00-04:00,31045.25,31047.5,31042.75,31045.25,,,,,,,,,,,,,,232,,
2026-09-23T03:15:00-04:00,31045.5,31048.25,31042.75,31045,,,,,,,,,,,,,,421,,
2026-09-23T03:16:00-04:00,31045.5,31045.75,31040,31044,,,,,,,,,,,,,,302,,
2026-09-23T03:17:00-04:00,31044,31047.5,31036.5,31037,,,,,,,,,,,,,,434,,
2026-09-23T03:18:00-04:00,31036.75,31037.5,31030.25,31034.25,,,,,,,,,,,,,,588,,
2026-09-23T03:19:00-04:00,31034,31036.25,31033,31035.75,,,,,,,,,,,,,,301,,
2026-09-23T03:20:00-04:00,31035.75,31038.75,31032,31037.5,,,,,,,,,,,,,,282,,
2026-09-23T03:21:00-04:00,31038.5,31040.75,31037,31039.5,,,,,,,,,,,,,,258,,
2026-09-23T03:22:00-04:00,31039.25,31039.25,31034.75,31036.75,,,,,,,,,,,,,,242,,
2026-09-23T03:23:00-04:00,31037,31037.5,31030.75,31036.5,,,,,,,,,,,,,,355,,
2026-09-23T03:24:00-04:00,31036.75,31039.75,31034,31035.75,,,,,,,,,,,,,,305,,
2026-09-23T03:25:00-04:00,31036,31040.25,31034.5,31040,,,,,,,,,,,,,,305,,
2026-09-23T03:26:00-04:00,31040,31040.5,31037,31037.25,,,,,,,,,,,,,,227,,
2026-09-23T03:27:00-04:00,31036.75,31049.5,31036.5,31048.75,,,,,,,,,,,,,,615,,
2026-09-23T03:28:00-04:00,31049,31051.5,31044.5,31044.5,,,,,,,,,,,,,,619,,
2026-09-23T03:29:00-04:00,31044.75,31052.5,31044.75,31052.25,,,,,,,,,,,,,,333,,
2026-09-23T03:30:00-04:00,31051.5,31054.5,31047,31053.75,,,,,,,,,,,,,,562,,
2026-09-23T03:31:00-04:00,31053.5,31062,31052,31052.5,,,,,,,,,,,,,,945,,
2026-09-23T03:32:00-04:00,31051.5,31052.25,31042.25,31043,,,,,,,,,,,,,,839,,
2026-09-23T03:33:00-04:00,31043,31043.5,31035.5,31040.25,,,,,,,,,,,,,,783,,
2026-09-23T03:34:00-04:00,31040,31042,31038.75,31040,,,,,,,,,,,,,,212,,
2026-09-23T03:35:00-04:00,31040.25,31046.25,31040,31044.75,,,,,,,,,,,,,,571,,
2026-09-23T03:36:00-04:00,31044.75,31046.25,31037.5,31042.75,,,,,,,,,,,,,,491,,
2026-09-23T03:37:00-04:00,31042.75,31049.75,31040.5,31048.5,,,,,,,,,,,,,,584,,
2026-09-23T03:38:00-04:00,31047.75,31055,31045.75,31046.5,,,,,,,,,,,,,,646,,
2026-09-23T03:39:00-04:00,31046.75,31047.75,31041,31041,,,,,,,,,,,,,,444,,
2026-09-23T03:40:00-04:00,31041,31051,31041,31048.75,,,,,,,,,,,,,,378,,
2026-09-23T03:41:00-04:00,31048.75,31049.25,31046.5,31048.5,,,,,,,,,,,,,,187,,
2026-09-23T03:42:00-04:00,31049,31049.75,31040.25,31042.25,,,,,,,,,,,,,,441,,
2026-09-23T03:43:00-04:00,31041.75,31043.75,31040.75,31043,,,,,,,,,,,,,,213,,
2026-09-23T03:44:00-04:00,31043,31043.5,31035.5,31037.5,,,,,,,,,,,,,,455,,
2026-09-23T03:45:00-04:00,31037.5,31040,31036.5,31038.75,,,,,,,,,,,,,,541,,
2026-09-23T03:46:00-04:00,31038.5,31039.75,31036,31037.75,,,,,,,,,,,,,,221,,
2026-09-23T03:47:00-04:00,31037.75,31039.5,31032,31033,,,,,,,,,,,,,,488,,
2026-09-23T03:48:00-04:00,31033.25,31042.5,31032.5,31041.75,,,,,,,,,,,,,,515,,
2026-09-23T03:49:00-04:00,31042,31045.5,31037,31043.5,,,,,,,,,,,,,,599,,
2026-09-23T03:50:00-04:00,31043.75,31047.75,31040.75,31045.5,,,,,,,,,,,,,,332,,
2026-09-23T03:51:00-04:00,31045.25,31049.75,31044.25,31045.75,,,,,,,,,,,,,,228,,
2026-09-23T03:52:00-04:00,31045.5,31045.5,31034.75,31038,,,,,,,,,,,,,,446,,
2026-09-23T03:53:00-04:00,31038.5,31038.5,31030.25,31031.5,,,,,,,,,,,,,,409,,
2026-09-23T03:54:00-04:00,31031.75,31033.5,31028.25,31030.75,,,,,,,,,,,,,,601,,
2026-09-23T03:55:00-04:00,31030.25,31035.5,31028.75,31032.5,,,,,,,,,,,,,,329,,
2026-09-23T03:56:00-04:00,31032.25,31038.5,31031.5,31038.5,,,,,,,,,,,,,,270,,
2026-09-23T03:57:00-04:00,31038.25,31039.5,31035.25,31037,,,,,,,,,,,,,,224,,
2026-09-23T03:58:00-04:00,31037,31037,31033.25,31035,,,,,,,,,,,,,,171,,
2026-09-23T03:59:00-04:00,31035.5,31036.5,31033.75,31034.25,,,,,,,,,,,,,,136,,
2026-09-23T04:00:00-04:00,31034.5,31042,31031.75,31037.5,,,,,,,,,,,,,,967,,
2026-09-23T04:01:00-04:00,31037.75,31041.75,31036,31040,,,,,,,,,,,,,,367,,
2026-09-23T04:02:00-04:00,31039,31047.25,31033.25,31034.25,,,,,,,,,,,,,,703,,
2026-09-23T04:03:00-04:00,31034.25,31037.5,31020,31023.25,,,,,,,,,,,,,,1625,,
2026-09-23T04:04:00-04:00,31023.5,31028.75,31011.25,31019,,,,,,,,,,,,,,1343,,
2026-09-23T04:05:00-04:00,31019.25,31021.75,31015.5,31017.5,,,,,,,,,,,,,,543,,
2026-09-23T04:06:00-04:00,31017.25,31030.75,31016,31030.75,,,,,,,,,,,,,,770,,
2026-09-23T04:07:00-04:00,31030.75,31037.75,31030.75,31033.75,,,,,,,,,,,,,,829,,
2026-09-23T04:08:00-04:00,31033.5,31041,31032,31040,,,,,,,,,,,,,,424,,
2026-09-23T04:09:00-04:00,31039.75,31040.25,31031,31036,,,,,,,,,,,,,,472,,
2026-09-23T04:10:00-04:00,31036,31039,31034.25,31037.75,,,,,,,,,,,,,,264,,
2026-09-23T04:11:00-04:00,31037.5,31041.5,31032.25,31033,,,,,,,,,,,,,,406,,
2026-09-23T04:12:00-04:00,31033,31043.25,31032.25,31040,,,,,,,,,,,,,,486,,
2026-09-23T04:13:00-04:00,31040.25,31044.25,31037.75,31037.75,,,,,,,,,,,,,,469,,
2026-09-23T04:14:00-04:00,31038.25,31041.5,31031.5,31039,,,,,,,,,,,,,,424,,
2026-09-23T04:15:00-04:00,31039,31044.25,31037.75,31043.5,,,,,,,,,,,,,,346,,
2026-09-23T04:16:00-04:00,31043.5,31043.75,31035.25,31041.25,,,,,,,,,,,,,,398,,
2026-09-23T04:17:00-04:00,31041.5,31042.25,31030.5,31036.5,,,,,,,,,,,,,,493,,
2026-09-23T04:18:00-04:00,31034.25,31034.25,31027.75,31029.25,,,,,,,,,,,,,,572,,
2026-09-23T04:19:00-04:00,31029.25,31043,31028.75,31041,,,,,,,,,,,,,,460,,
2026-09-23T04:20:00-04:00,31041.5,31046.25,31040,31042,,,,,,,,,,,,,,616,,
2026-09-23T04:21:00-04:00,31042.25,31050,31041,31041.75,,,,,,,,,,,,,,644,,
2026-09-23T04:22:00-04:00,31041.5,31046,31040.5,31045.75,,,,,,,,,,,,,,205,,
2026-09-23T04:23:00-04:00,31045.5,31049.25,31042.25,31047.75,,,,,,,,,,,,,,341,,
2026-09-23T04:24:00-04:00,31048,31053,31045.25,31049.5,,,,,,,,,,,,,,774,,
2026-09-23T04:25:00-04:00,31049.75,31051.75,31041.75,31043.25,,,,,,,,,,,,,,392,,
2026-09-23T04:26:00-04:00,31043,31045,31037,31041,,,,,,,,,,,,,,417,,
2026-09-23T04:27:00-04:00,31040.75,31044.5,31040.5,31044,,,,,,,,,,,,,,166,,
2026-09-23T04:28:00-04:00,31043.5,31044.75,31041.25,31043.25,,,,,,,,,,,,,,183,,
2026-09-23T04:29:00-04:00,31043.5,31043.5,31037.75,31040,,,,,,,,,,,,,,218,,
2026-09-23T04:30:00-04:00,31039.25,31046,31036.25,31043.5,,,,,,,,,,,,,,300,,
2026-09-23T04:31:00-04:00,31044.75,31044.75,31038,31038.5,,,,,,,,,,,,,,233,,
2026-09-23T04:32:00-04:00,31039,31042.75,31036.75,31040.25,,,,,,,,,,,,,,197,,
2026-09-23T04:33:00-04:00,31040.75,31044,31039.5,31042,,,,,,,,,,,,,,231,,
2026-09-23T04:34:00-04:00,31041.25,31041.5,31034.75,31035.25,,,,,,,,,,,,,,264,,
2026-09-23T04:35:00-04:00,31035.75,31037.5,31025.5,31029,,,,,,,,,,,,,,790,,
2026-09-23T04:36:00-04:00,31029,31032.75,31027.75,31030.25,,,,,,,,,,,,,,389,,
2026-09-23T04:37:00-04:00,31030,31030,31023,31023.25,,,,,,,,,,,,,,563,,
2026-09-23T04:38:00-04:00,31023.25,31023.25,31011.75,31018.5,,,,,,,,,,,,,,1249,,
2026-09-23T04:39:00-04:00,31018.5,31023.75,31018.25,31021.75,,,,,,,,,,,,,,406,,
2026-09-23T04:40:00-04:00,31021.5,31023.75,31016.25,31021.75,,,,,,,,,,,,,,414,,
2026-09-23T04:41:00-04:00,31023,31024.5,31020.25,31021.75,,,,,,,,,,,,,,353,,
2026-09-23T04:42:00-04:00,31021.5,31021.5,31014.5,31015.75,,,,,,,,,,,,,,390,,
2026-09-23T04:43:00-04:00,31015,31016.5,31007.5,31014.5,,,,,,,,,,,,,,1034,,
2026-09-23T04:44:00-04:00,31014.5,31015.75,31011.75,31014.25,,,,,,,,,,,,,,294,,
2026-09-23T04:45:00-04:00,31014.5,31014.5,31009,31009.5,,,,,,,,,,,,,,373,,
2026-09-23T04:46:00-04:00,31010.5,31014.75,31004.75,31010.75,,,,,,,,,,,,,,776,,
2026-09-23T04:47:00-04:00,31010.5,31013,31008.75,31009.25,,,,,,,,,,,,,,314,,
2026-09-23T04:48:00-04:00,31008.75,31015.5,31008,31014.75,,,,,,,,,,,,,,319,,
2026-09-23T04:49:00-04:00,31014.75,31018.25,31014,31016,,,,,,,,,,,,,,370,,
2026-09-23T04:50:00-04:00,31016.75,31017,31012.75,31016.25,,,,,,,,,,,,,,281,,
2026-09-23T04:51:00-04:00,31015.75,31015.75,31005,31007.25,,,,,,,,,,,,,,569,,
2026-09-23T04:52:00-04:00,31006.75,31013.5,31003,31005.5,,,,,,,,,,,,,,551,,
2026-09-23T04:53:00-04:00,31005.25,31010.25,31004.75,31006.25,,,,,,,,,,,,,,285,,
2026-09-23T04:54:00-04:00,31005.5,31011.5,31005.25,31010.5,,,,,,,,,,,,,,250,,
2026-09-23T04:55:00-04:00,31011,31015,31009.5,31013.5,,,,,,,,,,,,,,331,,
2026-09-23T04:56:00-04:00,31013.25,31014.75,31008.5,31010.25,,,,,,,,,,,,,,333,,
2026-09-23T04:57:00-04:00,31009.5,31021.75,31009.5,31019.5,,,,,,,,,,,,,,640,,
2026-09-23T04:58:00-04:00,31019.5,31022,31015.5,31016.25,,,,,,,,,,,,,,336,,
2026-09-23T04:59:00-04:00,31016,31017,31012.5,31017,,,,,,,,,,,,,,169,,
2026-09-23T05:00:00-04:00,31016.25,31026.25,31014,31021,,,,,,,,,,,,,,677,,
2026-09-23T05:01:00-04:00,31022,31023,31017.75,31019,,,,,,,,,,,,,,264,,
2026-09-23T05:02:00-04:00,31020.25,31020.25,31016.25,31019.5,,,,,,,,,,,,,,202,,
2026-09-23T05:03:00-04:00,31019.25,31020.5,31010.5,31011,,,,,,,,,,,,,,469,,
2026-09-23T05:04:00-04:00,31011.25,31014,31007,31010.5,,,,,,,,,,,,,,429,,
2026-09-23T05:05:00-04:00,31010,31012.25,31008.25,31011.75,,,,,,,,,,,,,,194,,
2026-09-23T05:06:00-04:00,31010.75,31014.25,31009.25,31012.75,,,,,,,,,,,,,,224,,
2026-09-23T05:07:00-04:00,31013.25,31021,31013,31020.75,,,,,,,,,,,,,,321,,
2026-09-23T05:08:00-04:00,31020.25,31027.5,31019.25,31026.75,,,,,,,,,,,,,,458,,
2026-09-23T05:09:00-04:00,31027,31027,31022.5,31025.5,,,,,,,,,,,,,,189,,
2026-09-23T05:10:00-04:00,31025.75,31026.25,31015.75,31016.5,,,,,,,,,,,,,,432,,
2026-09-23T05:11:00-04:00,31017.25,31020,31014.75,31018.25,,,,,,,,,,,,,,199,,
2026-09-23T05:12:00-04:00,31018.5,31024.25,31018.5,31020.75,,,,,,,,,,,,,,245,,
2026-09-23T05:13:00-04:00,31021.25,31021.5,31014,31016,,,,,,,,,,,,,,258,,
2026-09-23T05:14:00-04:00,31016,31017.5,31014,31017,,,,,,,,,,,,,,132,,
2026-09-23T05:15:00-04:00,31016.75,31016.75,31010.5,31011,,,,,,,,,,,,,,200,,
2026-09-23T05:16:00-04:00,31011.25,31015.75,31009,31014.5,,,,,,,,,,,,,,388,,
2026-09-23T05:17:00-04:00,31014.5,31015,31012.25,31013.75,,,,,,,,,,,,,,270,,
2026-09-23T05:18:00-04:00,31013.75,31018,31012,31015.25,,,,,,,,,,,,,,248,,
2026-09-23T05:19:00-04:00,31014.25,31021.75,31013,31020.5,,,,,,,,,,,,,,289,,
2026-09-23T05:20:00-04:00,31020.75,31022.75,31016.25,31018.25,,,,,,,,,,,,,,286,,
2026-09-23T05:21:00-04:00,31019,31026.25,31019,31026,,,,,,,,,,,,,,194,,
2026-09-23T05:22:00-04:00,31025.75,31028.75,31024,31025.75,,,,,,,,,,,,,,381,,
2026-09-23T05:23:00-04:00,31025.75,31031.75,31025.75,31031,,,,,,,,,,,,,,389,,
2026-09-23T05:24:00-04:00,31029.75,31031.5,31028.25,31031,,,,,,,,,,,,,,177,,
2026-09-23T05:25:00-04:00,31031,31032,31027.75,31030.75,,,,,,,,,,,,,,302,,
2026-09-23T05:26:00-04:00,31031,31033.5,31029.75,31032,,,,,,,,,,,,,,303,,
2026-09-23T05:27:00-04:00,31031.5,31034.5,31029.75,31032.5,,,,,,,,,,,,,,279,,
2026-09-23T05:28:00-04:00,31031.75,31032.5,31026.25,31027,,,,,,,,,,,,,,205,,
2026-09-23T05:29:00-04:00,31027.5,31028,31023.75,31024,,,,,,,,,,,,,,289,,
2026-09-23T05:30:00-04:00,31024,31032,31024,31031.5,,,,,,,,,,,,,,301,,
2026-09-23T05:31:00-04:00,31032,31032.25,31028.5,31032.25,,,,,,,,,,,,,,182,,
2026-09-23T05:32:00-04:00,31032.5,31033.25,31026,31032.5,,,,,,,,,,,,,,271,,
2026-09-23T05:33:00-04:00,31032.5,31032.75,31023.25,31026,,,,,,,,,,,,,,300,,
2026-09-23T05:34:00-04:00,31026.75,31027.5,31022.5,31026,,,,,,,,,,,,,,232,,
2026-09-23T05:35:00-04:00,31025.75,31033.5,31025.25,31029.5,,,,,,,,,,,,,,255,,
2026-09-23T05:36:00-04:00,31030.25,31032.25,31029,31032,,,,,,,,,,,,,,177,,
2026-09-23T05:37:00-04:00,31032.25,31033.75,31028.75,31028.75,,,,,,,,,,,,,,138,,
2026-09-23T05:38:00-04:00,31028.5,31029.25,31026.25,31027,,,,,,,,,,,,,,145,,
2026-09-23T05:39:00-04:00,31026.75,31028,31022.5,31025.25,,,,,,,,,,,,,,280,,
2026-09-23T05:40:00-04:00,31026,31026.25,31021.25,31023,,,,,,,,,,,,,,265,,
2026-09-23T05:41:00-04:00,31023,31027.75,31020.5,31025,,,,,,,,,,,,,,267,,
2026-09-23T05:42:00-04:00,31025.25,31027,31023.25,31024.25,,,,,,,,,,,,,,168,,
2026-09-23T05:43:00-04:00,31023.25,31024.75,31019.75,31020.5,,,,,,,,,,,,,,163,,
2026-09-23T05:44:00-04:00,31021,31022,31018.75,31019,,,,,,,,,,,,,,181,,
2026-09-23T05:45:00-04:00,31019,31019,31011,31011,,,,,,,,,,,,,,547,,
2026-09-23T05:46:00-04:00,31011.25,31012.75,31008.75,31012,,,,,,,,,,,,,,396,,
2026-09-23T05:47:00-04:00,31011.75,31013.25,31008.5,31010,,,,,,,,,,,,,,264,,
2026-09-23T05:48:00-04:00,31009.75,31010.25,30997.5,30999.75,,,,,,,,,,,,,,1244,,
2026-09-23T05:49:00-04:00,30999.75,31006.5,30999.25,31005.75,,,,,,,,,,,,,,640,,
2026-09-23T05:50:00-04:00,31006.25,31008,31003.25,31003.75,,,,,,,,,,,,,,247,,
2026-09-23T05:51:00-04:00,31003.25,31007.5,31002.25,31004.5,,,,,,,,,,,,,,249,,
2026-09-23T05:52:00-04:00,31004.25,31012.25,31003,31011.5,,,,,,,,,,,,,,487,,
2026-09-23T05:53:00-04:00,31011,31012.75,31008,31008.5,,,,,,,,,,,,,,323,,
2026-09-23T05:54:00-04:00,31008,31016.75,31007.25,31014.5,,,,,,,,,,,,,,495,,
2026-09-23T05:55:00-04:00,31014.25,31015.75,31010,31012.75,,,,,,,,,,,,,,385,,
2026-09-23T05:56:00-04:00,31013.5,31013.5,31007,31008.75,,,,,,,,,,,,,,332,,
2026-09-23T05:57:00-04:00,31009,31013.75,31007.5,31010.5,,,,,,,,,,,,,,174,,
2026-09-23T05:58:00-04:00,31009.75,31011.25,31008.25,31010.5,,,,,,,,,,,,,,171,,
2026-09-23T05:59:00-04:00,31010.75,31013.75,31010,31012,,,,,,,,,,,,,,150,,
2026-09-23T06:00:00-04:00,31012.5,31016,31009.75,31015.75,,,,,,,,,,,,,,354,,
2026-09-23T06:01:00-04:00,31015.75,31019,31013,31018.5,,,,,,,,,,,,,,338,,
2026-09-23T06:02:00-04:00,31018.5,31021.25,31016.25,31020,,,,,,,,,,,,,,347,,
2026-09-23T06:03:00-04:00,31020,31020.75,31015.25,31019,,,,,,,,,,,,,,224,,
2026-09-23T06:04:00-04:00,31019.5,31024,31018.75,31020.5,,,,,,,,,,,,,,339,,
2026-09-23T06:05:00-04:00,31020,31023,31018.5,31022.25,,,,,,,,,,,,,,189,,
2026-09-23T06:06:00-04:00,31022,31024.5,31020.75,31021.75,,,,,,,,,,,,,,272,,
2026-09-23T06:07:00-04:00,31021.75,31027.25,31021.75,31022.75,,,,,,,,,,,,,,363,,
2026-09-23T06:08:00-04:00,31022.75,31025.75,31022.75,31024.25,,,,,,,,,,,,,,199,,
2026-09-23T06:09:00-04:00,31024.25,31027.25,31022,31024,,,,,,,,,,,,,,242,,
2026-09-23T06:10:00-04:00,31024.5,31026.75,31018.75,31020.75,,,,,,,,,,,,,,307,,
2026-09-23T06:11:00-04:00,31021,31029.5,31021,31027.25,,,,,,,,,,,,,,341,,
2026-09-23T06:12:00-04:00,31026.75,31032,31026.5,31028.75,,,,,,,,,,,,,,494,,
2026-09-23T06:13:00-04:00,31028.25,31031.5,31027.5,31029.75,,,,,,,,,,,,,,183,,
2026-09-23T06:14:00-04:00,31029.75,31032,31029,31029.25,,,,,,,,,,,,,,196,,
2026-09-23T06:15:00-04:00,31029.5,31034,31028.25,31032.25,,,,,,,,,,,,,,361,,
2026-09-23T06:16:00-04:00,31032.25,31035.75,31030.75,31030.75,,,,,,,,,,,,,,477,,
2026-09-23T06:17:00-04:00,31031,31033.75,31031,31032.25,,,,,,,,,,,,,,216,,
2026-09-23T06:18:00-04:00,31032,31032,31029,31029.5,,,,,,,,,,,,,,208,,
2026-09-23T06:19:00-04:00,31030,31039.5,31030,31037.5,,,,,,,,,,,,,,818,,
2026-09-23T06:20:00-04:00,31037.75,31037.75,31032,31032.75,,,,,,,,,,,,,,371,,
2026-09-23T06:21:00-04:00,31033,31035,31028.75,31030.5,,,,,,,,,,,,,,339,,
2026-09-23T06:22:00-04:00,31030,31030.25,31025.25,31026.5,,,,,,,,,,,,,,398,,
2026-09-23T06:23:00-04:00,31026.25,31027.75,31023.25,31023.5,,,,,,,,,,,,,,284,,
2026-09-23T06:24:00-04:00,31023.75,31026.5,31020.75,31026.5,,,,,,,,,,,,,,395,,
2026-09-23T06:25:00-04:00,31026.5,31031.5,31025.75,31026,,,,,,,,,,,,,,474,,
2026-09-23T06:26:00-04:00,31026,31027.25,31023,31025.25,,,,,,,,,,,,,,243,,
2026-09-23T06:27:00-04:00,31026,31028.75,31023.5,31025.5,,,,,,,,,,,,,,190,,
2026-09-23T06:28:00-04:00,31026,31027,31024.25,31026.25,,,,,,,,,,,,,,119,,
2026-09-23T06:29:00-04:00,31026.75,31033.75,31026.75,31033.75,,,,,,,,,,,,,,367,,
2026-09-23T06:30:00-04:00,31033,31035.75,31030.25,31032.25,,,,,,,,,,,,,,345,,
2026-09-23T06:31:00-04:00,31031.75,31034.25,31029.5,31032.5,,,,,,,,,,,,,,198,,
2026-09-23T06:32:00-04:00,31032.25,31034.25,31030.75,31033.5,,,,,,,,,,,,,,227,,
2026-09-23T06:33:00-04:00,31033.75,31035.75,31026.75,31027.25,,,,,,,,,,,,,,296,,
2026-09-23T06:34:00-04:00,31027.25,31028,31022,31022.5,,,,,,,,,,,,,,568,,
2026-09-23T06:35:00-04:00,31022.25,31023.25,31015,31015.5,,,,,,,,,,,,,,810,,
2026-09-23T06:36:00-04:00,31015.5,31023.5,31015.25,31023.5,,,,,,,,,,,,,,292,,
2026-09-23T06:37:00-04:00,31023,31027.75,31022,31024.5,,,,,,,,,,,,,,394,,
2026-09-23T06:38:00-04:00,31023.75,31024.5,31021.25,31022.5,,,,,,,,,,,,,,194,,
2026-09-23T06:39:00-04:00,31022,31031.25,31022,31029.75,,,,,,,,,,,,,,319,,
2026-09-23T06:40:00-04:00,31029.25,31029.75,31022.5,31024,,,,,,,,,,,,,,246,,
2026-09-23T06:41:00-04:00,31023.5,31024.5,31019.5,31020,,,,,,,,,,,,,,397,,
2026-09-23T06:42:00-04:00,31020.75,31021.5,31018,31019.5,,,,,,,,,,,,,,247,,
2026-09-23T06:43:00-04:00,31019.5,31021,31016,31020.5,,,,,,,,,,,,,,215,,
2026-09-23T06:44:00-04:00,31020,31022.25,31018.5,31022,,,,,,,,,,,,,,168,,
2026-09-23T06:45:00-04:00,31021.25,31021.25,31012.5,31015,,,,,,,,,,,,,,544,,
2026-09-23T06:46:00-04:00,31014.5,31020.5,31013.5,31019,,,,,,,,,,,,,,439,,
2026-09-23T06:47:00-04:00,31018.5,31021.5,31016,31020.25,,,,,,,,,,,,,,314,,
2026-09-23T06:48:00-04:00,31020,31022.25,31018,31018,,,,,,,,,,,,,,258,,
2026-09-23T06:49:00-04:00,31017.25,31019.75,31016.5,31019,,,,,,,,,,,,,,200,,
2026-09-23T06:50:00-04:00,31019.5,31020,31014,31014.25,,,,,,,,,,,,,,235,,
2026-09-23T06:51:00-04:00,31014.75,31021.25,31014.25,31019,,,,,,,,,,,,,,237,,
2026-09-23T06:52:00-04:00,31018.75,31022.5,31018.25,31022.25,,,,,,,,,,,,,,194,,
2026-09-23T06:53:00-04:00,31021.25,31023.25,31020,31021.5,,,,,,,,,,,,,,166,,
2026-09-23T06:54:00-04:00,31021,31027.75,31020.75,31025.25,,,,,,,,,,,,,,375,,
2026-09-23T06:55:00-04:00,31025.25,31029.25,31025.25,31027.5,,,,,,,,,,,,,,418,,
2026-09-23T06:56:00-04:00,31027.25,31033,31026.25,31026.5,,,,,,,,,,,,,,646,,
2026-09-23T06:57:00-04:00,31026.75,31029.75,31026.25,31028,,,,,,,,,,,,,,123,,
2026-09-23T06:58:00-04:00,31027.75,31032,31027,31030.5,,,,,,,,,,,,,,161,,
2026-09-23T06:59:00-04:00,31031.25,31031.5,31027.5,31027.75,,,,,,,,,,,,,,235,,
2026-09-23T07:00:00-04:00,31027.75,31029.5,31019.25,31021.75,,,,,,,,,,,,,,987,,
2026-09-23T07:01:00-04:00,31021,31028,31018,31019.25,,,,,,,,,,,,,,569,,
2026-09-23T07:02:00-04:00,31019,31019,31003.75,31004.75,,,,,,,,,,,,,,1725,,
2026-09-23T07:03:00-04:00,31004.75,31013.25,31004,31005.75,,,,,,,,,,,,,,1037,,
2026-09-23T07:04:00-04:00,31005,31008.5,31004.25,31007,,,,,,,,,,,,,,426,,
2026-09-23T07:05:00-04:00,31006.25,31006.25,30998.5,30999.25,,,,,,,,,,,,,,847,,
2026-09-23T07:06:00-04:00,30999,31002.25,30995,30997.5,,,,,,,,,,,,,,1589,,
2026-09-23T07:07:00-04:00,30998.5,31001,30997.5,30999.75,,,,,,,,,,,,,,534,,
2026-09-23T07:08:00-04:00,31000.25,31005,30995,30995.25,,,,,,,,,,,,,,853,,
2026-09-23T07:09:00-04:00,30995.25,31002.25,30993.25,31001,,,,,,,,,,,,,,746,,
2026-09-23T07:10:00-04:00,31001.25,31002,30998.25,30999.25,,,,,,,,,,,,,,496,,
2026-09-23T07:11:00-04:00,30998.5,31006.5,30998,31004.5,,,,,,,,,,,,,,493,,
2026-09-23T07:12:00-04:00,31004.75,31006.75,30997.25,30999.75,,,,,,,,,,,,,,717,,
2026-09-23T07:13:00-04:00,31000.25,31002.5,30996.75,31000.5,,,,,,,,,,,,,,286,,
2026-09-23T07:14:00-04:00,31000.5,31004.5,30998,31001.5,,,,,,,,,,,,,,260,,
2026-09-23T07:15:00-04:00,31002,31007.75,31000.75,31005,,,,,,,,,,,,,,500,,
2026-09-23T07:16:00-04:00,31003.25,31011.5,31000.25,31007.75,,,,,,,,,,,,,,586,,
2026-09-23T07:17:00-04:00,31007.75,31009.5,31006.25,31006.75,,,,,,,,,,,,,,269,,
2026-09-23T07:18:00-04:00,31006.75,31008.5,31001.5,31003.75,,,,,,,,,,,,,,505,,
2026-09-23T07:19:00-04:00,31003.75,31004.75,30991,30994.25,,,,,,,,,,,,,,1007,,
2026-09-23T07:20:00-04:00,30994.75,30995,30990.75,30990.75,,,,,,,,,,,,,,642,,
2026-09-23T07:21:00-04:00,30990.75,30992,30976,30977,,,,,,,,,,,,,,2707,,
2026-09-23T07:22:00-04:00,30977,30977.5,30964,30968.5,,,,,,,,,,,,,,2104,,
2026-09-23T07:23:00-04:00,30969.25,30970,30958.5,30961.75,,,,,,,,,,,,,,1305,,
2026-09-23T07:24:00-04:00,30962.25,30963.25,30957.25,30962.75,,,,,,,,,,,,,,947,,
2026-09-23T07:25:00-04:00,30962.75,30970.25,30956,30957.5,,,,,,,,,,,,,,1646,,
2026-09-23T07:26:00-04:00,30958.25,30961.25,30953.75,30955.75,,,,,,,,,,,,,,1271,,
2026-09-23T07:27:00-04:00,30955.5,30957.25,30950.5,30952.75,,,,,,,,,,,,,,987,,
2026-09-23T07:28:00-04:00,30953.5,30964.5,30949,30960.75,,,,,,,,,,,,,,1716,,
2026-09-23T07:29:00-04:00,30961.25,30961.25,30951.5,30952.75,,,,,,,,,,,,,,1055,,
2026-09-23T07:30:00-04:00,30952.5,30954.75,30939.25,30943.75,,,,,,,,,,,,,,2008,,
2026-09-23T07:31:00-04:00,30943.25,30953.75,30941.25,30948.75,,,,,,,,,,,,,,1430,,
2026-09-23T07:32:00-04:00,30948.75,30951.5,30936.75,30939.25,,,,,,,,,,,,,,1482,,
2026-09-23T07:33:00-04:00,30939,30945.25,30933.5,30935.5,,,,,,,,,,,,,,1130,,
2026-09-23T07:34:00-04:00,30935,30940,30932,30936,,,,,,,,,,,,,,993,,
2026-09-23T07:35:00-04:00,30936,30937.5,30927.5,30933.25,,,,,,,,,,,,,,1374,,
2026-09-23T07:36:00-04:00,30933.25,30936.5,30929,30930.75,,,,,,,,,,,,,,827,,
2026-09-23T07:37:00-04:00,30930.75,30930.75,30918.25,30921,,,,,,,,,,,,,,1696,,
2026-09-23T07:38:00-04:00,30921,30925.5,30914,30918,,,,,,,,,,,,,,1570,,
2026-09-23T07:39:00-04:00,30918.25,30929.75,30917.75,30929.75,,,,,,,,,,,,,,1771,,
2026-09-23T07:40:00-04:00,30929,30932.75,30919.5,30922.75,,,,,,,,,,,,,,1635,,
2026-09-23T07:41:00-04:00,30922.5,30928.75,30920.75,30922.25,,,,,,,,,,,,,,865,,
2026-09-23T07:42:00-04:00,30922.75,30923.5,30912.75,30913.75,,,,,,,,,,,,,,1079,,
2026-09-23T07:43:00-04:00,30913.75,30917.25,30911.25,30913,,,,,,,,,,,,,,1197,,
2026-09-23T07:44:00-04:00,30913.75,30928.25,30911.5,30926.5,,,,,,,,,,,,,,1775,,
2026-09-23T07:45:00-04:00,30926.5,30944.75,30925.25,30942.25,,,,,,,,,,,,,,2547,,
2026-09-23T07:46:00-04:00,30942,30956,30941.5,30955,,,,,,,,,,,,,,2558,,
2026-09-23T07:47:00-04:00,30955,30959.25,30952.75,30955.75,,,,,,,,,,,,,,1192,,
2026-09-23T07:48:00-04:00,30956.5,30960,30945.5,30953,,,,,,,,,,,,,,1769,,
2026-09-23T07:49:00-04:00,30953.5,30960,30953,30956,,,,,,,,,,,,,,749,,
2026-09-23T07:50:00-04:00,30955.5,30956,30943,30950.5,,,,,,,,,,,,,,1241,,
2026-09-23T07:51:00-04:00,30951,30955.75,30946.5,30951.25,,,,,,,,,,,,,,542,,
2026-09-23T07:52:00-04:00,30951.75,30956,30944.75,30947.75,,,,,,,,,,,,,,720,,
2026-09-23T07:53:00-04:00,30948,30952.75,30946.25,30948.75,,,,,,,,,,,,,,518,,
2026-09-23T07:54:00-04:00,30948.75,30952.25,30948.25,30950.5,,,,,,,,,,,,,,334,,
2026-09-23T07:55:00-04:00,30951.25,30955.5,30946.75,30954.75,,,,,,,,,,,,,,585,,
2026-09-23T07:56:00-04:00,30954.5,30954.5,30947.75,30952.75,,,,,,,,,,,,,,422,,
2026-09-23T07:57:00-04:00,30952,30954.25,30948.25,30952.5,,,,,,,,,,,,,,466,,
2026-09-23T07:58:00-04:00,30952.75,30957.75,30949.5,30951.5,,,,,,,,,,,,,,571,,
2026-09-23T07:59:00-04:00,30951.5,30963,30950,30959.75,,,,,,,,,,,,,,1222,,
2026-09-23T08:00:00-04:00,30958.75,30966,30952,30954,,,,,,,,,,,,,,1568,,
2026-09-23T08:01:00-04:00,30954,30955.75,30944,30945,,,,,,,,,,,,,,1440,,
2026-09-23T08:02:00-04:00,30945.25,30947.75,30942.25,30943.25,,,,,,,,,,,,,,998,,
2026-09-23T08:03:00-04:00,30943.75,30951,30938.25,30944.5,,,,,,,,,,,,,,1795,,
2026-09-23T08:04:00-04:00,30944.75,30946.75,30939.75,30941,,,,,,,,,,,,,,671,,
2026-09-23T08:05:00-04:00,30941,30948.5,30940.75,30943.75,,,,,,,,,,,,,,656,,
2026-09-23T08:06:00-04:00,30944,30953,30943.25,30945.5,,,,,,,,,,,,,,900,,
2026-09-23T08:07:00-04:00,30945.75,30947,30938.75,30942.5,,,,,,,,,,,,,,853,,
2026-09-23T08:08:00-04:00,30942.75,30943.25,30935.75,30942,,,,,,,,,,,,,,860,,
2026-09-23T08:09:00-04:00,30941.25,30946,30937.75,30943.5,,,,,,,,,,,,,,639,,
2026-09-23T08:10:00-04:00,30943.25,30947.75,30936.5,30938.5,,,,,,,,,,,,,,783,,
2026-09-23T08:11:00-04:00,30937.75,30940.25,30934.5,30934.5,,,,,,,,,,,,,,828,,
2026-09-23T08:12:00-04:00,30934.5,30938.5,30931,30931.75,,,,,,,,,,,,,,1145,,
2026-09-23T08:13:00-04:00,30933,30933,30924,30930.25,,,,,,,,,,,,,,1450,,
2026-09-23T08:14:00-04:00,30930.5,30933,30926.25,30930.75,,,,,,,,,,,,,,680,,
2026-09-23T08:15:00-04:00,30931.25,30936,30928.5,30933,,,,,,,,,,,,,,1121,,
2026-09-23T08:16:00-04:00,30933.25,30936.5,30928.25,30930,,,,,,,,,,,,,,662,,
2026-09-23T08:17:00-04:00,30930.75,30930.75,30921,30921.75,,,,,,,,,,,,,,1142,,
2026-09-23T08:18:00-04:00,30921.5,30928,30919.25,30927.25,,,,,,,,,,,,,,1018,,
2026-09-23T08:19:00-04:00,30927,30933.5,30925,30929.25,,,,,,,,,,,,,,947,,
2026-09-23T08:20:00-04:00,30929.25,30932,30925.25,30929.75,,,,,,,,,,,,,,627,,
2026-09-23T08:21:00-04:00,30930.75,30934.75,30927.5,30931.75,,,,,,,,,,,,,,874,,
2026-09-23T08:22:00-04:00,30931.5,30939,30929.25,30936,,,,,,,,,,,,,,1036,,
2026-09-23T08:23:00-04:00,30936.5,30938,30928.25,30933,,,,,,,,,,,,,,862,,
2026-09-23T08:24:00-04:00,30933,30949.75,30933,30949,,,,,,,,,,,,,,1985,,
2026-09-23T08:25:00-04:00,30949.25,30951.5,30940,30942.75,,,,,,,,,,,,,,1357,,
2026-09-23T08:26:00-04:00,30942.75,30943,30938.75,30941,,,,,,,,,,,,,,730,,
2026-09-23T08:27:00-04:00,30941.5,30943.75,30938,30942.75,,,,,,,,,,,,,,591,,
2026-09-23T08:28:00-04:00,30943,30947,30939.25,30943,,,,,,,,,,,,,,634,,
2026-09-23T08:29:00-04:00,30943,30949,30941.75,30948,,,,,,,,,,,,,,533,,
2026-09-23T08:30:00-04:00,30947.5,30953,30946.25,30952,,,,,,,,,,,,,,1048,,
2026-09-23T08:31:00-04:00,30952,30952.5,30944,30947.25,,,,,,,,,,,,,,1095,,
2026-09-23T08:32:00-04:00,30947,30956.25,30946.25,30955.75,,,,,,,,,,,,,,1049,,
2026-09-23T08:33:00-04:00,30955.5,30958.5,30953,30955,,,,,,,,,,,,,,893,,
2026-09-23T08:34:00-04:00,30955.25,30956,30949,30951.5,,,,,,,,,,,,,,905,,
2026-09-23T08:35:00-04:00,30951.25,30956.5,30949,30952,,,,,,,,,,,,,,660,,
2026-09-23T08:36:00-04:00,30951.5,30957.25,30950.5,30951.25,,,,,,,,,,,,,,588,,
2026-09-23T08:37:00-04:00,30951.25,30951.25,30945.5,30947.75,,,,,,,,,,,,,,934,,
2026-09-23T08:38:00-04:00,30948,30957.5,30947.25,30957,,,,,,,,,,,,,,592,,
2026-09-23T08:39:00-04:00,30957,30958.5,30954,30955.75,,,,,,,,,,,,,,809,,
2026-09-23T08:40:00-04:00,30955.75,30958.75,30952.5,30952.75,,,,,,,,,,,,,,766,,
2026-09-23T08:41:00-04:00,30953.5,30957,30950.25,30950.75,,,,,,,,,,,,,,637,,
2026-09-23T08:42:00-04:00,30951,30961.25,30949.25,30955.5,,,,,,,,,,,,,,1046,,
2026-09-23T08:43:00-04:00,30955,30955.25,30951.25,30954.25,,,,,,,,,,,,,,627,,
2026-09-23T08:44:00-04:00,30954.5,30954.75,30948.25,30948.75,,,,,,,,,,,,,,949,,
2026-09-23T08:45:00-04:00,30949.25,30955.25,30947.25,30951.5,,,,,,,,,,,,,,641,,
2026-09-23T08:46:00-04:00,30951.5,30958.5,30951.5,30956.5,,,,,,,,,,,,,,509,,
2026-09-23T08:47:00-04:00,30956.75,30968.75,30955.75,30962.75,,,,,,,,,,,,,,1736,,
2026-09-23T08:48:00-04:00,30963.5,30964.5,30956.25,30958.25,,,,,,,,,,,,,,856,,
2026-09-23T08:49:00-04:00,30958.5,30960.5,30954.25,30956.5,,,,,,,,,,,,,,665,,
2026-09-23T08:50:00-04:00,30956.5,30958.5,30954.5,30955.5,,,,,,,,,,,,,,499,,
2026-09-23T08:51:00-04:00,30955,30956.25,30951.75,30953.75,,,,,,,,,,,,,,554,,
2026-09-23T08:52:00-04:00,30954,30955.75,30951.25,30955.5,,,,,,,,,,,,,,283,,
2026-09-23T08:53:00-04:00,30954.75,30958.75,30952.75,30957.5,,,,,,,,,,,,,,502,,
2026-09-23T08:54:00-04:00,30957,30960,30953,30956,,,,,,,,,,,,,,607,,
2026-09-23T08:55:00-04:00,30955.25,30955.75,30947.75,30951.25,,,,,,,,,,,,,,1050,,
2026-09-23T08:56:00-04:00,30951.5,30960.75,30950.5,30960.25,,,,,,,,,,,,,,1248,,
2026-09-23T08:57:00-04:00,30960,30961.25,30955.5,30957.75,,,,,,,,,,,,,,544,,
2026-09-23T08:58:00-04:00,30958,30962.75,30954.5,30961.5,,,,,,,,,,,,,,772,,
2026-09-23T08:59:00-04:00,30962,30970.25,30961.75,30967.75,,,,,,,,,,,,,,1430,,
2026-09-23T09:00:00-04:00,30967.75,30970.75,30957.25,30961,,,,,,,,,,,,,,1846,,
2026-09-23T09:01:00-04:00,30960.5,30960.75,30953.75,30955.75,,,,,,,,,,,,,,1333,,
2026-09-23T09:02:00-04:00,30956.5,30958.25,30950,30950.5,,,,,,,,,,,,,,876,,
2026-09-23T09:03:00-04:00,30950.75,30956.5,30949.5,30954,,,,,,,,,,,,,,910,,
2026-09-23T09:04:00-04:00,30953.75,30956,30949.25,30952.5,,,,,,,,,,,,,,670,,
2026-09-23T09:05:00-04:00,30952.75,30955.25,30951.5,30953.75,,,,,,,,,,,,,,450,,
2026-09-23T09:06:00-04:00,30953.75,30955.75,30950.5,30952.75,,,,,,,,,,,,,,689,,
2026-09-23T09:07:00-04:00,30952.75,30953.75,30943.5,30944.75,,,,,,,,,,,,,,1348,,
2026-09-23T09:08:00-04:00,30944.5,30950.75,30944,30950,,,,,,,,,,,,,,781,,
2026-09-23T09:09:00-04:00,30950,30951.75,30945.5,30948.5,,,,,,,,,,,,,,553,,
2026-09-23T09:10:00-04:00,30948.75,30953.75,30946.75,30949.75,,,,,,,,,,,,,,778,,
2026-09-23T09:11:00-04:00,30950,30957,30947,30955,,,,,,,,,,,,,,827,,
2026-09-23T09:12:00-04:00,30955.25,30960.5,30955,30959,,,,,,,,,,,,,,1096,,
2026-09-23T09:13:00-04:00,30958.75,30965.75,30958,30962.75,,,,,,,,,,,,,,1255,,
2026-09-23T09:14:00-04:00,30962,30964.5,30960.25,30962.5,,,,,,,,,,,,,,645,,
2026-09-23T09:15:00-04:00,30962,30968.25,30961.25,30967.25,,,,,,,,,,,,,,998,,
2026-09-23T09:16:00-04:00,30967.5,30972.5,30965.75,30969,,,,,,,,,,,,,,1619,,
2026-09-23T09:17:00-04:00,30969.75,30973,30964.5,30972.75,,,,,,,,,,,,,,1176,,
2026-09-23T09:18:00-04:00,30972.75,30974,30966.75,30967.75,,,,,,,,,,,,,,1163,,
2026-09-23T09:19:00-04:00,30968,30968.25,30964.5,30967.5,,,,,,,,,,,,,,836,,
2026-09-23T09:20:00-04:00,30968,30973.25,30968,30971,,,,,,,,,,,,,,807,,
2026-09-23T09:21:00-04:00,30970.75,30975,30968.75,30969,,,,,,,,,,,,,,780,,
2026-09-23T09:22:00-04:00,30968.75,30971.5,30966.5,30968.75,,,,,,,,,,,,,,764,,
2026-09-23T09:23:00-04:00,30968.75,30975,30968.75,30974,,,,,,,,,,,,,,649,,
2026-09-23T09:24:00-04:00,30974,30979.75,30966.25,30970.75,,,,,,,,,,,,,,2523,,
2026-09-23T09:25:00-04:00,30971.25,30989.5,30968.25,30987.5,,,,,,,,,,,,,,3990,,
2026-09-23T09:26:00-04:00,30987.5,30990.25,30984.5,30989,,,,,,,,,,,,,,1755,,
2026-09-23T09:27:00-04:00,30988.75,30998,30985.75,30992.75,,,,,,,,,,,,,,3315,,
2026-09-23T09:28:00-04:00,30992.75,30999,30986.5,30995.25,,,,,,,,,,,,,,3196,,
2026-09-23T09:29:00-04:00,30995.5,31007,30989.5,31005.75,,,,,,,,,,,,,,3573,,
2026-09-23T09:30:00-04:00,31006.25,31013,30960.25,30965.25,,,,,,,,,,,,,,19334,,
2026-09-23T09:31:00-04:00,30965.75,30971.25,30940.5,30944.25,,,,,,,,,,,,,,14030,,
2026-09-23T09:32:00-04:00,30943.5,30948.25,30927.25,30938.75,,,,,,,,,,,,,,13087,,
2026-09-23T09:33:00-04:00,30938.75,30952.25,30934.5,30951.5,,,,,,,,,,,,,,8174,,
2026-09-23T09:34:00-04:00,30951.75,30954,30926,30926.5,,,,,,,,,,,,,,9300,,
2026-09-23T09:35:00-04:00,30926.5,30957,30922,30934.25,,,,,,,,,,,,,,12700,,
2026-09-23T09:36:00-04:00,30934.75,30940.75,30923.5,30939,,,,,,,,,,,,,,7363,,
2026-09-23T09:37:00-04:00,30939,30939.75,30915,30923.25,,,,,,,,,,,,,,8089,,
2026-09-23T09:38:00-04:00,30923,30926.5,30901.75,30902.75,,,,,,,,,,,,,,11151,,
2026-09-23T09:39:00-04:00,30903,30923,30901.75,30915,,,,,,,,,,,,,,8136,,
2026-09-23T09:40:00-04:00,30914.5,30925.75,30906.25,30912.75,,,,,,,,,,,,,,8460,,
2026-09-23T09:41:00-04:00,30912.75,30923.5,30905,30912,,,,,,,,,,,,,,7133,,
2026-09-23T09:42:00-04:00,30912.5,30921.5,30904.5,30911.25,,,,,,,,,,,,,,3765,,
2026-09-23T09:43:00-04:00,30910.75,30924,30909.75,30914.75,,,,,,,,,,,,,,3802,,
2026-09-23T09:44:00-04:00,30914.75,30924.25,30910.75,30910.75,,,,,,,,,,,,,,2591,,
2026-09-23T09:45:00-04:00,30910.5,30922.25,30902,30902.25,,,,,,,,,,,,,,5972,,
2026-09-23T09:46:00-04:00,30902,30903,30876.75,30877.5,,,,,,,,,,,,,,15130,,
2026-09-23T09:47:00-04:00,30877.75,30891.5,30860.75,30886.5,,,,,,,,,,,,,,14991,,
2026-09-23T09:48:00-04:00,30886.25,30894,30875.25,30880,,,,,,,,,,,,,,7020,,
2026-09-23T09:49:00-04:00,30880.25,30881,30871.25,30879.5,,,,,,,,,,,,,,6641,,
2026-09-23T09:50:00-04:00,30880,30888.5,30867.75,30872.5,,,,,,,,,,,,,,7644,,
2026-09-23T09:51:00-04:00,30872.25,30872.75,30855,30858.5,,,,,,,,,,,,,,8668,,
2026-09-23T09:52:00-04:00,30858,30863.75,30842,30852,,,,,,,,,,,,,,10992,,
2026-09-23T09:53:00-04:00,30851.5,30881,30846.75,30865.5,,,,,,,,,,,,,,9694,,
2026-09-23T09:54:00-04:00,30865.25,30867.5,30846,30848.75,,,,,,,,,,,,,,7500,,
2026-09-23T09:55:00-04:00,30849,30855,30833.75,30839.5,,,,,,,,,,,,,,9829,,
2026-09-23T09:56:00-04:00,30839.5,30849.75,30833,30839.5,,,,,,,,,,,,,,7118,,
2026-09-23T09:57:00-04:00,30840,30854.25,30838.75,30850,,,,,,,,,,,,,,5697,,
2026-09-23T09:58:00-04:00,30849.75,30863.5,30848.5,30855.25,,,,,,,,,,,,,,6708,,
2026-09-23T09:59:00-04:00,30855.25,30859.5,30836,30846.5,,,,,,,,,,,,,,6847,,
2026-09-23T10:00:00-04:00,30846.5,30870.5,30842.25,30867.5,,,,,,,,,,,,,,10290,,
2026-09-23T10:01:00-04:00,30867.75,30870.75,30851.75,30855.5,,,,,,,,,,,,,,6445,,
2026-09-23T10:02:00-04:00,30855.25,30857.25,30824.75,30827,,,,,,,,,,,,,,12360,,
2026-09-23T10:03:00-04:00,30827,30832.5,30821.25,30825.75,,,,,,,,,,,,,,7393,,
2026-09-23T10:04:00-04:00,30825.5,30835,30818.75,30831,,,,,,,,,,,,,,6777,,
2026-09-23T10:05:00-04:00,30831.75,30842.5,30818,30818.5,,,,,,,,,,,,,,8776,,
2026-09-23T10:06:00-04:00,30818.25,30823.5,30808.5,30811,,,,,,,,,,,,,,8106,,
2026-09-23T10:07:00-04:00,30811,30811.25,30783,30784,,,,,,,,,,,,,,11085,,
2026-09-23T10:08:00-04:00,30784,30793,30777.75,30779.5,,,,,,,,,,,,,,8554,,
2026-09-23T10:09:00-04:00,30779.25,30783.25,30766.25,30769.5,,,,,,,,,,,,,,8920,,
2026-09-23T10:10:00-04:00,30769.25,30773.25,30740.25,30750,,,,,,,,,,,,,,14530,,
2026-09-23T10:11:00-04:00,30749,30749.25,30717,30736.25,,,,,,,,,,,,,,15070,,
2026-09-23T10:12:00-04:00,30736,30746.25,30720.25,30721.25,,,,,,,,,,,,,,8897,,
2026-09-23T10:13:00-04:00,30721,30727.5,30703.75,30717.25,,,,,,,,,,,,,,12727,,
2026-09-23T10:14:00-04:00,30717,30729.5,30708.25,30719,,,,,,,,,,,,,,8372,,
2026-09-23T10:15:00-04:00,30719,30740.25,30706.25,30740.25,,,,,,,,,,,,,,11139,,
2026-09-23T10:16:00-04:00,30739.75,30741.75,30716.5,30726.75,,,,,,,,,,,,,,8123,,
2026-09-23T10:17:00-04:00,30726.5,30729.5,30687.25,30692,,,,,,,,,,,,,,15023,,
2026-09-23T10:18:00-04:00,30691.75,30697,30677.25,30686.25,,,,,,,,,,,,,,8808,,
2026-09-23T10:19:00-04:00,30686,30690.25,30671,30672.5,,,,,,,,,,,,,,8084,,
2026-09-23T10:20:00-04:00,30672.75,30702.75,30660.75,30692,,,,,,,,,,,,,,14279,,
2026-09-23T10:21:00-04:00,30692.5,30693.5,30663.75,30666.75,,,,,,,,,,,,,,8208,,
2026-09-23T10:22:00-04:00,30666.5,30668.5,30646.75,30649.75,,,,,,,,,,,,,,12973,,
2026-09-23T10:23:00-04:00,30649.75,30667.25,30644.75,30663.25,,,,,,,,,,,,,,9487,,
2026-09-23T10:24:00-04:00,30663,30674.75,30652.5,30673.75,,,,,,,,,,,,,,8459,,
2026-09-23T10:25:00-04:00,30674,30694.75,30666,30670.25,,,,,,,,,,,,,,15618,,
2026-09-23T10:26:00-04:00,30670.5,30676,30640.25,30648.25,,,,,,,,,,,,,,11100,,
2026-09-23T10:27:00-04:00,30650,30672,30647.75,30667.25,,,,,,,,,,,,,,7815,,
2026-09-23T10:28:00-04:00,30667.5,30686.25,30665.5,30681.75,,,,,,,,,,,,,,7634,,
2026-09-23T10:29:00-04:00,30682,30693.25,30674,30679,,,,,,,,,,,,,,7939,,
2026-09-23T10:30:00-04:00,30679.25,30698,30678,30682.5,,,,,,,,,,,,,,8494,,
2026-09-23T10:31:00-04:00,30683,30687.75,30657.5,30677.25,,,,,,,,,,,,,,9992,,
2026-09-23T10:32:00-04:00,30677,30706.25,30672.75,30698.25,,,,,,,,,,,,,,9729,,
2026-09-23T10:33:00-04:00,30698.75,30714.5,30694.5,30707.25,,,,,,,,,,,,,,8137,,
2026-09-23T10:34:00-04:00,30707.5,30722.75,30702.75,30720.5,,,,,,,,,,,,,,6205,,
2026-09-23T10:35:00-04:00,30720.25,30739,30718.75,30731,,,,,,,,,,,,,,10120,,
2026-09-23T10:36:00-04:00,30731.5,30732.5,30718.25,30724.75,,,,,,,,,,,,,,6613,,
2026-09-23T10:37:00-04:00,30724.5,30737.25,30708,30714.5,,,,,,,,,,,,,,10001,,
2026-09-23T10:38:00-04:00,30714.75,30716.25,30692.5,30695.25,,,,,,,,,,,,,,8275,,
2026-09-23T10:39:00-04:00,30695.25,30704.25,30687,30697.75,,,,,,,,,,,,,,6359,,
2026-09-23T10:40:00-04:00,30697.5,30710.75,30689.75,30709.5,,,,,,,,,,,,,,5810,,
2026-09-23T10:41:00-04:00,30709,30718.75,30700,30703.5,,,,,,,,,,,,,,5798,,
2026-09-23T10:42:00-04:00,30703.5,30708,30692.75,30701.25,,,,,,,,,,,,,,4076,,
2026-09-23T10:43:00-04:00,30701.25,30709,30691.25,30706.25,,,,,,,,,,,,,,3625,,
2026-09-23T10:44:00-04:00,30706.75,30722.75,30704.25,30719,,,,,,,,,,,,,,5344,,
2026-09-23T10:45:00-04:00,30719,30739.25,30719,30730.75,,,,,,,,,,,,,,7362,,
2026-09-23T10:46:00-04:00,30731.25,30738.75,30718,30731.75,,,,,,,,,,,,,,5561,,
2026-09-23T10:47:00-04:00,30731.5,30738,30722,30723.5,,,,,,,,,,,,,,3732,,
2026-09-23T10:48:00-04:00,30723.25,30738,30722.5,30728.75,,,,,,,,,,,,,,3670,,
2026-09-23T10:49:00-04:00,30728.75,30739,30726,30733,,,,,,,,,,,,,,2717,,
2026-09-23T10:50:00-04:00,30732.5,30739.75,30714.25,30716,,,,,,,,,,,,,,5138,,
2026-09-23T10:51:00-04:00,30716.5,30767,30712.5,30747.5,,,,,,,,,,,,,,12934,,
2026-09-23T10:52:00-04:00,30747.5,30764.75,30740.75,30763.75,,,,,,,,,,,,,,7892,,
2026-09-23T10:53:00-04:00,30763.75,30819,30763.75,30816.75,,,,,,,,,,,,,,17495,,
2026-09-23T10:54:00-04:00,30817.25,30825.25,30798.75,30813.25,,,,,,,,,,,,,,10877,,
2026-09-23T10:55:00-04:00,30813,30824,30783.25,30814.25,,,,,,,,,,,,,,10295,,
2026-09-23T10:56:00-04:00,30814,30817.75,30807.5,30809.75,,,,,,,,,,,,,,3804,,
2026-09-23T10:57:00-04:00,30810.5,30824.5,30800.25,30819.5,,,,,,,,,,,,,,5262,,
2026-09-23T10:58:00-04:00,30820.25,30820.25,30810.25,30812.5,,,,,,,,,,,,,,2129,,
2026-09-23T10:59:00-04:00,30812.5,30827.75,30811,30822.5,,,,,,,,,,,,,,3086,,
2026-09-23T11:00:00-04:00,30822.25,30824.5,30803.5,30814,,,,,,,,,,,,,,5426,,
2026-09-23T11:01:00-04:00,30813.5,30827.75,30812.5,30816.25,,,,,,,,,,,,,,5003,,
2026-09-23T11:02:00-04:00,30816.5,30821.25,30804.75,30806,,,,,,,,,,,,,,4074,,
2026-09-23T11:03:00-04:00,30806,30810.25,30794.25,30804.5,,,,,,,,,,,,,,5287,,
2026-09-23T11:04:00-04:00,30804.25,30807,30794.75,30803.25,,,,,,,,,,,,,,3143,,
2026-09-23T11:05:00-04:00,30803.5,30806,30791.25,30795.5,,,,,,,,,,,,,,3491,,
2026-09-23T11:06:00-04:00,30795.75,30803,30790,30795.5,,,,,,,,,,,,,,3419,,
2026-09-23T11:07:00-04:00,30795.75,30810.5,30795.25,30804.75,,,,,,,,,,,,,,3823,,
2026-09-23T11:08:00-04:00,30805,30814.5,30804.5,30811.75,,,,,,,,,,,,,,3163,,
2026-09-23T11:09:00-04:00,30812,30812,30802.75,30802.75,,,,,,,,,,,,,,2122,,
2026-09-23T11:10:00-04:00,30803.5,30805.5,30794.75,30799,,,,,,,,,,,,,,3137,,
2026-09-23T11:11:00-04:00,30799,30802.25,30787,30792.5,,,,,,,,,,,,,,3243,,
2026-09-23T11:12:00-04:00,30793,30801.5,30783.75,30800.5,,,,,,,,,,,,,,4135,,
2026-09-23T11:13:00-04:00,30800.5,30801.25,30781.75,30788.75,,,,,,,,,,,,,,3938,,
2026-09-23T11:14:00-04:00,30789.25,30792.5,30784.5,30787.75,,,,,,,,,,,,,,2603,,
2026-09-23T11:15:00-04:00,30788,30800.25,30787.5,30794.25,,,,,,,,,,,,,,3088,,
2026-09-23T11:16:00-04:00,30794,30797.75,30778.75,30785,,,,,,,,,,,,,,3801,,
2026-09-23T11:17:00-04:00,30785.25,30785.5,30754.75,30768.25,,,,,,,,,,,,,,10047,,
2026-09-23T11:18:00-04:00,30768.5,30777.5,30766.25,30772.25,,,,,,,,,,,,,,3739,,
2026-09-23T11:19:00-04:00,30772,30792,30771.75,30785.25,,,,,,,,,,,,,,4735,,
2026-09-23T11:20:00-04:00,30785.5,30791.5,30780.5,30783,,,,,,,,,,,,,,3123,,
2026-09-23T11:21:00-04:00,30783.25,30802.5,30778.75,30800.25,,,,,,,,,,,,,,5548,,
2026-09-23T11:22:00-04:00,30800,30817.75,30799.75,30813.5,,,,,,,,,,,,,,5988,,
2026-09-23T11:23:00-04:00,30813,30815.75,30803.5,30809.75,,,,,,,,,,,,,,3225,,
2026-09-23T11:24:00-04:00,30810.25,30814.25,30802.75,30809,,,,,,,,,,,,,,2605,,
2026-09-23T11:25:00-04:00,30808.5,30814.75,30803.25,30813,,,,,,,,,,,,,,2673,,
2026-09-23T11:26:00-04:00,30812.75,30817.75,30801.5,30809.5,,,,,,,,,,,,,,3416,,
2026-09-23T11:27:00-04:00,30809.5,30810.75,30797.75,30803.75,,,,,,,,,,,,,,3115,,
2026-09-23T11:28:00-04:00,30803.25,30803.25,30777.75,30779.75,,,,,,,,,,,,,,6080,,
2026-09-23T11:29:00-04:00,30779.5,30781,30768.5,30773,,,,,,,,,,,,,,5130,,
2026-09-23T11:30:00-04:00,30773,30774,30763.5,30770,,,,,,,,,,,,,,4729,,
2026-09-23T11:31:00-04:00,30770.5,30780.5,30767,30773.25,,,,,,,,,,,,,,4226,,
2026-09-23T11:32:00-04:00,30773.5,30780.25,30765.5,30767.25,,,,,,,,,,,,,,3164,,
2026-09-23T11:33:00-04:00,30767.5,30777.25,30764,30773.5,,,,,,,,,,,,,,2880,,
2026-09-23T11:34:00-04:00,30773.25,30782.75,30770.25,30770.25,,,,,,,,,,,,,,3109,,
2026-09-23T11:35:00-04:00,30770,30778,30760,30773.25,,,,,,,,,,,,,,4641,,
2026-09-23T11:36:00-04:00,30773.5,30777.5,30761.25,30763.5,,,,,,,,,,,,,,2996,,
2026-09-23T11:37:00-04:00,30763.25,30766.75,30757.5,30765.75,,,,,,,,,,,,,,3061,,
2026-09-23T11:38:00-04:00,30765.75,30774.25,30764.5,30768.75,,,,,,,,,,,,,,2637,,
2026-09-23T11:39:00-04:00,30768.5,30777.5,30760.75,30766,,,,,,,,,,,,,,2221,,
2026-09-23T11:40:00-04:00,30766,30766.5,30759.25,30763.5,,,,,,,,,,,,,,2273,,
2026-09-23T11:41:00-04:00,30763.25,30766,30752,30757,,,,,,,,,,,,,,3543,,
2026-09-23T11:42:00-04:00,30756.75,30768.25,30756.75,30768.25,,,,,,,,,,,,,,2704,,
2026-09-23T11:43:00-04:00,30768.25,30781,30762.25,30778.75,,,,,,,,,,,,,,4194,,
2026-09-23T11:44:00-04:00,30778.75,30783.75,30773.5,30780.5,,,,,,,,,,,,,,3194,,
2026-09-23T11:45:00-04:00,30780.25,30786,30775.25,30779.75,,,,,,,,,,,,,,3281,,
2026-09-23T11:46:00-04:00,30779.25,30783.25,30772.25,30776.75,,,,,,,,,,,,,,2446,,
2026-09-23T11:47:00-04:00,30777,30777.75,30745.75,30757,,,,,,,,,,,,,,6835,,
2026-09-23T11:48:00-04:00,30756.75,30762.5,30736.25,30741.5,,,,,,,,,,,,,,5342,,
2026-09-23T11:49:00-04:00,30740.75,30744.75,30732.5,30740,,,,,,,,,,,,,,5527,,
2026-09-23T11:50:00-04:00,30740.25,30745.5,30735.5,30741.25,,,,,,,,,,,,,,3172,,
2026-09-23T11:51:00-04:00,30741.25,30742.5,30723,30729.25,,,,,,,,,,,,,,5454,,
2026-09-23T11:52:00-04:00,30729.5,30748.75,30727.5,30736.5,,,,,,,,,,,,,,4930,,
2026-09-23T11:53:00-04:00,30737,30741,30727.25,30740.75,,,,,,,,,,,,,,3108,,
2026-09-23T11:54:00-04:00,30740,30754,30739,30753.5,,,,,,,,,,,,,,3461,,
2026-09-23T11:55:00-04:00,30753.25,30757.5,30747.75,30748.75,,,,,,,,,,,,,,2973,,
2026-09-23T11:56:00-04:00,30748.5,30749.5,30737.5,30741,,,,,,,,,,,,,,3702,,
2026-09-23T11:57:00-04:00,30742,30743,30737.25,30738.5,,,,,,,,,,,,,,1698,,
2026-09-23T11:58:00-04:00,30738.25,30747.25,30738.25,30742,,,,,,,,,,,,,,2213,,
2026-09-23T11:59:00-04:00,30741.5,30748.25,30738.5,30746.75,,,,,,,,,,,,,,1450,,
2026-09-23T12:00:00-04:00,30746.75,30747.75,30735.5,30737.5,,,,,,,,,,,,,,2267,,
2026-09-23T12:01:00-04:00,30737.5,30740.25,30729,30733.75,,,,,,,,,,,,,,3204,,
2026-09-23T12:02:00-04:00,30733.75,30737.5,30731,30732.75,,,,,,,,,,,,,,1125,,
2026-09-23T12:03:00-04:00,30733,30735,30726.5,30734.75,,,,,,,,,,,,,,1794,,
2026-09-23T12:04:00-04:00,30735,30745,30732.5,30740.5,,,,,,,,,,,,,,2726,,
2026-09-23T12:05:00-04:00,30740.25,30740.5,30733,30736.25,,,,,,,,,,,,,,1536,,
2026-09-23T12:06:00-04:00,30735.75,30745,30731.25,30732.75,,,,,,,,,,,,,,1702,,
2026-09-23T12:07:00-04:00,30732,30745,30731.5,30741.5,,,,,,,,,,,,,,1712,,
2026-09-23T12:08:00-04:00,30741.25,30753.5,30741.25,30746.25,,,,,,,,,,,,,,3023,,
2026-09-23T12:09:00-04:00,30746.25,30749,30740.25,30745.25,,,,,,,,,,,,,,1717,,
2026-09-23T12:10:00-04:00,30745,30748.5,30740,30745,,,,,,,,,,,,,,1266,,
2026-09-23T12:11:00-04:00,30744.25,30744.75,30738.5,30744.25,,,,,,,,,,,,,,1294,,
2026-09-23T12:12:00-04:00,30744,30751,30740.75,30745,,,,,,,,,,,,,,1741,,
2026-09-23T12:13:00-04:00,30744.75,30745,30739.75,30744,,,,,,,,,,,,,,848,,
2026-09-23T12:14:00-04:00,30743,30747.25,30737.75,30744.5,,,,,,,,,,,,,,1386,,
2026-09-23T12:15:00-04:00,30744.25,30755,30740,30753.25,,,,,,,,,,,,,,2577,,
2026-09-23T12:16:00-04:00,30752.5,30756.5,30741.75,30743,,,,,,,,,,,,,,2398,,
2026-09-23T12:17:00-04:00,30742.75,30744.5,30733.5,30738.5,,,,,,,,,,,,,,2819,,
2026-09-23T12:18:00-04:00,30738.75,30740.5,30729,30734.5,,,,,,,,,,,,,,2457,,
2026-09-23T12:19:00-04:00,30734.25,30739,30726,30738.25,,,,,,,,,,,,,,2409,,
2026-09-23T12:20:00-04:00,30737.5,30738.25,30720,30726,,,,,,,,,,,,,,3893,,
2026-09-23T12:21:00-04:00,30726.25,30726.25,30718.75,30721.25,,,,,,,,,,,,,,2342,,
2026-09-23T12:22:00-04:00,30721,30728.5,30715.25,30727,,,,,,,,,,,,,,3002,,
2026-09-23T12:23:00-04:00,30727.5,30729.5,30720.25,30724.75,,,,,,,,,,,,,,2572,,
2026-09-23T12:24:00-04:00,30724.25,30731.5,30718.5,30726,,,,,,,,,,,,,,2055,,
2026-09-23T12:25:00-04:00,30726,30735.75,30724,30735.25,,,,,,,,,,,,,,1860,,
2026-09-23T12:26:00-04:00,30735.25,30735.25,30718.25,30721.25,,,,,,,,,,,,,,2440,,
2026-09-23T12:27:00-04:00,30721.75,30727.75,30721.25,30725.5,,,,,,,,,,,,,,1358,,
2026-09-23T12:28:00-04:00,30725.75,30726.5,30719.5,30725,,,,,,,,,,,,,,1285,,
2026-09-23T12:29:00-04:00,30725.5,30728,30721.75,30723.25,,,,,,,,,,,,,,1155,,
2026-09-23T12:30:00-04:00,30723.5,30742,30722.75,30741,,,,,,,,,,,,,,3417,,
2026-09-23T12:31:00-04:00,30740.75,30746.5,30736,30744.25,,,,,,,,,,,,,,2634,,
2026-09-23T12:32:00-04:00,30744.5,30751.25,30742.25,30745.5,,,,,,,,,,,,,,2974,,
2026-09-23T12:33:00-04:00,30745.75,30748.5,30740,30744.25,,,,,,,,,,,,,,2305,,
2026-09-23T12:34:00-04:00,30744.5,30745.25,30738,30741.5,,,,,,,,,,,,,,1797,,
2026-09-23T12:35:00-04:00,30741.25,30749.5,30736.75,30740.25,,,,,,,,,,,,,,2488,,
2026-09-23T12:36:00-04:00,30739.75,30746.25,30739.5,30745.25,,,,,,,,,,,,,,1279,,
2026-09-23T12:37:00-04:00,30745.25,30746.25,30733.5,30736.5,,,,,,,,,,,,,,2099,,
2026-09-23T12:38:00-04:00,30736,30739.5,30730.75,30733.25,,,,,,,,,,,,,,1540,,
2026-09-23T12:39:00-04:00,30732.75,30733.25,30724.5,30728.5,,,,,,,,,,,,,,2508,,
2026-09-23T12:40:00-04:00,30728.5,30730,30717.5,30717.75,,,,,,,,,,,,,,2524,,
2026-09-23T12:41:00-04:00,30717.5,30718.25,30708.5,30713,,,,,,,,,,,,,,3823,,
2026-09-23T12:42:00-04:00,30712.75,30718.75,30707.75,30708,,,,,,,,,,,,,,2803,,
2026-09-23T12:43:00-04:00,30708.25,30710.75,30705,30707,,,,,,,,,,,,,,2405,,
2026-09-23T12:44:00-04:00,30707,30708.25,30695.25,30695.25,,,,,,,,,,,,,,4271,,
2026-09-23T12:45:00-04:00,30695.25,30707.75,30688,30700.75,,,,,,,,,,,,,,8171,,
2026-09-23T12:46:00-04:00,30701,30711.75,30699,30710.5,,,,,,,,,,,,,,5310,,
2026-09-23T12:47:00-04:00,30710.75,30720.75,30708,30709.5,,,,,,,,,,,,,,4384,,
2026-09-23T12:48:00-04:00,30709.25,30709.75,30701.25,30707.5,,,,,,,,,,,,,,2273,,
2026-09-23T12:49:00-04:00,30707.75,30708.25,30690.75,30695.5,,,,,,,,,,,,,,3066,,
2026-09-23T12:50:00-04:00,30695,30695.75,30677.5,30681.25,,,,,,,,,,,,,,6781,,
2026-09-23T12:51:00-04:00,30681.75,30682.5,30668,30674.5,,,,,,,,,,,,,,5426,,
2026-09-23T12:52:00-04:00,30674.5,30687.25,30672.5,30680.25,,,,,,,,,,,,,,4097,,
2026-09-23T12:53:00-04:00,30680.75,30681.5,30670.25,30676.5,,,,,,,,,,,,,,3166,,
2026-09-23T12:54:00-04:00,30676.25,30681.5,30670.75,30671.5,,,,,,,,,,,,,,2349,,
2026-09-23T12:55:00-04:00,30671.75,30685.25,30669,30679,,,,,,,,,,,,,,3480,,
2026-09-23T12:56:00-04:00,30678.5,30685.5,30673.75,30684,,,,,,,,,,,,,,2670,,
2026-09-23T12:57:00-04:00,30684,30693.25,30674.75,30675.75,,,,,,,,,,,,,,4348,,
2026-09-23T12:58:00-04:00,30675.5,30690.25,30672.75,30688.25,,,,,,,,,,,,,,2781,,
2026-09-23T12:59:00-04:00,30688,30696.5,30686.75,30687.5,,,,,,,,,,,,,,2493,,
2026-09-23T13:00:00-04:00,30687.5,30701.75,30686,30700,,,,,,,,,,,,,,3413,,
2026-09-23T13:01:00-04:00,30699.75,30709.25,30696.5,30705.25,,,,,,,,,,,,,,3348,,
2026-09-23T13:02:00-04:00,30703.75,30705,30659.75,30661.25,,,,,,,,,,,,,,10825,,
2026-09-23T13:03:00-04:00,30661.75,30672,30648.5,30652.5,,,,,,,,,,,,,,7362,,
2026-09-23T13:04:00-04:00,30652.25,30661,30646.5,30658.5,,,,,,,,,,,,,,4413,,
2026-09-23T13:05:00-04:00,30658.5,30674.75,30657,30666.5,,,,,,,,,,,,,,4415,,
2026-09-23T13:06:00-04:00,30666.75,30671.75,30653,30662.5,,,,,,,,,,,,,,3701,,
2026-09-23T13:07:00-04:00,30662.25,30669.5,30658.75,30660,,,,,,,,,,,,,,2212,,
2026-09-23T13:08:00-04:00,30659.5,30670,30658.75,30668.5,,,,,,,,,,,,,,2011,,
2026-09-23T13:09:00-04:00,30668.75,30682,30664,30676.5,,,,,,,,,,,,,,3352,,
2026-09-23T13:10:00-04:00,30676.5,30679.5,30662.75,30666.5,,,,,,,,,,,,,,3272,,
2026-09-23T13:11:00-04:00,30666,30677.25,30655.75,30657.25,,,,,,,,,,,,,,3847,,
2026-09-23T13:12:00-04:00,30657.5,30665.75,30656.25,30663,,,,,,,,,,,,,,2689,,
2026-09-23T13:13:00-04:00,30663.25,30668.5,30657.25,30667,,,,,,,,,,,,,,2216,,
2026-09-23T13:14:00-04:00,30667.25,30673.5,30662.5,30670.5,,,,,,,,,,,,,,2038,,
2026-09-23T13:15:00-04:00,30670.25,30686.25,30665.25,30684.25,,,,,,,,,,,,,,3446,,
2026-09-23T13:16:00-04:00,30684.5,30687.25,30677.25,30684.25,,,,,,,,,,,,,,2439,,
2026-09-23T13:17:00-04:00,30683.75,30699,30680,30694.75,,,,,,,,,,,,,,3959,,
2026-09-23T13:18:00-04:00,30694.75,30705.75,30694.25,30704.75,,,,,,,,,,,,,,3071,,
2026-09-23T13:19:00-04:00,30705,30725.5,30703.25,30722.5,,,,,,,,,,,,,,5520,,
2026-09-23T13:20:00-04:00,30722.5,30724.75,30712.25,30715.75,,,,,,,,,,,,,,3396,,
2026-09-23T13:21:00-04:00,30716.25,30720.75,30706.25,30708,,,,,,,,,,,,,,3350,,
2026-09-23T13:22:00-04:00,30708,30722.5,30705.75,30717,,,,,,,,,,,,,,2956,,
2026-09-23T13:23:00-04:00,30717,30720,30702.5,30704,,,,,,,,,,,,,,2887,,
2026-09-23T13:24:00-04:00,30703.5,30703.75,30680.75,30681.25,,,,,,,,,,,,,,4750,,
2026-09-23T13:25:00-04:00,30681.5,30691,30677.5,30687.25,,,,,,,,,,,,,,3498,,
2026-09-23T13:26:00-04:00,30687.5,30691.5,30678.5,30688.5,,,,,,,,,,,,,,2492,,
2026-09-23T13:27:00-04:00,30688.75,30688.75,30681,30683.5,,,,,,,,,,,,,,1506,,
2026-09-23T13:28:00-04:00,30683.75,30688.75,30679,30681.75,,,,,,,,,,,,,,2026,,
2026-09-23T13:29:00-04:00,30682,30686,30675.75,30681.75,,,,,,,,,,,,,,2594,,
2026-09-23T13:30:00-04:00,30681.75,30682.5,30672,30679.75,,,,,,,,,,,,,,3353,,
2026-09-23T13:31:00-04:00,30679.25,30689.5,30674.25,30688.75,,,,,,,,,,,,,,3497,,
2026-09-23T13:32:00-04:00,30688.5,30689.5,30673.5,30689.25,,,,,,,,,,,,,,2661,,
2026-09-23T13:33:00-04:00,30689,30702.25,30683.75,30699.5,,,,,,,,,,,,,,3963,,
2026-09-23T13:34:00-04:00,30699.5,30702.75,30697.25,30700.75,,,,,,,,,,,,,,1971,,
2026-09-23T13:35:00-04:00,30700.5,30701.25,30688.5,30690,,,,,,,,,,,,,,2531,,
2026-09-23T13:36:00-04:00,30690,30696.5,30686,30695.5,,,,,,,,,,,,,,1911,,
2026-09-23T13:37:00-04:00,30695.25,30704.75,30693.75,30702.25,,,,,,,,,,,,,,2478,,
2026-09-23T13:38:00-04:00,30702.5,30705.75,30697,30701,,,,,,,,,,,,,,1547,,
2026-09-23T13:39:00-04:00,30700.75,30702.75,30692,30695.75,,,,,,,,,,,,,,1835,,
2026-09-23T13:40:00-04:00,30696.25,30714.75,30685,30700.5,,,,,,,,,,,,,,7230,,
2026-09-23T13:41:00-04:00,30700,30721,30694.75,30713,,,,,,,,,,,,,,6537,,
2026-09-23T13:42:00-04:00,30712.75,30732,30711,30730.25,,,,,,,,,,,,,,5409,,
2026-09-23T13:43:00-04:00,30730.5,30756.25,30730.5,30753,,,,,,,,,,,,,,7572,,
2026-09-23T13:44:00-04:00,30753,30756.5,30744.5,30748.75,,,,,,,,,,,,,,3819,,
2026-09-23T13:45:00-04:00,30748.5,30755.25,30741.25,30751.75,,,,,,,,,,,,,,4276,,
2026-09-23T13:46:00-04:00,30751.5,30764,30750,30751,,,,,,,,,,,,,,4911,,
2026-09-23T13:47:00-04:00,30750.75,30755,30743.5,30747.5,,,,,,,,,,,,,,3812,,
2026-09-23T13:48:00-04:00,30747.25,30749,30737.25,30746,,,,,,,,,,,,,,4105,,
2026-09-23T13:49:00-04:00,30745.5,30753,30743.5,30750,,,,,,,,,,,,,,2126,,
2026-09-23T13:50:00-04:00,30750,30758.5,30746.75,30751.75,,,,,,,,,,,,,,2192,,
2026-09-23T13:51:00-04:00,30752.25,30755.5,30747,30749.75,,,,,,,,,,,,,,1421,,
2026-09-23T13:52:00-04:00,30750.25,30754,30746,30754,,,,,,,,,,,,,,1363,,
2026-09-23T13:53:00-04:00,30753.5,30760,30746,30748.5,,,,,,,,,,,,,,2471,,
2026-09-23T13:54:00-04:00,30748,30757.5,30740,30752.5,,,,,,,,,,,,,,3218,,
2026-09-23T13:55:00-04:00,30752.75,30756.25,30748.25,30750.25,,,,,,,,,,,,,,1342,,
2026-09-23T13:56:00-04:00,30750.25,30757.25,30747.75,30754.25,,,,,,,,,,,,,,1430,,
2026-09-23T13:57:00-04:00,30753.75,30766.25,30750,30765.75,,,,,,,,,,,,,,3149,,
2026-09-23T13:58:00-04:00,30765.75,30770.25,30765.25,30768.75,,,,,,,,,,,,,,2436,,
2026-09-23T13:59:00-04:00,30768,30774.5,30766,30771.25,,,,,,,,,,,,,,2565,,
2026-09-23T14:00:00-04:00,30771,30772.25,30762.25,30767.25,,,,,,,,,,,,,,3195,,
2026-09-23T14:01:00-04:00,30767,30768,30757,30761,,,,,,,,,,,,,,2892,,
2026-09-23T14:02:00-04:00,30761,30761.75,30749.5,30752.5,,,,,,,,,,,,,,3107,,
2026-09-23T14:03:00-04:00,30753.25,30753.25,30740.5,30742.75,,,,,,,,,,,,,,3350,,
2026-09-23T14:04:00-04:00,30742.5,30742.5,30727.25,30730.25,,,,,,,,,,,,,,3974,,
2026-09-23T14:05:00-04:00,30729.5,30738.5,30726,30737.75,,,,,,,,,,,,,,3570,,
2026-09-23T14:06:00-04:00,30737.75,30748.25,30736,30741.75,,,,,,,,,,,,,,4308,,
2026-09-23T14:07:00-04:00,30741.5,30744.75,30738.75,30742.75,,,,,,,,,,,,,,1576,,
2026-09-23T14:08:00-04:00,30742.75,30747,30740.5,30742.5,,,,,,,,,,,,,,1636,,
2026-09-23T14:09:00-04:00,30742.25,30743.5,30734,30739.25,,,,,,,,,,,,,,1666,,
2026-09-23T14:10:00-04:00,30739.75,30747.5,30736.25,30736.5,,,,,,,,,,,,,,1966,,
2026-09-23T14:11:00-04:00,30736.25,30744.25,30736,30740.25,,,,,,,,,,,,,,1352,,
2026-09-23T14:12:00-04:00,30740.75,30742.25,30736.5,30742,,,,,,,,,,,,,,1108,,
2026-09-23T14:13:00-04:00,30741.75,30746,30738.75,30743.5,,,,,,,,,,,,,,1530,,
2026-09-23T14:14:00-04:00,30743.25,30747,30740.25,30745.5,,,,,,,,,,,,,,1457,,
2026-09-23T14:15:00-04:00,30745.5,30753.75,30741,30751.75,,,,,,,,,,,,,,2532,,
2026-09-23T14:16:00-04:00,30751.25,30759.25,30747.75,30749.25,,,,,,,,,,,,,,3127,,
2026-09-23T14:17:00-04:00,30749.25,30759.25,30748.75,30758.25,,,,,,,,,,,,,,2451,,
2026-09-23T14:18:00-04:00,30758.5,30768.5,30757,30767.75,,,,,,,,,,,,,,3012,,
2026-09-23T14:19:00-04:00,30767.25,30769.5,30758,30760,,,,,,,,,,,,,,2079,,
2026-09-23T14:20:00-04:00,30760,30763,30754.25,30757.75,,,,,,,,,,,,,,1895,,
2026-09-23T14:21:00-04:00,30758.25,30759.5,30747.5,30751,,,,,,,,,,,,,,2328,,
2026-09-23T14:22:00-04:00,30751.25,30755,30750.25,30753.25,,,,,,,,,,,,,,1153,,
2026-09-23T14:23:00-04:00,30753,30760,30746.25,30756.5,,,,,,,,,,,,,,2215,,
2026-09-23T14:24:00-04:00,30756.25,30761.75,30755.5,30760,,,,,,,,,,,,,,1174,,
2026-09-23T14:25:00-04:00,30760,30764.25,30754.25,30754.25,,,,,,,,,,,,,,1709,,
2026-09-23T14:26:00-04:00,30754.75,30760.75,30754.25,30755.25,,,,,,,,,,,,,,1126,,
2026-09-23T14:27:00-04:00,30755.25,30764.5,30755.25,30757.75,,,,,,,,,,,,,,1249,,
2026-09-23T14:28:00-04:00,30757.25,30759.25,30752.75,30756.25,,,,,,,,,,,,,,1896,,
2026-09-23T14:29:00-04:00,30756.25,30759.75,30750.5,30755.5,,,,,,,,,,,,,,1222,,
2026-09-23T14:30:00-04:00,30754.75,30757.75,30744.75,30746.25,,,,,,,,,,,,,,2688,,
2026-09-23T14:31:00-04:00,30746.25,30748.5,30740.25,30745.75,,,,,,,,,,,,,,2495,,
2026-09-23T14:32:00-04:00,30745.5,30750,30742.25,30749.25,,,,,,,,,,,,,,1315,,
2026-09-23T14:33:00-04:00,30749.25,30750,30744.25,30746.25,,,,,,,,,,,,,,866,,
2026-09-23T14:34:00-04:00,30746,30753.5,30739.25,30747.75,,,,,,,,,,,,,,1934,,
2026-09-23T14:35:00-04:00,30748.25,30754.5,30747.5,30751.25,,,,,,,,,,,,,,1091,,
2026-09-23T14:36:00-04:00,30751,30753.5,30745.5,30746.5,,,,,,,,,,,,,,1127,,
2026-09-23T14:37:00-04:00,30746.5,30746.75,30735.25,30735.75,,,,,,,,,,,,,,2504,,
2026-09-23T14:38:00-04:00,30736,30737.25,30727.25,30732,,,,,,,,,,,,,,3616,,
2026-09-23T14:39:00-04:00,30731.75,30735.5,30728.5,30732.25,,,,,,,,,,,,,,2044,,
2026-09-23T14:40:00-04:00,30732.5,30741.5,30732.5,30739.5,,,,,,,,,,,,,,2063,,
2026-09-23T14:41:00-04:00,30739.5,30744.25,30733.75,30736,,,,,,,,,,,,,,1947,,
2026-09-23T14:42:00-04:00,30736,30746,30735.75,30743.5,,,,,,,,,,,,,,1357,,
2026-09-23T14:43:00-04:00,30744,30752.25,30744,30750,,,,,,,,,,,,,,2121,,
2026-09-23T14:44:00-04:00,30749.75,30750.5,30745.5,30748,,,,,,,,,,,,,,1461,,
2026-09-23T14:45:00-04:00,30747.5,30749,30742.5,30746,,,,,,,,,,,,,,1403,,
2026-09-23T14:46:00-04:00,30746,30748.5,30740.75,30742.75,,,,,,,,,,,,,,1267,,
2026-09-23T14:47:00-04:00,30742.75,30749.5,30742.25,30745.75,,,,,,,,,,,,,,970,,
2026-09-23T14:48:00-04:00,30745.75,30757.25,30743.5,30757.25,,,,,,,,,,,,,,2368,,
2026-09-23T14:49:00-04:00,30757,30763.5,30755.75,30761.75,,,,,,,,,,,,,,2282,,
2026-09-23T14:50:00-04:00,30762.25,30768.75,30756.5,30757.25,,,,,,,,,,,,,,2916,,
2026-09-23T14:51:00-04:00,30757.75,30760.75,30755.5,30759,,,,,,,,,,,,,,1379,,
2026-09-23T14:52:00-04:00,30759,30759.75,30745.5,30748.25,,,,,,,,,,,,,,2767,,
2026-09-23T14:53:00-04:00,30748.5,30754.75,30746.5,30754,,,,,,,,,,,,,,1395,,
2026-09-23T14:54:00-04:00,30753.25,30753.5,30746.5,30750,,,,,,,,,,,,,,1247,,
2026-09-23T14:55:00-04:00,30749.5,30761.75,30747.75,30761.25,,,,,,,,,,,,,,1804,,
2026-09-23T14:56:00-04:00,30761.5,30763.75,30758.75,30762.25,,,,,,,,,,,,,,1525,,
2026-09-23T14:57:00-04:00,30762.25,30764.5,30757.5,30764.5,,,,,,,,,,,,,,1178,,
2026-09-23T14:58:00-04:00,30764.25,30766,30760.75,30763.5,,,,,,,,,,,,,,1512,,
2026-09-23T14:59:00-04:00,30763.5,30766.75,30759.75,30762.25,,,,,,,,,,,,,,1161,,
2026-09-23T15:00:00-04:00,30762.5,30763.5,30752.5,30762.5,,,,,,,,,,,,,,2473,,
2026-09-23T15:01:00-04:00,30762.75,30767.25,30759.25,30761,,,,,,,,,,,,,,1759,,
2026-09-23T15:02:00-04:00,30761,30763.25,30755.25,30758.75,,,,,,,,,,,,,,968,,
2026-09-23T15:03:00-04:00,30758.75,30759.25,30742.25,30743.25,,,,,,,,,,,,,,2783,,
2026-09-23T15:04:00-04:00,30743.5,30748,30742.5,30743.5,,,,,,,,,,,,,,1741,,
2026-09-23T15:05:00-04:00,30743.75,30751,30740.75,30749.25,,,,,,,,,,,,,,2049,,
2026-09-23T15:06:00-04:00,30749,30764.25,30745.5,30763.5,,,,,,,,,,,,,,2785,,
2026-09-23T15:07:00-04:00,30763.5,30780.5,30761.5,30776.25,,,,,,,,,,,,,,5347,,
2026-09-23T15:08:00-04:00,30776,30782.25,30774,30779,,,,,,,,,,,,,,2639,,
2026-09-23T15:09:00-04:00,30779.25,30781.25,30765,30769.75,,,,,,,,,,,,,,3523,,
2026-09-23T15:10:00-04:00,30770,30774.5,30766.5,30768.5,,,,,,,,,,,,,,1522,,
2026-09-23T15:11:00-04:00,30768.5,30773.75,30766.25,30770,,,,,,,,,,,,,,1255,,
2026-09-23T15:12:00-04:00,30769.75,30772.25,30758,30760,,,,,,,,,,,,,,2876,,
2026-09-23T15:13:00-04:00,30760.25,30763,30753.75,30762.5,,,,,,,,,,,,,,2390,,
2026-09-23T15:14:00-04:00,30762.75,30764.5,30759.5,30762.75,,,,,,,,,,,,,,1349,,
2026-09-23T15:15:00-04:00,30762.75,30765.75,30748.25,30748.25,,,,,,,,,,,,,,2842,,
2026-09-23T15:16:00-04:00,30748.75,30749.25,30741.5,30745.75,,,,,,,,,,,,,,2778,,
2026-09-23T15:17:00-04:00,30745.5,30748.75,30741.75,30747.75,,,,,,,,,,,,,,1616,,
2026-09-23T15:18:00-04:00,30748,30755.75,30745.75,30754.5,,,,,,,,,,,,,,1826,,
2026-09-23T15:19:00-04:00,30754.5,30757.75,30749.75,30751,,,,,,,,,,,,,,1629,,
2026-09-23T15:20:00-04:00,30750.5,30750.75,30743.25,30746.75,,,,,,,,,,,,,,1688,,
2026-09-23T15:21:00-04:00,30746.75,30748.75,30741.25,30746.75,,,,,,,,,,,,,,1763,,
2026-09-23T15:22:00-04:00,30747.75,30748.25,30744.25,30745.25,,,,,,,,,,,,,,859,,
2026-09-23T15:23:00-04:00,30745.5,30751,30745.5,30747.25,,,,,,,,,,,,,,1045,,
2026-09-23T15:24:00-04:00,30747.5,30750.25,30744,30749.75,,,,,,,,,,,,,,818,,
2026-09-23T15:25:00-04:00,30749.5,30757.75,30745.5,30747,,,,,,,,,,,,,,2378,,
2026-09-23T15:26:00-04:00,30747.5,30753.75,30745,30746,,,,,,,,,,,,,,1696,,
2026-09-23T15:27:00-04:00,30746.25,30754.5,30744.75,30751.5,,,,,,,,,,,,,,1376,,
2026-09-23T15:28:00-04:00,30751.5,30755.75,30749.25,30751,,,,,,,,,,,,,,1047,,
2026-09-23T15:29:00-04:00,30750.75,30754.5,30748.25,30753.25,,,,,,,,,,,,,,1058,,
2026-09-23T15:30:00-04:00,30753.5,30759.75,30747,30753,,,,,,,,,,,,,,3332,,
2026-09-23T15:31:00-04:00,30752.75,30757.25,30749.25,30753.5,,,,,,,,,,,,,,1261,,
2026-09-23T15:32:00-04:00,30753.75,30763.25,30753,30763.25,,,,,,,,,,,,,,1855,,
2026-09-23T15:33:00-04:00,30763,30771.25,30761,30768.5,,,,,,,,,,,,,,2845,,
2026-09-23T15:34:00-04:00,30768.75,30775.5,30767.75,30773,,,,,,,,,,,,,,1948,,
2026-09-23T15:35:00-04:00,30772.5,30772.75,30761,30766.5,,,,,,,,,,,,,,2708,,
2026-09-23T15:36:00-04:00,30766.75,30769.5,30764.5,30765,,,,,,,,,,,,,,1365,,
2026-09-23T15:37:00-04:00,30764.75,30766.5,30758.75,30764,,,,,,,,,,,,,,1793,,
2026-09-23T15:38:00-04:00,30764.5,30765,30756.5,30757.25,,,,,,,,,,,,,,1584,,
2026-09-23T15:39:00-04:00,30757.25,30766.75,30756.5,30765.25,,,,,,,,,,,,,,1620,,
2026-09-23T15:40:00-04:00,30765.5,30771.5,30763.5,30764,,,,,,,,,,,,,,1765,,
2026-09-23T15:41:00-04:00,30764.25,30765,30755,30755.75,,,,,,,,,,,,,,1666,,
2026-09-23T15:42:00-04:00,30755.5,30757.25,30736.75,30737.25,,,,,,,,,,,,,,4458,,
2026-09-23T15:43:00-04:00,30738,30741.25,30728.75,30741.25,,,,,,,,,,,,,,3974,,
2026-09-23T15:44:00-04:00,30741.5,30748,30737.75,30746.75,,,,,,,,,,,,,,2624,,
2026-09-23T15:45:00-04:00,30747,30753,30743.75,30751.25,,,,,,,,,,,,,,2701,,
2026-09-23T15:46:00-04:00,30751.25,30752.25,30742.5,30750,,,,,,,,,,,,,,1703,,
2026-09-23T15:47:00-04:00,30750.75,30764,30750.5,30763,,,,,,,,,,,,,,2761,,
2026-09-23T15:48:00-04:00,30763.25,30764.25,30757,30762,,,,,,,,,,,,,,1803,,
2026-09-23T15:49:00-04:00,30762.5,30767.75,30759.75,30767.25,,,,,,,,,,,,,,2201,,
2026-09-23T15:50:00-04:00,30767.75,30773,30727.75,30736.25,,,,,,,,,,,,,,8415,,
2026-09-23T15:51:00-04:00,30736.5,30742.5,30721,30724,,,,,,,,,,,,,,5135,,
2026-09-23T15:52:00-04:00,30723.5,30726.5,30711.5,30717,,,,,,,,,,,,,,5701,,
2026-09-23T15:53:00-04:00,30717.5,30734.25,30715.25,30733.75,,,,,,,,,,,,,,5059,,
2026-09-23T15:54:00-04:00,30733.5,30739.25,30719,30720.75,,,,,,,,,,,,,,6976,,
2026-09-23T15:55:00-04:00,30720.5,30756.25,30720.5,30746.25,,,,,,,,,,,,,,8644,,
2026-09-23T15:56:00-04:00,30746.25,30749.25,30736.5,30746.75,,,,,,,,,,,,,,2571,,
2026-09-23T15:57:00-04:00,30746.75,30763.25,30744.75,30755.75,,,,,,,,,,,,,,2898,,
2026-09-23T15:58:00-04:00,30755.75,30762.5,30752.5,30758.5,,,,,,,,,,,,,,2673,,
2026-09-23T15:59:00-04:00,30758.75,30779.5,30747.5,30769.75,,,,,,,,,,,,,,11537,,
2026-09-23T16:00:00-04:00,30770,30776.5,30765.75,30766,,,,,,,,,,,,,,4776,,
2026-09-23T16:01:00-04:00,30766.25,30772,30763,30767.5,,,,,,,,,,,,,,1768,,
2026-09-23T16:02:00-04:00,30767,30770,30764,30766,,,,,,,,,,,,,,967,,
2026-09-23T16:03:00-04:00,30765.75,30769.75,30760.75,30765.25,,,,,,,,,,,,,,1146,,
2026-09-23T16:04:00-04:00,30764.75,30765.75,30758.25,30762.5,,,,,,,,,,,,,,1283,,
2026-09-23T16:05:00-04:00,30762,30764,30756.75,30760.75,,,,,,,,,,,,,,972,,
2026-09-23T16:06:00-04:00,30760.75,30761.75,30755.75,30756.75,,,,,,,,,,,,,,905,,
2026-09-23T16:07:00-04:00,30756.75,30759.25,30754,30756.75,,,,,,,,,,,,,,796,,
2026-09-23T16:08:00-04:00,30757.5,30759.75,30754.5,30755.75,,,,,,,,,,,,,,792,,
2026-09-23T16:09:00-04:00,30756.25,30763.5,30755.75,30761.5,,,,,,,,,,,,,,958,,
2026-09-23T16:10:00-04:00,30761.25,30763.25,30757,30758.5,,,,,,,,,,,,,,681,,
2026-09-23T16:11:00-04:00,30758.75,30762,30758.25,30760,,,,,,,,,,,,,,378,,
2026-09-23T16:12:00-04:00,30760,30765,30758.75,30761.5,,,,,,,,,,,,,,647,,
2026-09-23T16:13:00-04:00,30760.75,30761.75,30756.5,30757.5,,,,,,,,,,,,,,552,,
2026-09-23T16:14:00-04:00,30758,30758.5,30751.5,30752.75,,,,,,,,,,,,,,858,,
2026-09-23T16:15:00-04:00,30753.25,30754.5,30750.25,30754,,,,,,,,,,,,,,759,,
2026-09-23T16:16:00-04:00,30754,30756.75,30752.5,30753.5,,,,,,,,,,,,,,442,,
2026-09-23T16:17:00-04:00,30753.25,30758.5,30752.5,30757.25,,,,,,,,,,,,,,327,,
2026-09-23T16:18:00-04:00,30757.25,30760.25,30754.25,30759.25,,,,,,,,,,,,,,425,,
2026-09-23T16:19:00-04:00,30759.25,30760.25,30758,30759.5,,,,,,,,,,,,,,200,,
2026-09-23T16:20:00-04:00,30760,30761.25,30757.75,30759.5,,,,,,,,,,,,,,410,,
2026-09-23T16:21:00-04:00,30759,30763.75,30758,30761.75,,,,,,,,,,,,,,418,,
2026-09-23T16:22:00-04:00,30762,30763,30760.5,30761.25,,,,,,,,,,,,,,259,,
2026-09-23T16:23:00-04:00,30761.25,30764.5,30761,30762,,,,,,,,,,,,,,261,,
2026-09-23T16:24:00-04:00,30762,30764,30761.5,30763.25,,,,,,,,,,,,,,172,,
2026-09-23T16:25:00-04:00,30763.25,30763.75,30761.5,30762.5,,,,,,,,,,,,,,253,,
2026-09-23T16:26:00-04:00,30763,30765.5,30760.75,30763.5,,,,,,,,,,,,,,404,,
2026-09-23T16:27:00-04:00,30764,30764.75,30763,30763.25,,,,,,,,,,,,,,175,,
2026-09-23T16:28:00-04:00,30763,30763.5,30758,30758.5,,,,,,,,,,,,,,495,,
2026-09-23T16:29:00-04:00,30758.5,30764,30757.5,30763.5,,,,,,,,,,,,,,384,,
2026-09-23T16:30:00-04:00,30763.25,30766.25,30761.75,30766,,,,,,,,,,,,,,310,,
2026-09-23T16:31:00-04:00,30765.75,30767,30763.5,30766,,,,,,,,,,,,,,267,,
2026-09-23T16:32:00-04:00,30766.25,30769,30764.75,30765,,,,,,,,,,,,,,429,,
2026-09-23T16:33:00-04:00,30765,30765.25,30760.25,30761.75,,,,,,,,,,,,,,316,,
2026-09-23T16:34:00-04:00,30761.5,30762.25,30760,30761.25,,,,,,,,,,,,,,251,,
2026-09-23T16:35:00-04:00,30761.5,30763,30760,30760.25,,,,,,,,,,,,,,291,,
2026-09-23T16:36:00-04:00,30760.25,30762.75,30760,30762,,,,,,,,,,,,,,173,,
2026-09-23T16:37:00-04:00,30762.75,30768.75,30762,30768.75,,,,,,,,,,,,,,538,,
2026-09-23T16:38:00-04:00,30767.75,30770.75,30767.75,30769.25,,,,,,,,,,,,,,328,,
2026-09-23T16:39:00-04:00,30769.75,30772.75,30769.75,30771,,,,,,,,,,,,,,262,,
2026-09-23T16:40:00-04:00,30770.5,30773.25,30770.5,30771.75,,,,,,,,,,,,,,351,,
2026-09-23T16:41:00-04:00,30772,30773,30769,30770.75,,,,,,,,,,,,,,379,,
2026-09-23T16:42:00-04:00,30771,30772,30770,30771.25,,,,,,,,,,,,,,173,,
2026-09-23T16:43:00-04:00,30771.75,30771.75,30768.75,30771.5,,,,,,,,,,,,,,263,,
2026-09-23T16:44:00-04:00,30771,30774.75,30770,30774.5,,,,,,,,,,,,,,453,,
2026-09-23T16:45:00-04:00,30774.25,30776.75,30773.25,30773.25,,,,,,,,,,,,,,581,,
2026-09-23T16:46:00-04:00,30773.75,30774.5,30772,30774,,,,,,,,,,,,,,411,,
2026-09-23T16:47:00-04:00,30774,30774.25,30771,30771.75,,,,,,,,,,,,,,540,,
2026-09-23T16:48:00-04:00,30771.25,30771.75,30768.75,30769,,,,,,,,,,,,,,219,,
2026-09-23T16:49:00-04:00,30768.75,30771.5,30768,30768.25,,,,,,,,,,,,,,307,,
2026-09-23T16:50:00-04:00,30768.5,30772.5,30768,30770.25,,,,,,,,,,,,,,427,,
2026-09-23T16:51:00-04:00,30770,30773,30770,30772.25,,,,,,,,,,,,,,116,,
2026-09-23T16:52:00-04:00,30771.75,30772,30769.75,30770,,,,,,,,,,,,,,176,,
2026-09-23T16:53:00-04:00,30770.5,30774,30769.75,30773.25,,,,,,,,,,,,,,207,,
2026-09-23T16:54:00-04:00,30773.25,30775.5,30772,30773,,,,,,,,,,,,,,365,,
2026-09-23T16:55:00-04:00,30773.5,30776,30771.5,30773.5,,,,,,,,,,,,,,460,,
2026-09-23T16:56:00-04:00,30772.25,30773.5,30770.75,30773.25,,,,,,,,,,,,,,123,,
2026-09-23T16:57:00-04:00,30772.75,30774,30772,30772.75,,,,,,,,,,,,,,101,,
2026-09-23T16:58:00-04:00,30773.25,30774.25,30770.5,30771,,,,,,,,,,,,,,122,,
2026-09-23T16:59:00-04:00,30771.75,30777,30768,30776,,,,,,,,,,,,,,464,,
2026-09-23T18:00:00-04:00,30780,30805.25,30778.25,30801.75,,,,,,,,,,,,,,2371,,
2026-09-23T18:01:00-04:00,30801.5,30805.75,30787.25,30798.25,,,,,,,,,,,,,,1345,,
2026-09-23T18:02:00-04:00,30798.75,30805,30791.75,30802.25,,,,,,,,,,,,,,855,,
2026-09-23T18:03:00-04:00,30801.75,30805.5,30796.25,30798,,,,,,,,,,,,,,591,,
2026-09-23T18:04:00-04:00,30797.5,30798.5,30790.5,30793,,,,,,,,,,,,,,484,,
2026-09-23T18:05:00-04:00,30792,30798,30777.25,30792.75,,,,,,,,,,,,,,1351,,
2026-09-23T18:06:00-04:00,30792.75,30804.75,30787.25,30803.5,,,,,,,,,,,,,,1055,,
2026-09-23T18:07:00-04:00,30803.25,30808.75,30799,30800,,,,,,,,,,,,,,727,,
2026-09-23T18:08:00-04:00,30801,30802,30796.75,30801.25,,,,,,,,,,,,,,427,,
2026-09-23T18:09:00-04:00,30802,30805,30799,30804,,,,,,,,,,,,,,492,,
2026-09-23T18:10:00-04:00,30805,30806,30801,30805,,,,,,,,,,,,,,334,,
2026-09-23T18:11:00-04:00,30804.5,30804.75,30801,30802.5,,,,,,,,,,,,,,189,,
2026-09-23T18:12:00-04:00,30801.5,30803,30799,30802,,,,,,,,,,,,,,297,,
2026-09-23T18:13:00-04:00,30802.5,30806,30801.5,30805,,,,,,,,,,,,,,297,,
2026-09-23T18:14:00-04:00,30805,30806.25,30804,30805.25,,,,,,,,,,,,,,218,,
2026-09-23T18:15:00-04:00,30804.75,30814.25,30804.75,30812,,,,,,,,,,,,,,1277,,
2026-09-23T18:16:00-04:00,30811,30812.75,30801.5,30804.25,,,,,,,,,,,,,,931,,
2026-09-23T18:17:00-04:00,30803.5,30805.25,30799.75,30799.75,,,,,,,,,,,,,,522,,
2026-09-23T18:18:00-04:00,30800,30802,30798,30799,,,,,,,,,,,,,,335,,
2026-09-23T18:19:00-04:00,30799.75,30799.75,30791,30792.75,,,,,,,,,,,,,,919,,
2026-09-23T18:20:00-04:00,30792.75,30795.5,30789.75,30794.5,,,,,,,,,,,,,,554,,
2026-09-23T18:21:00-04:00,30794.5,30795.5,30786.5,30788.25,,,,,,,,,,,,,,546,,
2026-09-23T18:22:00-04:00,30788.25,30791.75,30786,30791.25,,,,,,,,,,,,,,462,,
2026-09-23T18:23:00-04:00,30791,30794.75,30790.25,30792,,,,,,,,,,,,,,414,,
2026-09-23T18:24:00-04:00,30792,30793.75,30791,30793.5,,,,,,,,,,,,,,159,,
2026-09-23T18:25:00-04:00,30793.25,30794,30788.5,30792.5,,,,,,,,,,,,,,423,,
2026-09-23T18:26:00-04:00,30792.75,30794,30788.25,30789,,,,,,,,,,,,,,306,,
2026-09-23T18:27:00-04:00,30789,30792.25,30787,30790.5,,,,,,,,,,,,,,505,,
2026-09-23T18:28:00-04:00,30791,30791,30782,30784.75,,,,,,,,,,,,,,518,,
2026-09-23T18:29:00-04:00,30784.5,30787.25,30783.5,30786,,,,,,,,,,,,,,387,,
2026-09-23T18:30:00-04:00,30786,30790,30780.75,30784.25,,,,,,,,,,,,,,771,,
2026-09-23T18:31:00-04:00,30784.25,30786.25,30782.75,30784.75,,,,,,,,,,,,,,167,,
2026-09-23T18:32:00-04:00,30784.75,30801.75,30784.5,30798.5,,,,,,,,,,,,,,1207,,
2026-09-23T18:33:00-04:00,30798.5,30798.5,30791.75,30791.75,,,,,,,,,,,,,,424,,
2026-09-23T18:34:00-04:00,30792.25,30793.25,30787,30790.75,,,,,,,,,,,,,,436,,
2026-09-23T18:35:00-04:00,30791.5,30791.5,30780,30782.5,,,,,,,,,,,,,,637,,
2026-09-23T18:36:00-04:00,30783.5,30784,30779.75,30782.25,,,,,,,,,,,,,,506,,
2026-09-23T18:37:00-04:00,30782.75,30785.75,30781,30785,,,,,,,,,,,,,,310,,
2026-09-23T18:38:00-04:00,30785.25,30788.75,30782,30784.75,,,,,,,,,,,,,,321,,
2026-09-23T18:39:00-04:00,30785.5,30789,30784.5,30786.75,,,,,,,,,,,,,,345,,
2026-09-23T18:40:00-04:00,30786,30790.5,30783.5,30789.25,,,,,,,,,,,,,,385,,
2026-09-23T18:41:00-04:00,30789.25,30790.25,30787.25,30788,,,,,,,,,,,,,,162,,
2026-09-23T18:42:00-04:00,30788.25,30797,30788,30796.25,,,,,,,,,,,,,,652,,
2026-09-23T18:43:00-04:00,30796.5,30798.5,30795,30796.75,,,,,,,,,,,,,,500,,
2026-09-23T18:44:00-04:00,30796.25,30798.75,30795,30795.25,,,,,,,,,,,,,,266,,
2026-09-23T18:45:00-04:00,30795.5,30796,30792.75,30794.5,,,,,,,,,,,,,,345,,
2026-09-23T18:46:00-04:00,30794.25,30795,30788.25,30792,,,,,,,,,,,,,,372,,
2026-09-23T18:47:00-04:00,30792,30799,30792,30795.75,,,,,,,,,,,,,,552,,
2026-09-23T18:48:00-04:00,30795.75,30797.75,30794.5,30794.5,,,,,,,,,,,,,,147,,
2026-09-23T18:49:00-04:00,30795.25,30797.75,30793.25,30796,,,,,,,,,,,,,,181,,
2026-09-23T18:50:00-04:00,30797,30799.75,30795.75,30797.5,,,,,,,,,,,,,,284,,
2026-09-23T18:51:00-04:00,30797.5,30799,30796.25,30798.5,,,,,,,,,,,,,,147,,
2026-09-23T18:52:00-04:00,30798.75,30801.75,30795.75,30797,,,,,,,,,,,,,,470,,
2026-09-23T18:53:00-04:00,30796.75,30798.75,30794.5,30794.75,,,,,,,,,,,,,,382,,
2026-09-23T18:54:00-04:00,30794.5,30795.25,30791.75,30794.75,,,,,,,,,,,,,,276,,
2026-09-23T18:55:00-04:00,30795,30796.25,30792,30792.75,,,,,,,,,,,,,,221,,
2026-09-23T18:56:00-04:00,30793,30794,30791,30793,,,,,,,,,,,,,,119,,
2026-09-23T18:57:00-04:00,30793.25,30793.5,30791.75,30792.75,,,,,,,,,,,,,,101,,
2026-09-23T18:58:00-04:00,30793.5,30794.5,30792.5,30793.75,,,,,,,,,,,,,,118,,
2026-09-23T18:59:00-04:00,30794,30795,30793,30794.5,,,,,,,,,,,,,,104,,
2026-09-23T19:00:00-04:00,30794,30794.75,30791.5,30792.75,,,,,,,,,,,,,,179,,
2026-09-23T19:01:00-04:00,30793.25,30797.75,30791.5,30791.5,,,,,,,,,,,,,,329,,
2026-09-23T19:02:00-04:00,30791.5,30797.5,30790,30796.5,,,,,,,,,,,,,,398,,
2026-09-23T19:03:00-04:00,30796.75,30797.5,30795.5,30796.5,,,,,,,,,,,,,,185,,
2026-09-23T19:04:00-04:00,30797,30800,30795.75,30796.25,,,,,,,,,,,,,,302,,
2026-09-23T19:05:00-04:00,30796.5,30796.5,30791,30793.5,,,,,,,,,,,,,,261,,
2026-09-23T19:06:00-04:00,30793.75,30794.75,30793,30793.5,,,,,,,,,,,,,,111,,
2026-09-23T19:07:00-04:00,30794.5,30794.5,30792.5,30793.5,,,,,,,,,,,,,,54,,
2026-09-23T19:08:00-04:00,30794,30794.25,30792,30793.5,,,,,,,,,,,,,,98,,
2026-09-23T19:09:00-04:00,30793.25,30795.75,30793.25,30795,,,,,,,,,,,,,,92,,
2026-09-23T19:10:00-04:00,30794.5,30795.5,30791.25,30791.75,,,,,,,,,,,,,,187,,
2026-09-23T19:11:00-04:00,30792,30792.75,30789.75,30791,,,,,,,,,,,,,,188,,
2026-09-23T19:12:00-04:00,30791.75,30793.75,30787.75,30791.25,,,,,,,,,,,,,,281,,
2026-09-23T19:13:00-04:00,30790.25,30790.25,30783.5,30785.25,,,,,,,,,,,,,,729,,
2026-09-23T19:14:00-04:00,30785.25,30788.25,30785,30786.75,,,,,,,,,,,,,,248,,
2026-09-23T19:15:00-04:00,30786.25,30792.5,30785.25,30790.75,,,,,,,,,,,,,,544,,
2026-09-23T19:16:00-04:00,30791,30792.25,30786,30787,,,,,,,,,,,,,,283,,
2026-09-23T19:17:00-04:00,30787.25,30788,30782.5,30785.25,,,,,,,,,,,,,,467,,
2026-09-23T19:18:00-04:00,30785.5,30786.75,30783,30784.25,,,,,,,,,,,,,,289,,
2026-09-23T19:19:00-04:00,30784.75,30785.75,30766.25,30782.25,,,,,,,,,,,,,,1825,,
2026-09-23T19:20:00-04:00,30782,30784,30777.25,30780,,,,,,,,,,,,,,923,,
2026-09-23T19:21:00-04:00,30780.25,30780.5,30770,30773.25,,,,,,,,,,,,,,1189,,
2026-09-23T19:22:00-04:00,30772.5,30774.25,30768.25,30772.75,,,,,,,,,,,,,,703,,
2026-09-23T19:23:00-04:00,30773,30774.5,30769.25,30770,,,,,,,,,,,,,,521,,
2026-09-23T19:24:00-04:00,30769.75,30771.75,30769,30771,,,,,,,,,,,,,,364,,
2026-09-23T19:25:00-04:00,30771.25,30774.25,30770.25,30770.5,,,,,,,,,,,,,,521,,
2026-09-23T19:26:00-04:00,30770.25,30771.5,30768.25,30770.5,,,,,,,,,,,,,,434,,
2026-09-23T19:27:00-04:00,30770.5,30771.5,30763.5,30769.25,,,,,,,,,,,,,,1226,,
2026-09-23T19:28:00-04:00,30769.25,30772.25,30768,30771.5,,,,,,,,,,,,,,484,,
2026-09-23T19:29:00-04:00,30771.25,30772,30768.25,30770.5,,,,,,,,,,,,,,230,,
2026-09-23T19:30:00-04:00,30771,30772.75,30769.5,30772,,,,,,,,,,,,,,278,,
2026-09-23T19:31:00-04:00,30772,30772,30766,30767,,,,,,,,,,,,,,427,,
2026-09-23T19:32:00-04:00,30767,30768.5,30766,30768.5,,,,,,,,,,,,,,305,,
2026-09-23T19:33:00-04:00,30768.75,30769.75,30767,30768.25,,,,,,,,,,,,,,240,,
2026-09-23T19:34:00-04:00,30767.5,30771.5,30760.75,30768.25,,,,,,,,,,,,,,973,,
2026-09-23T19:35:00-04:00,30768.75,30770.75,30767.75,30768,,,,,,,,,,,,,,349,,
2026-09-23T19:36:00-04:00,30767.25,30768.25,30761.5,30766.25,,,,,,,,,,,,,,588,,
2026-09-23T19:37:00-04:00,30766.25,30772.5,30766,30771,,,,,,,,,,,,,,444,,
2026-09-23T19:38:00-04:00,30771.5,30773,30769.5,30772.25,,,,,,,,,,,,,,292,,
2026-09-23T19:39:00-04:00,30772.25,30774.5,30770.75,30771.5,,,,,,,,,,,,,,570,,
2026-09-23T19:40:00-04:00,30771.25,30777,30771.25,30774.5,,,,,,,,,,,,,,944,,
2026-09-23T19:41:00-04:00,30775,30776,30771.5,30772.5,,,,,,,,,,,,,,219,,
2026-09-23T19:42:00-04:00,30772.5,30773.75,30762.75,30763,,,,,,,,,,,,,,784,,
2026-09-23T19:43:00-04:00,30763,30765.5,30753,30762.5,,,,,,,,,,,,,,1257,,
2026-09-23T19:44:00-04:00,30762.5,30767.5,30762,30766.75,,,,,,,,,,,,,,452,,
2026-09-23T19:45:00-04:00,30767.5,30771.75,30756.75,30761,,,,,,,,,,,,,,1125,,
2026-09-23T19:46:00-04:00,30761.5,30761.5,30756.5,30758.75,,,,,,,,,,,,,,643,,
2026-09-23T19:47:00-04:00,30759.5,30764.75,30759.5,30760,,,,,,,,,,,,,,377,,
2026-09-23T19:48:00-04:00,30759.75,30764.75,30759,30762.75,,,,,,,,,,,,,,378,,
2026-09-23T19:49:00-04:00,30762.75,30762.75,30753.5,30754.25,,,,,,,,,,,,,,833,,
2026-09-23T19:50:00-04:00,30753.75,30756,30744,30751.75,,,,,,,,,,,,,,1771,,
2026-09-23T19:51:00-04:00,30752.25,30757.25,30750,30757,,,,,,,,,,,,,,575,,
2026-09-23T19:52:00-04:00,30757.25,30768.25,30756.75,30761.75,,,,,,,,,,,,,,1253,,
2026-09-23T19:53:00-04:00,30762.25,30767.5,30760.5,30764,,,,,,,,,,,,,,485,,
2026-09-23T19:54:00-04:00,30763.75,30770,30763.5,30766.5,,,,,,,,,,,,,,608,,
2026-09-23T19:55:00-04:00,30766.75,30766.75,30758.75,30761.25,,,,,,,,,,,,,,570,,
2026-09-23T19:56:00-04:00,30761.5,30762.25,30758.75,30761.25,,,,,,,,,,,,,,383,,
2026-09-23T19:57:00-04:00,30760.25,30762.75,30754,30758.75,,,,,,,,,,,,,,425,,
2026-09-23T19:58:00-04:00,30758.25,30759.75,30754.25,30755,,,,,,,,,,,,,,282,,
2026-09-23T19:59:00-04:00,30756,30759.5,30752.5,30753.5,,,,,,,,,,,,,,490,,
2026-09-23T20:00:00-04:00,30753.5,30761,30751,30754.75,,,,,,,,,,,,,,1050,,
2026-09-23T20:01:00-04:00,30755.25,30755.75,30745.5,30749,,,,,,,,,,,,,,1298,,
2026-09-23T20:02:00-04:00,30748.75,30754.5,30747,30751,,,,,,,,,,,,,,724,,
2026-09-23T20:03:00-04:00,30750.5,30757.5,30748.25,30752.75,,,,,,,,,,,,,,794,,
2026-09-23T20:04:00-04:00,30752.25,30756.75,30739.5,30755,,,,,,,,,,,,,,1625,,
2026-09-23T20:05:00-04:00,30755,30756.75,30746.5,30748.5,,,,,,,,,,,,,,851,,
2026-09-23T20:06:00-04:00,30749,30751.75,30746,30747.5,,,,,,,,,,,,,,679,,
2026-09-23T20:07:00-04:00,30747.75,30752.75,30745,30748.75,,,,,,,,,,,,,,654,,
2026-09-23T20:08:00-04:00,30748,30749.5,30744,30747,,,,,,,,,,,,,,571,,
2026-09-23T20:09:00-04:00,30747.75,30747.75,30742.25,30744.5,,,,,,,,,,,,,,648,,
2026-09-23T20:10:00-04:00,30744,30745.25,30733.5,30738,,,,,,,,,,,,,,1534,,
2026-09-23T20:11:00-04:00,30738,30738,30723.75,30724.5,,,,,,,,,,,,,,1915,,
2026-09-23T20:12:00-04:00,30724.75,30739.75,30721,30731.5,,,,,,,,,,,,,,2767,,
2026-09-23T20:13:00-04:00,30732,30735.5,30728,30732,,,,,,,,,,,,,,796,,
2026-09-23T20:14:00-04:00,30732.25,30733.75,30724,30728.5,,,,,,,,,,,,,,923,,
2026-09-23T20:15:00-04:00,30728.5,30738.5,30725.75,30733.75,,,,,,,,,,,,,,1363,,
2026-09-23T20:16:00-04:00,30734,30744.25,30729.75,30741.25,,,,,,,,,,,,,,1391,,
2026-09-23T20:17:00-04:00,30741.75,30743,30737,30739.25,,,,,,,,,,,,,,678,,
2026-09-23T20:18:00-04:00,30738.5,30741.25,30735.5,30740.75,,,,,,,,,,,,,,517,,
2026-09-23T20:19:00-04:00,30741.5,30747.5,30739.5,30745.75,,,,,,,,,,,,,,934,,
2026-09-23T20:20:00-04:00,30744.75,30750.25,30740.25,30747.25,,,,,,,,,,,,,,1351,,
2026-09-23T20:21:00-04:00,30747.5,30747.5,30739.5,30739.75,,,,,,,,,,,,,,684,,
2026-09-23T20:22:00-04:00,30739.75,30742,30726.5,30729,,,,,,,,,,,,,,1363,,
2026-09-23T20:23:00-04:00,30729,30732.5,30727,30728,,,,,,,,,,,,,,798,,
2026-09-23T20:24:00-04:00,30728,30736.5,30727.25,30734.25,,,,,,,,,,,,,,688,,
2026-09-23T20:25:00-04:00,30733.5,30737,30728.5,30732.5,,,,,,,,,,,,,,765,,
2026-09-23T20:26:00-04:00,30732.5,30734,30730.25,30733,,,,,,,,,,,,,,316,,
2026-09-23T20:27:00-04:00,30732.75,30735,30730.25,30732,,,,,,,,,,,,,,346,,
2026-09-23T20:28:00-04:00,30732.25,30733.5,30728,30731.5,,,,,,,,,,,,,,378,,
2026-09-23T20:29:00-04:00,30731.5,30737.5,30730.5,30735,,,,,,,,,,,,,,446,,
2026-09-23T20:30:00-04:00,30734.75,30737,30729.25,30734.75,,,,,,,,,,,,,,513,,
2026-09-23T20:31:00-04:00,30734.5,30749.5,30733.5,30748.25,,,,,,,,,,,,,,1264,,
2026-09-23T20:32:00-04:00,30747.5,30747.5,30739,30741.5,,,,,,,,,,,,,,865,,
2026-09-23T20:33:00-04:00,30741.75,30746,30739.75,30744.25,,,,,,,,,,,,,,518,,
2026-09-23T20:34:00-04:00,30744.25,30746.5,30740,30746.5,,,,,,,,,,,,,,307,,
2026-09-23T20:35:00-04:00,30746.25,30747,30739,30739.75,,,,,,,,,,,,,,495,,
2026-09-23T20:36:00-04:00,30739.75,30743.75,30738.25,30740.75,,,,,,,,,,,,,,443,,
2026-09-23T20:37:00-04:00,30740.25,30740.25,30734,30735.25,,,,,,,,,,,,,,637,,
2026-09-23T20:38:00-04:00,30735.25,30741,30733.75,30737.75,,,,,,,,,,,,,,682,,
2026-09-23T20:39:00-04:00,30737.75,30738.75,30735.25,30736.5,,,,,,,,,,,,,,202,,
2026-09-23T20:40:00-04:00,30736,30736.25,30726.25,30733,,,,,,,,,,,,,,936,,
2026-09-23T20:41:00-04:00,30733.25,30736.25,30726.75,30728,,,,,,,,,,,,,,697,,
2026-09-23T20:42:00-04:00,30728,30730.5,30725.5,30727.5,,,,,,,,,,,,,,531,,
2026-09-23T20:43:00-04:00,30727.5,30728.75,30715,30721.75,,,,,,,,,,,,,,1448,,
2026-09-23T20:44:00-04:00,30721.5,30723.25,30718,30721.25,,,,,,,,,,,,,,1185,,
2026-09-23T20:45:00-04:00,30722.25,30722.5,30712.75,30719.5,,,,,,,,,,,,,,1742,,
2026-09-23T20:46:00-04:00,30719.25,30721.75,30713.75,30715.25,,,,,,,,,,,,,,813,,
2026-09-23T20:47:00-04:00,30715.25,30715.25,30706.5,30707.5,,,,,,,,,,,,,,1280,,
2026-09-23T20:48:00-04:00,30707.5,30712.25,30705.5,30706.25,,,,,,,,,,,,,,1636,,
2026-09-23T20:49:00-04:00,30706.5,30718.25,30706.25,30715.75,,,,,,,,,,,,,,1466,,
2026-09-23T20:50:00-04:00,30716,30721,30712.5,30712.75,,,,,,,,,,,,,,1326,,
2026-09-23T20:51:00-04:00,30712.75,30715.25,30710.5,30711,,,,,,,,,,,,,,722,,
2026-09-23T20:52:00-04:00,30711,30713,30703.5,30711,,,,,,,,,,,,,,1043,,
2026-09-23T20:53:00-04:00,30710.75,30711.25,30704.75,30706,,,,,,,,,,,,,,565,,
2026-09-23T20:54:00-04:00,30706,30708.5,30704.25,30708.25,,,,,,,,,,,,,,734,,
2026-09-23T20:55:00-04:00,30708,30716.75,30706.5,30714,,,,,,,,,,,,,,1067,,
2026-09-23T20:56:00-04:00,30714.5,30723.25,30710,30718.5,,,,,,,,,,,,,,1356,,
2026-09-23T20:57:00-04:00,30719,30730.75,30718.25,30725.25,,,,,,,,,,,,,,1641,,
2026-09-23T20:58:00-04:00,30726,30729.5,30724.25,30727.25,,,,,,,,,,,,,,513,,
2026-09-23T20:59:00-04:00,30728,30731.5,30723.5,30725.75,,,,,,,,,,,,,,998,,
2026-09-23T21:00:00-04:00,30726.25,30733.75,30723.25,30733.5,,,,,,,,,,,,,,1330,,
2026-09-23T21:01:00-04:00,30732.75,30740.5,30731,30738.75,,,,,,,,,,,,,,2017,,
2026-09-23T21:02:00-04:00,30739,30741.75,30736.5,30741.25,,,,,,,,,,,,,,963,,
2026-09-23T21:03:00-04:00,30741.25,30744.75,30736.75,30742.25,,,,,,,,,,,,,,1288,,
2026-09-23T21:04:00-04:00,30741.75,30744,30736.75,30742.25,,,,,,,,,,,,,,815,,
2026-09-23T21:05:00-04:00,30742,30743.5,30730,30730.75,,,,,,,,,,,,,,1295,,
2026-09-23T21:06:00-04:00,30730.25,30754.5,30730.25,30746,,,,,,,,,,,,,,2195,,
2026-09-23T21:07:00-04:00,30746,30758.5,30744,30756.5,,,,,,,,,,,,,,1872,,
2026-09-23T21:08:00-04:00,30756,30756.5,30751.25,30753.25,,,,,,,,,,,,,,909,,
2026-09-23T21:09:00-04:00,30753.5,30754.5,30748.75,30750.25,,,,,,,,,,,,,,799,,
2026-09-23T21:10:00-04:00,30750,30750.5,30742,30746.5,,,,,,,,,,,,,,972,,
2026-09-23T21:11:00-04:00,30746.25,30749.75,30739.75,30740.25,,,,,,,,,,,,,,964,,
2026-09-23T21:12:00-04:00,30740.5,30749,30737.5,30747,,,,,,,,,,,,,,786,,
2026-09-23T21:13:00-04:00,30747.5,30752.75,30747,30750.75,,,,,,,,,,,,,,614,,
2026-09-23T21:14:00-04:00,30751.25,30756,30750.25,30754.5,,,,,,,,,,,,,,696,,
2026-09-23T21:15:00-04:00,30754.25,30755,30744,30748.25,,,,,,,,,,,,,,1083,,
2026-09-23T21:16:00-04:00,30748.75,30753,30744,30751.5,,,,,,,,,,,,,,631,,
2026-09-23T21:17:00-04:00,30751,30751.5,30744,30744.75,,,,,,,,,,,,,,454,,
2026-09-23T21:18:00-04:00,30745,30748.5,30743,30747.5,,,,,,,,,,,,,,529,,
2026-09-23T21:19:00-04:00,30747.25,30753.25,30745.25,30748.25,,,,,,,,,,,,,,403,,
2026-09-23T21:20:00-04:00,30748.25,30751.5,30746.25,30749.75,,,,,,,,,,,,,,344,,
2026-09-23T21:21:00-04:00,30749.5,30750.5,30744.5,30745.25,,,,,,,,,,,,,,483,,
2026-09-23T21:22:00-04:00,30745,30750,30741.75,30745.5,,,,,,,,,,,,,,624,,
2026-09-23T21:23:00-04:00,30745.5,30747.5,30743.5,30744.75,,,,,,,,,,,,,,274,,
2026-09-23T21:24:00-04:00,30745,30749,30740.75,30742.25,,,,,,,,,,,,,,445,,
2026-09-23T21:25:00-04:00,30742.75,30743.5,30734.5,30740.75,,,,,,,,,,,,,,1328,,
2026-09-23T21:26:00-04:00,30740.75,30746,30739.75,30743.25,,,,,,,,,,,,,,616,,
2026-09-23T21:27:00-04:00,30743.75,30746.25,30737.5,30739.25,,,,,,,,,,,,,,563,,
2026-09-23T21:28:00-04:00,30739.75,30740,30733.5,30735.75,,,,,,,,,,,,,,533,,
2026-09-23T21:29:00-04:00,30736,30737.5,30732.5,30737.5,,,,,,,,,,,,,,543,,
2026-09-23T21:30:00-04:00,30737.75,30749.25,30732.75,30748.75,,,,,,,,,,,,,,1137,,
2026-09-23T21:31:00-04:00,30748.25,30751,30741.5,30749.75,,,,,,,,,,,,,,1070,,
2026-09-23T21:32:00-04:00,30750,30760.75,30746.5,30755.25,,,,,,,,,,,,,,1752,,
2026-09-23T21:33:00-04:00,30755,30756,30748.75,30749.5,,,,,,,,,,,,,,853,,
2026-09-23T21:34:00-04:00,30750,30760,30749.5,30755.75,,,,,,,,,,,,,,1042,,
2026-09-23T21:35:00-04:00,30755.75,30760.25,30747.75,30749.25,,,,,,,,,,,,,,1339,,
2026-09-23T21:36:00-04:00,30750.75,30751.5,30742.75,30748.75,,,,,,,,,,,,,,973,,
2026-09-23T21:37:00-04:00,30748.75,30756.25,30748.5,30749.5,,,,,,,,,,,,,,726,,
2026-09-23T21:38:00-04:00,30750,30752,30747.25,30749.5,,,,,,,,,,,,,,423,,
2026-09-23T21:39:00-04:00,30749.5,30751.75,30745,30748,,,,,,,,,,,,,,643,,
2026-09-23T21:40:00-04:00,30748.5,30749.25,30742.75,30744.5,,,,,,,,,,,,,,583,,
2026-09-23T21:41:00-04:00,30745,30757.5,30744,30753,,,,,,,,,,,,,,925,,
2026-09-23T21:42:00-04:00,30753,30755.25,30748,30749.5,,,,,,,,,,,,,,436,,
2026-09-23T21:43:00-04:00,30750,30752,30737,30738.75,,,,,,,,,,,,,,1294,,
2026-09-23T21:44:00-04:00,30739,30741,30735.25,30735.25,,,,,,,,,,,,,,829,,
2026-09-23T21:45:00-04:00,30735,30739,30725.25,30734,,,,,,,,,,,,,,1793,,
2026-09-23T21:46:00-04:00,30734.75,30736.5,30725.75,30726.5,,,,,,,,,,,,,,1147,,
2026-09-23T21:47:00-04:00,30726,30726.5,30720.5,30725,,,,,,,,,,,,,,1556,,
2026-09-23T21:48:00-04:00,30725.25,30727.25,30719.5,30726.5,,,,,,,,,,,,,,1195,,
2026-09-23T21:49:00-04:00,30726.75,30731.75,30723.25,30728,,,,,,,,,,,,,,904,,
2026-09-23T21:50:00-04:00,30728,30730.75,30713.5,30715.75,,,,,,,,,,,,,,2104,,
2026-09-23T21:51:00-04:00,30715.25,30729.5,30715.25,30728.75,,,,,,,,,,,,,,1058,,
2026-09-23T21:52:00-04:00,30728.25,30740.75,30728.25,30738,,,,,,,,,,,,,,1838,,
2026-09-23T21:53:00-04:00,30738.25,30746.5,30737.5,30745.5,,,,,,,,,,,,,,1090,,
2026-09-23T21:54:00-04:00,30745.5,30747,30733.5,30737.75,,,,,,,,,,,,,,1165,,
2026-09-23T21:55:00-04:00,30737.75,30738.75,30730.5,30736.5,,,,,,,,,,,,,,904,,
2026-09-23T21:56:00-04:00,30736.75,30739,30735,30736,,,,,,,,,,,,,,369,,
2026-09-23T21:57:00-04:00,30736.75,30738.75,30733.5,30735.25,,,,,,,,,,,,,,481,,
2026-09-23T21:58:00-04:00,30735,30743.5,30733.75,30743.5,,,,,,,,,,,,,,545,,
2026-09-23T21:59:00-04:00,30743.75,30745.5,30740,30743.75,,,,,,,,,,,,,,520,,
2026-09-23T22:00:00-04:00,30743.25,30751,30740.75,30741.25,,,,,,,,,,,,,,1107,,
2026-09-23T22:01:00-04:00,30741.25,30743.75,30739,30743.25,,,,,,,,,,,,,,534,,
2026-09-23T22:02:00-04:00,30743.25,30745.75,30741.25,30741.75,,,,,,,,,,,,,,382,,
2026-09-23T22:03:00-04:00,30742.25,30743.25,30734.25,30736.75,,,,,,,,,,,,,,731,,
2026-09-23T22:04:00-04:00,30737,30739,30730.75,30732.25,,,,,,,,,,,,,,695,,
2026-09-23T22:05:00-04:00,30731.75,30732.25,30725,30726.5,,,,,,,,,,,,,,913,,
2026-09-23T22:06:00-04:00,30726.75,30727,30716.25,30717.25,,,,,,,,,,,,,,1432,,
2026-09-23T22:07:00-04:00,30717,30720,30714.25,30716.5,,,,,,,,,,,,,,663,,
2026-09-23T22:08:00-04:00,30717,30717.75,30709,30710.75,,,,,,,,,,,,,,1222,,
2026-09-23T22:09:00-04:00,30711,30715.25,30709.25,30714.5,,,,,,,,,,,,,,876,,
2026-09-23T22:10:00-04:00,30714.5,30720.25,30713.75,30719,,,,,,,,,,,,,,927,,
2026-09-23T22:11:00-04:00,30718.5,30718.5,30713.25,30717.5,,,,,,,,,,,,,,519,,
2026-09-23T22:12:00-04:00,30717.25,30725.25,30715.5,30722.5,,,,,,,,,,,,,,795,,
2026-09-23T22:13:00-04:00,30723.25,30728.75,30722,30727.5,,,,,,,,,,,,,,583,,
2026-09-23T22:14:00-04:00,30728,30728.5,30724.25,30725,,,,,,,,,,,,,,365,,
2026-09-23T22:15:00-04:00,30725,30740,30724.25,30735.5,,,,,,,,,,,,,,2095,,
2026-09-23T22:16:00-04:00,30736,30741.5,30735,30737.5,,,,,,,,,,,,,,746,,
2026-09-23T22:17:00-04:00,30737.25,30739.75,30735.75,30737,,,,,,,,,,,,,,301,,
2026-09-23T22:18:00-04:00,30737.5,30740.75,30735,30738.5,,,,,,,,,,,,,,480,,
2026-09-23T22:19:00-04:00,30738.75,30742.5,30738.25,30739,,,,,,,,,,,,,,555,,
2026-09-23T22:20:00-04:00,30738.75,30739.25,30735.25,30735.25,,,,,,,,,,,,,,278,,
2026-09-23T22:21:00-04:00,30735.25,30737.5,30733.5,30736.25,,,,,,,,,,,,,,520,,
2026-09-23T22:22:00-04:00,30736,30736.25,30729.75,30733.25,,,,,,,,,,,,,,589,,
2026-09-23T22:23:00-04:00,30733.75,30734.75,30730.5,30733,,,,,,,,,,,,,,350,,
2026-09-23T22:24:00-04:00,30733.25,30735.5,30731.25,30734,,,,,,,,,,,,,,317,,
2026-09-23T22:25:00-04:00,30734,30736,30731,30731.5,,,,,,,,,,,,,,439,,
2026-09-23T22:26:00-04:00,30731.25,30732.75,30728.75,30730.25,,,,,,,,,,,,,,500,,
2026-09-23T22:27:00-04:00,30730,30731,30725.25,30726.5,,,,,,,,,,,,,,511,,
2026-09-23T22:28:00-04:00,30726.75,30730,30724.25,30726.25,,,,,,,,,,,,,,485,,
2026-09-23T22:29:00-04:00,30726,30735.5,30725.75,30729.25,,,,,,,,,,,,,,745,,
2026-09-23T22:30:00-04:00,30729,30737.75,30726.5,30733.5,,,,,,,,,,,,,,891,,
2026-09-23T22:31:00-04:00,30734.25,30737,30731.5,30734.5,,,,,,,,,,,,,,408,,
2026-09-23T22:32:00-04:00,30734.5,30745.75,30733.75,30741,,,,,,,,,,,,,,1049,,
2026-09-23T22:33:00-04:00,30740.5,30744,30738.25,30739.25,,,,,,,,,,,,,,436,,
2026-09-23T22:34:00-04:00,30739.75,30743,30739,30740.5,,,,,,,,,,,,,,327,,
2026-09-23T22:35:00-04:00,30740.5,30741.5,30738,30740,,,,,,,,,,,,,,258,,
2026-09-23T22:36:00-04:00,30739.25,30741.75,30737,30740.25,,,,,,,,,,,,,,322,,
2026-09-23T22:37:00-04:00,30739.5,30744.25,30735.25,30743.75,,,,,,,,,,,,,,429,,
2026-09-23T22:38:00-04:00,30743.75,30747.25,30741.25,30742.25,,,,,,,,,,,,,,467,,
2026-09-23T22:39:00-04:00,30742,30742.75,30737.5,30738,,,,,,,,,,,,,,339,,
2026-09-23T22:40:00-04:00,30738.25,30747,30737.5,30744.75,,,,,,,,,,,,,,403,,
2026-09-23T22:41:00-04:00,30744.5,30745.75,30743,30744.25,,,,,,,,,,,,,,211,,
2026-09-23T22:42:00-04:00,30744.75,30747,30743.75,30744.5,,,,,,,,,,,,,,230,,
2026-09-23T22:43:00-04:00,30744.25,30745,30741,30741,,,,,,,,,,,,,,263,,
2026-09-23T22:44:00-04:00,30741.5,30745.25,30740.5,30745,,,,,,,,,,,,,,169,,
2026-09-23T22:45:00-04:00,30745.25,30747.75,30743.75,30744,,,,,,,,,,,,,,550,,
2026-09-23T22:46:00-04:00,30744,30744.25,30741.25,30741.75,,,,,,,,,,,,,,234,,
2026-09-23T22:47:00-04:00,30741.75,30744.5,30741.5,30744.25,,,,,,,,,,,,,,143,,
2026-09-23T22:48:00-04:00,30744.5,30745,30742.75,30744,,,,,,,,,,,,,,174,,
2026-09-23T22:49:00-04:00,30743.25,30743.5,30738.75,30743,,,,,,,,,,,,,,318,,
2026-09-23T22:50:00-04:00,30743.5,30744,30741.5,30742.5,,,,,,,,,,,,,,115,,
2026-09-23T22:51:00-04:00,30743.25,30743.75,30738,30738,,,,,,,,,,,,,,178,,
2026-09-23T22:52:00-04:00,30738.75,30740.25,30737.75,30739.25,,,,,,,,,,,,,,201,,
2026-09-23T22:53:00-04:00,30739,30740,30737.5,30738.5,,,,,,,,,,,,,,111,,
2026-09-23T22:54:00-04:00,30738.5,30744.5,30737.25,30743.75,,,,,,,,,,,,,,282,,
2026-09-23T22:55:00-04:00,30743.25,30747.25,30741.75,30744.5,,,,,,,,,,,,,,443,,
2026-09-23T22:56:00-04:00,30744.5,30745.25,30743,30743.5,,,,,,,,,,,,,,198,,
2026-09-23T22:57:00-04:00,30743.5,30744.75,30739.25,30739.25,,,,,,,,,,,,,,286,,
2026-09-23T22:58:00-04:00,30739.75,30743.75,30739,30741.75,,,,,,,,,,,,,,302,,
2026-09-23T22:59:00-04:00,30742.25,30743,30740.75,30741.75,,,,,,,,,,,,,,105,,
2026-09-23T23:00:00-04:00,30740.75,30740.75,30734,30736.75,,,,,,,,,,,,,,774,,
2026-09-23T23:01:00-04:00,30737,30742,30735.75,30739,,,,,,,,,,,,,,300,,
2026-09-23T23:02:00-04:00,30738.25,30740.25,30736.25,30736.5,,,,,,,,,,,,,,178,,
2026-09-23T23:03:00-04:00,30736.25,30737.5,30734.75,30735.5,,,,,,,,,,,,,,181,,
2026-09-23T23:04:00-04:00,30735.75,30736,30730.75,30735,,,,,,,,,,,,,,635,,
2026-09-23T23:05:00-04:00,30734.75,30735,30730.5,30731,,,,,,,,,,,,,,280,,
2026-09-23T23:06:00-04:00,30731.75,30732,30722.5,30722.5,,,,,,,,,,,,,,1002,,
2026-09-23T23:07:00-04:00,30723.5,30724.5,30715.75,30716,,,,,,,,,,,,,,1367,,
2026-09-23T23:08:00-04:00,30717.25,30718,30708.25,30712,,,,,,,,,,,,,,1192,,
2026-09-23T23:09:00-04:00,30712,30714.75,30706,30710.5,,,,,,,,,,,,,,1040,,
2026-09-23T23:10:00-04:00,30710.5,30711.5,30703.75,30708.5,,,,,,,,,,,,,,1018,,
2026-09-23T23:11:00-04:00,30708.5,30712.75,30706,30712,,,,,,,,,,,,,,663,,
2026-09-23T23:12:00-04:00,30712,30712.25,30706.25,30711.5,,,,,,,,,,,,,,562,,
2026-09-23T23:13:00-04:00,30711,30717.25,30710,30715.5,,,,,,,,,,,,,,682,,
2026-09-23T23:14:00-04:00,30715.25,30720.25,30713,30719.25,,,,,,,,,,,,,,620,,
2026-09-23T23:15:00-04:00,30719.25,30722,30715.25,30716.25,,,,,,,,,,,,,,754,,
2026-09-23T23:16:00-04:00,30716,30718,30710.5,30714.25,,,,,,,,,,,,,,716,,
2026-09-23T23:17:00-04:00,30714,30720.5,30713,30720,,,,,,,,,,,,,,486,,
2026-09-23T23:18:00-04:00,30719.75,30722.25,30718.25,30720.5,,,,,,,,,,,,,,417,,
2026-09-23T23:19:00-04:00,30720.75,30723.25,30716.75,30717.25,,,,,,,,,,,,,,439,,
2026-09-23T23:20:00-04:00,30717.75,30721,30716.75,30718.75,,,,,,,,,,,,,,278,,
2026-09-23T23:21:00-04:00,30718.75,30719.75,30710.75,30713.5,,,,,,,,,,,,,,560,,
2026-09-23T23:22:00-04:00,30714,30719.25,30713.25,30715,,,,,,,,,,,,,,485,,
2026-09-23T23:23:00-04:00,30714.75,30715.25,30710.75,30712.25,,,,,,,,,,,,,,486,,
2026-09-23T23:24:00-04:00,30712.5,30715,30711.5,30715,,,,,,,,,,,,,,288,,
2026-09-23T23:25:00-04:00,30714.75,30720,30704.5,30706.5,,,,,,,,,,,,,,992,,
2026-09-23T23:26:00-04:00,30706.25,30709,30698,30708.25,,,,,,,,,,,,,,1484,,
2026-09-23T23:27:00-04:00,30708.75,30708.75,30702.75,30706.25,,,,,,,,,,,,,,386,,
2026-09-23T23:28:00-04:00,30706.25,30710.75,30705.5,30708,,,,,,,,,,,,,,413,,
2026-09-23T23:29:00-04:00,30707,30708.5,30703.75,30706.25,,,,,,,,,,,,,,261,,
2026-09-23T23:30:00-04:00,30706.25,30707,30698.75,30700.75,,,,,,,,,,,,,,775,,
2026-09-23T23:31:00-04:00,30701.25,30707.5,30698.5,30706.5,,,,,,,,,,,,,,701,,
2026-09-23T23:32:00-04:00,30706.75,30707,30702.75,30706.75,,,,,,,,,,,,,,276,,
2026-09-23T23:33:00-04:00,30706.5,30707.5,30703.75,30704,,,,,,,,,,,,,,257,,
2026-09-23T23:34:00-04:00,30704.5,30708.75,30702,30703.5,,,,,,,,,,,,,,343,,
2026-09-23T23:35:00-04:00,30703.75,30704.5,30702,30703,,,,,,,,,,,,,,182,,
2026-09-23T23:36:00-04:00,30702.5,30705.75,30700.75,30703.25,,,,,,,,,,,,,,428,,
2026-09-23T23:37:00-04:00,30703.5,30704,30700.25,30702,,,,,,,,,,,,,,292,,
2026-09-23T23:38:00-04:00,30702.5,30705.75,30698.5,30705,,,,,,,,,,,,,,431,,
2026-09-23T23:39:00-04:00,30705,30707.25,30703.25,30706.75,,,,,,,,,,,,,,458,,
2026-09-23T23:40:00-04:00,30706.75,30707,30701.75,30702.5,,,,,,,,,,,,,,310,,
2026-09-23T23:41:00-04:00,30702.25,30704.75,30701.75,30702.25,,,,,,,,,,,,,,200,,
2026-09-23T23:42:00-04:00,30701.75,30702.5,30694.75,30698.25,,,,,,,,,,,,,,775,,
2026-09-23T23:43:00-04:00,30698.75,30701,30695,30696.75,,,,,,,,,,,,,,527,,
2026-09-23T23:44:00-04:00,30696.5,30696.5,30687.75,30692,,,,,,,,,,,,,,1910,,
2026-09-23T23:45:00-04:00,30692.75,30695.75,30690,30695.25,,,,,,,,,,,,,,513,,
2026-09-23T23:46:00-04:00,30695.5,30699.25,30693,30696.25,,,,,,,,,,,,,,574,,
2026-09-23T23:47:00-04:00,30696.25,30698.25,30693.75,30697.25,,,,,,,,,,,,,,209,,
2026-09-23T23:48:00-04:00,30697,30702.25,30696.75,30699.75,,,,,,,,,,,,,,443,,
2026-09-23T23:49:00-04:00,30700,30705,30698.5,30703,,,,,,,,,,,,,,579,,
2026-09-23T23:50:00-04:00,30703.25,30704.75,30701.75,30703.75,,,,,,,,,,,,,,306,,
2026-09-23T23:51:00-04:00,30703.75,30708.25,30698,30699.5,,,,,,,,,,,,,,816,,
2026-09-23T23:52:00-04:00,30699.25,30702.25,30696.5,30698.25,,,,,,,,,,,,,,425,,
2026-09-23T23:53:00-04:00,30698,30703,30696.5,30703,,,,,,,,,,,,,,395,,
2026-09-23T23:54:00-04:00,30702.75,30705.5,30702,30705.25,,,,,,,,,,,,,,311,,
2026-09-23T23:55:00-04:00,30705.25,30709.75,30702.25,30704.75,,,,,,,,,,,,,,754,,
2026-09-23T23:56:00-04:00,30704,30706.5,30701,30705.25,,,,,,,,,,,,,,420,,
2026-09-23T23:57:00-04:00,30705.5,30705.5,30699.75,30701,,,,,,,,,,,,,,337,,
2026-09-23T23:58:00-04:00,30701.75,30705.25,30699.5,30704.75,,,,,,,,,,,,,,283,,
2026-09-23T23:59:00-04:00,30704,30708.75,30703.25,30707,,,,,,,,,,,,,,304,,
2026-09-24T00:00:00-04:00,30707.5,30708,30693,30694.75,,,,,,,,,,,,,,1215,,
2026-09-24T00:01:00-04:00,30695,30697,30686.25,30690.75,,,,,,,,,,,,,,992,,
2026-09-24T00:02:00-04:00,30691.25,30691.25,30685.5,30686.5,,,,,,,,,,,,,,791,,
2026-09-24T00:03:00-04:00,30686.75,30687.25,30656.25,30669,,,,,,,,,,,,,,6470,,
2026-09-24T00:04:00-04:00,30669.25,30673.75,30660.5,30665,,,,,,,,,,,,,,3897,,
2026-09-24T00:05:00-04:00,30665.75,30673,30664.25,30667.25,,,,,,,,,,,,,,1160,,
2026-09-24T00:06:00-04:00,30667,30671,30663.25,30670.75,,,,,,,,,,,,,,1095,,
2026-09-24T00:07:00-04:00,30670.25,30670.25,30660.75,30661.25,,,,,,,,,,,,,,681,,
2026-09-24T00:08:00-04:00,30661.25,30664.5,30658.25,30660.5,,,,,,,,,,,,,,740,,
2026-09-24T00:09:00-04:00,30661,30668.75,30660.5,30663.75,,,,,,,,,,,,,,643,,
2026-09-24T00:10:00-04:00,30664.5,30666.25,30663.5,30665,,,,,,,,,,,,,,335,,
2026-09-24T00:11:00-04:00,30665,30670,30663.25,30666.75,,,,,,,,,,,,,,529,,
2026-09-24T00:12:00-04:00,30667,30669,30660.75,30660.75,,,,,,,,,,,,,,746,,
2026-09-24T00:13:00-04:00,30660.5,30661.5,30653.25,30655,,,,,,,,,,,,,,1249,,
2026-09-24T00:14:00-04:00,30654.75,30660.25,30653.75,30658.75,,,,,,,,,,,,,,649,,
2026-09-24T00:15:00-04:00,30657.75,30659.5,30651,30657.75,,,,,,,,,,,,,,1154,,
2026-09-24T00:16:00-04:00,30658.25,30667.25,30657.75,30664.75,,,,,,,,,,,,,,1224,,
2026-09-24T00:17:00-04:00,30664.25,30666,30655.5,30655.75,,,,,,,,,,,,,,679,,
2026-09-24T00:18:00-04:00,30656.25,30660.75,30651.25,30653.25,,,,,,,,,,,,,,1458,,
2026-09-24T00:19:00-04:00,30653,30658,30652.25,30656.75,,,,,,,,,,,,,,518,,
2026-09-24T00:20:00-04:00,30656.25,30664.5,30654.75,30661.25,,,,,,,,,,,,,,904,,
2026-09-24T00:21:00-04:00,30662,30663.25,30659.25,30660.5,,,,,,,,,,,,,,453,,
2026-09-24T00:22:00-04:00,30661,30670,30661,30668.5,,,,,,,,,,,,,,705,,
2026-09-24T00:23:00-04:00,30667.75,30668.25,30658.75,30659.25,,,,,,,,,,,,,,534,,
2026-09-24T00:24:00-04:00,30659,30662.75,30655.75,30659,,,,,,,,,,,,,,548,,
2026-09-24T00:25:00-04:00,30658.75,30662.5,30658.75,30661.5,,,,,,,,,,,,,,238,,
2026-09-24T00:26:00-04:00,30661.75,30665.75,30655.25,30661,,,,,,,,,,,,,,742,,
2026-09-24T00:27:00-04:00,30661.75,30662,30659,30660,,,,,,,,,,,,,,114,,
2026-09-24T00:28:00-04:00,30660.5,30668.75,30660,30667.5,,,,,,,,,,,,,,564,,
2026-09-24T00:29:00-04:00,30667.25,30677.75,30666.5,30675.75,,,,,,,,,,,,,,970,,
2026-09-24T00:30:00-04:00,30675.75,30679.25,30673,30676.5,,,,,,,,,,,,,,800,,
2026-09-24T00:31:00-04:00,30676.5,30682.75,30675.25,30681.25,,,,,,,,,,,,,,801,,
2026-09-24T00:32:00-04:00,30680.75,30687.75,30680.25,30683.5,,,,,,,,,,,,,,1021,,
2026-09-24T00:33:00-04:00,30683.75,30692.5,30683.25,30692.25,,,,,,,,,,,,,,969,,
2026-09-24T00:34:00-04:00,30692.75,30696.25,30689,30693.25,,,,,,,,,,,,,,892,,
2026-09-24T00:35:00-04:00,30693.5,30695,30691.5,30694.5,,,,,,,,,,,,,,513,,
2026-09-24T00:36:00-04:00,30694,30695.5,30689.5,30692.5,,,,,,,,,,,,,,454,,
2026-09-24T00:37:00-04:00,30692.75,30694.25,30691,30691.25,,,,,,,,,,,,,,249,,
2026-09-24T00:38:00-04:00,30691.5,30700,30691,30697,,,,,,,,,,,,,,798,,
2026-09-24T00:39:00-04:00,30697.5,30697.75,30692.25,30692.5,,,,,,,,,,,,,,427,,
2026-09-24T00:40:00-04:00,30693,30694,30687,30692,,,,,,,,,,,,,,895,,
2026-09-24T00:41:00-04:00,30692.25,30693.25,30690,30690.25,,,,,,,,,,,,,,160,,
2026-09-24T00:42:00-04:00,30692,30692,30682,30683,,,,,,,,,,,,,,835,,
2026-09-24T00:43:00-04:00,30683.5,30683.75,30677.25,30682.75,,,,,,,,,,,,,,899,,
2026-09-24T00:44:00-04:00,30682.5,30683,30678.75,30681.25,,,,,,,,,,,,,,469,,
2026-09-24T00:45:00-04:00,30681.25,30681.25,30675.25,30677,,,,,,,,,,,,,,587,,
2026-09-24T00:46:00-04:00,30677,30681.75,30674.25,30678.75,,,,,,,,,,,,,,474,,
2026-09-24T00:47:00-04:00,30678.5,30678.5,30674.25,30677,,,,,,,,,,,,,,314,,
2026-09-24T00:48:00-04:00,30676.5,30676.75,30673.5,30675.75,,,,,,,,,,,,,,289,,
2026-09-24T00:49:00-04:00,30675.5,30680,30675,30680,,,,,,,,,,,,,,437,,
2026-09-24T00:50:00-04:00,30680.25,30681,30675.25,30678.25,,,,,,,,,,,,,,269,,
2026-09-24T00:51:00-04:00,30678,30678.75,30674.75,30675.5,,,,,,,,,,,,,,169,,
2026-09-24T00:52:00-04:00,30675,30680,30674.5,30678.75,,,,,,,,,,,,,,220,,
2026-09-24T00:53:00-04:00,30678.5,30680.5,30677,30680.5,,,,,,,,,,,,,,179,,
2026-09-24T00:54:00-04:00,30680.75,30681.5,30675.75,30678.5,,,,,,,,,,,,,,285,,
2026-09-24T00:55:00-04:00,30678.5,30682.75,30678.25,30681,,,,,,,,,,,,,,266,,
2026-09-24T00:56:00-04:00,30681.25,30688,30680,30687.5,,,,,,,,,,,,,,736,,
2026-09-24T00:57:00-04:00,30687.75,30688,30683.75,30686,,,,,,,,,,,,,,519,,
2026-09-24T00:58:00-04:00,30686.5,30686.5,30679.75,30680.5,,,,,,,,,,,,,,352,,
2026-09-24T00:59:00-04:00,30680.5,30690,30680,30686.5,,,,,,,,,,,,,,602,,
2026-09-24T01:00:00-04:00,30686,30696.75,30686,30695,,,,,,,,,,,,,,1055,,
2026-09-24T01:01:00-04:00,30695.5,30700,30694.75,30699.75,,,,,,,,,,,,,,508,,
2026-09-24T01:02:00-04:00,30699,30704.75,30697.25,30704.25,,,,,,,,,,,,,,1017,,
2026-09-24T01:03:00-04:00,30704,30707.5,30698.5,30706.5,,,,,,,,,,,,,,666,,
2026-09-24T01:04:00-04:00,30707,30707.5,30702.5,30703.75,,,,,,,,,,,,,,363,,
2026-09-24T01:05:00-04:00,30704.25,30705.75,30702.5,30704,,,,,,,,,,,,,,402,,
2026-09-24T01:06:00-04:00,30704.25,30704.5,30699.75,30702,,,,,,,,,,,,,,450,,
2026-09-24T01:07:00-04:00,30702.75,30716,30702.25,30711.5,,,,,,,,,,,,,,1118,,
2026-09-24T01:08:00-04:00,30710.75,30716,30703.5,30703.75,,,,,,,,,,,,,,829,,
2026-09-24T01:09:00-04:00,30703.25,30704.75,30701.75,30703.75,,,,,,,,,,,,,,345,,
2026-09-24T01:10:00-04:00,30703.25,30703.25,30697,30697,,,,,,,,,,,,,,520,,
2026-09-24T01:11:00-04:00,30697,30699.25,30692.25,30693,,,,,,,,,,,,,,555,,
2026-09-24T01:12:00-04:00,30693,30695,30690.75,30694.75,,,,,,,,,,,,,,326,,
2026-09-24T01:13:00-04:00,30694.5,30695.25,30688,30691,,,,,,,,,,,,,,442,,
2026-09-24T01:14:00-04:00,30691.25,30692.5,30689.5,30691.75,,,,,,,,,,,,,,184,,
2026-09-24T01:15:00-04:00,30691.25,30697,30690.75,30691.75,,,,,,,,,,,,,,659,,
2026-09-24T01:16:00-04:00,30691.75,30693,30686.75,30691.25,,,,,,,,,,,,,,509,,
2026-09-24T01:17:00-04:00,30691,30695,30690,30694,,,,,,,,,,,,,,293,,
2026-09-24T01:18:00-04:00,30694,30695.5,30691.5,30694.25,,,,,,,,,,,,,,241,,
2026-09-24T01:19:00-04:00,30694.25,30696.75,30693.5,30696.5,,,,,,,,,,,,,,225,,
2026-09-24T01:20:00-04:00,30696,30698.5,30692.25,30694.5,,,,,,,,,,,,,,396,,
2026-09-24T01:21:00-04:00,30694.5,30694.75,30680,30680.25,,,,,,,,,,,,,,1677,,
2026-09-24T01:22:00-04:00,30680.5,30686.75,30677.75,30686,,,,,,,,,,,,,,784,,
2026-09-24T01:23:00-04:00,30685.75,30687.75,30683,30686.5,,,,,,,,,,,,,,295,,
2026-09-24T01:24:00-04:00,30687,30687.5,30683.25,30685,,,,,,,,,,,,,,265,,
2026-09-24T01:25:00-04:00,30684.75,30692.25,30683.5,30687.75,,,,,,,,,,,,,,549,,
2026-09-24T01:26:00-04:00,30687.25,30693.75,30686.5,30688.25,,,,,,,,,,,,,,299,,
2026-09-24T01:27:00-04:00,30688.25,30691.5,30686.75,30690.5,,,,,,,,,,,,,,266,,
2026-09-24T01:28:00-04:00,30689.75,30705,30689.75,30702.75,,,,,,,,,,,,,,957,,
2026-09-24T01:29:00-04:00,30702.75,30710.25,30699,30707,,,,,,,,,,,,,,1234,,
2026-09-24T01:30:00-04:00,30707,30709.75,30701,30706,,,,,,,,,,,,,,691,,
2026-09-24T01:31:00-04:00,30705.5,30705.75,30702,30703,,,,,,,,,,,,,,294,,
2026-09-24T01:32:00-04:00,30703.25,30706,30702,30705,,,,,,,,,,,,,,241,,
2026-09-24T01:33:00-04:00,30705.25,30709.5,30701,30701,,,,,,,,,,,,,,341,,
2026-09-24T01:34:00-04:00,30700.5,30701,30696,30698.5,,,,,,,,,,,,,,745,,
2026-09-24T01:35:00-04:00,30698.75,30701,30690.75,30691.25,,,,,,,,,,,,,,485,,
2026-09-24T01:36:00-04:00,30691,30694.5,30689.25,30691.25,,,,,,,,,,,,,,609,,
2026-09-24T01:37:00-04:00,30692,30694.5,30689.5,30691,,,,,,,,,,,,,,182,,
2026-09-24T01:38:00-04:00,30690.75,30693,30687.75,30691.25,,,,,,,,,,,,,,383,,
2026-09-24T01:39:00-04:00,30691,30691,30685.25,30688.75,,,,,,,,,,,,,,418,,
2026-09-24T01:40:00-04:00,30689,30698.25,30688.25,30694.25,,,,,,,,,,,,,,704,,
2026-09-24T01:41:00-04:00,30694.25,30695.5,30686.25,30688.75,,,,,,,,,,,,,,495,,
2026-09-24T01:42:00-04:00,30688.5,30691,30682,30683,,,,,,,,,,,,,,546,,
2026-09-24T01:43:00-04:00,30683,30684.25,30679.5,30680.25,,,,,,,,,,,,,,616,,
2026-09-24T01:44:00-04:00,30680.5,30681.25,30669.75,30670.75,,,,,,,,,,,,,,1488,,
2026-09-24T01:45:00-04:00,30670.25,30670.25,30657.75,30667.25,,,,,,,,,,,,,,1904,,
2026-09-24T01:46:00-04:00,30667,30670.5,30666.75,30668,,,,,,,,,,,,,,500,,
2026-09-24T01:47:00-04:00,30667.75,30668.25,30662.25,30663.75,,,,,,,,,,,,,,500,,
2026-09-24T01:48:00-04:00,30664.75,30666.25,30659.5,30661,,,,,,,,,,,,,,659,,
2026-09-24T01:49:00-04:00,30661.25,30662.5,30658.75,30660.25,,,,,,,,,,,,,,336,,
2026-09-24T01:50:00-04:00,30660,30661.25,30656,30657.75,,,,,,,,,,,,,,441,,
2026-09-24T01:51:00-04:00,30657.5,30663,30657,30661.25,,,,,,,,,,,,,,403,,
2026-09-24T01:52:00-04:00,30660.75,30670,30660,30668.75,,,,,,,,,,,,,,602,,
2026-09-24T01:53:00-04:00,30668.5,30670.25,30656.75,30656.75,,,,,,,,,,,,,,725,,
2026-09-24T01:54:00-04:00,30657.5,30661.25,30656.25,30657,,,,,,,,,,,,,,425,,
2026-09-24T01:55:00-04:00,30657,30657,30646,30647,,,,,,,,,,,,,,1794,,
2026-09-24T01:56:00-04:00,30646.75,30648,30629,30630.75,,,,,,,,,,,,,,3017,,
2026-09-24T01:57:00-04:00,30630.75,30633.25,30620.25,30623.75,,,,,,,,,,,,,,2533,,
2026-09-24T01:58:00-04:00,30623.75,30625.75,30612.75,30616.5,,,,,,,,,,,,,,1788,,
2026-09-24T01:59:00-04:00,30616.75,30618,30607.5,30608.5,,,,,,,,,,,,,,1709,,
2026-09-24T02:00:00-04:00,30608,30611,30596.5,30599.75,,,,,,,,,,,,,,2786,,
2026-09-24T02:01:00-04:00,30599,30602.5,30581,30585,,,,,,,,,,,,,,2229,,
2026-09-24T02:02:00-04:00,30585.25,30593.75,30573.25,30576,,,,,,,,,,,,,,2581,,
2026-09-24T02:03:00-04:00,30575.75,30583.75,30572.25,30582.25,,,,,,,,,,,,,,1886,,
2026-09-24T02:04:00-04:00,30581.75,30589.5,30571.75,30575.75,,,,,,,,,,,,,,1743,,
2026-09-24T02:05:00-04:00,30575,30578,30568.5,30575.75,,,,,,,,,,,,,,1772,,
2026-09-24T02:06:00-04:00,30575,30581,30563.75,30578,,,,,,,,,,,,,,2592,,
2026-09-24T02:07:00-04:00,30577.75,30607.5,30577.25,30605.5,,,,,,,,,,,,,,2904,,
2026-09-24T02:08:00-04:00,30605.5,30615,30604.25,30605.5,,,,,,,,,,,,,,2119,,
2026-09-24T02:09:00-04:00,30606.25,30610.75,30597,30610.75,,,,,,,,,,,,,,1346,,
2026-09-24T02:10:00-04:00,30610.25,30615.25,30600.5,30614.25,,,,,,,,,,,,,,1383,,
2026-09-24T02:11:00-04:00,30614.25,30622.25,30603.5,30616.75,,,,,,,,,,,,,,1402,,
2026-09-24T02:12:00-04:00,30617.5,30628,30615.25,30624.5,,,,,,,,,,,,,,1293,,
2026-09-24T02:13:00-04:00,30624,30625,30613.25,30621,,,,,,,,,,,,,,1041,,
2026-09-24T02:14:00-04:00,30621.75,30625.25,30615.5,30619.5,,,,,,,,,,,,,,758,,
2026-09-24T02:15:00-04:00,30619.5,30628.75,30613.25,30615.75,,,,,,,,,,,,,,1510,,
2026-09-24T02:16:00-04:00,30615.75,30619.75,30610.5,30617.25,,,,,,,,,,,,,,1054,,
2026-09-24T02:17:00-04:00,30617.25,30630.25,30611.25,30625.75,,,,,,,,,,,,,,1162,,
2026-09-24T02:18:00-04:00,30626.25,30631.25,30621,30629.25,,,,,,,,,,,,,,774,,
2026-09-24T02:19:00-04:00,30629.75,30630,30612.5,30613,,,,,,,,,,,,,,905,,
2026-09-24T02:20:00-04:00,30613.25,30613.75,30590.25,30591,,,,,,,,,,,,,,2137,,
2026-09-24T02:21:00-04:00,30591.75,30597.5,30589.25,30591,,,,,,,,,,,,,,1134,,
2026-09-24T02:22:00-04:00,30590.75,30594,30587.25,30589.25,,,,,,,,,,,,,,861,,
2026-09-24T02:23:00-04:00,30589.25,30592.5,30583.25,30585.25,,,,,,,,,,,,,,1039,,
2026-09-24T02:24:00-04:00,30584.75,30603.75,30582.5,30599.5,,,,,,,,,,,,,,1369,,
2026-09-24T02:25:00-04:00,30599.75,30608.25,30597.5,30601.5,,,,,,,,,,,,,,1197,,
2026-09-24T02:26:00-04:00,30601.75,30604.75,30599.5,30602.5,,,,,,,,,,,,,,470,,
2026-09-24T02:27:00-04:00,30602.5,30604.25,30596.5,30599.75,,,,,,,,,,,,,,486,,
2026-09-24T02:28:00-04:00,30599.75,30607.25,30594.75,30595.5,,,,,,,,,,,,,,865,,
2026-09-24T02:29:00-04:00,30595.5,30605.25,30589.5,30600.25,,,,,,,,,,,,,,1442,,
2026-09-24T02:30:00-04:00,30600.25,30600.25,30587,30592.75,,,,,,,,,,,,,,1179,,
2026-09-24T02:31:00-04:00,30592.75,30597,30589.75,30592.5,,,,,,,,,,,,,,734,,
2026-09-24T02:32:00-04:00,30593,30597.5,30588.75,30589.5,,,,,,,,,,,,,,467,,
2026-09-24T02:33:00-04:00,30589,30589.75,30580.25,30583,,,,,,,,,,,,,,962,,
2026-09-24T02:34:00-04:00,30583.25,30584.75,30577.75,30582.75,,,,,,,,,,,,,,937,,
2026-09-24T02:35:00-04:00,30582.25,30587.75,30578.75,30582.75,,,,,,,,,,,,,,539,,
2026-09-24T02:36:00-04:00,30582.5,30587,30576.75,30576.75,,,,,,,,,,,,,,794,,
2026-09-24T02:37:00-04:00,30576.5,30576.75,30567.25,30573.75,,,,,,,,,,,,,,1373,,
2026-09-24T02:38:00-04:00,30573.75,30573.75,30567.25,30571.75,,,,,,,,,,,,,,859,,
2026-09-24T02:39:00-04:00,30571.25,30574,30569.75,30572.5,,,,,,,,,,,,,,568,,
2026-09-24T02:40:00-04:00,30572.75,30578.75,30563.5,30567.25,,,,,,,,,,,,,,1606,,
2026-09-24T02:41:00-04:00,30567.5,30573,30562.5,30570.75,,,,,,,,,,,,,,1074,,
2026-09-24T02:42:00-04:00,30570.5,30582,30567.25,30576,,,,,,,,,,,,,,1057,,
2026-09-24T02:43:00-04:00,30576,30589.25,30575,30588,,,,,,,,,,,,,,1206,,
2026-09-24T02:44:00-04:00,30588.25,30592.75,30578,30578,,,,,,,,,,,,,,1035,,
2026-09-24T02:45:00-04:00,30578,30588.5,30576,30586.25,,,,,,,,,,,,,,820,,
2026-09-24T02:46:00-04:00,30586.5,30587,30576.5,30577,,,,,,,,,,,,,,629,,
2026-09-24T02:47:00-04:00,30577.25,30583.25,30575,30576.5,,,,,,,,,,,,,,627,,
2026-09-24T02:48:00-04:00,30576.5,30578.75,30572,30577.5,,,,,,,,,,,,,,556,,
2026-09-24T02:49:00-04:00,30577.25,30586.25,30577.25,30580,,,,,,,,,,,,,,690,,
2026-09-24T02:50:00-04:00,30580,30583,30572.75,30574,,,,,,,,,,,,,,651,,
2026-09-24T02:51:00-04:00,30573.5,30576.75,30568.5,30569,,,,,,,,,,,,,,613,,
2026-09-24T02:52:00-04:00,30570.5,30570.75,30553.75,30557.75,,,,,,,,,,,,,,2115,,
2026-09-24T02:53:00-04:00,30558,30559,30554.75,30557.75,,,,,,,,,,,,,,566,,
2026-09-24T02:54:00-04:00,30558,30568.25,30554,30554.5,,,,,,,,,,,,,,982,,
2026-09-24T02:55:00-04:00,30554.75,30556.5,30545.5,30553.5,,,,,,,,,,,,,,1647,,
2026-09-24T02:56:00-04:00,30553.75,30557.5,30551,30555.25,,,,,,,,,,,,,,707,,
2026-09-24T02:57:00-04:00,30556,30557.75,30546.75,30552.75,,,,,,,,,,,,,,852,,
2026-09-24T02:58:00-04:00,30552.75,30558.25,30543.75,30545.5,,,,,,,,,,,,,,805,,
2026-09-24T02:59:00-04:00,30546,30546,30535,30541.5,,,,,,,,,,,,,,1466,,
2026-09-24T03:00:00-04:00,30540.75,30546.25,30523.75,30538.25,,,,,,,,,,,,,,3046,,
2026-09-24T03:01:00-04:00,30537.5,30561,30537.5,30545.5,,,,,,,,,,,,,,2824,,
2026-09-24T03:02:00-04:00,30545.25,30545.5,30522,30524.5,,,,,,,,,,,,,,2015,,
2026-09-24T03:03:00-04:00,30524.5,30538.25,30513,30532.5,,,,,,,,,,,,,,2695,,
2026-09-24T03:04:00-04:00,30532.5,30543.75,30520.75,30538.75,,,,,,,,,,,,,,2346,,
2026-09-24T03:05:00-04:00,30539.5,30551.5,30526,30547.75,,,,,,,,,,,,,,1668,,
2026-09-24T03:06:00-04:00,30547.75,30569.75,30542.5,30569.25,,,,,,,,,,,,,,2115,,
2026-09-24T03:07:00-04:00,30569,30577.75,30562.75,30576.25,,,,,,,,,,,,,,1645,,
2026-09-24T03:08:00-04:00,30575.5,30588.75,30575.25,30582.5,,,,,,,,,,,,,,1579,,
2026-09-24T03:09:00-04:00,30582.25,30588.25,30581.25,30584.5,,,,,,,,,,,,,,525,,
2026-09-24T03:10:00-04:00,30585,30594,30583,30591.5,,,,,,,,,,,,,,1261,,
2026-09-24T03:11:00-04:00,30590.75,30592,30581,30585.5,,,,,,,,,,,,,,1004,,
2026-09-24T03:12:00-04:00,30583.75,30586.5,30575,30581.5,,,,,,,,,,,,,,1013,,
2026-09-24T03:13:00-04:00,30580.25,30587,30576.75,30585,,,,,,,,,,,,,,844,,
2026-09-24T03:14:00-04:00,30585.5,30595.5,30585.5,30594.5,,,,,,,,,,,,,,829,,
2026-09-24T03:15:00-04:00,30594.25,30601.75,30582.25,30584.75,,,,,,,,,,,,,,1733,,
2026-09-24T03:16:00-04:00,30585.25,30590.75,30584.5,30584.5,,,,,,,,,,,,,,580,,
2026-09-24T03:17:00-04:00,30584.75,30591.25,30580.5,30580.5,,,,,,,,,,,,,,640,,
2026-09-24T03:18:00-04:00,30581.25,30595.25,30576.75,30591.75,,,,,,,,,,,,,,872,,
2026-09-24T03:19:00-04:00,30592.5,30601,30590.25,30597.25,,,,,,,,,,,,,,627,,
2026-09-24T03:20:00-04:00,30596.75,30597.5,30588.5,30592.25,,,,,,,,,,,,,,560,,
2026-09-24T03:21:00-04:00,30590.75,30595,30582.75,30584.25,,,,,,,,,,,,,,768,,
2026-09-24T03:22:00-04:00,30584,30589,30583.5,30587.5,,,,,,,,,,,,,,369,,
2026-09-24T03:23:00-04:00,30587.75,30592.5,30583.5,30589,,,,,,,,,,,,,,364,,
2026-09-24T03:24:00-04:00,30588.5,30591.25,30582,30583.5,,,,,,,,,,,,,,418,,
2026-09-24T03:25:00-04:00,30583.5,30588.75,30581,30583,,,,,,,,,,,,,,663,,
2026-09-24T03:26:00-04:00,30582.25,30590.5,30574.5,30588.25,,,,,,,,,,,,,,1053,,
2026-09-24T03:27:00-04:00,30588,30596.25,30586.75,30592.5,,,,,,,,,,,,,,826,,
2026-09-24T03:28:00-04:00,30592.25,30598.25,30588.25,30590.75,,,,,,,,,,,,,,594,,
2026-09-24T03:29:00-04:00,30592,30609,30591,30606.5,,,,,,,,,,,,,,1021,,
2026-09-24T03:30:00-04:00,30606.75,30615.5,30601.5,30608.25,,,,,,,,,,,,,,2501,,
2026-09-24T03:31:00-04:00,30608.75,30614,30601,30605.75,,,,,,,,,,,,,,1311,,
2026-09-24T03:32:00-04:00,30605.75,30609.75,30601,30605.25,,,,,,,,,,,,,,577,,
2026-09-24T03:33:00-04:00,30605.5,30620,30601.25,30618,,,,,,,,,,,,,,1171,,
2026-09-24T03:34:00-04:00,30618.25,30618.75,30606.5,30609.75,,,,,,,,,,,,,,754,,
2026-09-24T03:35:00-04:00,30610,30617,30605.75,30617,,,,,,,,,,,,,,673,,
2026-09-24T03:36:00-04:00,30615.75,30629.5,30614.75,30629.25,,,,,,,,,,,,,,1122,,
2026-09-24T03:37:00-04:00,30628.75,30631.75,30626.25,30629.75,,,,,,,,,,,,,,971,,
2026-09-24T03:38:00-04:00,30628.75,30631.25,30621.5,30625.75,,,,,,,,,,,,,,692,,
2026-09-24T03:39:00-04:00,30625.25,30626.75,30617.75,30622.75,,,,,,,,,,,,,,543,,
2026-09-24T03:40:00-04:00,30621.25,30624.75,30618,30619,,,,,,,,,,,,,,475,,
2026-09-24T03:41:00-04:00,30619.25,30622.25,30615,30616,,,,,,,,,,,,,,532,,
2026-09-24T03:42:00-04:00,30616,30617.75,30610.5,30614.5,,,,,,,,,,,,,,641,,
2026-09-24T03:43:00-04:00,30613.75,30619.5,30611.75,30618.25,,,,,,,,,,,,,,407,,
2026-09-24T03:44:00-04:00,30617.75,30627,30617.25,30622,,,,,,,,,,,,,,787,,
2026-09-24T03:45:00-04:00,30620.75,30623.5,30616.75,30619,,,,,,,,,,,,,,367,,
2026-09-24T03:46:00-04:00,30619.5,30622.25,30616,30618,,,,,,,,,,,,,,347,,
2026-09-24T03:47:00-04:00,30617.25,30619,30608.5,30609.5,,,,,,,,,,,,,,856,,
2026-09-24T03:48:00-04:00,30610,30613,30605.5,30607.75,,,,,,,,,,,,,,684,,
2026-09-24T03:49:00-04:00,30608.5,30610.25,30603.75,30607.75,,,,,,,,,,,,,,352,,
2026-09-24T03:50:00-04:00,30606.25,30606.25,30597,30604.25,,,,,,,,,,,,,,1066,,
2026-09-24T03:51:00-04:00,30604.75,30610.5,30601.5,30608.75,,,,,,,,,,,,,,686,,
2026-09-24T03:52:00-04:00,30609.5,30610.25,30600.75,30600.75,,,,,,,,,,,,,,374,,
2026-09-24T03:53:00-04:00,30601,30602.5,30594,30599.25,,,,,,,,,,,,,,802,,
2026-09-24T03:54:00-04:00,30599.5,30601.25,30596.25,30601,,,,,,,,,,,,,,370,,
2026-09-24T03:55:00-04:00,30598.75,30599.75,30575,30579.5,,,,,,,,,,,,,,1770,,
2026-09-24T03:56:00-04:00,30580.25,30580.25,30564.5,30569,,,,,,,,,,,,,,1164,,
2026-09-24T03:57:00-04:00,30569.75,30573,30562.75,30564,,,,,,,,,,,,,,928,,
2026-09-24T03:58:00-04:00,30564.25,30566.25,30562.25,30563,,,,,,,,,,,,,,511,,
2026-09-24T03:59:00-04:00,30562.5,30567,30558.5,30558.5,,,,,,,,,,,,,,753,,
2026-09-24T04:00:00-04:00,30559,30577.25,30551.25,30571.5,,,,,,,,,,,,,,2707,,
2026-09-24T04:01:00-04:00,30571,30590.5,30558.5,30587.25,,,,,,,,,,,,,,2487,,
2026-09-24T04:02:00-04:00,30586.75,30587.25,30557.75,30560,,,,,,,,,,,,,,1645,,
2026-09-24T04:03:00-04:00,30559.5,30565.5,30547.5,30560.5,,,,,,,,,,,,,,1916,,
2026-09-24T04:04:00-04:00,30560,30560,30533,30544.75,,,,,,,,,,,,,,2051,,
2026-09-24T04:05:00-04:00,30544.25,30552,30534.75,30537.75,,,,,,,,,,,,,,1451,,
2026-09-24T04:06:00-04:00,30537.75,30541.75,30532.25,30539.75,,,,,,,,,,,,,,1139,,
2026-09-24T04:07:00-04:00,30540.25,30545,30534.75,30537.75,,,,,,,,,,,,,,902,,
2026-09-24T04:08:00-04:00,30538.5,30542.25,30528.5,30529,,,,,,,,,,,,,,1114,,
2026-09-24T04:09:00-04:00,30529.25,30537.25,30524.75,30531,,,,,,,,,,,,,,1099,,
2026-09-24T04:10:00-04:00,30530.5,30531,30515.75,30517.25,,,,,,,,,,,,,,1418,,
2026-09-24T04:11:00-04:00,30516.5,30516.5,30496.5,30507.5,,,,,,,,,,,,,,2350,,
2026-09-24T04:12:00-04:00,30507,30511,30492.25,30498.25,,,,,,,,,,,,,,1766,,
2026-09-24T04:13:00-04:00,30498.5,30501.5,30481.75,30485.25,,,,,,,,,,,,,,1848,,
2026-09-24T04:14:00-04:00,30485.75,30491.25,30479.5,30487.75,,,,,,,,,,,,,,1872,,
2026-09-24T04:15:00-04:00,30487.25,30495.25,30479.5,30479.5,,,,,,,,,,,,,,1602,,
2026-09-24T04:16:00-04:00,30479.5,30498,30479.5,30495.5,,,,,,,,,,,,,,1346,,
2026-09-24T04:17:00-04:00,30495,30511.25,30489.5,30501.5,,,,,,,,,,,,,,2041,,
2026-09-24T04:18:00-04:00,30502.75,30503.25,30485.25,30493.25,,,,,,,,,,,,,,1429,,
2026-09-24T04:19:00-04:00,30492.75,30501.25,30486.25,30491.25,,,,,,,,,,,,,,1028,,
2026-09-24T04:20:00-04:00,30491,30491,30476.25,30480,,,,,,,,,,,,,,1473,,
2026-09-24T04:21:00-04:00,30479.75,30483.5,30472.5,30475.75,,,,,,,,,,,,,,1390,,
2026-09-24T04:22:00-04:00,30475.75,30488,30475,30483,,,,,,,,,,,,,,1396,,
2026-09-24T04:23:00-04:00,30481.75,30488.5,30477.5,30478,,,,,,,,,,,,,,901,,
2026-09-24T04:24:00-04:00,30479,30491.25,30471.25,30482.75,,,,,,,,,,,,,,1432,,
2026-09-24T04:25:00-04:00,30482.5,30494.25,30477.5,30477.5,,,,,,,,,,,,,,1207,,
2026-09-24T04:26:00-04:00,30477.25,30478.75,30457.5,30463,,,,,,,,,,,,,,2013,,
2026-09-24T04:27:00-04:00,30462.5,30464.25,30453.75,30460.25,,,,,,,,,,,,,,1508,,
2026-09-24T04:28:00-04:00,30460,30461.5,30453.5,30456,,,,,,,,,,,,,,1001,,
2026-09-24T04:29:00-04:00,30455.25,30466.5,30454,30455.5,,,,,,,,,,,,,,986,,
2026-09-24T04:30:00-04:00,30455.5,30468,30453.75,30463.5,,,,,,,,,,,,,,1266,,
2026-09-24T04:31:00-04:00,30463.5,30484.5,30463.5,30483.25,,,,,,,,,,,,,,1562,,
2026-09-24T04:32:00-04:00,30483.75,30492.25,30477.5,30490.75,,,,,,,,,,,,,,1554,,
2026-09-24T04:33:00-04:00,30491.25,30498,30481,30482.75,,,,,,,,,,,,,,1643,,
2026-09-24T04:34:00-04:00,30483.25,30484,30448.25,30450.5,,,,,,,,,,,,,,3109,,
2026-09-24T04:35:00-04:00,30450.25,30452.5,30441.5,30446.75,,,,,,,,,,,,,,1637,,
2026-09-24T04:36:00-04:00,30446.25,30446.75,30435.5,30437,,,,,,,,,,,,,,1473,,
2026-09-24T04:37:00-04:00,30437,30445,30431,30441.5,,,,,,,,,,,,,,1274,,
2026-09-24T04:38:00-04:00,30441,30448.5,30435.75,30442.75,,,,,,,,,,,,,,1337,,
2026-09-24T04:39:00-04:00,30442.5,30453,30439.5,30450.25,,,,,,,,,,,,,,1293,,
2026-09-24T04:40:00-04:00,30450.5,30452.25,30435,30438,,,,,,,,,,,,,,1058,,
2026-09-24T04:41:00-04:00,30437.5,30441,30430.25,30434.5,,,,,,,,,,,,,,1123,,
2026-09-24T04:42:00-04:00,30434.5,30451.5,30431.25,30448.5,,,,,,,,,,,,,,1089,,
2026-09-24T04:43:00-04:00,30448.25,30458.25,30445.25,30455,,,,,,,,,,,,,,1291,,
2026-09-24T04:44:00-04:00,30454.75,30455,30439,30447.5,,,,,,,,,,,,,,909,,
2026-09-24T04:45:00-04:00,30446.75,30457.25,30436.25,30442.25,,,,,,,,,,,,,,1304,,
2026-09-24T04:46:00-04:00,30443,30450.5,30438.75,30442,,,,,,,,,,,,,,560,,
2026-09-24T04:47:00-04:00,30441.5,30441.5,30430,30436.25,,,,,,,,,,,,,,886,,
2026-09-24T04:48:00-04:00,30436.25,30436.25,30422,30424,,,,,,,,,,,,,,1309,,
2026-09-24T04:49:00-04:00,30423.25,30427,30412,30414.75,,,,,,,,,,,,,,1481,,
2026-09-24T04:50:00-04:00,30414.25,30416,30407,30412.75,,,,,,,,,,,,,,1500,,
2026-09-24T04:51:00-04:00,30412,30435,30411.75,30433.75,,,,,,,,,,,,,,1594,,
2026-09-24T04:52:00-04:00,30433.75,30434.5,30425.5,30431.5,,,,,,,,,,,,,,728,,
2026-09-24T04:53:00-04:00,30431.5,30434.75,30418.75,30423.5,,,,,,,,,,,,,,847,,
2026-09-24T04:54:00-04:00,30423.5,30429,30417.75,30421.75,,,,,,,,,,,,,,638,,
2026-09-24T04:55:00-04:00,30422.5,30431,30416.5,30425.5,,,,,,,,,,,,,,868,,
2026-09-24T04:56:00-04:00,30425.75,30428.25,30420.25,30423.25,,,,,,,,,,,,,,448,,
2026-09-24T04:57:00-04:00,30422.25,30430.75,30420,30428.5,,,,,,,,,,,,,,668,,
2026-09-24T04:58:00-04:00,30428.75,30435.5,30426,30430.75,,,,,,,,,,,,,,647,,
2026-09-24T04:59:00-04:00,30430.5,30433.5,30425.5,30432.75,,,,,,,,,,,,,,526,,
2026-09-24T05:00:00-04:00,30432.75,30440.5,30425.75,30436,,,,,,,,,,,,,,1062,,
2026-09-24T05:01:00-04:00,30436.5,30455.5,30435,30447.25,,,,,,,,,,,,,,1396,,
2026-09-24T05:02:00-04:00,30447,30449,30440.5,30442.75,,,,,,,,,,,,,,570,,
2026-09-24T05:03:00-04:00,30441.75,30448,30439,30443.75,,,,,,,,,,,,,,618,,
2026-09-24T05:04:00-04:00,30442.75,30447,30432,30438.5,,,,,,,,,,,,,,993,,
2026-09-24T05:05:00-04:00,30440,30449.5,30433.25,30437.75,,,,,,,,,,,,,,807,,
2026-09-24T05:06:00-04:00,30437,30439.75,30426.75,30439,,,,,,,,,,,,,,768,,
2026-09-24T05:07:00-04:00,30439.25,30444.5,30437.75,30442.5,,,,,,,,,,,,,,624,,
2026-09-24T05:08:00-04:00,30442.5,30456,30439,30449.25,,,,,,,,,,,,,,1210,,
2026-09-24T05:09:00-04:00,30449,30452.75,30437,30438.75,,,,,,,,,,,,,,774,,
2026-09-24T05:10:00-04:00,30438.5,30448.25,30436.5,30442,,,,,,,,,,,,,,651,,
2026-09-24T05:11:00-04:00,30442.5,30444,30429,30431.25,,,,,,,,,,,,,,754,,
2026-09-24T05:12:00-04:00,30431.75,30432,30418.75,30421.25,,,,,,,,,,,,,,1117,,
2026-09-24T05:13:00-04:00,30420.75,30432.25,30418,30430.5,,,,,,,,,,,,,,1004,,
2026-09-24T05:14:00-04:00,30430.5,30433.25,30426.5,30431.5,,,,,,,,,,,,,,560,,
2026-09-24T05:15:00-04:00,30431.5,30436.25,30427,30434,,,,,,,,,,,,,,776,,
2026-09-24T05:16:00-04:00,30433.5,30436.25,30427.25,30427.75,,,,,,,,,,,,,,498,,
2026-09-24T05:17:00-04:00,30427.75,30441.75,30426,30429.25,,,,,,,,,,,,,,801,,
2026-09-24T05:18:00-04:00,30429,30437.75,30421.5,30437.5,,,,,,,,,,,,,,673,,
2026-09-24T05:19:00-04:00,30438,30445,30433.25,30442.25,,,,,,,,,,,,,,715,,
2026-09-24T05:20:00-04:00,30442,30452,30440.75,30451.25,,,,,,,,,,,,,,693,,
2026-09-24T05:21:00-04:00,30450.75,30451.75,30440.5,30441.25,,,,,,,,,,,,,,803,,
2026-09-24T05:22:00-04:00,30441.75,30445.5,30434.5,30439.25,,,,,,,,,,,,,,855,,
2026-09-24T05:23:00-04:00,30439.25,30453.25,30438.25,30451,,,,,,,,,,,,,,814,,
2026-09-24T05:24:00-04:00,30450.75,30456.5,30447,30455,,,,,,,,,,,,,,815,,
2026-09-24T05:25:00-04:00,30454.25,30464.5,30452.5,30461.5,,,,,,,,,,,,,,1074,,
2026-09-24T05:26:00-04:00,30461.25,30463,30447.75,30452.5,,,,,,,,,,,,,,633,,
2026-09-24T05:27:00-04:00,30453.25,30454,30439.75,30440.5,,,,,,,,,,,,,,814,,
2026-09-24T05:28:00-04:00,30440,30442.75,30437.25,30441.75,,,,,,,,,,,,,,501,,
2026-09-24T05:29:00-04:00,30441.75,30445.25,30439.75,30442.75,,,,,,,,,,,,,,296,,
2026-09-24T05:30:00-04:00,30442.5,30444.75,30432,30432.25,,,,,,,,,,,,,,788,,
2026-09-24T05:31:00-04:00,30432.75,30439.25,30423.75,30435.75,,,,,,,,,,,,,,1137,,
2026-09-24T05:32:00-04:00,30435.75,30437.25,30428,30436.5,,,,,,,,,,,,,,429,,
2026-09-24T05:33:00-04:00,30436.25,30437.25,30429.25,30429.5,,,,,,,,,,,,,,354,,
2026-09-24T05:34:00-04:00,30429.75,30438,30427.25,30436.75,,,,,,,,,,,,,,473,,
2026-09-24T05:35:00-04:00,30436.5,30440.25,30430,30431.5,,,,,,,,,,,,,,410,,
2026-09-24T05:36:00-04:00,30431.25,30433.25,30420,30425.25,,,,,,,,,,,,,,784,,
2026-09-24T05:37:00-04:00,30425,30425,30415,30416.75,,,,,,,,,,,,,,892,,
2026-09-24T05:38:00-04:00,30416.5,30416.5,30404.75,30411,,,,,,,,,,,,,,1383,,
2026-09-24T05:39:00-04:00,30410.75,30419.25,30409.75,30411.75,,,,,,,,,,,,,,755,,
2026-09-24T05:40:00-04:00,30411.5,30415.75,30405.25,30406.25,,,,,,,,,,,,,,780,,
2026-09-24T05:41:00-04:00,30405.75,30405.75,30390.25,30394,,,,,,,,,,,,,,2318,,
2026-09-24T05:42:00-04:00,30393.25,30401.5,30388,30398.75,,,,,,,,,,,,,,1200,,
2026-09-24T05:43:00-04:00,30399,30400.25,30370.75,30378.5,,,,,,,,,,,,,,3597,,
2026-09-24T05:44:00-04:00,30379.25,30379.75,30371,30377.75,,,,,,,,,,,,,,1257,,
2026-09-24T05:45:00-04:00,30376.75,30382.25,30372.25,30377,,,,,,,,,,,,,,940,,
2026-09-24T05:46:00-04:00,30376.5,30390.5,30374.75,30389,,,,,,,,,,,,,,993,,
2026-09-24T05:47:00-04:00,30389.75,30401,30379.5,30391.5,,,,,,,,,,,,,,1153,,
2026-09-24T05:48:00-04:00,30390.75,30403,30388.25,30395,,,,,,,,,,,,,,902,,
2026-09-24T05:49:00-04:00,30395.25,30408.5,30394.75,30407.5,,,,,,,,,,,,,,728,,
2026-09-24T05:50:00-04:00,30406,30417.5,30405.5,30412.5,,,,,,,,,,,,,,1038,,
2026-09-24T05:51:00-04:00,30411.75,30415.25,30407.75,30412.5,,,,,,,,,,,,,,879,,
2026-09-24T05:52:00-04:00,30412.25,30421,30411,30419.25,,,,,,,,,,,,,,663,,
2026-09-24T05:53:00-04:00,30419.75,30420.75,30412,30414.75,,,,,,,,,,,,,,510,,
2026-09-24T05:54:00-04:00,30415.25,30420,30401.5,30419.5,,,,,,,,,,,,,,1061,,
2026-09-24T05:55:00-04:00,30419.25,30433.75,30418.75,30430,,,,,,,,,,,,,,1356,,
2026-09-24T05:56:00-04:00,30429.5,30435,30425.75,30429,,,,,,,,,,,,,,917,,
2026-09-24T05:57:00-04:00,30429,30429.75,30420.75,30421,,,,,,,,,,,,,,465,,
2026-09-24T05:58:00-04:00,30421,30432.25,30419.75,30430.75,,,,,,,,,,,,,,511,,
2026-09-24T05:59:00-04:00,30430.5,30438,30429.5,30437.25,,,,,,,,,,,,,,662,,
2026-09-24T06:00:00-04:00,30437.25,30445.75,30430.5,30442.25,,,,,,,,,,,,,,1203,,
2026-09-24T06:01:00-04:00,30442.25,30449.5,30441.5,30447.75,,,,,,,,,,,,,,903,,
2026-09-24T06:02:00-04:00,30448,30451.25,30439,30439.25,,,,,,,,,,,,,,659,,
2026-09-24T06:03:00-04:00,30439.75,30443.5,30435.25,30435.75,,,,,,,,,,,,,,475,,
2026-09-24T06:04:00-04:00,30435.75,30439.25,30425.25,30427.5,,,,,,,,,,,,,,905,,
2026-09-24T06:05:00-04:00,30427,30430.75,30422.25,30423.75,,,,,,,,,,,,,,695,,
2026-09-24T06:06:00-04:00,30423.5,30425.75,30416,30418.75,,,,,,,,,,,,,,832,,
2026-09-24T06:07:00-04:00,30418.25,30424.75,30416.5,30423,,,,,,,,,,,,,,512,,
2026-09-24T06:08:00-04:00,30423,30425,30420.5,30422.25,,,,,,,,,,,,,,308,,
2026-09-24T06:09:00-04:00,30421.5,30427.25,30420,30423.25,,,,,,,,,,,,,,576,,
2026-09-24T06:10:00-04:00,30422.5,30445.25,30420.75,30434.5,,,,,,,,,,,,,,2222,,
2026-09-24T06:11:00-04:00,30435,30444.25,30433.25,30434.25,,,,,,,,,,,,,,653,,
2026-09-24T06:12:00-04:00,30433.5,30437.25,30428.75,30429.5,,,,,,,,,,,,,,444,,
2026-09-24T06:13:00-04:00,30431.5,30436.75,30425,30426.5,,,,,,,,,,,,,,501,,
2026-09-24T06:14:00-04:00,30425.25,30438.75,30423.25,30437.5,,,,,,,,,,,,,,562,,
2026-09-24T06:15:00-04:00,30437.25,30442.75,30434.5,30442,,,,,,,,,,,,,,563,,
2026-09-24T06:16:00-04:00,30442.5,30456.75,30440.25,30455.75,,,,,,,,,,,,,,1401,,
2026-09-24T06:17:00-04:00,30455.5,30459.75,30451,30452.75,,,,,,,,,,,,,,1010,,
2026-09-24T06:18:00-04:00,30452.25,30457.5,30438.75,30440.5,,,,,,,,,,,,,,1222,,
2026-09-24T06:19:00-04:00,30440.5,30448,30440,30444.25,,,,,,,,,,,,,,588,,
2026-09-24T06:20:00-04:00,30445.5,30447,30441.5,30443.75,,,,,,,,,,,,,,325,,
2026-09-24T06:21:00-04:00,30443.5,30447.5,30441.5,30444.25,,,,,,,,,,,,,,345,,
2026-09-24T06:22:00-04:00,30443.75,30444.25,30436.5,30438.75,,,,,,,,,,,,,,661,,
2026-09-24T06:23:00-04:00,30438.5,30444,30433.5,30434.75,,,,,,,,,,,,,,504,,
2026-09-24T06:24:00-04:00,30434.25,30447,30418.25,30420.25,,,,,,,,,,,,,,2693,,
2026-09-24T06:25:00-04:00,30421,30428,30414,30423.25,,,,,,,,,,,,,,1347,,
2026-09-24T06:26:00-04:00,30423.75,30435.25,30421.5,30429.5,,,,,,,,,,,,,,1197,,
2026-09-24T06:27:00-04:00,30429.5,30432.5,30425.75,30428,,,,,,,,,,,,,,513,,
2026-09-24T06:28:00-04:00,30427.25,30448.5,30421,30446.25,,,,,,,,,,,,,,2064,,
2026-09-24T06:29:00-04:00,30445.25,30449.25,30429.75,30432.75,,,,,,,,,,,,,,1347,,
2026-09-24T06:30:00-04:00,30433.75,30445.25,30420.25,30429,,,,,,,,,,,,,,1235,,
2026-09-24T06:31:00-04:00,30429,30441.5,30428.25,30438.5,,,,,,,,,,,,,,984,,
2026-09-24T06:32:00-04:00,30439,30449.25,30438.75,30447.25,,,,,,,,,,,,,,762,,
2026-09-24T06:33:00-04:00,30447.25,30453.75,30443.25,30444,,,,,,,,,,,,,,694,,
2026-09-24T06:34:00-04:00,30444.25,30455.5,30443.25,30452.25,,,,,,,,,,,,,,557,,
2026-09-24T06:35:00-04:00,30453,30461.5,30452,30458.5,,,,,,,,,,,,,,733,,
2026-09-24T06:36:00-04:00,30458.25,30459.5,30449.5,30454.5,,,,,,,,,,,,,,610,,
2026-09-24T06:37:00-04:00,30454.5,30461.25,30454,30460.25,,,,,,,,,,,,,,605,,
2026-09-24T06:38:00-04:00,30460.25,30469.25,30456.5,30467.25,,,,,,,,,,,,,,1064,,
2026-09-24T06:39:00-04:00,30467,30480,30467,30476,,,,,,,,,,,,,,1594,,
2026-09-24T06:40:00-04:00,30475.75,30480.75,30472.5,30478.5,,,,,,,,,,,,,,906,,
2026-09-24T06:41:00-04:00,30478.25,30481.75,30471.75,30477,,,,,,,,,,,,,,743,,
2026-09-24T06:42:00-04:00,30476.75,30485,30476.25,30482.25,,,,,,,,,,,,,,640,,
2026-09-24T06:43:00-04:00,30482.75,30482.75,30476,30478.75,,,,,,,,,,,,,,479,,
2026-09-24T06:44:00-04:00,30479.5,30485.5,30476.75,30478.25,,,,,,,,,,,,,,452,,
2026-09-24T06:45:00-04:00,30478,30479.25,30470.5,30476,,,,,,,,,,,,,,784,,
2026-09-24T06:46:00-04:00,30475.5,30480.25,30474.25,30479.75,,,,,,,,,,,,,,288,,
2026-09-24T06:47:00-04:00,30478.5,30483.5,30476.5,30477,,,,,,,,,,,,,,317,,
2026-09-24T06:48:00-04:00,30476,30486.5,30473.5,30485,,,,,,,,,,,,,,526,,
2026-09-24T06:49:00-04:00,30485.5,30524.25,30485.5,30519.5,,,,,,,,,,,,,,5851,,
2026-09-24T06:50:00-04:00,30519,30523.75,30499.5,30505,,,,,,,,,,,,,,1811,,
2026-09-24T06:51:00-04:00,30504.5,30510,30494.5,30494.75,,,,,,,,,,,,,,852,,
2026-09-24T06:52:00-04:00,30494.75,30497,30488.25,30494,,,,,,,,,,,,,,1019,,
2026-09-24T06:53:00-04:00,30493.75,30496.5,30491,30491,,,,,,,,,,,,,,357,,
2026-09-24T06:54:00-04:00,30491.25,30493.5,30479.75,30480.5,,,,,,,,,,,,,,810,,
2026-09-24T06:55:00-04:00,30480,30483,30472.75,30476.5,,,,,,,,,,,,,,987,,
2026-09-24T06:56:00-04:00,30476.5,30480.25,30472.75,30480.25,,,,,,,,,,,,,,496,,
2026-09-24T06:57:00-04:00,30479.75,30486.5,30478,30484,,,,,,,,,,,,,,603,,
2026-09-24T06:58:00-04:00,30484.75,30493.5,30483.5,30488.75,,,,,,,,,,,,,,876,,
2026-09-24T06:59:00-04:00,30488.75,30492,30484.75,30489.25,,,,,,,,,,,,,,441,,
2026-09-24T07:00:00-04:00,30489.25,30506,30485,30490.75,,,,,,,,,,,,,,1960,,
2026-09-24T07:01:00-04:00,30491.75,30493,30479,30485.75,,,,,,,,,,,,,,1047,,
2026-09-24T07:02:00-04:00,30485.75,30491.75,30484.75,30487.5,,,,,,,,,,,,,,571,,
2026-09-24T07:03:00-04:00,30487.75,30490.25,30482,30487.5,,,,,,,,,,,,,,468,,
2026-09-24T07:04:00-04:00,30489,30490,30481,30481,,,,,,,,,,,,,,410,,
2026-09-24T07:05:00-04:00,30481,30481.5,30473.75,30481.25,,,,,,,,,,,,,,713,,
2026-09-24T07:06:00-04:00,30480.5,30484,30478.75,30482,,,,,,,,,,,,,,456,,
2026-09-24T07:07:00-04:00,30482.25,30487,30475.5,30477.75,,,,,,,,,,,,,,684,,
2026-09-24T07:08:00-04:00,30478.75,30482.25,30463.75,30466.5,,,,,,,,,,,,,,1316,,
2026-09-24T07:09:00-04:00,30467,30478.25,30465,30471.75,,,,,,,,,,,,,,778,,
2026-09-24T07:10:00-04:00,30472,30478,30470.5,30474,,,,,,,,,,,,,,527,,
2026-09-24T07:11:00-04:00,30473.5,30475,30464,30466,,,,,,,,,,,,,,503,,
2026-09-24T07:12:00-04:00,30466.25,30466.25,30460.25,30460.5,,,,,,,,,,,,,,626,,
2026-09-24T07:13:00-04:00,30460.5,30472.75,30456,30468.75,,,,,,,,,,,,,,944,,
2026-09-24T07:14:00-04:00,30468.75,30490.75,30468.75,30488.5,,,,,,,,,,,,,,2018,,
2026-09-24T07:15:00-04:00,30488.75,30510.25,30478.25,30505.75,,,,,,,,,,,,,,3435,,
2026-09-24T07:16:00-04:00,30506,30512.5,30496,30503.5,,,,,,,,,,,,,,1572,,
2026-09-24T07:17:00-04:00,30504.25,30506.5,30489,30489.5,,,,,,,,,,,,,,1457,,
2026-09-24T07:18:00-04:00,30490.5,30493,30480.75,30484,,,,,,,,,,,,,,1073,,
2026-09-24T07:19:00-04:00,30483,30488.75,30482.25,30484,,,,,,,,,,,,,,683,,
2026-09-24T07:20:00-04:00,30483.5,30495.25,30482.25,30489.5,,,,,,,,,,,,,,823,,
2026-09-24T07:21:00-04:00,30488,30488,30476.25,30477,,,,,,,,,,,,,,638,,
2026-09-24T07:22:00-04:00,30477,30494.5,30476,30491.5,,,,,,,,,,,,,,719,,
2026-09-24T07:23:00-04:00,30492,30497,30490.75,30494,,,,,,,,,,,,,,444,,
2026-09-24T07:24:00-04:00,30494.5,30499.75,30488.25,30495,,,,,,,,,,,,,,787,,
2026-09-24T07:25:00-04:00,30494.5,30494.5,30480.5,30482.25,,,,,,,,,,,,,,502,,
2026-09-24T07:26:00-04:00,30482,30487.25,30480.25,30486.5,,,,,,,,,,,,,,330,,
2026-09-24T07:27:00-04:00,30485.5,30486.25,30472.5,30475,,,,,,,,,,,,,,571,,
2026-09-24T07:28:00-04:00,30475.75,30479.25,30471.25,30474,,,,,,,,,,,,,,360,,
2026-09-24T07:29:00-04:00,30473.5,30475.5,30470.5,30471.5,,,,,,,,,,,,,,400,,
2026-09-24T07:30:00-04:00,30470.5,30493.5,30470.5,30486.5,,,,,,,,,,,,,,1319,,
2026-09-24T07:31:00-04:00,30487.5,30501.25,30484.25,30492.75,,,,,,,,,,,,,,767,,
2026-09-24T07:32:00-04:00,30492.5,30493.25,30481,30481.25,,,,,,,,,,,,,,579,,
2026-09-24T07:33:00-04:00,30481.75,30487,30476.25,30478.75,,,,,,,,,,,,,,437,,
2026-09-24T07:34:00-04:00,30479.5,30482.75,30470,30471.5,,,,,,,,,,,,,,646,,
2026-09-24T07:35:00-04:00,30470.75,30471,30453,30465.75,,,,,,,,,,,,,,1811,,
2026-09-24T07:36:00-04:00,30465.75,30467,30458.5,30463.25,,,,,,,,,,,,,,376,,
2026-09-24T07:37:00-04:00,30463.5,30466.5,30451.5,30452.5,,,,,,,,,,,,,,604,,
2026-09-24T07:38:00-04:00,30452.75,30454,30446.75,30447.75,,,,,,,,,,,,,,940,,
2026-09-24T07:39:00-04:00,30448,30452.25,30447,30449.75,,,,,,,,,,,,,,436,,
2026-09-24T07:40:00-04:00,30450.25,30451.5,30443,30445.75,,,,,,,,,,,,,,650,,
2026-09-24T07:41:00-04:00,30446.5,30451.25,30445.25,30450.5,,,,,,,,,,,,,,352,,
2026-09-24T07:42:00-04:00,30450.75,30452,30444.25,30447.5,,,,,,,,,,,,,,390,,
2026-09-24T07:43:00-04:00,30447.25,30448.25,30443.5,30447,,,,,,,,,,,,,,423,,
2026-09-24T07:44:00-04:00,30447.5,30452.25,30445.25,30451.5,,,,,,,,,,,,,,312,,
2026-09-24T07:45:00-04:00,30451.75,30452,30443.25,30446.5,,,,,,,,,,,,,,478,,
2026-09-24T07:46:00-04:00,30446.75,30448,30440,30441.75,,,,,,,,,,,,,,786,,
2026-09-24T07:47:00-04:00,30441.25,30449.75,30438,30444,,,,,,,,,,,,,,666,,
2026-09-24T07:48:00-04:00,30445.25,30446,30432.25,30434.5,,,,,,,,,,,,,,1032,,
2026-09-24T07:49:00-04:00,30434.75,30435,30428,30428.75,,,,,,,,,,,,,,877,,
2026-09-24T07:50:00-04:00,30429.25,30439.75,30428.75,30436,,,,,,,,,,,,,,653,,
2026-09-24T07:51:00-04:00,30436.5,30440.25,30431.75,30439,,,,,,,,,,,,,,517,,
2026-09-24T07:52:00-04:00,30438.5,30442.5,30433,30435,,,,,,,,,,,,,,511,,
2026-09-24T07:53:00-04:00,30435.75,30439.5,30432.25,30437,,,,,,,,,,,,,,385,,
2026-09-24T07:54:00-04:00,30437.25,30447,30435.5,30444.75,,,,,,,,,,,,,,664,,
2026-09-24T07:55:00-04:00,30445.25,30449,30440.25,30446,,,,,,,,,,,,,,588,,
2026-09-24T07:56:00-04:00,30446.25,30446.25,30431.5,30436.25,,,,,,,,,,,,,,728,,
2026-09-24T07:57:00-04:00,30436.5,30448,30434,30446.5,,,,,,,,,,,,,,569,,
2026-09-24T07:58:00-04:00,30446.75,30461.75,30446.5,30460.75,,,,,,,,,,,,,,1362,,
2026-09-24T07:59:00-04:00,30460.75,30475,30457.25,30462.5,,,,,,,,,,,,,,3041,,
2026-09-24T08:00:00-04:00,30462.25,30467.75,30452.75,30453.5,,,,,,,,,,,,,,1650,,
2026-09-24T08:01:00-04:00,30453.75,30456,30424,30432,,,,,,,,,,,,,,2153,,
2026-09-24T08:02:00-04:00,30431.25,30461.5,30429.75,30452.5,,,,,,,,,,,,,,2185,,
2026-09-24T08:03:00-04:00,30453,30458.5,30434,30437,,,,,,,,,,,,,,1230,,
2026-09-24T08:04:00-04:00,30435.75,30448.5,30433.75,30437.75,,,,,,,,,,,,,,855,,
2026-09-24T08:05:00-04:00,30438.5,30448,30437.25,30447.5,,,,,,,,,,,,,,542,,
2026-09-24T08:06:00-04:00,30447.5,30450.5,30442.25,30448.75,,,,,,,,,,,,,,674,,
2026-09-24T08:07:00-04:00,30448.75,30459.5,30445.75,30455,,,,,,,,,,,,,,890,,
2026-09-24T08:08:00-04:00,30454.5,30462.75,30451.75,30461.25,,,,,,,,,,,,,,649,,
2026-09-24T08:09:00-04:00,30460.75,30461.75,30454,30457.75,,,,,,,,,,,,,,386,,
2026-09-24T08:10:00-04:00,30456.75,30466.5,30456.25,30465.5,,,,,,,,,,,,,,709,,
2026-09-24T08:11:00-04:00,30465.75,30468,30461,30462,,,,,,,,,,,,,,672,,
2026-09-24T08:12:00-04:00,30462.5,30474.5,30462.25,30468.75,,,,,,,,,,,,,,948,,
2026-09-24T08:13:00-04:00,30469.25,30471,30465.5,30465.5,,,,,,,,,,,,,,427,,
2026-09-24T08:14:00-04:00,30465.5,30487.75,30463.75,30482.75,,,,,,,,,,,,,,1780,,
2026-09-24T08:15:00-04:00,30482.25,30485.75,30477.5,30484.5,,,,,,,,,,,,,,814,,
2026-09-24T08:16:00-04:00,30485,30490.75,30479.75,30486.5,,,,,,,,,,,,,,1094,,
2026-09-24T08:17:00-04:00,30486.5,30501.75,30486.5,30498,,,,,,,,,,,,,,1486,,
2026-09-24T08:18:00-04:00,30497.25,30500.25,30489.5,30492.25,,,,,,,,,,,,,,626,,
2026-09-24T08:19:00-04:00,30492.25,30499.75,30488.75,30495.5,,,,,,,,,,,,,,651,,
2026-09-24T08:20:00-04:00,30495,30509.5,30495,30499.25,,,,,,,,,,,,,,1509,,
2026-09-24T08:21:00-04:00,30500.5,30505.5,30497.25,30497.5,,,,,,,,,,,,,,719,,
2026-09-24T08:22:00-04:00,30497.5,30504.75,30495.75,30499.5,,,,,,,,,,,,,,791,,
2026-09-24T08:23:00-04:00,30501.25,30501.5,30489.75,30494.5,,,,,,,,,,,,,,1024,,
2026-09-24T08:24:00-04:00,30494.75,30505,30488.5,30501,,,,,,,,,,,,,,1355,,
2026-09-24T08:25:00-04:00,30499.75,30505,30462.25,30485.5,,,,,,,,,,,,,,6483,,
2026-09-24T08:26:00-04:00,30485.5,30486.25,30456.25,30463.75,,,,,,,,,,,,,,1932,,
2026-09-24T08:27:00-04:00,30463.75,30478.75,30456.25,30468.25,,,,,,,,,,,,,,1824,,
2026-09-24T08:28:00-04:00,30467.5,30476,30467.25,30475.25,,,,,,,,,,,,,,490,,
2026-09-24T08:29:00-04:00,30474.75,30476.5,30470.25,30472,,,,,,,,,,,,,,398,,
2026-09-24T08:30:00-04:00,30472.5,30480.5,30465.5,30475.25,,,,,,,,,,,,,,1686,,
2026-09-24T08:31:00-04:00,30475.75,30476.5,30454.75,30455.75,,,,,,,,,,,,,,1435,,
2026-09-24T08:32:00-04:00,30456,30461.25,30452.25,30453.25,,,,,,,,,,,,,,1040,,
2026-09-24T08:33:00-04:00,30452,30458,30441,30445,,,,,,,,,,,,,,1636,,
2026-09-24T08:34:00-04:00,30445.5,30451,30436.25,30438.25,,,,,,,,,,,,,,1247,,
2026-09-24T08:35:00-04:00,30437.5,30441.5,30429,30430,,,,,,,,,,,,,,1343,,
2026-09-24T08:36:00-04:00,30430.25,30437.25,30426.25,30431.5,,,,,,,,,,,,,,1550,,
2026-09-24T08:37:00-04:00,30431.5,30440,30425.75,30426.75,,,,,,,,,,,,,,1278,,
2026-09-24T08:38:00-04:00,30427,30428.5,30420.5,30427.75,,,,,,,,,,,,,,1338,,
2026-09-24T08:39:00-04:00,30427.75,30438,30427.5,30436.75,,,,,,,,,,,,,,1122,,
2026-09-24T08:40:00-04:00,30436.75,30451.75,30435,30440.75,,,,,,,,,,,,,,1916,,
2026-09-24T08:41:00-04:00,30440.75,30464.5,30439.5,30463.25,,,,,,,,,,,,,,1685,,
2026-09-24T08:42:00-04:00,30462.75,30478.5,30462.5,30463.5,,,,,,,,,,,,,,2593,,
2026-09-24T08:43:00-04:00,30463,30473,30461.25,30471.75,,,,,,,,,,,,,,889,,
2026-09-24T08:44:00-04:00,30473,30479,30470,30473,,,,,,,,,,,,,,819,,
2026-09-24T08:45:00-04:00,30473,30480.25,30469.25,30470.25,,,,,,,,,,,,,,877,,
2026-09-24T08:46:00-04:00,30470,30471,30462.75,30467.5,,,,,,,,,,,,,,1255,,
2026-09-24T08:47:00-04:00,30467.5,30471.5,30462.25,30468.5,,,,,,,,,,,,,,685,,
2026-09-24T08:48:00-04:00,30468.25,30481.25,30464,30480,,,,,,,,,,,,,,1261,,
2026-09-24T08:49:00-04:00,30480,30481,30469.5,30474.5,,,,,,,,,,,,,,812,,
2026-09-24T08:50:00-04:00,30474.5,30475,30457.25,30462.5,,,,,,,,,,,,,,1334,,
2026-09-24T08:51:00-04:00,30462.25,30471.75,30462,30466.25,,,,,,,,,,,,,,805,,
2026-09-24T08:52:00-04:00,30466,30475.25,30463,30472,,,,,,,,,,,,,,736,,
2026-09-24T08:53:00-04:00,30471.5,30474.25,30463.25,30463.75,,,,,,,,,,,,,,684,,
2026-09-24T08:54:00-04:00,30464,30482.75,30463.75,30482.5,,,,,,,,,,,,,,1862,,
2026-09-24T08:55:00-04:00,30482.25,30488.5,30479.5,30487.5,,,,,,,,,,,,,,1302,,
2026-09-24T08:56:00-04:00,30487.5,30497.75,30474.75,30476.5,,,,,,,,,,,,,,1910,,
2026-09-24T08:57:00-04:00,30476.5,30491.75,30474.75,30490.5,,,,,,,,,,,,,,1490,,
2026-09-24T08:58:00-04:00,30490.5,30491.75,30484.25,30486,,,,,,,,,,,,,,728,,
2026-09-24T08:59:00-04:00,30485.5,30488.75,30480,30486.5,,,,,,,,,,,,,,1181,,
2026-09-24T09:00:00-04:00,30486.5,30496,30485,30495.5,,,,,,,,,,,,,,1688,,
2026-09-24T09:01:00-04:00,30495.25,30501.5,30494.5,30495.75,,,,,,,,,,,,,,1462,,
2026-09-24T09:02:00-04:00,30496.25,30510.5,30495,30509.75,,,,,,,,,,,,,,2013,,
2026-09-24T09:03:00-04:00,30509,30509.75,30497.5,30498.5,,,,,,,,,,,,,,1766,,
2026-09-24T09:04:00-04:00,30498.75,30504.5,30494.75,30498.75,,,,,,,,,,,,,,2002,,
2026-09-24T09:05:00-04:00,30498.5,30499.75,30485,30490.75,,,,,,,,,,,,,,1938,,
2026-09-24T09:06:00-04:00,30490.75,30499,30489.25,30493,,,,,,,,,,,,,,1317,,
2026-09-24T09:07:00-04:00,30493,30498.75,30490.5,30492.5,,,,,,,,,,,,,,842,,
2026-09-24T09:08:00-04:00,30492.5,30499.25,30487.25,30493.75,,,,,,,,,,,,,,752,,
2026-09-24T09:09:00-04:00,30493.25,30502.25,30491,30501.25,,,,,,,,,,,,,,754,,
2026-09-24T09:10:00-04:00,30501.5,30508.25,30500.75,30504.25,,,,,,,,,,,,,,1054,,
2026-09-24T09:11:00-04:00,30504.25,30519.75,30503.75,30517.25,,,,,,,,,,,,,,2029,,
2026-09-24T09:12:00-04:00,30517,30519.75,30508,30508.75,,,,,,,,,,,,,,1288,,
2026-09-24T09:13:00-04:00,30508.75,30514.75,30507.5,30511,,,,,,,,,,,,,,943,,
2026-09-24T09:14:00-04:00,30512.25,30513.75,30507.75,30510,,,,,,,,,,,,,,389,,
2026-09-24T09:15:00-04:00,30509.75,30512.25,30503.5,30505.75,,,,,,,,,,,,,,1267,,
2026-09-24T09:16:00-04:00,30505.5,30512.5,30501.75,30511.5,,,,,,,,,,,,,,1107,,
2026-09-24T09:17:00-04:00,30511.5,30521,30511,30518,,,,,,,,,,,,,,1298,,
2026-09-24T09:18:00-04:00,30518.25,30522.5,30514,30520.25,,,,,,,,,,,,,,1454,,
2026-09-24T09:19:00-04:00,30520,30521,30512.75,30518.5,,,,,,,,,,,,,,939,,
2026-09-24T09:20:00-04:00,30518.5,30520,30511.75,30513.5,,,,,,,,,,,,,,853,,
2026-09-24T09:21:00-04:00,30513.5,30513.5,30505.5,30506.5,,,,,,,,,,,,,,1304,,
2026-09-24T09:22:00-04:00,30506,30513.75,30503.75,30512.25,,,,,,,,,,,,,,1069,,
2026-09-24T09:23:00-04:00,30511.75,30512,30505.25,30509.5,,,,,,,,,,,,,,747,,
2026-09-24T09:24:00-04:00,30510,30513,30507.5,30510.25,,,,,,,,,,,,,,757,,
2026-09-24T09:25:00-04:00,30509.75,30515,30498.75,30512.5,,,,,,,,,,,,,,2409,,
2026-09-24T09:26:00-04:00,30513,30519.5,30511.75,30513.25,,,,,,,,,,,,,,1495,,
2026-09-24T09:27:00-04:00,30512.75,30526.25,30508.25,30525.5,,,,,,,,,,,,,,2690,,
2026-09-24T09:28:00-04:00,30525.5,30525.5,30514.25,30520,,,,,,,,,,,,,,1645,,
2026-09-24T09:29:00-04:00,30519.75,30522.5,30515.5,30519.25,,,,,,,,,,,,,,1833,,
2026-09-24T09:30:00-04:00,30519.75,30533.5,30490.25,30515.75,,,,,,,,,,,,,,16925,,
2026-09-24T09:31:00-04:00,30515.75,30525,30497.25,30524.5,,,,,,,,,,,,,,10372,,
2026-09-24T09:32:00-04:00,30524.25,30545,30502.5,30506,,,,,,,,,,,,,,14892,,
2026-09-24T09:33:00-04:00,30506.25,30533,30501.75,30525,,,,,,,,,,,,,,9615,,
2026-09-24T09:34:00-04:00,30525,30551,30519.25,30540,,,,,,,,,,,,,,9765,,
2026-09-24T09:35:00-04:00,30539.75,30566.75,30536,30561.25,,,,,,,,,,,,,,12604,,
2026-09-24T09:36:00-04:00,30561.5,30593.5,30561.5,30580.25,,,,,,,,,,,,,,12942,,
2026-09-24T09:37:00-04:00,30580.5,30587.5,30563.5,30585.75,,,,,,,,,,,,,,8318,,
2026-09-24T09:38:00-04:00,30586.25,30606.75,30582.75,30605,,,,,,,,,,,,,,10042,,
2026-09-24T09:39:00-04:00,30604.75,30605.5,30589.75,30596,,,,,,,,,,,,,,5712,,
2026-09-24T09:40:00-04:00,30595.5,30598,30576.75,30590.5,,,,,,,,,,,,,,9101,,
2026-09-24T09:41:00-04:00,30590.75,30597,30562.5,30565,,,,,,,,,,,,,,8756,,
2026-09-24T09:42:00-04:00,30565,30582.75,30558.25,30565,,,,,,,,,,,,,,7489,,
2026-09-24T09:43:00-04:00,30565,30578,30561.75,30574.75,,,,,,,,,,,,,,5372,,
2026-09-24T09:44:00-04:00,30574.5,30587.5,30569.25,30583.5,,,,,,,,,,,,,,6246,,
2026-09-24T09:45:00-04:00,30583.5,30598.25,30569,30592.25,,,,,,,,,,,,,,9511,,
2026-09-24T09:46:00-04:00,30592,30608.75,30585.75,30603.25,,,,,,,,,,,,,,7964,,
2026-09-24T09:47:00-04:00,30603.75,30622.75,30601.5,30615.75,,,,,,,,,,,,,,9343,,
2026-09-24T09:48:00-04:00,30616,30616.75,30581.5,30585,,,,,,,,,,,,,,9789,,
2026-09-24T09:49:00-04:00,30585,30587.25,30566.25,30577,,,,,,,,,,,,,,8403,,
2026-09-24T09:50:00-04:00,30577,30586.25,30565,30574.75,,,,,,,,,,,,,,7617,,
2026-09-24T09:51:00-04:00,30575,30590.25,30561.75,30564.25,,,,,,,,,,,,,,6952,,
2026-09-24T09:52:00-04:00,30564.25,30586.5,30561.5,30575,,,,,,,,,,,,,,6577,,
2026-09-24T09:53:00-04:00,30575.25,30578,30553.75,30559,,,,,,,,,,,,,,6806,,
2026-09-24T09:54:00-04:00,30559,30563.25,30534.75,30544.75,,,,,,,,,,,,,,11213,,
2026-09-24T09:55:00-04:00,30544.75,30563.5,30542.75,30546,,,,,,,,,,,,,,7342,,
2026-09-24T09:56:00-04:00,30546,30552.75,30531.25,30549.5,,,,,,,,,,,,,,7097,,
2026-09-24T09:57:00-04:00,30549,30559.75,30545.75,30553,,,,,,,,,,,,,,4754,,
2026-09-24T09:58:00-04:00,30553.25,30570.75,30545,30560,,,,,,,,,,,,,,4333,,
2026-09-24T09:59:00-04:00,30559.5,30583,30557.5,30579.75,,,,,,,,,,,,,,5714,,
2026-09-24T10:00:00-04:00,30580,30608.75,30570,30596,,,,,,,,,,,,,,11936,,
2026-09-24T10:01:00-04:00,30596.25,30610.25,30580.25,30583.75,,,,,,,,,,,,,,7398,,
2026-09-24T10:02:00-04:00,30584,30596.5,30578.5,30590,,,,,,,,,,,,,,4458,,
2026-09-24T10:03:00-04:00,30589.75,30600.75,30585.5,30600,,,,,,,,,,,,,,3593,,
2026-09-24T10:04:00-04:00,30600,30611.75,30594.75,30606.5,,,,,,,,,,,,,,5782,,
2026-09-24T10:05:00-04:00,30606.5,30611.25,30598.5,30604.75,,,,,,,,,,,,,,3744,,
2026-09-24T10:06:00-04:00,30604.75,30606.5,30591.5,30598,,,,,,,,,,,,,,4114,,
2026-09-24T10:07:00-04:00,30598.5,30617,30594.75,30612.75,,,,,,,,,,,,,,5480,,
2026-09-24T10:08:00-04:00,30613,30613.25,30597.5,30599.5,,,,,,,,,,,,,,3877,,
2026-09-24T10:09:00-04:00,30599.5,30608.5,30598,30599,,,,,,,,,,,,,,2608,,
2026-09-24T10:10:00-04:00,30599.5,30600,30580.25,30594,,,,,,,,,,,,,,7542,,
2026-09-24T10:11:00-04:00,30594,30594.75,30564,30574,,,,,,,,,,,,,,6848,,
2026-09-24T10:12:00-04:00,30574,30577.5,30565.5,30570.5,,,,,,,,,,,,,,4510,,
2026-09-24T10:13:00-04:00,30570.25,30583.25,30568.75,30580.25,,,,,,,,,,,,,,4454,,
2026-09-24T10:14:00-04:00,30580.25,30588.5,30578.5,30585.75,,,,,,,,,,,,,,3865,,
2026-09-24T10:15:00-04:00,30586,30596.25,30569.5,30571.25,,,,,,,,,,,,,,7575,,
2026-09-24T10:16:00-04:00,30571,30582.25,30566.25,30580.75,,,,,,,,,,,,,,4800,,
2026-09-24T10:17:00-04:00,30580.25,30588.25,30560.5,30575,,,,,,,,,,,,,,6427,,
2026-09-24T10:18:00-04:00,30574.75,30600,30573.25,30595,,,,,,,,,,,,,,6811,,
2026-09-24T10:19:00-04:00,30595.5,30603,30589,30596,,,,,,,,,,,,,,4233,,
2026-09-24T10:20:00-04:00,30596,30602.5,30590,30599.25,,,,,,,,,,,,,,3713,,
2026-09-24T10:21:00-04:00,30599.75,30607.25,30591.75,30592.25,,,,,,,,,,,,,,4332,,
2026-09-24T10:22:00-04:00,30592.5,30601.75,30589.5,30596.25,,,,,,,,,,,,,,3429,,
2026-09-24T10:23:00-04:00,30595.75,30616.5,30595.5,30609,,,,,,,,,,,,,,5638,,
2026-09-24T10:24:00-04:00,30609,30613.25,30597,30601.5,,,,,,,,,,,,,,3867,,
2026-09-24T10:25:00-04:00,30601.5,30612.25,30595,30608.5,,,,,,,,,,,,,,4864,,
2026-09-24T10:26:00-04:00,30608.5,30616.5,30607.25,30613.25,,,,,,,,,,,,,,4095,,
2026-09-24T10:27:00-04:00,30614,30638.25,30608.5,30637.5,,,,,,,,,,,,,,9526,,
2026-09-24T10:28:00-04:00,30637.25,30637.5,30626.5,30631.75,,,,,,,,,,,,,,5810,,
2026-09-24T10:29:00-04:00,30632,30635.5,30618.5,30630.5,,,,,,,,,,,,,,4927,,
2026-09-24T10:30:00-04:00,30630.25,30630.5,30602.75,30606.75,,,,,,,,,,,,,,8052,,
2026-09-24T10:31:00-04:00,30607,30616,30604,30609.75,,,,,,,,,,,,,,4341,,
2026-09-24T10:32:00-04:00,30610.5,30623,30605.75,30612.5,,,,,,,,,,,,,,5321,,
2026-09-24T10:33:00-04:00,30612.5,30626.5,30605.75,30621.25,,,,,,,,,,,,,,4685,,
2026-09-24T10:34:00-04:00,30621.25,30632.75,30618.25,30630.5,,,,,,,,,,,,,,3947,,
2026-09-24T10:35:00-04:00,30630,30644.25,30619,30634,,,,,,,,,,,,,,6059,,
2026-09-24T10:36:00-04:00,30633.75,30634.75,30606.75,30613.5,,,,,,,,,,,,,,7104,,
2026-09-24T10:37:00-04:00,30614,30621,30607,30610.25,,,,,,,,,,,,,,3923,,
2026-09-24T10:38:00-04:00,30610.25,30617.25,30603.25,30605.25,,,,,,,,,,,,,,3713,,
2026-09-24T10:39:00-04:00,30606.25,30614.5,30591,30607.5,,,,,,,,,,,,,,6554,,
2026-09-24T10:40:00-04:00,30607.25,30613,30602.25,30605.5,,,,,,,,,,,,,,3765,,
2026-09-24T10:41:00-04:00,30605.5,30607.5,30596.5,30597.25,,,,,,,,,,,,,,3585,,
2026-09-24T10:42:00-04:00,30597.5,30616,30596.75,30602.5,,,,,,,,,,,,,,5468,,
2026-09-24T10:43:00-04:00,30602.5,30603.75,30586.25,30587.25,,,,,,,,,,,,,,5863,,
2026-09-24T10:44:00-04:00,30587,30589,30571.5,30579.5,,,,,,,,,,,,,,7280,,
2026-09-24T10:45:00-04:00,30579.5,30583.25,30572.25,30575.25,,,,,,,,,,,,,,4707,,
2026-09-24T10:46:00-04:00,30575,30585.25,30568.75,30585.25,,,,,,,,,,,,,,5119,,
2026-09-24T10:47:00-04:00,30584.75,30607.25,30583.5,30603.25,,,,,,,,,,,,,,7855,,
2026-09-24T10:48:00-04:00,30603,30605.5,30591.75,30592.5,,,,,,,,,,,,,,4173,,
2026-09-24T10:49:00-04:00,30593,30599,30587,30592.5,,,,,,,,,,,,,,3661,,
2026-09-24T10:50:00-04:00,30592.25,30614,30588.5,30588.75,,,,,,,,,,,,,,9403,,
2026-09-24T10:51:00-04:00,30589,30595,30580.75,30586.5,,,,,,,,,,,,,,5470,,
2026-09-24T10:52:00-04:00,30586.25,30591.5,30572.75,30573.25,,,,,,,,,,,,,,4813,,
2026-09-24T10:53:00-04:00,30573.25,30574.75,30557.5,30571.75,,,,,,,,,,,,,,8163,,
2026-09-24T10:54:00-04:00,30572,30574.25,30559.75,30564.75,,,,,,,,,,,,,,3834,,
2026-09-24T10:55:00-04:00,30565.25,30566.25,30544,30546,,,,,,,,,,,,,,6528,,
2026-09-24T10:56:00-04:00,30546.25,30552,30544.25,30551,,,,,,,,,,,,,,4367,,
2026-09-24T10:57:00-04:00,30550.75,30553.25,30538.25,30545.5,,,,,,,,,,,,,,4827,,
2026-09-24T10:58:00-04:00,30545.25,30547.75,30534,30543.25,,,,,,,,,,,,,,4841,,
2026-09-24T10:59:00-04:00,30543,30547,30532.75,30542,,,,,,,,,,,,,,4599,,
2026-09-24T11:00:00-04:00,30542.75,30552.25,30539,30544.25,,,,,,,,,,,,,,7122,,
2026-09-24T11:01:00-04:00,30544,30551.25,30543,30547.75,,,,,,,,,,,,,,3415,,
2026-09-24T11:02:00-04:00,30547.5,30569.25,30544.75,30550,,,,,,,,,,,,,,7630,,
2026-09-24T11:03:00-04:00,30550.25,30564,30544,30561.25,,,,,,,,,,,,,,5008,,
2026-09-24T11:04:00-04:00,30561,30573.5,30549.25,30553.75,,,,,,,,,,,,,,6122,,
2026-09-24T11:05:00-04:00,30553,30559.5,30540.5,30543.5,,,,,,,,,,,,,,6097,,
2026-09-24T11:06:00-04:00,30543.5,30552.25,30531.25,30534.5,,,,,,,,,,,,,,5325,,
2026-09-24T11:07:00-04:00,30534.5,30534.75,30524,30529.75,,,,,,,,,,,,,,6222,,
2026-09-24T11:08:00-04:00,30530,30538.5,30525.5,30534,,,,,,,,,,,,,,3396,,
2026-09-24T11:09:00-04:00,30534.5,30534.75,30515,30516.75,,,,,,,,,,,,,,5044,,
2026-09-24T11:10:00-04:00,30516.5,30528,30516,30526,,,,,,,,,,,,,,4181,,
2026-09-24T11:11:00-04:00,30525.75,30530.25,30522.25,30529.5,,,,,,,,,,,,,,2823,,
2026-09-24T11:12:00-04:00,30528.75,30537.75,30518,30519.5,,,,,,,,,,,,,,5104,,
2026-09-24T11:13:00-04:00,30519.25,30522,30505.5,30511.75,,,,,,,,,,,,,,6787,,
2026-09-24T11:14:00-04:00,30512,30518,30504,30511.25,,,,,,,,,,,,,,4518,,
2026-09-24T11:15:00-04:00,30510.75,30523.5,30505.5,30519.25,,,,,,,,,,,,,,5999,,
2026-09-24T11:16:00-04:00,30519.25,30545.5,30516.75,30534.5,,,,,,,,,,,,,,10704,,
2026-09-24T11:17:00-04:00,30534.75,30547.25,30528,30538.5,,,,,,,,,,,,,,5723,,
2026-09-24T11:18:00-04:00,30538.25,30539.5,30516.25,30524.25,,,,,,,,,,,,,,4784,,
2026-09-24T11:19:00-04:00,30524.5,30524.75,30512.75,30518,,,,,,,,,,,,,,3389,,
2026-09-24T11:20:00-04:00,30518,30520.5,30510,30515.75,,,,,,,,,,,,,,4193,,
2026-09-24T11:21:00-04:00,30516,30530.75,30515.25,30527.5,,,,,,,,,,,,,,4868,,
2026-09-24T11:22:00-04:00,30527.75,30533.75,30522.25,30532.75,,,,,,,,,,,,,,4110,,
2026-09-24T11:23:00-04:00,30532.75,30546,30529.5,30544,,,,,,,,,,,,,,5012,,
2026-09-24T11:24:00-04:00,30544.25,30558,30543.25,30554.5,,,,,,,,,,,,,,5083,,
2026-09-24T11:25:00-04:00,30554.75,30555.5,30528.25,30532.75,,,,,,,,,,,,,,5892,,
2026-09-24T11:26:00-04:00,30532.25,30534,30519.25,30520.75,,,,,,,,,,,,,,4427,,
2026-09-24T11:27:00-04:00,30520.75,30523,30514.5,30520.5,,,,,,,,,,,,,,3979,,
2026-09-24T11:28:00-04:00,30520.5,30522.5,30507.75,30510.25,,,,,,,,,,,,,,3457,,
2026-09-24T11:29:00-04:00,30510.25,30517,30507,30514,,,,,,,,,,,,,,3514,,
2026-09-24T11:30:00-04:00,30514,30518.5,30501.75,30506.75,,,,,,,,,,,,,,4491,,
2026-09-24T11:31:00-04:00,30506.5,30516,30505.75,30511,,,,,,,,,,,,,,2981,,
2026-09-24T11:32:00-04:00,30510.75,30520,30502.5,30517.5,,,,,,,,,,,,,,4733,,
2026-09-24T11:33:00-04:00,30517.75,30522.25,30511.75,30520.5,,,,,,,,,,,,,,2719,,
2026-09-24T11:34:00-04:00,30520.25,30527.25,30517.75,30521.5,,,,,,,,,,,,,,3414,,
2026-09-24T11:35:00-04:00,30521.5,30537,30519.5,30531,,,,,,,,,,,,,,4988,,
2026-09-24T11:36:00-04:00,30531,30543,30529.75,30534.75,,,,,,,,,,,,,,5485,,
2026-09-24T11:37:00-04:00,30535.25,30542.25,30534.25,30540,,,,,,,,,,,,,,3082,,
2026-09-24T11:38:00-04:00,30540,30544.25,30530.5,30531.25,,,,,,,,,,,,,,3205,,
2026-09-24T11:39:00-04:00,30531,30531.5,30513.5,30526,,,,,,,,,,,,,,5699,,
2026-09-24T11:40:00-04:00,30525.75,30530,30518.75,30519.5,,,,,,,,,,,,,,3447,,
2026-09-24T11:41:00-04:00,30519.25,30528.75,30517.5,30524,,,,,,,,,,,,,,3007,,
2026-09-24T11:42:00-04:00,30523.25,30525,30509.75,30516.25,,,,,,,,,,,,,,3269,,
2026-09-24T11:43:00-04:00,30515.75,30528.75,30513.75,30528.5,,,,,,,,,,,,,,3068,,
2026-09-24T11:44:00-04:00,30527.5,30540.75,30527.25,30537.5,,,,,,,,,,,,,,3636,,
2026-09-24T11:45:00-04:00,30537.5,30550,30537.5,30545.25,,,,,,,,,,,,,,4226,,
2026-09-24T11:46:00-04:00,30545,30545,30535,30538.75,,,,,,,,,,,,,,3332,,
2026-09-24T11:47:00-04:00,30538.5,30547.25,30526.75,30528,,,,,,,,,,,,,,3537,,
2026-09-24T11:48:00-04:00,30527.75,30531.25,30513.25,30514.25,,,,,,,,,,,,,,4127,,
2026-09-24T11:49:00-04:00,30514.25,30520,30505.5,30516.5,,,,,,,,,,,,,,4096,,
2026-09-24T11:50:00-04:00,30516.75,30546,30514.75,30545.75,,,,,,,,,,,,,,5550,,
2026-09-24T11:51:00-04:00,30545.75,30553,30543,30550,,,,,,,,,,,,,,4313,,
2026-09-24T11:52:00-04:00,30550,30562.5,30549.25,30560,,,,,,,,,,,,,,4767,,
2026-09-24T11:53:00-04:00,30560,30567.75,30555,30556.75,,,,,,,,,,,,,,4471,,
2026-09-24T11:54:00-04:00,30556.75,30567.5,30553,30566.75,,,,,,,,,,,,,,3813,,
2026-09-24T11:55:00-04:00,30567,30570,30558.5,30558.75,,,,,,,,,,,,,,2967,,
2026-09-24T11:56:00-04:00,30558.75,30559.25,30546,30555,,,,,,,,,,,,,,4977,,
2026-09-24T11:57:00-04:00,30555,30556,30546.5,30554,,,,,,,,,,,,,,2496,,
2026-09-24T11:58:00-04:00,30553.75,30561.75,30552.75,30560,,,,,,,,,,,,,,2741,,
2026-09-24T11:59:00-04:00,30559.5,30562,30553,30554,,,,,,,,,,,,,,1970,,
2026-09-24T12:00:00-04:00,30554,30556.75,30526.5,30529.25,,,,,,,,,,,,,,6503,,
2026-09-24T12:01:00-04:00,30529.25,30539.25,30523.5,30532,,,,,,,,,,,,,,4481,,
2026-09-24T12:02:00-04:00,30532,30538.25,30526.75,30532.5,,,,,,,,,,,,,,2680,,
2026-09-24T12:03:00-04:00,30532.75,30534.5,30525.5,30532,,,,,,,,,,,,,,2456,,
2026-09-24T12:04:00-04:00,30531.5,30540.75,30527,30539.75,,,,,,,,,,,,,,2609,,
2026-09-24T12:05:00-04:00,30539.5,30542,30530.75,30541.5,,,,,,,,,,,,,,2590,,
2026-09-24T12:06:00-04:00,30541.5,30542,30524.5,30531.5,,,,,,,,,,,,,,2981,,
2026-09-24T12:07:00-04:00,30531.5,30532.75,30517,30524.25,,,,,,,,,,,,,,3490,,
2026-09-24T12:08:00-04:00,30523.25,30526,30517.75,30524,,,,,,,,,,,,,,1783,,
2026-09-24T12:09:00-04:00,30524,30526,30517,30523.75,,,,,,,,,,,,,,2110,,
2026-09-24T12:10:00-04:00,30522.75,30528.25,30519.75,30521.5,,,,,,,,,,,,,,2353,,
2026-09-24T12:11:00-04:00,30521.75,30522.25,30506.25,30509.75,,,,,,,,,,,,,,3741,,
2026-09-24T12:12:00-04:00,30510,30518.5,30509,30511.5,,,,,,,,,,,,,,2486,,
2026-09-24T12:13:00-04:00,30511.75,30523.5,30507.5,30522.75,,,,,,,,,,,,,,2767,,
2026-09-24T12:14:00-04:00,30522,30561.25,30521.25,30559,,,,,,,,,,,,,,5888,,
2026-09-24T12:15:00-04:00,30559.25,30632.5,30556,30625,,,,,,,,,,,,,,28249,,
2026-09-24T12:16:00-04:00,30625.25,30714.5,30617.5,30699.75,,,,,,,,,,,,,,24016,,
2026-09-24T12:17:00-04:00,30698.75,30724.75,30679.5,30711.5,,,,,,,,,,,,,,16474,,
2026-09-24T12:18:00-04:00,30711.5,30748.25,30692.75,30695.5,,,,,,,,,,,,,,16729,,
2026-09-24T12:19:00-04:00,30694.75,30709.75,30664.75,30682.25,,,,,,,,,,,,,,12175,,
2026-09-24T12:20:00-04:00,30682.25,30710.75,30677.75,30693,,,,,,,,,,,,,,10838,,
2026-09-24T12:21:00-04:00,30692.5,30694,30671.5,30676.5,,,,,,,,,,,,,,8317,,
2026-09-24T12:22:00-04:00,30676.75,30703.5,30676,30699.5,,,,,,,,,,,,,,7755,,
2026-09-24T12:23:00-04:00,30700,30707,30682.25,30687.75,,,,,,,,,,,,,,8336,,
2026-09-24T12:24:00-04:00,30687,30696.5,30676,30689.5,,,,,,,,,,,,,,5938,,
2026-09-24T12:25:00-04:00,30689.5,30698.5,30654,30655.5,,,,,,,,,,,,,,8193,,
2026-09-24T12:26:00-04:00,30655.5,30674.5,30653,30669.25,,,,,,,,,,,,,,5953,,
2026-09-24T12:27:00-04:00,30669.5,30692.5,30650.75,30690.75,,,,,,,,,,,,,,6701,,
2026-09-24T12:28:00-04:00,30690,30710,30687.5,30703.75,,,,,,,,,,,,,,6723,,
2026-09-24T12:29:00-04:00,30703.25,30705.25,30693,30697.5,,,,,,,,,,,,,,3737,,
2026-09-24T12:30:00-04:00,30697.75,30701.25,30688,30694.75,,,,,,,,,,,,,,4106,,
2026-09-24T12:31:00-04:00,30694.75,30702.75,30673.5,30673.75,,,,,,,,,,,,,,4794,,
2026-09-24T12:32:00-04:00,30673.75,30676.75,30661.5,30670.75,,,,,,,,,,,,,,5006,,
2026-09-24T12:33:00-04:00,30670.75,30686.75,30668.5,30684,,,,,,,,,,,,,,4695,,
2026-09-24T12:34:00-04:00,30683.5,30687.25,30672.5,30684.75,,,,,,,,,,,,,,3746,,
2026-09-24T12:35:00-04:00,30685.25,30705.75,30681,30703.75,,,,,,,,,,,,,,4870,,
2026-09-24T12:36:00-04:00,30703.75,30735,30703,30734.75,,,,,,,,,,,,,,6318,,
2026-09-24T12:37:00-04:00,30734.75,30748,30733.25,30736,,,,,,,,,,,,,,6622,,
2026-09-24T12:38:00-04:00,30736.25,30742.25,30731.25,30735.25,,,,,,,,,,,,,,4348,,
2026-09-24T12:39:00-04:00,30736.25,30747.25,30734,30747,,,,,,,,,,,,,,3420,,
2026-09-24T12:40:00-04:00,30746.5,30778,30737.5,30777,,,,,,,,,,,,,,8248,,
2026-09-24T12:41:00-04:00,30777.25,30795.75,30776.75,30795.5,,,,,,,,,,,,,,8215,,
2026-09-24T12:42:00-04:00,30795.25,30814.75,30795.25,30811.25,,,,,,,,,,,,,,8206,,
2026-09-24T12:43:00-04:00,30811.25,30813.5,30784,30787.25,,,,,,,,,,,,,,7562,,
2026-09-24T12:44:00-04:00,30787.5,30792.25,30744.25,30746.5,,,,,,,,,,,,,,8107,,
2026-09-24T12:45:00-04:00,30747,30751.75,30725.5,30738,,,,,,,,,,,,,,9718,,
2026-09-24T12:46:00-04:00,30738.25,30753.75,30733.25,30747.5,,,,,,,,,,,,,,8493,,
2026-09-24T12:47:00-04:00,30747.5,30750.75,30733,30743.5,,,,,,,,,,,,,,5674,,
2026-09-24T12:48:00-04:00,30743.75,30780.5,30743.75,30775.75,,,,,,,,,,,,,,7301,,
2026-09-24T12:49:00-04:00,30776,30792.75,30768.5,30785.5,,,,,,,,,,,,,,5763,,
2026-09-24T12:50:00-04:00,30786,30792.75,30775.25,30781.5,,,,,,,,,,,,,,6141,,
2026-09-24T12:51:00-04:00,30782,30805.75,30781.25,30793.5,,,,,,,,,,,,,,6370,,
2026-09-24T12:52:00-04:00,30793.25,30796.25,30762.5,30767.25,,,,,,,,,,,,,,6155,,
2026-09-24T12:53:00-04:00,30767.25,30771.25,30750,30756,,,,,,,,,,,,,,4884,,
2026-09-24T12:54:00-04:00,30756.5,30771.5,30752.5,30763.5,,,,,,,,,,,,,,4880,,
2026-09-24T12:55:00-04:00,30762.5,30777.5,30758.75,30768.25,,,,,,,,,,,,,,4255,,
2026-09-24T12:56:00-04:00,30768,30799,30765,30798.5,,,,,,,,,,,,,,4071,,
2026-09-24T12:57:00-04:00,30798,30815.75,30796.75,30797,,,,,,,,,,,,,,5972,,
2026-09-24T12:58:00-04:00,30796.75,30805.25,30795,30799.5,,,,,,,,,,,,,,3736,,
2026-09-24T12:59:00-04:00,30799.75,30801.25,30790,30792.5,,,,,,,,,,,,,,3102,,
2026-09-24T13:00:00-04:00,30792,30792,30766.25,30772.75,,,,,,,,,,,,,,7071,,
2026-09-24T13:01:00-04:00,30772.5,30796.25,30768,30785.25,,,,,,,,,,,,,,5959,,
2026-09-24T13:02:00-04:00,30785.5,30788.25,30758,30788,,,,,,,,,,,,,,7704,,
2026-09-24T13:03:00-04:00,30788,30818.5,30787,30805.75,,,,,,,,,,,,,,8885,,
2026-09-24T13:04:00-04:00,30805.5,30808.5,30784.5,30807.25,,,,,,,,,,,,,,9124,,
2026-09-24T13:05:00-04:00,30807.25,30827.5,30801,30805.25,,,,,,,,,,,,,,8409,,
2026-09-24T13:06:00-04:00,30805.5,30815.5,30798,30803,,,,,,,,,,,,,,4638,,
2026-09-24T13:07:00-04:00,30803.25,30813.75,30795.75,30797,,,,,,,,,,,,,,3440,,
2026-09-24T13:08:00-04:00,30796.75,30806,30789.25,30804.25,,,,,,,,,,,,,,4116,,
2026-09-24T13:09:00-04:00,30804.75,30805.5,30791,30791.75,,,,,,,,,,,,,,2605,,
2026-09-24T13:10:00-04:00,30791.75,30793.25,30762.25,30773,,,,,,,,,,,,,,10600,,
2026-09-24T13:11:00-04:00,30773,30777.25,30761.75,30772,,,,,,,,,,,,,,4429,,
2026-09-24T13:12:00-04:00,30771.5,30776.25,30762.75,30765.25,,,,,,,,,,,,,,2732,,
2026-09-24T13:13:00-04:00,30765.25,30782.25,30756.25,30782,,,,,,,,,,,,,,4320,,
2026-09-24T13:14:00-04:00,30781.75,30796.25,30780.25,30790,,,,,,,,,,,,,,3700,,
2026-09-24T13:15:00-04:00,30790,30793.25,30768.5,30772.75,,,,,,,,,,,,,,4207,,
2026-09-24T13:16:00-04:00,30772.5,30782.5,30769.5,30770.5,,,,,,,,,,,,,,2739,,
2026-09-24T13:17:00-04:00,30771.25,30780.75,30764.25,30765,,,,,,,,,,,,,,2936,,
2026-09-24T13:18:00-04:00,30764.75,30789,30764.5,30782.75,,,,,,,,,,,,,,3072,,
2026-09-24T13:19:00-04:00,30782,30782.75,30746,30746.5,,,,,,,,,,,,,,6805,,
2026-09-24T13:20:00-04:00,30746.75,30748.75,30733,30746.25,,,,,,,,,,,,,,6012,,
2026-09-24T13:21:00-04:00,30745.75,30753.75,30739,30745.5,,,,,,,,,,,,,,4076,,
2026-09-24T13:22:00-04:00,30745.75,30761.5,30743.75,30753.5,,,,,,,,,,,,,,3776,,
2026-09-24T13:23:00-04:00,30753,30758.25,30742.25,30750.5,,,,,,,,,,,,,,3254,,
2026-09-24T13:24:00-04:00,30750.5,30760.5,30733.5,30736.25,,,,,,,,,,,,,,4067,,
2026-09-24T13:25:00-04:00,30736.25,30740.25,30721,30722.75,,,,,,,,,,,,,,5068,,
2026-09-24T13:26:00-04:00,30722.75,30727,30700.25,30707,,,,,,,,,,,,,,6252,,
2026-09-24T13:27:00-04:00,30706.75,30717.75,30705,30714.75,,,,,,,,,,,,,,4029,,
2026-09-24T13:28:00-04:00,30715.5,30736.25,30714.5,30733.75,,,,,,,,,,,,,,4691,,
2026-09-24T13:29:00-04:00,30733.25,30740,30730.75,30735.5,,,,,,,,,,,,,,3336,,
2026-09-24T13:30:00-04:00,30735,30754,30732.5,30750.5,,,,,,,,,,,,,,5669,,
2026-09-24T13:31:00-04:00,30750.25,30761.25,30745.5,30752.25,,,,,,,,,,,,,,4165,,
2026-09-24T13:32:00-04:00,30752,30756.25,30739.25,30747,,,,,,,,,,,,,,3609,,
2026-09-24T13:33:00-04:00,30747.25,30747.5,30733,30737.75,,,,,,,,,,,,,,3985,,
2026-09-24T13:34:00-04:00,30738,30738.25,30717,30718.25,,,,,,,,,,,,,,4088,,
2026-09-24T13:35:00-04:00,30718,30726.75,30714,30716.25,,,,,,,,,,,,,,3180,,
2026-09-24T13:36:00-04:00,30716,30726.75,30713.75,30719.75,,,,,,,,,,,,,,2912,,
2026-09-24T13:37:00-04:00,30719.5,30724.5,30707,30709.75,,,,,,,,,,,,,,4129,,
2026-09-24T13:38:00-04:00,30709.25,30713.25,30697.5,30706,,,,,,,,,,,,,,3598,,
2026-09-24T13:39:00-04:00,30705.75,30721.25,30705.75,30712.5,,,,,,,,,,,,,,3650,,
2026-09-24T13:40:00-04:00,30712.25,30723.5,30711.5,30714.75,,,,,,,,,,,,,,3274,,
2026-09-24T13:41:00-04:00,30714.75,30720,30703.25,30708.25,,,,,,,,,,,,,,4762,,
2026-09-24T13:42:00-04:00,30708.75,30723,30707,30707.5,,,,,,,,,,,,,,3169,,
2026-09-24T13:43:00-04:00,30708,30709.5,30673.25,30680,,,,,,,,,,,,,,7622,,
2026-09-24T13:44:00-04:00,30679.5,30685.25,30671.5,30673,,,,,,,,,,,,,,4049,,
2026-09-24T13:45:00-04:00,30673,30681.75,30665.25,30680.5,,,,,,,,,,,,,,5849,,
2026-09-24T13:46:00-04:00,30680,30695,30678,30687.5,,,,,,,,,,,,,,4067,,
2026-09-24T13:47:00-04:00,30688.5,30705.5,30686.25,30704.5,,,,,,,,,,,,,,4537,,
2026-09-24T13:48:00-04:00,30704.5,30706.75,30690.75,30695.25,,,,,,,,,,,,,,3916,,
2026-09-24T13:49:00-04:00,30695,30708.75,30692.5,30701.75,,,,,,,,,,,,,,3248,,
2026-09-24T13:50:00-04:00,30701.5,30705.5,30694,30697.5,,,,,,,,,,,,,,2906,,
2026-09-24T13:51:00-04:00,30697.75,30704,30690.25,30691.75,,,,,,,,,,,,,,2576,,
2026-09-24T13:52:00-04:00,30692.25,30702.25,30683,30687.25,,,,,,,,,,,,,,3449,,
2026-09-24T13:53:00-04:00,30687.25,30694.5,30680.25,30681.25,,,,,,,,,,,,,,3061,,
2026-09-24T13:54:00-04:00,30681.25,30686,30670.75,30681.75,,,,,,,,,,,,,,4130,,
2026-09-24T13:55:00-04:00,30682,30688,30672.75,30673.25,,,,,,,,,,,,,,2946,,
2026-09-24T13:56:00-04:00,30672.75,30703.5,30672.25,30696.75,,,,,,,,,,,,,,4427,,
2026-09-24T13:57:00-04:00,30696.75,30697.5,30685.5,30691,,,,,,,,,,,,,,3254,,
2026-09-24T13:58:00-04:00,30691,30693.5,30681.5,30693.25,,,,,,,,,,,,,,2327,,
2026-09-24T13:59:00-04:00,30693.5,30705.75,30689.5,30696.75,,,,,,,,,,,,,,2625,,
2026-09-24T14:00:00-04:00,30697,30698.5,30685.25,30686,,,,,,,,,,,,,,3587,,
2026-09-24T14:01:00-04:00,30686.25,30689,30654.25,30664.75,,,,,,,,,,,,,,6535,,
2026-09-24T14:02:00-04:00,30664.75,30665.25,30646.25,30650.5,,,,,,,,,,,,,,5891,,
2026-09-24T14:03:00-04:00,30650.25,30650.25,30623.5,30633.5,,,,,,,,,,,,,,8395,,
2026-09-24T14:04:00-04:00,30633.5,30643,30622.25,30627.25,,,,,,,,,,,,,,5385,,
2026-09-24T14:05:00-04:00,30626.75,30642.75,30626.5,30638.25,,,,,,,,,,,,,,4421,,
2026-09-24T14:06:00-04:00,30637.75,30662.75,30628,30656.75,,,,,,,,,,,,,,6314,,
2026-09-24T14:07:00-04:00,30656,30668.75,30647.5,30657.25,,,,,,,,,,,,,,4123,,
2026-09-24T14:08:00-04:00,30657.5,30690.75,30657.5,30679.25,,,,,,,,,,,,,,6468,,
2026-09-24T14:09:00-04:00,30679,30691,30678.5,30683.5,,,,,,,,,,,,,,3089,,
2026-09-24T14:10:00-04:00,30683.75,30693,30677.5,30682,,,,,,,,,,,,,,3433,,
2026-09-24T14:11:00-04:00,30681.75,30705.25,30681.75,30693.75,,,,,,,,,,,,,,5514,,
2026-09-24T14:12:00-04:00,30693,30695,30680.25,30682.25,,,,,,,,,,,,,,2940,,
2026-09-24T14:13:00-04:00,30682.25,30688,30677.25,30683.5,,,,,,,,,,,,,,2979,,
2026-09-24T14:14:00-04:00,30683.5,30697.75,30682.5,30696,,,,,,,,,,,,,,2694,,
2026-09-24T14:15:00-04:00,30695.75,30702.5,30690,30698.75,,,,,,,,,,,,,,3120,,
2026-09-24T14:16:00-04:00,30698.5,30719.75,30697.5,30712.5,,,,,,,,,,,,,,6222,,
2026-09-24T14:17:00-04:00,30712.5,30721.75,30709.75,30720.75,,,,,,,,,,,,,,3392,,
2026-09-24T14:18:00-04:00,30720.5,30729.75,30709,30711.75,,,,,,,,,,,,,,4692,,
2026-09-24T14:19:00-04:00,30711.75,30716.75,30706.25,30713.75,,,,,,,,,,,,,,2028,,
2026-09-24T14:20:00-04:00,30713.75,30718.25,30693,30697.25,,,,,,,,,,,,,,4207,,
2026-09-24T14:21:00-04:00,30696.75,30709.5,30696.25,30707.5,,,,,,,,,,,,,,2649,,
2026-09-24T14:22:00-04:00,30707.5,30713.25,30705,30706.25,,,,,,,,,,,,,,2255,,
2026-09-24T14:23:00-04:00,30706,30722.75,30703.75,30720,,,,,,,,,,,,,,2815,,
2026-09-24T14:24:00-04:00,30719,30720,30714,30718,,,,,,,,,,,,,,1764,,
2026-09-24T14:25:00-04:00,30717.75,30746.75,30715.25,30732.25,,,,,,,,,,,,,,9562,,
2026-09-24T14:26:00-04:00,30732.5,30753,30732,30743.25,,,,,,,,,,,,,,5597,,
2026-09-24T14:27:00-04:00,30742.75,30745.5,30735.5,30739,,,,,,,,,,,,,,3773,,
2026-09-24T14:28:00-04:00,30739,30749,30735.5,30741.25,,,,,,,,,,,,,,2956,,
2026-09-24T14:29:00-04:00,30741,30746.75,30736.75,30740.25,,,,,,,,,,,,,,1630,,
2026-09-24T14:30:00-04:00,30740.75,30746.75,30736.25,30740.5,,,,,,,,,,,,,,2387,,
2026-09-24T14:31:00-04:00,30740.75,30742.25,30722,30732.5,,,,,,,,,,,,,,4642,,
2026-09-24T14:32:00-04:00,30732.75,30732.75,30717,30723.5,,,,,,,,,,,,,,3315,,
2026-09-24T14:33:00-04:00,30724.25,30733.25,30723.5,30727.25,,,,,,,,,,,,,,2464,,
2026-09-24T14:34:00-04:00,30727,30731.25,30717,30717.25,,,,,,,,,,,,,,2119,,
2026-09-24T14:35:00-04:00,30717.25,30720,30703.5,30707,,,,,,,,,,,,,,3657,,
2026-09-24T14:36:00-04:00,30707,30719.5,30704.5,30713.75,,,,,,,,,,,,,,2760,,
2026-09-24T14:37:00-04:00,30713.75,30722,30711,30715.25,,,,,,,,,,,,,,2692,,
2026-09-24T14:38:00-04:00,30715.25,30759.5,30714.25,30758.25,,,,,,,,,,,,,,12286,,
2026-09-24T14:39:00-04:00,30758.5,30783.75,30746.25,30753.25,,,,,,,,,,,,,,12500,,
2026-09-24T14:40:00-04:00,30752.5,30752.5,30730.75,30738,,,,,,,,,,,,,,4286,,
2026-09-24T14:41:00-04:00,30737.75,30743.25,30730.75,30740.25,,,,,,,,,,,,,,3056,,
2026-09-24T14:42:00-04:00,30740.25,30746.25,30727.5,30734.5,,,,,,,,,,,,,,3010,,
2026-09-24T14:43:00-04:00,30734.75,30735.25,30724.5,30734,,,,,,,,,,,,,,2359,,
2026-09-24T14:44:00-04:00,30734,30741,30731.25,30737.25,,,,,,,,,,,,,,2627,,
2026-09-24T14:45:00-04:00,30736.75,30751.25,30736,30744.25,,,,,,,,,,,,,,2826,,
2026-09-24T14:46:00-04:00,30744.75,30749.25,30741.75,30746.75,,,,,,,,,,,,,,1725,,
2026-09-24T14:47:00-04:00,30747.25,30750.5,30742,30743.5,,,,,,,,,,,,,,1431,,
2026-09-24T14:48:00-04:00,30744,30752.25,30741.25,30748.25,,,,,,,,,,,,,,1540,,
2026-09-24T14:49:00-04:00,30748.5,30750.5,30740.75,30747.25,,,,,,,,,,,,,,1624,,
2026-09-24T14:50:00-04:00,30746.75,30768.75,30744.25,30761.5,,,,,,,,,,,,,,5218,,
2026-09-24T14:51:00-04:00,30762,30763.25,30750,30757.5,,,,,,,,,,,,,,2455,,
2026-09-24T14:52:00-04:00,30758,30776.25,30757.5,30771.5,,,,,,,,,,,,,,3392,,
2026-09-24T14:53:00-04:00,30771.5,30771.5,30763.25,30767.5,,,,,,,,,,,,,,1850,,
2026-09-24T14:54:00-04:00,30767,30768.75,30763.5,30766.5,,,,,,,,,,,,,,1311,,
2026-09-24T14:55:00-04:00,30766.25,30778.5,30765.5,30775.75,,,,,,,,,,,,,,2388,,
2026-09-24T14:56:00-04:00,30776,30788.25,30774.5,30785.5,,,,,,,,,,,,,,2373,,
2026-09-24T14:57:00-04:00,30785,30792.25,30783.25,30788.5,,,,,,,,,,,,,,2108,,
2026-09-24T14:58:00-04:00,30789.5,30792,30781.25,30788.5,,,,,,,,,,,,,,2337,,
2026-09-24T14:59:00-04:00,30788.5,30791,30776.5,30779.5,,,,,,,,,,,,,,2372,,
2026-09-24T15:00:00-04:00,30779.75,30783.75,30767,30774.25,,,,,,,,,,,,,,4901,,
2026-09-24T15:01:00-04:00,30774.5,30776,30749.5,30757.5,,,,,,,,,,,,,,7422,,
2026-09-24T15:02:00-04:00,30757.75,30761.5,30739.5,30742,,,,,,,,,,,,,,4378,,
2026-09-24T15:03:00-04:00,30742.25,30743.75,30727.5,30728.5,,,,,,,,,,,,,,3498,,
2026-09-24T15:04:00-04:00,30728.5,30735.5,30726.25,30733.75,,,,,,,,,,,,,,2961,,
2026-09-24T15:05:00-04:00,30734.25,30743.25,30732,30742.75,,,,,,,,,,,,,,2800,,
2026-09-24T15:06:00-04:00,30743.25,30746.25,30737.25,30738.25,,,,,,,,,,,,,,2492,,
2026-09-24T15:07:00-04:00,30738,30746,30732.5,30742,,,,,,,,,,,,,,2090,,
2026-09-24T15:08:00-04:00,30743.25,30749.75,30738.5,30739.25,,,,,,,,,,,,,,1830,,
2026-09-24T15:09:00-04:00,30739.25,30742.25,30733.5,30738.75,,,,,,,,,,,,,,2008,,
2026-09-24T15:10:00-04:00,30738.5,30744.75,30726.5,30728.25,,,,,,,,,,,,,,2535,,
2026-09-24T15:11:00-04:00,30728.25,30733.25,30723.25,30730,,,,,,,,,,,,,,2949,,
2026-09-24T15:12:00-04:00,30729.75,30735,30726.25,30733.5,,,,,,,,,,,,,,1873,,
2026-09-24T15:13:00-04:00,30733.25,30743,30731,30737.75,,,,,,,,,,,,,,1945,,
2026-09-24T15:14:00-04:00,30738,30739,30725.5,30726.5,,,,,,,,,,,,,,2135,,
2026-09-24T15:15:00-04:00,30727,30742,30727,30739.25,,,,,,,,,,,,,,2469,,
2026-09-24T15:16:00-04:00,30739,30755,30737.5,30753.5,,,,,,,,,,,,,,2906,,
2026-09-24T15:17:00-04:00,30753.5,30759.5,30750.25,30755.25,,,,,,,,,,,,,,3373,,
2026-09-24T15:18:00-04:00,30755.5,30768.5,30754.75,30763.25,,,,,,,,,,,,,,2735,,
2026-09-24T15:19:00-04:00,30763.75,30764.5,30753.75,30761.75,,,,,,,,,,,,,,3203,,
2026-09-24T15:20:00-04:00,30762,30766.5,30755,30755.25,,,,,,,,,,,,,,1966,,
2026-09-24T15:21:00-04:00,30755.25,30761,30748.5,30760.75,,,,,,,,,,,,,,2098,,
2026-09-24T15:22:00-04:00,30760.5,30764.5,30757.5,30760.25,,,,,,,,,,,,,,1592,,
2026-09-24T15:23:00-04:00,30759.75,30760.5,30753.5,30760.25,,,,,,,,,,,,,,1094,,
2026-09-24T15:24:00-04:00,30760.25,30769,30759,30766.5,,,,,,,,,,,,,,1928,,
2026-09-24T15:25:00-04:00,30766.75,30773,30765.5,30766.5,,,,,,,,,,,,,,1778,,
2026-09-24T15:26:00-04:00,30766.25,30771,30762,30769,,,,,,,,,,,,,,1621,,
2026-09-24T15:27:00-04:00,30768.5,30769.5,30761.5,30761.5,,,,,,,,,,,,,,1236,,
2026-09-24T15:28:00-04:00,30761.5,30765.5,30757,30758.5,,,,,,,,,,,,,,1849,,
2026-09-24T15:29:00-04:00,30759,30759.5,30745.25,30750.75,,,,,,,,,,,,,,2406,,
2026-09-24T15:30:00-04:00,30750,30757.5,30747.5,30753.75,,,,,,,,,,,,,,2317,,
2026-09-24T15:31:00-04:00,30753.75,30764.75,30752.25,30764.5,,,,,,,,,,,,,,1757,,
2026-09-24T15:32:00-04:00,30764,30764.25,30746.5,30749.5,,,,,,,,,,,,,,2076,,
2026-09-24T15:33:00-04:00,30749.5,30757,30749.5,30756.75,,,,,,,,,,,,,,1049,,
2026-09-24T15:34:00-04:00,30756.5,30768.25,30754,30767.75,,,,,,,,,,,,,,1945,,
2026-09-24T15:35:00-04:00,30767,30768,30752,30757.25,,,,,,,,,,,,,,2275,,
2026-09-24T15:36:00-04:00,30756.75,30764.75,30756.75,30761.75,,,,,,,,,,,,,,1322,,
2026-09-24T15:37:00-04:00,30761.5,30761.75,30748.25,30751.5,,,,,,,,,,,,,,1551,,
2026-09-24T15:38:00-04:00,30751.75,30757,30749,30754.75,,,,,,,,,,,,,,1185,,
2026-09-24T15:39:00-04:00,30754.75,30764.25,30753.75,30763,,,,,,,,,,,,,,1456,,
2026-09-24T15:40:00-04:00,30763.25,30769.75,30755.75,30756.25,,,,,,,,,,,,,,2027,,
2026-09-24T15:41:00-04:00,30756.25,30762.75,30755,30762,,,,,,,,,,,,,,1113,,
2026-09-24T15:42:00-04:00,30761.75,30762,30752.75,30754,,,,,,,,,,,,,,995,,
2026-09-24T15:43:00-04:00,30753.75,30759.25,30750,30757.25,,,,,,,,,,,,,,1200,,
2026-09-24T15:44:00-04:00,30757,30760.5,30750,30753,,,,,,,,,,,,,,1603,,
2026-09-24T15:45:00-04:00,30752.75,30759,30747,30753,,,,,,,,,,,,,,2054,,
2026-09-24T15:46:00-04:00,30753,30758.75,30751,30757.25,,,,,,,,,,,,,,1466,,
2026-09-24T15:47:00-04:00,30757.5,30762.25,30755.75,30756.75,,,,,,,,,,,,,,1308,,
2026-09-24T15:48:00-04:00,30757,30757.75,30749.75,30752.25,,,,,,,,,,,,,,1377,,
2026-09-24T15:49:00-04:00,30752,30755.75,30745.75,30747.5,,,,,,,,,,,,,,1485,,
2026-09-24T15:50:00-04:00,30747.25,30775,30747.25,30757.75,,,,,,,,,,,,,,5985,,
2026-09-24T15:51:00-04:00,30757.75,30781.5,30755.25,30777.25,,,,,,,,,,,,,,3832,,
2026-09-24T15:52:00-04:00,30777.75,30783.75,30773.75,30780.75,,,,,,,,,,,,,,1995,,
2026-09-24T15:53:00-04:00,30781,30790.25,30780.25,30782.75,,,,,,,,,,,,,,2805,,
2026-09-24T15:54:00-04:00,30783,30785,30774,30778.75,,,,,,,,,,,,,,4708,,
2026-09-24T15:55:00-04:00,30779,30780,30764.75,30776.5,,,,,,,,,,,,,,4604,,
2026-09-24T15:56:00-04:00,30776.75,30782.5,30768.25,30771,,,,,,,,,,,,,,2058,,
2026-09-24T15:57:00-04:00,30770.75,30771.75,30765.25,30768.75,,,,,,,,,,,,,,1377,,
2026-09-24T15:58:00-04:00,30769,30776.5,30767.75,30768.5,,,,,,,,,,,,,,2069,,
2026-09-24T15:59:00-04:00,30768.5,30777.25,30756,30756.5,,,,,,,,,,,,,,7791,,
2026-09-24T16:00:00-04:00,30756.25,30762,30744.5,30746.25,,,,,,,,,,,,,,4112,,
2026-09-24T16:01:00-04:00,30746,30746.75,30732,30732.75,,,,,,,,,,,,,,3511,,
2026-09-24T16:02:00-04:00,30732.5,30734.75,30723,30726.75,,,,,,,,,,,,,,2514,,
2026-09-24T16:03:00-04:00,30727,30728.25,30722.75,30725,,,,,,,,,,,,,,1107,,
2026-09-24T16:04:00-04:00,30724.75,30728.25,30724.25,30728,,,,,,,,,,,,,,728,,
2026-09-24T16:05:00-04:00,30728,30729.5,30725.25,30726.75,,,,,,,,,,,,,,852,,
2026-09-24T16:06:00-04:00,30727.5,30729.5,30723.75,30728.5,,,,,,,,,,,,,,660,,
2026-09-24T16:07:00-04:00,30728.75,30733,30726.25,30730.5,,,,,,,,,,,,,,990,,
2026-09-24T16:08:00-04:00,30731,30733.5,30730,30732,,,,,,,,,,,,,,526,,
2026-09-24T16:09:00-04:00,30732,30734.5,30727.5,30729.25,,,,,,,,,,,,,,754,,
2026-09-24T16:10:00-04:00,30729,30730,30717,30717.75,,,,,,,,,,,,,,1858,,
2026-09-24T16:11:00-04:00,30718,30718.5,30710.5,30712.75,,,,,,,,,,,,,,1380,,
2026-09-24T16:12:00-04:00,30712.5,30718.5,30712.25,30715.25,,,,,,,,,,,,,,741,,
2026-09-24T16:13:00-04:00,30715.75,30716,30705.5,30708,,,,,,,,,,,,,,1064,,
2026-09-24T16:14:00-04:00,30708.25,30712.25,30695.75,30698.75,,,,,,,,,,,,,,1551,,
2026-09-24T16:15:00-04:00,30698,30712.75,30692,30693,,,,,,,,,,,,,,2633,,
2026-09-24T16:16:00-04:00,30693.25,30698.5,30679.25,30682.5,,,,,,,,,,,,,,1863,,
2026-09-24T16:17:00-04:00,30681.75,30687.25,30674.25,30680.75,,,,,,,,,,,,,,1587,,
2026-09-24T16:18:00-04:00,30680.5,30685.75,30671.5,30679,,,,,,,,,,,,,,1749,,
2026-09-24T16:19:00-04:00,30678.5,30686,30676.75,30680.5,,,,,,,,,,,,,,889,,
2026-09-24T16:20:00-04:00,30680,30683,30675.5,30676.25,,,,,,,,,,,,,,746,,
2026-09-24T16:21:00-04:00,30675.25,30677,30669.5,30675.25,,,,,,,,,,,,,,1016,,
2026-09-24T16:22:00-04:00,30675.25,30679.75,30671,30673.5,,,,,,,,,,,,,,688,,
2026-09-24T16:23:00-04:00,30674,30676,30670.5,30674.75,,,,,,,,,,,,,,501,,
2026-09-24T16:24:00-04:00,30674.75,30682.25,30671.5,30673,,,,,,,,,,,,,,988,,
2026-09-24T16:25:00-04:00,30673,30678.75,30665.25,30677,,,,,,,,,,,,,,1169,,
2026-09-24T16:26:00-04:00,30677,30680.5,30671,30672,,,,,,,,,,,,,,926,,
2026-09-24T16:27:00-04:00,30673.25,30674,30668.75,30670.5,,,,,,,,,,,,,,491,,
2026-09-24T16:28:00-04:00,30670.75,30675,30667.25,30669,,,,,,,,,,,,,,458,,
2026-09-24T16:29:00-04:00,30669.25,30669.5,30661.75,30667.25,,,,,,,,,,,,,,775,,
2026-09-24T16:30:00-04:00,30666.5,30672.75,30664,30672,,,,,,,,,,,,,,656,,
2026-09-24T16:31:00-04:00,30671.25,30675.5,30668,30673,,,,,,,,,,,,,,657,,
2026-09-24T16:32:00-04:00,30672.75,30678.75,30672.5,30674.25,,,,,,,,,,,,,,682,,
2026-09-24T16:33:00-04:00,30675.25,30679.5,30674,30678,,,,,,,,,,,,,,518,,
2026-09-24T16:34:00-04:00,30678,30685.25,30677,30680,,,,,,,,,,,,,,841,,
2026-09-24T16:35:00-04:00,30681,30683.75,30678.5,30678.5,,,,,,,,,,,,,,494,,
2026-09-24T16:36:00-04:00,30678.75,30687,30678,30684.75,,,,,,,,,,,,,,603,,
2026-09-24T16:37:00-04:00,30684.5,30687,30678.75,30682,,,,,,,,,,,,,,685,,
2026-09-24T16:38:00-04:00,30682,30685,30681.25,30683.5,,,,,,,,,,,,,,210,,
2026-09-24T16:39:00-04:00,30683.5,30690.25,30683,30690,,,,,,,,,,,,,,574,,
2026-09-24T16:40:00-04:00,30690,30691.75,30686.75,30687.25,,,,,,,,,,,,,,525,,
2026-09-24T16:41:00-04:00,30688,30695,30686.25,30691.75,,,,,,,,,,,,,,484,,
2026-09-24T16:42:00-04:00,30692.25,30693.25,30688.75,30692,,,,,,,,,,,,,,334,,
2026-09-24T16:43:00-04:00,30692,30703.25,30692,30703,,,,,,,,,,,,,,874,,
2026-09-24T16:44:00-04:00,30702.5,30708,30702.25,30706,,,,,,,,,,,,,,773,,
2026-09-24T16:45:00-04:00,30705.75,30710.5,30705.5,30705.75,,,,,,,,,,,,,,631,,
2026-09-24T16:46:00-04:00,30706,30718.25,30704.75,30714.75,,,,,,,,,,,,,,777,,
2026-09-24T16:47:00-04:00,30715.25,30717.5,30710.5,30714.25,,,,,,,,,,,,,,575,,
2026-09-24T16:48:00-04:00,30714.5,30717.5,30713.75,30716.5,,,,,,,,,,,,,,274,,
2026-09-24T16:49:00-04:00,30716.25,30719,30714.5,30717.25,,,,,,,,,,,,,,341,,
2026-09-24T16:50:00-04:00,30717.25,30721.75,30715.75,30719,,,,,,,,,,,,,,278,,
2026-09-24T16:51:00-04:00,30719,30721,30717.5,30720,,,,,,,,,,,,,,312,,
2026-09-24T16:52:00-04:00,30720,30723,30718.5,30721.5,,,,,,,,,,,,,,305,,
2026-09-24T16:53:00-04:00,30721.75,30723.25,30720.5,30721.25,,,,,,,,,,,,,,252,,
2026-09-24T16:54:00-04:00,30720.75,30727.5,30720.5,30727.5,,,,,,,,,,,,,,284,,
2026-09-24T16:55:00-04:00,30727.25,30731.25,30727,30730.25,,,,,,,,,,,,,,600,,
2026-09-24T16:56:00-04:00,30730,30733,30728.75,30730.75,,,,,,,,,,,,,,254,,
2026-09-24T16:57:00-04:00,30730.75,30735,30723,30734,,,,,,,,,,,,,,476,,
2026-09-24T16:58:00-04:00,30733,30739.75,30732.5,30735.75,,,,,,,,,,,,,,415,,
2026-09-24T16:59:00-04:00,30735.75,30739.25,30732.75,30735.5,,,,,,,,,,,,,,322,,
2026-09-24T18:00:00-04:00,30731,30740.25,30715.75,30737,,,,,,,,,,,,,,1397,,
2026-09-24T18:01:00-04:00,30735.5,30749.25,30732.25,30742.25,,,,,,,,,,,,,,1571,,
2026-09-24T18:02:00-04:00,30741,30759.75,30740.75,30751.5,,,,,,,,,,,,,,1397,,
2026-09-24T18:03:00-04:00,30751.25,30757,30749,30750.25,,,,,,,,,,,,,,587,,
2026-09-24T18:04:00-04:00,30749.75,30750.25,30740.5,30745.75,,,,,,,,,,,,,,832,,
2026-09-24T18:05:00-04:00,30745,30746.75,30720.25,30727.5,,,,,,,,,,,,,,1535,,
2026-09-24T18:06:00-04:00,30726.75,30732,30709,30717,,,,,,,,,,,,,,1468,,
2026-09-24T18:07:00-04:00,30716.75,30734.75,30711.5,30731.5,,,,,,,,,,,,,,1174,,
2026-09-24T18:08:00-04:00,30731.75,30734.25,30728,30728.75,,,,,,,,,,,,,,518,,
2026-09-24T18:09:00-04:00,30729.5,30733.75,30729,30732,,,,,,,,,,,,,,232,,
2026-09-24T18:10:00-04:00,30732.75,30735.5,30730.5,30733.75,,,,,,,,,,,,,,261,,
2026-09-24T18:11:00-04:00,30732.75,30733.25,30729.75,30731,,,,,,,,,,,,,,223,,
2026-09-24T18:12:00-04:00,30731.5,30732.25,30729.75,30731,,,,,,,,,,,,,,116,,
2026-09-24T18:13:00-04:00,30731.5,30733,30726.25,30727.25,,,,,,,,,,,,,,393,,
2026-09-24T18:14:00-04:00,30727.5,30728.75,30725.5,30726,,,,,,,,,,,,,,226,,
2026-09-24T18:15:00-04:00,30726.75,30730.5,30724.5,30727.5,,,,,,,,,,,,,,358,,
2026-09-24T18:16:00-04:00,30726.5,30729,30721.75,30725.25,,,,,,,,,,,,,,469,,
2026-09-24T18:17:00-04:00,30724.5,30727.5,30724.25,30725,,,,,,,,,,,,,,172,,
2026-09-24T18:18:00-04:00,30725,30726.25,30723.25,30725,,,,,,,,,,,,,,165,,
2026-09-24T18:19:00-04:00,30726,30726,30720.5,30721.5,,,,,,,,,,,,,,378,,
2026-09-24T18:20:00-04:00,30721.25,30721.5,30715.5,30719.5,,,,,,,,,,,,,,561,,
2026-09-24T18:21:00-04:00,30718.75,30719.75,30713.5,30719,,,,,,,,,,,,,,442,,
2026-09-24T18:22:00-04:00,30718.25,30723,30716.5,30722,,,,,,,,,,,,,,604,,
2026-09-24T18:23:00-04:00,30721.75,30722.75,30717.5,30719,,,,,,,,,,,,,,229,,
2026-09-24T18:24:00-04:00,30718.75,30719.25,30713.75,30714.5,,,,,,,,,,,,,,270,,
2026-09-24T18:25:00-04:00,30714.25,30716,30713,30714,,,,,,,,,,,,,,248,,
2026-09-24T18:26:00-04:00,30713.5,30714,30705.5,30708,,,,,,,,,,,,,,936,,
2026-09-24T18:27:00-04:00,30707.5,30710.75,30706.75,30708.25,,,,,,,,,,,,,,250,,
2026-09-24T18:28:00-04:00,30708.5,30709,30705.25,30707.75,,,,,,,,,,,,,,354,,
2026-09-24T18:29:00-04:00,30708,30716.75,30707.75,30710.75,,,,,,,,,,,,,,588,,
2026-09-24T18:30:00-04:00,30711.25,30725,30708.75,30719,,,,,,,,,,,,,,1402,,
2026-09-24T18:31:00-04:00,30718.25,30722,30716.75,30718.75,,,,,,,,,,,,,,537,,
2026-09-24T18:32:00-04:00,30718.5,30722.75,30715.5,30718.25,,,,,,,,,,,,,,568,,
2026-09-24T18:33:00-04:00,30717.75,30720.5,30713.75,30719,,,,,,,,,,,,,,332,,
2026-09-24T18:34:00-04:00,30718.25,30720.25,30717.25,30718.25,,,,,,,,,,,,,,165,,
2026-09-24T18:35:00-04:00,30718.25,30723.5,30718.25,30722,,,,,,,,,,,,,,315,,
2026-09-24T18:36:00-04:00,30721.75,30722.25,30719.5,30719.75,,,,,,,,,,,,,,202,,
2026-09-24T18:37:00-04:00,30720,30724.5,30717.75,30722,,,,,,,,,,,,,,283,,
2026-09-24T18:38:00-04:00,30721.75,30722.75,30718.5,30720.25,,,,,,,,,,,,,,288,,
2026-09-24T18:39:00-04:00,30720.5,30721.5,30716.75,30718.5,,,,,,,,,,,,,,344,,
2026-09-24T18:40:00-04:00,30718.5,30722,30715.75,30721.75,,,,,,,,,,,,,,270,,
2026-09-24T18:41:00-04:00,30721.25,30731,30719.5,30726.5,,,,,,,,,,,,,,863,,
2026-09-24T18:42:00-04:00,30726.75,30734.5,30726.25,30733,,,,,,,,,,,,,,543,,
2026-09-24T18:43:00-04:00,30732.5,30736.5,30732,30734,,,,,,,,,,,,,,490,,
2026-09-24T18:44:00-04:00,30734.25,30735.75,30728.75,30731.75,,,,,,,,,,,,,,507,,
2026-09-24T18:45:00-04:00,30731.75,30734,30728,30732,,,,,,,,,,,,,,386,,
2026-09-24T18:46:00-04:00,30731.5,30732,30722.75,30728,,,,,,,,,,,,,,629,,
2026-09-24T18:47:00-04:00,30727.5,30728.75,30726.25,30728,,,,,,,,,,,,,,126,,
2026-09-24T18:48:00-04:00,30728.25,30728.5,30725,30725.5,,,,,,,,,,,,,,152,,
2026-09-24T18:49:00-04:00,30726,30733,30725.75,30731,,,,,,,,,,,,,,796,,
2026-09-24T18:50:00-04:00,30730.75,30734.25,30730,30732.75,,,,,,,,,,,,,,304,,
2026-09-24T18:51:00-04:00,30733.5,30733.75,30729,30732.75,,,,,,,,,,,,,,285,,
2026-09-24T18:52:00-04:00,30733.5,30734.25,30730.25,30730.75,,,,,,,,,,,,,,196,,
2026-09-24T18:53:00-04:00,30730.5,30732.75,30730.5,30730.5,,,,,,,,,,,,,,114,,
2026-09-24T18:54:00-04:00,30731.75,30733.75,30730.75,30731.5,,,,,,,,,,,,,,169,,
2026-09-24T18:55:00-04:00,30731.25,30732,30726.5,30728,,,,,,,,,,,,,,341,,
2026-09-24T18:56:00-04:00,30727.25,30732,30727.25,30731,,,,,,,,,,,,,,241,,
2026-09-24T18:57:00-04:00,30731.25,30735.75,30730.25,30735.75,,,,,,,,,,,,,,243,,
2026-09-24T18:58:00-04:00,30735.5,30736,30729.75,30730,,,,,,,,,,,,,,365,,
2026-09-24T18:59:00-04:00,30729.75,30731,30727,30729.5,,,,,,,,,,,,,,213,,
2026-09-24T19:00:00-04:00,30729.25,30735.25,30728.5,30731.25,,,,,,,,,,,,,,460,,
2026-09-24T19:01:00-04:00,30731,30732.75,30731,30731.75,,,,,,,,,,,,,,157,,
2026-09-24T19:02:00-04:00,30732,30733,30729.25,30729.75,,,,,,,,,,,,,,232,,
2026-09-24T19:03:00-04:00,30730,30733.25,30727.25,30730.75,,,,,,,,,,,,,,216,,
2026-09-24T19:04:00-04:00,30731.25,30735.75,30730.5,30733,,,,,,,,,,,,,,251,,
2026-09-24T19:05:00-04:00,30733,30737.25,30731.75,30732.75,,,,,,,,,,,,,,298,,
2026-09-24T19:06:00-04:00,30732,30732.25,30723.5,30730.25,,,,,,,,,,,,,,471,,
2026-09-24T19:07:00-04:00,30730.5,30730.5,30727,30727.75,,,,,,,,,,,,,,173,,
2026-09-24T19:08:00-04:00,30728,30728.25,30713.75,30721.25,,,,,,,,,,,,,,898,,
2026-09-24T19:09:00-04:00,30721.75,30723,30719.75,30721.75,,,,,,,,,,,,,,240,,
2026-09-24T19:10:00-04:00,30721.5,30723,30716.75,30718.75,,,,,,,,,,,,,,346,,
2026-09-24T19:11:00-04:00,30718.25,30720.75,30716.5,30720.75,,,,,,,,,,,,,,234,,
2026-09-24T19:12:00-04:00,30719.75,30720.75,30714,30715,,,,,,,,,,,,,,291,,
2026-09-24T19:13:00-04:00,30715.5,30717.75,30710.25,30717,,,,,,,,,,,,,,500,,
2026-09-24T19:14:00-04:00,30716.25,30717.75,30714.5,30717.5,,,,,,,,,,,,,,163,,
2026-09-24T19:15:00-04:00,30717.5,30719.25,30712.75,30718.5,,,,,,,,,,,,,,353,,
2026-09-24T19:16:00-04:00,30718.75,30721.75,30716,30719,,,,,,,,,,,,,,545,,
2026-09-24T19:17:00-04:00,30719,30720.75,30717,30718,,,,,,,,,,,,,,255,,
2026-09-24T19:18:00-04:00,30717.75,30718.5,30716,30717.75,,,,,,,,,,,,,,104,,
2026-09-24T19:19:00-04:00,30717.5,30718.75,30714.75,30716.25,,,,,,,,,,,,,,242,,
2026-09-24T19:20:00-04:00,30716,30717.5,30711.75,30716,,,,,,,,,,,,,,331,,
2026-09-24T19:21:00-04:00,30715.75,30717.25,30713.5,30715.75,,,,,,,,,,,,,,230,,
2026-09-24T19:22:00-04:00,30715,30716.75,30714.5,30715.5,,,,,,,,,,,,,,184,,
2026-09-24T19:23:00-04:00,30715.25,30720.5,30715,30719,,,,,,,,,,,,,,273,,
2026-09-24T19:24:00-04:00,30718.75,30726.5,30718.75,30725.25,,,,,,,,,,,,,,599,,
2026-09-24T19:25:00-04:00,30725.25,30726,30721.75,30722.5,,,,,,,,,,,,,,304,,
2026-09-24T19:26:00-04:00,30723,30727.5,30722.5,30726,,,,,,,,,,,,,,316,,
2026-09-24T19:27:00-04:00,30726.5,30733.75,30726.25,30731.75,,,,,,,,,,,,,,763,,
2026-09-24T19:28:00-04:00,30731.75,30732.75,30729.75,30729.75,,,,,,,,,,,,,,359,,
2026-09-24T19:29:00-04:00,30730.25,30731.25,30724.5,30725.75,,,,,,,,,,,,,,566,,
2026-09-24T19:30:00-04:00,30726,30729.5,30726,30728.25,,,,,,,,,,,,,,279,,
2026-09-24T19:31:00-04:00,30728.25,30729.25,30726.25,30729,,,,,,,,,,,,,,222,,
2026-09-24T19:32:00-04:00,30727.75,30728,30726,30727,,,,,,,,,,,,,,140,,
2026-09-24T19:33:00-04:00,30727.5,30732.25,30727,30729,,,,,,,,,,,,,,336,,
2026-09-24T19:34:00-04:00,30729.25,30730.75,30727,30727.75,,,,,,,,,,,,,,119,,
2026-09-24T19:35:00-04:00,30727,30727.75,30722,30723,,,,,,,,,,,,,,348,,
2026-09-24T19:36:00-04:00,30723.25,30731.5,30723,30730,,,,,,,,,,,,,,372,,
2026-09-24T19:37:00-04:00,30730.5,30730.5,30723.75,30724.75,,,,,,,,,,,,,,218,,
2026-09-24T19:38:00-04:00,30724.75,30727.25,30724.25,30726,,,,,,,,,,,,,,134,,
2026-09-24T19:39:00-04:00,30726.75,30727,30723.75,30725.5,,,,,,,,,,,,,,101,,
2026-09-24T19:40:00-04:00,30725.75,30726.5,30723,30725,,,,,,,,,,,,,,163,,
2026-09-24T19:41:00-04:00,30725.75,30726,30723.75,30724.25,,,,,,,,,,,,,,70,,
2026-09-24T19:42:00-04:00,30724.5,30725.5,30721.75,30724.5,,,,,,,,,,,,,,205,,
2026-09-24T19:43:00-04:00,30724.75,30724.75,30713.25,30714,,,,,,,,,,,,,,784,,
2026-09-24T19:44:00-04:00,30714,30714,30707.75,30707.75,,,,,,,,,,,,,,650,,
2026-09-24T19:45:00-04:00,30708.5,30713.75,30707,30710.25,,,,,,,,,,,,,,629,,
2026-09-24T19:46:00-04:00,30710.25,30711.25,30703.5,30705.5,,,,,,,,,,,,,,956,,
2026-09-24T19:47:00-04:00,30705.5,30707.75,30701.25,30704.25,,,,,,,,,,,,,,558,,
2026-09-24T19:48:00-04:00,30704.5,30706.5,30697.5,30697.5,,,,,,,,,,,,,,834,,
2026-09-24T19:49:00-04:00,30697.25,30705,30696.5,30702.25,,,,,,,,,,,,,,662,,
2026-09-24T19:50:00-04:00,30701.75,30704.75,30697.25,30700.75,,,,,,,,,,,,,,528,,
2026-09-24T19:51:00-04:00,30700.25,30700.25,30686,30691.5,,,,,,,,,,,,,,1975,,
2026-09-24T19:52:00-04:00,30691.75,30697,30690.75,30695.75,,,,,,,,,,,,,,482,,
2026-09-24T19:53:00-04:00,30696.5,30696.75,30691,30694.75,,,,,,,,,,,,,,514,,
2026-09-24T19:54:00-04:00,30695,30695.25,30691.75,30692.5,,,,,,,,,,,,,,229,,
2026-09-24T19:55:00-04:00,30692.75,30695,30691.25,30693.75,,,,,,,,,,,,,,280,,
2026-09-24T19:56:00-04:00,30693.5,30695.5,30692.25,30694.25,,,,,,,,,,,,,,223,,
2026-09-24T19:57:00-04:00,30694.75,30696.75,30681.25,30685.25,,,,,,,,,,,,,,1235,,
2026-09-24T19:58:00-04:00,30685,30690,30685,30686,,,,,,,,,,,,,,583,,
2026-09-24T19:59:00-04:00,30686,30690.75,30686,30687.75,,,,,,,,,,,,,,432,,
2026-09-24T20:00:00-04:00,30687.75,30709.75,30686.25,30698.75,,,,,,,,,,,,,,2755,,
2026-09-24T20:01:00-04:00,30699,30708,30696,30696.75,,,,,,,,,,,,,,1089,,
2026-09-24T20:02:00-04:00,30697,30703.25,30695.5,30699.5,,,,,,,,,,,,,,701,,
2026-09-24T20:03:00-04:00,30700,30712.75,30698,30707,,,,,,,,,,,,,,1120,,
2026-09-24T20:04:00-04:00,30707.5,30718,30702.75,30707.25,,,,,,,,,,,,,,1626,,
2026-09-24T20:05:00-04:00,30706,30708.5,30697.25,30705.25,,,,,,,,,,,,,,1114,,
2026-09-24T20:06:00-04:00,30704.75,30705.25,30684.75,30685.75,,,,,,,,,,,,,,1780,,
2026-09-24T20:07:00-04:00,30686,30694,30684.25,30692.5,,,,,,,,,,,,,,974,,
2026-09-24T20:08:00-04:00,30692.5,30702.25,30692.5,30702,,,,,,,,,,,,,,985,,
2026-09-24T20:09:00-04:00,30701.5,30702.25,30695,30699.5,,,,,,,,,,,,,,636,,
2026-09-24T20:10:00-04:00,30699.5,30704.5,30695,30697.5,,,,,,,,,,,,,,1024,,
2026-09-24T20:11:00-04:00,30697.5,30703,30691.5,30692,,,,,,,,,,,,,,752,,
2026-09-24T20:12:00-04:00,30692,30695.75,30690.25,30691.75,,,,,,,,,,,,,,415,,
2026-09-24T20:13:00-04:00,30692.25,30700.75,30686.5,30699.75,,,,,,,,,,,,,,942,,
2026-09-24T20:14:00-04:00,30699,30700.5,30694.5,30696.75,,,,,,,,,,,,,,484,,
2026-09-24T20:15:00-04:00,30697.5,30697.75,30680,30694,,,,,,,,,,,,,,1743,,
2026-09-24T20:16:00-04:00,30694.5,30695.75,30686.75,30695.75,,,,,,,,,,,,,,836,,
2026-09-24T20:17:00-04:00,30695.5,30702,30688.75,30690.25,,,,,,,,,,,,,,890,,
2026-09-24T20:18:00-04:00,30690.75,30695.75,30687.25,30693,,,,,,,,,,,,,,651,,
2026-09-24T20:19:00-04:00,30693.25,30695.75,30689,30693.25,,,,,,,,,,,,,,415,,
2026-09-24T20:20:00-04:00,30693.25,30709,30691.5,30705.75,,,,,,,,,,,,,,1418,,
2026-09-24T20:21:00-04:00,30705.75,30712,30705,30707.25,,,,,,,,,,,,,,779,,
2026-09-24T20:22:00-04:00,30707.5,30725.5,30706.25,30720.25,,,,,,,,,,,,,,1452,,
2026-09-24T20:23:00-04:00,30720.25,30724.5,30718.25,30720,,,,,,,,,,,,,,640,,
2026-09-24T20:24:00-04:00,30719.25,30723,30716.75,30720.5,,,,,,,,,,,,,,612,,
2026-09-24T20:25:00-04:00,30720.75,30726.25,30709.75,30725,,,,,,,,,,,,,,1486,,
2026-09-24T20:26:00-04:00,30724.25,30727.75,30716.75,30722,,,,,,,,,,,,,,1177,,
2026-09-24T20:27:00-04:00,30721.75,30722.75,30715.5,30719,,,,,,,,,,,,,,505,,
2026-09-24T20:28:00-04:00,30718.75,30721,30716,30717.75,,,,,,,,,,,,,,518,,
2026-09-24T20:29:00-04:00,30717.75,30720,30711.75,30714.25,,,,,,,,,,,,,,463,,
2026-09-24T20:30:00-04:00,30714,30716.5,30708.25,30710.25,,,,,,,,,,,,,,911,,
2026-09-24T20:31:00-04:00,30710,30713.25,30704.5,30707.5,,,,,,,,,,,,,,948,,
2026-09-24T20:32:00-04:00,30707.25,30711,30700.75,30709.75,,,,,,,,,,,,,,1045,,
2026-09-24T20:33:00-04:00,30709.5,30714.75,30707,30712.75,,,,,,,,,,,,,,737,,
2026-09-24T20:34:00-04:00,30712.25,30712.75,30701.75,30706,,,,,,,,,,,,,,447,,
2026-09-24T20:35:00-04:00,30706,30709.5,30705.25,30707.25,,,,,,,,,,,,,,387,,
2026-09-24T20:36:00-04:00,30707.5,30708.5,30698.5,30698.75,,,,,,,,,,,,,,746,,
2026-09-24T20:37:00-04:00,30698.5,30702.5,30689.25,30691,,,,,,,,,,,,,,1570,,
2026-09-24T20:38:00-04:00,30691.5,30694,30682,30686,,,,,,,,,,,,,,1372,,
2026-09-24T20:39:00-04:00,30685.75,30694.75,30684.25,30690.5,,,,,,,,,,,,,,832,,
2026-09-24T20:40:00-04:00,30690.75,30703,30689.5,30697.5,,,,,,,,,,,,,,1203,,
2026-09-24T20:41:00-04:00,30697.5,30699.25,30692.75,30697.25,,,,,,,,,,,,,,627,,
2026-09-24T20:42:00-04:00,30697.5,30705.25,30692.75,30704.25,,,,,,,,,,,,,,726,,
2026-09-24T20:43:00-04:00,30704.25,30707.25,30699.5,30701,,,,,,,,,,,,,,797,,
2026-09-24T20:44:00-04:00,30701.25,30702,30698.75,30701,,,,,,,,,,,,,,252,,
2026-09-24T20:45:00-04:00,30700.5,30705.75,30697,30701.75,,,,,,,,,,,,,,670,,
2026-09-24T20:46:00-04:00,30702.5,30708,30698.5,30701,,,,,,,,,,,,,,756,,
2026-09-24T20:47:00-04:00,30701,30703.75,30693.5,30696.75,,,,,,,,,,,,,,671,,
2026-09-24T20:48:00-04:00,30697,30704.75,30695.75,30700.75,,,,,,,,,,,,,,572,,
2026-09-24T20:49:00-04:00,30701.25,30707.5,30699.75,30703.5,,,,,,,,,,,,,,565,,
2026-09-24T20:50:00-04:00,30703.75,30706,30695,30695.25,,,,,,,,,,,,,,487,,
2026-09-24T20:51:00-04:00,30695.25,30698,30689.25,30689.25,,,,,,,,,,,,,,593,,
2026-09-24T20:52:00-04:00,30689,30693.75,30685.25,30691.75,,,,,,,,,,,,,,911,,
2026-09-24T20:53:00-04:00,30691,30698.75,30691,30697.75,,,,,,,,,,,,,,631,,
2026-09-24T20:54:00-04:00,30697.5,30703.75,30696.75,30699.75,,,,,,,,,,,,,,603,,
2026-09-24T20:55:00-04:00,30699.5,30704,30697.5,30700.5,,,,,,,,,,,,,,369,,
2026-09-24T20:56:00-04:00,30700.25,30701.75,30693.75,30696.75,,,,,,,,,,,,,,439,,
2026-09-24T20:57:00-04:00,30697.25,30697.75,30690.5,30693,,,,,,,,,,,,,,463,,
2026-09-24T20:58:00-04:00,30692.25,30702.75,30690.75,30702,,,,,,,,,,,,,,610,,
2026-09-24T20:59:00-04:00,30702,30704.75,30694.75,30698.25,,,,,,,,,,,,,,493,,
2026-09-24T21:00:00-04:00,30698.25,30699.75,30683.5,30696.25,,,,,,,,,,,,,,1570,,
2026-09-24T21:01:00-04:00,30696.75,30706.75,30696.5,30703,,,,,,,,,,,,,,1037,,
2026-09-24T21:02:00-04:00,30703,30709.25,30702.75,30704.5,,,,,,,,,,,,,,746,,
2026-09-24T21:03:00-04:00,30704.5,30705.25,30700.75,30701.25,,,,,,,,,,,,,,685,,
2026-09-24T21:04:00-04:00,30701.25,30711.75,30701.25,30710,,,,,,,,,,,,,,996,,
2026-09-24T21:05:00-04:00,30709.25,30709.5,30699.75,30701.25,,,,,,,,,,,,,,809,,
2026-09-24T21:06:00-04:00,30700.75,30707,30695.5,30705.5,,,,,,,,,,,,,,566,,
2026-09-24T21:07:00-04:00,30706,30715.75,30705.75,30712.75,,,,,,,,,,,,,,1065,,
2026-09-24T21:08:00-04:00,30712,30722.75,30709.5,30714.25,,,,,,,,,,,,,,1760,,
2026-09-24T21:09:00-04:00,30714.75,30720,30713.75,30716.75,,,,,,,,,,,,,,517,,
2026-09-24T21:10:00-04:00,30717.25,30736,30716,30734.75,,,,,,,,,,,,,,1935,,
2026-09-24T21:11:00-04:00,30734.75,30757,30733.5,30754.25,,,,,,,,,,,,,,3237,,
2026-09-24T21:12:00-04:00,30754.25,30761.5,30740.25,30745,,,,,,,,,,,,,,2365,,
2026-09-24T21:13:00-04:00,30745,30760.5,30742.75,30759.75,,,,,,,,,,,,,,1427,,
2026-09-24T21:14:00-04:00,30760,30774.25,30757.75,30764.5,,,,,,,,,,,,,,2495,,
2026-09-24T21:15:00-04:00,30763.75,30768,30760.75,30767.25,,,,,,,,,,,,,,1193,,
2026-09-24T21:16:00-04:00,30767,30779.25,30762.25,30778.5,,,,,,,,,,,,,,1776,,
2026-09-24T21:17:00-04:00,30778.5,30790.25,30775.5,30778.25,,,,,,,,,,,,,,2591,,
2026-09-24T21:18:00-04:00,30778.25,30778.75,30771.75,30774,,,,,,,,,,,,,,1234,,
2026-09-24T21:19:00-04:00,30774,30775,30767.75,30771.25,,,,,,,,,,,,,,863,,
2026-09-24T21:20:00-04:00,30772.5,30780.5,30769.5,30773.75,,,,,,,,,,,,,,942,,
2026-09-24T21:21:00-04:00,30774.25,30788.25,30774.25,30787.25,,,,,,,,,,,,,,1117,,
2026-09-24T21:22:00-04:00,30787.25,30789.25,30782.75,30784.75,,,,,,,,,,,,,,870,,
2026-09-24T21:23:00-04:00,30784.5,30785,30779,30780.25,,,,,,,,,,,,,,665,,
2026-09-24T21:24:00-04:00,30780.5,30782.5,30773.5,30776.25,,,,,,,,,,,,,,778,,
2026-09-24T21:25:00-04:00,30776.25,30779.25,30771.75,30775.75,,,,,,,,,,,,,,842,,
2026-09-24T21:26:00-04:00,30775,30784.75,30774.25,30779.75,,,,,,,,,,,,,,647,,
2026-09-24T21:27:00-04:00,30780.25,30788.25,30780,30783.25,,,,,,,,,,,,,,745,,
2026-09-24T21:28:00-04:00,30783,30783.5,30776.5,30779,,,,,,,,,,,,,,574,,
2026-09-24T21:29:00-04:00,30778.75,30780.25,30772.5,30775,,,,,,,,,,,,,,474,,
2026-09-24T21:30:00-04:00,30775.75,30778,30761,30762.75,,,,,,,,,,,,,,1585,,
2026-09-24T21:31:00-04:00,30762.5,30764.25,30753.75,30755.75,,,,,,,,,,,,,,1475,,
2026-09-24T21:32:00-04:00,30755.75,30770.75,30754.5,30766,,,,,,,,,,,,,,1352,,
2026-09-24T21:33:00-04:00,30765.75,30768.75,30763.5,30764.5,,,,,,,,,,,,,,547,,
2026-09-24T21:34:00-04:00,30764,30765,30755.25,30756.25,,,,,,,,,,,,,,723,,
2026-09-24T21:35:00-04:00,30755.75,30769,30750.25,30766.75,,,,,,,,,,,,,,1336,,
2026-09-24T21:36:00-04:00,30766.5,30770.5,30762,30767.25,,,,,,,,,,,,,,1117,,
2026-09-24T21:37:00-04:00,30766.5,30781.5,30766.5,30778.25,,,,,,,,,,,,,,1299,,
2026-09-24T21:38:00-04:00,30777.75,30784,30777,30783,,,,,,,,,,,,,,784,,
2026-09-24T21:39:00-04:00,30782.5,30792.5,30782,30791.25,,,,,,,,,,,,,,1584,,
2026-09-24T21:40:00-04:00,30791.25,30792.25,30787.5,30790,,,,,,,,,,,,,,716,,
2026-09-24T21:41:00-04:00,30789.75,30800.5,30789.5,30799,,,,,,,,,,,,,,1645,,
2026-09-24T21:42:00-04:00,30798.75,30803.75,30798.25,30802.25,,,,,,,,,,,,,,1007,,
2026-09-24T21:43:00-04:00,30802.5,30809.5,30801,30806,,,,,,,,,,,,,,882,,
2026-09-24T21:44:00-04:00,30805.75,30807,30798,30798,,,,,,,,,,,,,,941,,
2026-09-24T21:45:00-04:00,30798.25,30801.75,30795.5,30796.25,,,,,,,,,,,,,,924,,
2026-09-24T21:46:00-04:00,30796.75,30799,30791.5,30795.75,,,,,,,,,,,,,,638,,
2026-09-24T21:47:00-04:00,30796.5,30797.25,30784,30788.5,,,,,,,,,,,,,,1023,,
2026-09-24T21:48:00-04:00,30788.25,30795.25,30786,30787.5,,,,,,,,,,,,,,898,,
2026-09-24T21:49:00-04:00,30788.25,30799.25,30788.25,30797.5,,,,,,,,,,,,,,622,,
2026-09-24T21:50:00-04:00,30797.5,30799.25,30789.25,30796,,,,,,,,,,,,,,756,,
2026-09-24T21:51:00-04:00,30795.5,30796,30781.75,30786.25,,,,,,,,,,,,,,941,,
2026-09-24T21:52:00-04:00,30786.75,30790.25,30785.75,30786.75,,,,,,,,,,,,,,408,,
2026-09-24T21:53:00-04:00,30786.5,30787.25,30782,30783.25,,,,,,,,,,,,,,343,,
2026-09-24T21:54:00-04:00,30783.25,30784.75,30778,30780.5,,,,,,,,,,,,,,810,,
2026-09-24T21:55:00-04:00,30780.5,30781.75,30776.5,30777.5,,,,,,,,,,,,,,442,,
2026-09-24T21:56:00-04:00,30777.5,30778,30771,30774.5,,,,,,,,,,,,,,950,,
2026-09-24T21:57:00-04:00,30774.25,30778.5,30772.75,30776.25,,,,,,,,,,,,,,451,,
2026-09-24T21:58:00-04:00,30776,30783,30774.25,30782.25,,,,,,,,,,,,,,773,,
2026-09-24T21:59:00-04:00,30782.75,30791.25,30781.75,30790.75,,,,,,,,,,,,,,957,,
2026-09-24T22:00:00-04:00,30791,30796.75,30785.25,30787.75,,,,,,,,,,,,,,1425,,
2026-09-24T22:01:00-04:00,30787.5,30790,30783,30784,,,,,,,,,,,,,,580,,
2026-09-24T22:02:00-04:00,30784.5,30792.75,30784.25,30789.5,,,,,,,,,,,,,,533,,
2026-09-24T22:03:00-04:00,30789.75,30792.25,30788,30791.25,,,,,,,,,,,,,,335,,
2026-09-24T22:04:00-04:00,30791.25,30797.25,30788.75,30794.5,,,,,,,,,,,,,,809,,
2026-09-24T22:05:00-04:00,30794.25,30799,30794,30794.25,,,,,,,,,,,,,,555,,
2026-09-24T22:06:00-04:00,30795,30804.75,30793,30804,,,,,,,,,,,,,,898,,
2026-09-24T22:07:00-04:00,30803.5,30810,30799.25,30804.5,,,,,,,,,,,,,,1502,,
2026-09-24T22:08:00-04:00,30804.25,30809.25,30800.25,30802.5,,,,,,,,,,,,,,725,,
2026-09-24T22:09:00-04:00,30802.25,30810.75,30802,30806.25,,,,,,,,,,,,,,686,,
2026-09-24T22:10:00-04:00,30806,30810,30806,30808.5,,,,,,,,,,,,,,465,,
2026-09-24T22:11:00-04:00,30807.75,30808.5,30803,30805.75,,,,,,,,,,,,,,516,,
2026-09-24T22:12:00-04:00,30805.25,30806.5,30800.75,30801.5,,,,,,,,,,,,,,437,,
2026-09-24T22:13:00-04:00,30801.5,30802,30795.5,30799,,,,,,,,,,,,,,922,,
2026-09-24T22:14:00-04:00,30799,30800.75,30794,30797.5,,,,,,,,,,,,,,535,,
2026-09-24T22:15:00-04:00,30797,30800.75,30795,30798.75,,,,,,,,,,,,,,490,,
2026-09-24T22:16:00-04:00,30798.25,30800.25,30796.25,30798.5,,,,,,,,,,,,,,341,,
2026-09-24T22:17:00-04:00,30798.5,30801.5,30797.75,30799.5,,,,,,,,,,,,,,293,,
2026-09-24T22:18:00-04:00,30799.5,30806.75,30799.5,30806.25,,,,,,,,,,,,,,690,,
2026-09-24T22:19:00-04:00,30806.5,30809,30804,30806.25,,,,,,,,,,,,,,525,,
2026-09-24T22:20:00-04:00,30806.75,30812,30805.5,30809,,,,,,,,,,,,,,671,,
2026-09-24T22:21:00-04:00,30809,30814.5,30808.25,30813,,,,,,,,,,,,,,745,,
2026-09-24T22:22:00-04:00,30812.75,30814.25,30804.75,30807.5,,,,,,,,,,,,,,696,,
2026-09-24T22:23:00-04:00,30807.5,30808.75,30805.75,30807.25,,,,,,,,,,,,,,302,,
2026-09-24T22:24:00-04:00,30807.25,30810.5,30803.75,30803.75,,,,,,,,,,,,,,486,,
2026-09-24T22:25:00-04:00,30803.75,30804.5,30797.25,30801.25,,,,,,,,,,,,,,1241,,
2026-09-24T22:26:00-04:00,30801,30803.75,30799.75,30802.25,,,,,,,,,,,,,,272,,
2026-09-24T22:27:00-04:00,30802.75,30803.75,30796.25,30796.5,,,,,,,,,,,,,,391,,
2026-09-24T22:28:00-04:00,30797.25,30802,30790.5,30791.5,,,,,,,,,,,,,,911,,
2026-09-24T22:29:00-04:00,30792.25,30793.25,30784.75,30786.5,,,,,,,,,,,,,,981,,
2026-09-24T22:30:00-04:00,30786.25,30787,30781,30783.75,,,,,,,,,,,,,,844,,
2026-09-24T22:31:00-04:00,30783.5,30786.75,30782.25,30785.75,,,,,,,,,,,,,,571,,
2026-09-24T22:32:00-04:00,30785.75,30789.25,30783.75,30785.75,,,,,,,,,,,,,,663,,
2026-09-24T22:33:00-04:00,30786,30787.75,30779.5,30781,,,,,,,,,,,,,,770,,
2026-09-24T22:34:00-04:00,30781,30781,30766,30767,,,,,,,,,,,,,,2030,,
2026-09-24T22:35:00-04:00,30767,30768.25,30763,30763.75,,,,,,,,,,,,,,882,,
2026-09-24T22:36:00-04:00,30763.5,30769.75,30763.5,30766,,,,,,,,,,,,,,712,,
2026-09-24T22:37:00-04:00,30766.25,30768.75,30763,30767.75,,,,,,,,,,,,,,504,,
2026-09-24T22:38:00-04:00,30766.75,30772.75,30760.75,30769.75,,,,,,,,,,,,,,1061,,
2026-09-24T22:39:00-04:00,30770.25,30774.25,30768.25,30773,,,,,,,,,,,,,,684,,
2026-09-24T22:40:00-04:00,30773.25,30781,30772.25,30774.25,,,,,,,,,,,,,,1024,,
2026-09-24T22:41:00-04:00,30775,30777.25,30771.5,30775,,,,,,,,,,,,,,514,,
2026-09-24T22:42:00-04:00,30774.5,30780,30774.25,30778.75,,,,,,,,,,,,,,316,,
2026-09-24T22:43:00-04:00,30778.75,30788.5,30778.5,30786.5,,,,,,,,,,,,,,1079,,
2026-09-24T22:44:00-04:00,30787,30795,30784.5,30788.25,,,,,,,,,,,,,,1258,,
2026-09-24T22:45:00-04:00,30787.25,30789,30781.75,30782.75,,,,,,,,,,,,,,720,,
2026-09-24T22:46:00-04:00,30783.25,30783.25,30769.75,30772.25,,,,,,,,,,,,,,1263,,
2026-09-24T22:47:00-04:00,30772.25,30775.75,30770.25,30772,,,,,,,,,,,,,,509,,
2026-09-24T22:48:00-04:00,30772.25,30775.25,30769,30772,,,,,,,,,,,,,,538,,
2026-09-24T22:49:00-04:00,30772,30773.25,30770.75,30771.5,,,,,,,,,,,,,,315,,
2026-09-24T22:50:00-04:00,30770.75,30771.75,30764.5,30769.5,,,,,,,,,,,,,,735,,
2026-09-24T22:51:00-04:00,30769.75,30773.25,30769,30771,,,,,,,,,,,,,,584,,
2026-09-24T22:52:00-04:00,30770.75,30773.75,30767.75,30769.75,,,,,,,,,,,,,,322,,
2026-09-24T22:53:00-04:00,30770,30776.5,30769.25,30774.75,,,,,,,,,,,,,,438,,
2026-09-24T22:54:00-04:00,30774.5,30785.5,30774.5,30784.75,,,,,,,,,,,,,,854,,
2026-09-24T22:55:00-04:00,30784.75,30787,30781.75,30785.5,,,,,,,,,,,,,,624,,
2026-09-24T22:56:00-04:00,30785.5,30788,30780.75,30781.75,,,,,,,,,,,,,,575,,
2026-09-24T22:57:00-04:00,30781.5,30784.75,30778.5,30783.5,,,,,,,,,,,,,,485,,
2026-09-24T22:58:00-04:00,30784,30788.25,30783.5,30787.5,,,,,,,,,,,,,,329,,
2026-09-24T22:59:00-04:00,30787,30792,30786.75,30791.5,,,,,,,,,,,,,,462,,
2026-09-24T23:00:00-04:00,30791,30792.25,30787,30790.25,,,,,,,,,,,,,,543,,
2026-09-24T23:01:00-04:00,30790.25,30793,30781.25,30781.75,,,,,,,,,,,,,,884,,
2026-09-24T23:02:00-04:00,30781.75,30788,30780,30786.5,,,,,,,,,,,,,,561,,
2026-09-24T23:03:00-04:00,30786.5,30786.5,30781.25,30784.25,,,,,,,,,,,,,,261,,
2026-09-24T23:04:00-04:00,30784,30787,30782.75,30785.75,,,,,,,,,,,,,,282,,
2026-09-24T23:05:00-04:00,30786.25,30793.5,30786,30791,,,,,,,,,,,,,,560,,
2026-09-24T23:06:00-04:00,30791.5,30802.5,30791.25,30798.75,,,,,,,,,,,,,,1318,,
2026-09-24T23:07:00-04:00,30798.75,30807.75,30797.25,30807.25,,,,,,,,,,,,,,724,,
2026-09-24T23:08:00-04:00,30807.75,30811,30806,30809,,,,,,,,,,,,,,1031,,
2026-09-24T23:09:00-04:00,30809.5,30811.5,30804,30806.75,,,,,,,,,,,,,,673,,
2026-09-24T23:10:00-04:00,30806.5,30806.5,30799,30800.25,,,,,,,,,,,,,,660,,
2026-09-24T23:11:00-04:00,30800,30804,30800,30802.5,,,,,,,,,,,,,,422,,
2026-09-24T23:12:00-04:00,30802.25,30804,30799.25,30801,,,,,,,,,,,,,,450,,
2026-09-24T23:13:00-04:00,30800.75,30802.5,30796.75,30797,,,,,,,,,,,,,,316,,
2026-09-24T23:14:00-04:00,30796.5,30804.25,30795.25,30802.5,,,,,,,,,,,,,,648,,
2026-09-24T23:15:00-04:00,30802.5,30809.25,30799.5,30805,,,,,,,,,,,,,,861,,
2026-09-24T23:16:00-04:00,30804.75,30808,30799.5,30801.5,,,,,,,,,,,,,,781,,
2026-09-24T23:17:00-04:00,30800.75,30801.75,30789.75,30793.5,,,,,,,,,,,,,,971,,
2026-09-24T23:18:00-04:00,30793.25,30800.5,30788,30796.25,,,,,,,,,,,,,,931,,
2026-09-24T23:19:00-04:00,30796.5,30800,30796,30799.75,,,,,,,,,,,,,,245,,
2026-09-24T23:20:00-04:00,30799.75,30806,30799,30805.5,,,,,,,,,,,,,,688,,
2026-09-24T23:21:00-04:00,30804.5,30807.5,30802.5,30804,,,,,,,,,,,,,,443,,
2026-09-24T23:22:00-04:00,30803.25,30808,30803.25,30807,,,,,,,,,,,,,,324,,
2026-09-24T23:23:00-04:00,30807.5,30807.5,30798.5,30799.25,,,,,,,,,,,,,,450,,
2026-09-24T23:24:00-04:00,30799.75,30802.25,30798.5,30800.25,,,,,,,,,,,,,,310,,
2026-09-24T23:25:00-04:00,30800.5,30803.5,30796.5,30796.75,,,,,,,,,,,,,,284,,
2026-09-24T23:26:00-04:00,30797.25,30798.25,30792.75,30796.75,,,,,,,,,,,,,,579,,
2026-09-24T23:27:00-04:00,30797,30799.25,30795.25,30796.5,,,,,,,,,,,,,,201,,
2026-09-24T23:28:00-04:00,30796.5,30798.25,30793.5,30794.5,,,,,,,,,,,,,,403,,
2026-09-24T23:29:00-04:00,30794.5,30795.5,30792.25,30794.25,,,,,,,,,,,,,,283,,
2026-09-24T23:30:00-04:00,30794.25,30797,30790,30794.25,,,,,,,,,,,,,,583,,
2026-09-24T23:31:00-04:00,30795.5,30796.75,30792.5,30794,,,,,,,,,,,,,,249,,
2026-09-24T23:32:00-04:00,30794,30798,30790.75,30795.25,,,,,,,,,,,,,,655,,
2026-09-24T23:33:00-04:00,30795.25,30801.5,30794.25,30800,,,,,,,,,,,,,,500,,
2026-09-24T23:34:00-04:00,30800.25,30802.25,30797,30797.75,,,,,,,,,,,,,,399,,
2026-09-24T23:35:00-04:00,30798.5,30803.75,30796.25,30797.75,,,,,,,,,,,,,,331,,
2026-09-24T23:36:00-04:00,30798.25,30801,30792.5,30794.25,,,,,,,,,,,,,,596,,
2026-09-24T23:37:00-04:00,30793.75,30805.25,30792.5,30804.75,,,,,,,,,,,,,,471,,
2026-09-24T23:38:00-04:00,30804.5,30807.75,30802.25,30802.5,,,,,,,,,,,,,,405,,
2026-09-24T23:39:00-04:00,30803,30807.75,30802,30807.75,,,,,,,,,,,,,,321,,
2026-09-24T23:40:00-04:00,30807.5,30808.25,30805.5,30807.5,,,,,,,,,,,,,,341,,
2026-09-24T23:41:00-04:00,30807.25,30814.25,30804,30808.25,,,,,,,,,,,,,,1187,,
2026-09-24T23:42:00-04:00,30807.25,30810.5,30803.5,30806.25,,,,,,,,,,,,,,391,,
2026-09-24T23:43:00-04:00,30805.25,30806.5,30798.75,30801,,,,,,,,,,,,,,798,,
2026-09-24T23:44:00-04:00,30801,30804,30784.25,30784.5,,,,,,,,,,,,,,1147,,
2026-09-24T23:45:00-04:00,30785,30789.25,30782,30784.25,,,,,,,,,,,,,,954,,
2026-09-24T23:46:00-04:00,30784,30784.5,30774.5,30780.25,,,,,,,,,,,,,,1251,,
2026-09-24T23:47:00-04:00,30780.25,30783.5,30778,30780.75,,,,,,,,,,,,,,625,,
2026-09-24T23:48:00-04:00,30780,30782.5,30777.25,30779.5,,,,,,,,,,,,,,370,,
2026-09-24T23:49:00-04:00,30779.75,30791,30779.75,30787.25,,,,,,,,,,,,,,642,,
2026-09-24T23:50:00-04:00,30786.5,30791,30781.75,30784.5,,,,,,,,,,,,,,623,,
2026-09-24T23:51:00-04:00,30784.25,30789.5,30783.5,30787.25,,,,,,,,,,,,,,376,,
2026-09-24T23:52:00-04:00,30787.75,30793.25,30786.5,30790.75,,,,,,,,,,,,,,564,,
2026-09-24T23:53:00-04:00,30791.75,30792.5,30788.5,30790,,,,,,,,,,,,,,395,,
2026-09-24T23:54:00-04:00,30790.75,30791,30780.5,30784.75,,,,,,,,,,,,,,548,,
2026-09-24T23:55:00-04:00,30784.75,30789.5,30783.25,30787.25,,,,,,,,,,,,,,258,,
2026-09-24T23:56:00-04:00,30787.75,30791.75,30785.25,30786.75,,,,,,,,,,,,,,347,,
2026-09-24T23:57:00-04:00,30787,30794.5,30786,30793.75,,,,,,,,,,,,,,400,,
2026-09-24T23:58:00-04:00,30793.75,30794.75,30788.25,30790.5,,,,,,,,,,,,,,281,,
2026-09-24T23:59:00-04:00,30790.5,30793.25,30790,30791.75,,,,,,,,,,,,,,259,,
2026-09-25T00:00:00-04:00,30791.75,30794,30785.25,30786.25,,,,,,,,,,,,,,593,,
2026-09-25T00:01:00-04:00,30786.75,30788.25,30781.75,30785,,,,,,,,,,,,,,560,,
2026-09-25T00:02:00-04:00,30785.25,30786.5,30779.75,30783.5,,,,,,,,,,,,,,405,,
2026-09-25T00:03:00-04:00,30783.75,30785.5,30772.25,30778.5,,,,,,,,,,,,,,931,,
2026-09-25T00:04:00-04:00,30778.5,30780.25,30775.75,30778.5,,,,,,,,,,,,,,342,,
2026-09-25T00:05:00-04:00,30778,30782.25,30775.75,30777,,,,,,,,,,,,,,473,,
2026-09-25T00:06:00-04:00,30777.25,30777.5,30767.25,30771.5,,,,,,,,,,,,,,712,,
2026-09-25T00:07:00-04:00,30772.25,30777.25,30772,30776.5,,,,,,,,,,,,,,387,,
2026-09-25T00:08:00-04:00,30775.75,30778.25,30773.75,30775.5,,,,,,,,,,,,,,193,,
2026-09-25T00:09:00-04:00,30775.75,30779.5,30774.5,30775.75,,,,,,,,,,,,,,226,,
2026-09-25T00:10:00-04:00,30775,30779,30772.75,30774,,,,,,,,,,,,,,401,,
2026-09-25T00:11:00-04:00,30773.75,30774.5,30771.75,30774.5,,,,,,,,,,,,,,273,,
2026-09-25T00:12:00-04:00,30774.5,30777.75,30773,30775.75,,,,,,,,,,,,,,222,,
2026-09-25T00:13:00-04:00,30775.75,30781.5,30773.75,30778.75,,,,,,,,,,,,,,653,,
2026-09-25T00:14:00-04:00,30778.75,30779.75,30774,30774.5,,,,,,,,,,,,,,302,,
2026-09-25T00:15:00-04:00,30774.5,30781.75,30771.75,30776.5,,,,,,,,,,,,,,589,,
2026-09-25T00:16:00-04:00,30776,30777.5,30774,30775.5,,,,,,,,,,,,,,203,,
2026-09-25T00:17:00-04:00,30775.75,30780.25,30774.75,30778.5,,,,,,,,,,,,,,306,,
2026-09-25T00:18:00-04:00,30778.75,30780.25,30768.75,30769.75,,,,,,,,,,,,,,561,,
2026-09-25T00:19:00-04:00,30770,30772.5,30767.75,30771.75,,,,,,,,,,,,,,570,,
2026-09-25T00:20:00-04:00,30771.5,30773.5,30767.75,30769,,,,,,,,,,,,,,376,,
2026-09-25T00:21:00-04:00,30769.5,30773.25,30766.75,30769.75,,,,,,,,,,,,,,326,,
2026-09-25T00:22:00-04:00,30769,30772,30766.5,30768,,,,,,,,,,,,,,420,,
2026-09-25T00:23:00-04:00,30767.75,30774,30767.75,30771.75,,,,,,,,,,,,,,156,,
2026-09-25T00:24:00-04:00,30771.25,30778.5,30771,30777.75,,,,,,,,,,,,,,442,,
2026-09-25T00:25:00-04:00,30777.75,30781.75,30775.5,30779.5,,,,,,,,,,,,,,614,,
2026-09-25T00:26:00-04:00,30779.5,30779.75,30770.5,30771,,,,,,,,,,,,,,398,,
2026-09-25T00:27:00-04:00,30771,30774.75,30769.5,30770.75,,,,,,,,,,,,,,368,,
2026-09-25T00:28:00-04:00,30770.5,30777,30769.5,30775.5,,,,,,,,,,,,,,221,,
2026-09-25T00:29:00-04:00,30775.5,30780.5,30774.25,30774.75,,,,,,,,,,,,,,374,,
2026-09-25T00:30:00-04:00,30774.25,30780.75,30774.25,30778.75,,,,,,,,,,,,,,289,,
2026-09-25T00:31:00-04:00,30778,30779.25,30769.75,30774.75,,,,,,,,,,,,,,499,,
2026-09-25T00:32:00-04:00,30775.25,30775.75,30770.5,30772.25,,,,,,,,,,,,,,196,,
2026-09-25T00:33:00-04:00,30772,30775.25,30770.5,30773.75,,,,,,,,,,,,,,185,,
2026-09-25T00:34:00-04:00,30773.25,30783.75,30773.25,30782,,,,,,,,,,,,,,538,,
2026-09-25T00:35:00-04:00,30781.75,30785.25,30779.5,30782.75,,,,,,,,,,,,,,463,,
2026-09-25T00:36:00-04:00,30783,30786.75,30778.75,30782,,,,,,,,,,,,,,446,,
2026-09-25T00:37:00-04:00,30781.75,30783.75,30780,30782.75,,,,,,,,,,,,,,185,,
2026-09-25T00:38:00-04:00,30782.25,30790.5,30781,30788.25,,,,,,,,,,,,,,624,,
2026-09-25T00:39:00-04:00,30788.25,30789.5,30786.75,30788.25,,,,,,,,,,,,,,215,,
2026-09-25T00:40:00-04:00,30788.5,30792.25,30788,30790.75,,,,,,,,,,,,,,418,,
2026-09-25T00:41:00-04:00,30790.25,30790.75,30784.75,30786,,,,,,,,,,,,,,329,,
2026-09-25T00:42:00-04:00,30785.25,30791.25,30784.75,30790.5,,,,,,,,,,,,,,312,,
2026-09-25T00:43:00-04:00,30790.5,30792,30783.5,30784.75,,,,,,,,,,,,,,423,,
2026-09-25T00:44:00-04:00,30784.25,30787.75,30781.75,30783,,,,,,,,,,,,,,361,,
2026-09-25T00:45:00-04:00,30783.5,30789.25,30782.25,30788.75,,,,,,,,,,,,,,271,,
2026-09-25T00:46:00-04:00,30789,30791.5,30785.5,30787,,,,,,,,,,,,,,456,,
2026-09-25T00:47:00-04:00,30787.25,30789.75,30787,30787.25,,,,,,,,,,,,,,156,,
2026-09-25T00:48:00-04:00,30787,30789.75,30782.75,30785,,,,,,,,,,,,,,278,,
2026-09-25T00:49:00-04:00,30784.75,30786.75,30783,30784.75,,,,,,,,,,,,,,243,,
2026-09-25T00:50:00-04:00,30785,30785.25,30779.75,30783.75,,,,,,,,,,,,,,369,,
2026-09-25T00:51:00-04:00,30784.25,30792,30784,30788.5,,,,,,,,,,,,,,395,,
2026-09-25T00:52:00-04:00,30788.5,30789,30780.25,30780.25,,,,,,,,,,,,,,311,,
2026-09-25T00:53:00-04:00,30780.75,30782.75,30777.25,30780,,,,,,,,,,,,,,465,,
2026-09-25T00:54:00-04:00,30780.25,30785,30779.25,30783.5,,,,,,,,,,,,,,210,,
2026-09-25T00:55:00-04:00,30783.75,30783.75,30779.25,30781.5,,,,,,,,,,,,,,126,,
2026-09-25T00:56:00-04:00,30782.25,30784,30777.5,30779,,,,,,,,,,,,,,170,,
2026-09-25T00:57:00-04:00,30778.25,30778.25,30767.25,30768.5,,,,,,,,,,,,,,823,,
2026-09-25T00:58:00-04:00,30768.75,30775.25,30768.5,30774,,,,,,,,,,,,,,416,,
2026-09-25T00:59:00-04:00,30773.75,30781.25,30773.5,30778,,,,,,,,,,,,,,441,,
2026-09-25T01:00:00-04:00,30778,30781,30775.75,30778,,,,,,,,,,,,,,437,,
2026-09-25T01:01:00-04:00,30778.5,30785.25,30776.75,30776.75,,,,,,,,,,,,,,423,,
2026-09-25T01:02:00-04:00,30776.25,30782.25,30776.25,30781.25,,,,,,,,,,,,,,185,,
2026-09-25T01:03:00-04:00,30782,30785.5,30780.25,30785.5,,,,,,,,,,,,,,287,,
2026-09-25T01:04:00-04:00,30785.5,30794.75,30785.5,30790,,,,,,,,,,,,,,1017,,
2026-09-25T01:05:00-04:00,30790.5,30798.75,30790.5,30794.75,,,,,,,,,,,,,,695,,
2026-09-25T01:06:00-04:00,30795.25,30802,30794.75,30799.5,,,,,,,,,,,,,,641,,
2026-09-25T01:07:00-04:00,30799.75,30799.75,30791,30791.75,,,,,,,,,,,,,,502,,
2026-09-25T01:08:00-04:00,30791.5,30802.75,30787.75,30801,,,,,,,,,,,,,,747,,
2026-09-25T01:09:00-04:00,30801,30810,30800.5,30808,,,,,,,,,,,,,,820,,
2026-09-25T01:10:00-04:00,30807.5,30811.25,30805,30811,,,,,,,,,,,,,,740,,
2026-09-25T01:11:00-04:00,30810.75,30812.75,30808,30809.5,,,,,,,,,,,,,,512,,
2026-09-25T01:12:00-04:00,30809.75,30813.75,30808.75,30812,,,,,,,,,,,,,,444,,
2026-09-25T01:13:00-04:00,30812,30812.5,30805,30806.25,,,,,,,,,,,,,,535,,
2026-09-25T01:14:00-04:00,30806.75,30807.5,30798.75,30801.5,,,,,,,,,,,,,,550,,
2026-09-25T01:15:00-04:00,30802,30810.75,30801.75,30808.75,,,,,,,,,,,,,,757,,
2026-09-25T01:16:00-04:00,30808.5,30810.5,30803.5,30809.25,,,,,,,,,,,,,,327,,
2026-09-25T01:17:00-04:00,30809.25,30813,30803.25,30803.25,,,,,,,,,,,,,,368,,
2026-09-25T01:18:00-04:00,30804.25,30807.75,30804.25,30805.5,,,,,,,,,,,,,,191,,
2026-09-25T01:19:00-04:00,30805.25,30807,30800.5,30803.25,,,,,,,,,,,,,,457,,
2026-09-25T01:20:00-04:00,30803.5,30806.75,30801,30801.25,,,,,,,,,,,,,,420,,
2026-09-25T01:21:00-04:00,30801.25,30807.25,30801.25,30806.5,,,,,,,,,,,,,,226,,
2026-09-25T01:22:00-04:00,30805.5,30806.25,30801,30802.25,,,,,,,,,,,,,,204,,
2026-09-25T01:23:00-04:00,30802.75,30806,30800,30800.5,,,,,,,,,,,,,,374,,
2026-09-25T01:24:00-04:00,30801,30801.5,30789.5,30790.5,,,,,,,,,,,,,,855,,
2026-09-25T01:25:00-04:00,30790,30797.25,30789,30795.75,,,,,,,,,,,,,,532,,
2026-09-25T01:26:00-04:00,30795,30805.75,30793.25,30805.5,,,,,,,,,,,,,,648,,
2026-09-25T01:27:00-04:00,30804.75,30806.75,30802.5,30806.25,,,,,,,,,,,,,,368,,
2026-09-25T01:28:00-04:00,30806.75,30809,30804,30807.75,,,,,,,,,,,,,,369,,
2026-09-25T01:29:00-04:00,30808.5,30809.25,30803,30805.5,,,,,,,,,,,,,,261,,
2026-09-25T01:30:00-04:00,30805,30821.25,30801.75,30820.75,,,,,,,,,,,,,,1576,,
2026-09-25T01:31:00-04:00,30821.25,30833.25,30820.25,30828.25,,,,,,,,,,,,,,2481,,
2026-09-25T01:32:00-04:00,30828.25,30836,30826.5,30828,,,,,,,,,,,,,,1774,,
2026-09-25T01:33:00-04:00,30828,30847.5,30824.75,30846.25,,,,,,,,,,,,,,2492,,
2026-09-25T01:34:00-04:00,30846.25,30849.25,30836.75,30838.5,,,,,,,,,,,,,,1176,,
2026-09-25T01:35:00-04:00,30838,30848.5,30838,30844.25,,,,,,,,,,,,,,734,,
2026-09-25T01:36:00-04:00,30844,30852.75,30841.25,30845.75,,,,,,,,,,,,,,1109,,
2026-09-25T01:37:00-04:00,30845.5,30849.5,30845.5,30846.75,,,,,,,,,,,,,,372,,
2026-09-25T01:38:00-04:00,30847.25,30850.25,30844,30844.5,,,,,,,,,,,,,,441,,
2026-09-25T01:39:00-04:00,30844.75,30852,30844.5,30849,,,,,,,,,,,,,,531,,
2026-09-25T01:40:00-04:00,30849,30853.75,30848,30852,,,,,,,,,,,,,,415,,
2026-09-25T01:41:00-04:00,30852.5,30854.25,30850,30850.75,,,,,,,,,,,,,,377,,
2026-09-25T01:42:00-04:00,30851,30851.75,30845,30846,,,,,,,,,,,,,,617,,
2026-09-25T01:43:00-04:00,30846.25,30855,30846,30853.75,,,,,,,,,,,,,,445,,
2026-09-25T01:44:00-04:00,30853.75,30866.5,30852.75,30865.75,,,,,,,,,,,,,,1380,,
2026-09-25T01:45:00-04:00,30866,30869,30858.25,30862.25,,,,,,,,,,,,,,1220,,
2026-09-25T01:46:00-04:00,30862.25,30865,30857.75,30863.25,,,,,,,,,,,,,,622,,
2026-09-25T01:47:00-04:00,30863.25,30865.75,30863,30863.25,,,,,,,,,,,,,,427,,
2026-09-25T01:48:00-04:00,30863,30864.5,30856.5,30858,,,,,,,,,,,,,,595,,
2026-09-25T01:49:00-04:00,30858,30858,30851.5,30853,,,,,,,,,,,,,,751,,
2026-09-25T01:50:00-04:00,30852.75,30858.75,30851.5,30856.5,,,,,,,,,,,,,,649,,
2026-09-25T01:51:00-04:00,30856,30864,30855.25,30863,,,,,,,,,,,,,,400,,
2026-09-25T01:52:00-04:00,30863,30864.5,30861.5,30862.25,,,,,,,,,,,,,,350,,
2026-09-25T01:53:00-04:00,30862.5,30865,30861.5,30863.5,,,,,,,,,,,,,,330,,
2026-09-25T01:54:00-04:00,30863.5,30865,30862,30864,,,,,,,,,,,,,,270,,
2026-09-25T01:55:00-04:00,30864.5,30864.5,30858.75,30860.25,,,,,,,,,,,,,,379,,
2026-09-25T01:56:00-04:00,30860.5,30860.5,30847,30848,,,,,,,,,,,,,,816,,
2026-09-25T01:57:00-04:00,30847.5,30851,30846.25,30851,,,,,,,,,,,,,,503,,
2026-09-25T01:58:00-04:00,30850.25,30855,30849.75,30853.5,,,,,,,,,,,,,,398,,
2026-09-25T01:59:00-04:00,30853.25,30854.75,30849.25,30850.5,,,,,,,,,,,,,,540,,
2026-09-25T02:00:00-04:00,30850.25,30862,30849,30853.5,,,,,,,,,,,,,,1117,,
2026-09-25T02:01:00-04:00,30853.75,30867.5,30853.25,30864.5,,,,,,,,,,,,,,796,,
2026-09-25T02:02:00-04:00,30864.75,30866.5,30861.25,30863.75,,,,,,,,,,,,,,389,,
2026-09-25T02:03:00-04:00,30863.25,30865.75,30859.25,30862,,,,,,,,,,,,,,508,,
2026-09-25T02:04:00-04:00,30862,30865.5,30857.75,30864.5,,,,,,,,,,,,,,389,,
2026-09-25T02:05:00-04:00,30864.5,30868,30861,30863.25,,,,,,,,,,,,,,588,,
2026-09-25T02:06:00-04:00,30863,30870.75,30861.75,30863.75,,,,,,,,,,,,,,871,,
2026-09-25T02:07:00-04:00,30864.25,30873.75,30864.25,30869.25,,,,,,,,,,,,,,864,,
2026-09-25T02:08:00-04:00,30869,30870.25,30864.5,30868,,,,,,,,,,,,,,565,,
2026-09-25T02:09:00-04:00,30868.5,30876,30866.5,30874.25,,,,,,,,,,,,,,943,,
2026-09-25T02:10:00-04:00,30874.25,30883,30873,30882,,,,,,,,,,,,,,1330,,
2026-09-25T02:11:00-04:00,30882,30885.75,30877.5,30884.25,,,,,,,,,,,,,,978,,
2026-09-25T02:12:00-04:00,30884,30890.75,30883.25,30885.25,,,,,,,,,,,,,,942,,
2026-09-25T02:13:00-04:00,30884.75,30887.25,30883.5,30885.75,,,,,,,,,,,,,,444,,
2026-09-25T02:14:00-04:00,30885.5,30889.75,30882.75,30887.25,,,,,,,,,,,,,,490,,
2026-09-25T02:15:00-04:00,30887,30890.5,30884,30884.75,,,,,,,,,,,,,,601,,
2026-09-25T02:16:00-04:00,30884.25,30896.25,30880.75,30892.75,,,,,,,,,,,,,,1325,,
2026-09-25T02:17:00-04:00,30892.5,30900.75,30891.75,30898.25,,,,,,,,,,,,,,1258,,
2026-09-25T02:18:00-04:00,30897.5,30898.5,30886.75,30891.75,,,,,,,,,,,,,,853,,
2026-09-25T02:19:00-04:00,30891.5,30896.75,30890,30895.5,,,,,,,,,,,,,,572,,
2026-09-25T02:20:00-04:00,30896.25,30905,30895.25,30900.25,,,,,,,,,,,,,,1222,,
2026-09-25T02:21:00-04:00,30900.75,30905,30899.75,30904.75,,,,,,,,,,,,,,460,,
2026-09-25T02:22:00-04:00,30904.25,30905.25,30893.75,30894.5,,,,,,,,,,,,,,810,,
2026-09-25T02:23:00-04:00,30894.5,30897.5,30891.25,30893.5,,,,,,,,,,,,,,686,,
2026-09-25T02:24:00-04:00,30893.25,30899.75,30890.75,30897.5,,,,,,,,,,,,,,567,,
2026-09-25T02:25:00-04:00,30898,30902.25,30893.25,30895.5,,,,,,,,,,,,,,606,,
2026-09-25T02:26:00-04:00,30895,30896.75,30888.25,30889.5,,,,,,,,,,,,,,980,,
2026-09-25T02:27:00-04:00,30889.25,30893,30882.75,30889.5,,,,,,,,,,,,,,1051,,
2026-09-25T02:28:00-04:00,30889.5,30890.5,30883,30884.25,,,,,,,,,,,,,,551,,
2026-09-25T02:29:00-04:00,30884.25,30885.75,30872.5,30879.75,,,,,,,,,,,,,,1114,,
2026-09-25T02:30:00-04:00,30880.5,30887.75,30879.25,30884.5,,,,,,,,,,,,,,818,,
2026-09-25T02:31:00-04:00,30884.5,30885.25,30879.5,30881.25,,,,,,,,,,,,,,433,,
2026-09-25T02:32:00-04:00,30881.25,30884.75,30880,30883.25,,,,,,,,,,,,,,297,,
2026-09-25T02:33:00-04:00,30882.75,30883.25,30875,30881.5,,,,,,,,,,,,,,703,,
2026-09-25T02:34:00-04:00,30881.25,30892,30880.25,30891.5,,,,,,,,,,,,,,611,,
2026-09-25T02:35:00-04:00,30891.25,30892.25,30885.5,30890,,,,,,,,,,,,,,543,,
2026-09-25T02:36:00-04:00,30888.75,30890.25,30878.25,30878.75,,,,,,,,,,,,,,509,,
2026-09-25T02:37:00-04:00,30878.75,30882.75,30878,30881.5,,,,,,,,,,,,,,384,,
2026-09-25T02:38:00-04:00,30881.5,30885.25,30879.75,30883.75,,,,,,,,,,,,,,374,,
2026-09-25T02:39:00-04:00,30883.25,30884.5,30879.75,30881.75,,,,,,,,,,,,,,233,,
2026-09-25T02:40:00-04:00,30881.75,30887.5,30880.5,30884,,,,,,,,,,,,,,369,,
2026-09-25T02:41:00-04:00,30884.5,30888,30883.75,30884.75,,,,,,,,,,,,,,255,,
2026-09-25T02:42:00-04:00,30885,30887.75,30884.25,30887.25,,,,,,,,,,,,,,242,,
2026-09-25T02:43:00-04:00,30887.75,30888.5,30879.5,30883,,,,,,,,,,,,,,534,,
2026-09-25T02:44:00-04:00,30882.5,30882.75,30875,30881.25,,,,,,,,,,,,,,653,,
2026-09-25T02:45:00-04:00,30880.25,30886.25,30878.25,30881.75,,,,,,,,,,,,,,452,,
2026-09-25T02:46:00-04:00,30881.75,30884,30878.75,30882.75,,,,,,,,,,,,,,211,,
2026-09-25T02:47:00-04:00,30882.25,30883.25,30865.5,30866.75,,,,,,,,,,,,,,905,,
2026-09-25T02:48:00-04:00,30867.25,30876,30864.25,30874.25,,,,,,,,,,,,,,814,,
2026-09-25T02:49:00-04:00,30874.75,30878.5,30873,30875,,,,,,,,,,,,,,336,,
2026-09-25T02:50:00-04:00,30875.5,30878.75,30869.25,30871.25,,,,,,,,,,,,,,470,,
2026-09-25T02:51:00-04:00,30871.5,30873.75,30867.5,30868.75,,,,,,,,,,,,,,501,,
2026-09-25T02:52:00-04:00,30868.75,30872.25,30864.25,30865,,,,,,,,,,,,,,511,,
2026-09-25T02:53:00-04:00,30865.5,30868.5,30863.75,30868.5,,,,,,,,,,,,,,279,,
2026-09-25T02:54:00-04:00,30868.5,30876.5,30866.5,30874,,,,,,,,,,,,,,499,,
2026-09-25T02:55:00-04:00,30874.5,30881,30873.75,30879.5,,,,,,,,,,,,,,794,,
2026-09-25T02:56:00-04:00,30878.5,30883,30875.5,30879.5,,,,,,,,,,,,,,438,,
2026-09-25T02:57:00-04:00,30879.25,30879.25,30873,30873.25,,,,,,,,,,,,,,362,,
2026-09-25T02:58:00-04:00,30873.25,30873.25,30868.75,30869,,,,,,,,,,,,,,361,,
2026-09-25T02:59:00-04:00,30869.75,30870.25,30864.5,30866.5,,,,,,,,,,,,,,427,,
2026-09-25T03:00:00-04:00,30866.25,30881,30865.75,30878.25,,,,,,,,,,,,,,1456,,
2026-09-25T03:01:00-04:00,30875.75,30879,30871.5,30878.5,,,,,,,,,,,,,,621,,
2026-09-25T03:02:00-04:00,30877.75,30884.75,30877.25,30882.5,,,,,,,,,,,,,,600,,
2026-09-25T03:03:00-04:00,30881.5,30885,30874.75,30882.75,,,,,,,,,,,,,,694,,
2026-09-25T03:04:00-04:00,30882.75,30888.5,30870.25,30872,,,,,,,,,,,,,,777,,
2026-09-25T03:05:00-04:00,30871.75,30884,30866.5,30880.75,,,,,,,,,,,,,,815,,
2026-09-25T03:06:00-04:00,30880.25,30883,30875,30882.5,,,,,,,,,,,,,,307,,
2026-09-25T03:07:00-04:00,30882.75,30888.5,30873.25,30874.75,,,,,,,,,,,,,,534,,
2026-09-25T03:08:00-04:00,30874.25,30883.25,30873.25,30879.25,,,,,,,,,,,,,,489,,
2026-09-25T03:09:00-04:00,30878.5,30880.25,30872.25,30878.75,,,,,,,,,,,,,,346,,
2026-09-25T03:10:00-04:00,30879,30883.25,30871.5,30875.75,,,,,,,,,,,,,,779,,
2026-09-25T03:11:00-04:00,30875.5,30883.25,30873.5,30880.75,,,,,,,,,,,,,,404,,
2026-09-25T03:12:00-04:00,30880.5,30887,30877,30885.5,,,,,,,,,,,,,,395,,
2026-09-25T03:13:00-04:00,30885.5,30897.5,30885.25,30891,,,,,,,,,,,,,,1312,,
2026-09-25T03:14:00-04:00,30891.25,30897.75,30891.25,30894.5,,,,,,,,,,,,,,502,,
2026-09-25T03:15:00-04:00,30894.75,30903,30893.5,30893.5,,,,,,,,,,,,,,1095,,
2026-09-25T03:16:00-04:00,30893.5,30898.75,30889.25,30892.25,,,,,,,,,,,,,,909,,
2026-09-25T03:17:00-04:00,30892,30894.75,30890,30894.25,,,,,,,,,,,,,,442,,
2026-09-25T03:18:00-04:00,30894,30894.25,30888.5,30889.5,,,,,,,,,,,,,,417,,
2026-09-25T03:19:00-04:00,30889.25,30892.25,30880.25,30885.5,,,,,,,,,,,,,,665,,
2026-09-25T03:20:00-04:00,30885.75,30891.75,30875.5,30883,,,,,,,,,,,,,,1562,,
2026-09-25T03:21:00-04:00,30882.25,30890.75,30878.5,30884,,,,,,,,,,,,,,644,,
2026-09-25T03:22:00-04:00,30885,30889.5,30882.75,30883.75,,,,,,,,,,,,,,294,,
2026-09-25T03:23:00-04:00,30884,30891.25,30880,30881.5,,,,,,,,,,,,,,606,,
2026-09-25T03:24:00-04:00,30881.75,30885.75,30880.75,30882.75,,,,,,,,,,,,,,173,,
2026-09-25T03:25:00-04:00,30883.75,30885,30878.5,30882.5,,,,,,,,,,,,,,351,,
2026-09-25T03:26:00-04:00,30882,30883.25,30876.5,30876.5,,,,,,,,,,,,,,344,,
2026-09-25T03:27:00-04:00,30877.5,30888.25,30870.25,30886.75,,,,,,,,,,,,,,804,,
2026-09-25T03:28:00-04:00,30886.75,30895.25,30884.5,30893,,,,,,,,,,,,,,832,,
2026-09-25T03:29:00-04:00,30893.5,30902.5,30891,30901.5,,,,,,,,,,,,,,912,,
2026-09-25T03:30:00-04:00,30901.25,30903.75,30891,30898.5,,,,,,,,,,,,,,965,,
2026-09-25T03:31:00-04:00,30897,30905,30896.5,30898,,,,,,,,,,,,,,700,,
2026-09-25T03:32:00-04:00,30897.5,30898.5,30875.5,30876.25,,,,,,,,,,,,,,1227,,
2026-09-25T03:33:00-04:00,30876.5,30879.75,30864,30864.75,,,,,,,,,,,,,,1201,,
2026-09-25T03:34:00-04:00,30866,30867,30861.75,30863.75,,,,,,,,,,,,,,1028,,
2026-09-25T03:35:00-04:00,30864.25,30870.25,30862.75,30867.25,,,,,,,,,,,,,,783,,
2026-09-25T03:36:00-04:00,30866.25,30872,30865.5,30868.5,,,,,,,,,,,,,,565,,
2026-09-25T03:37:00-04:00,30868.75,30873.25,30866.5,30871.5,,,,,,,,,,,,,,578,,
2026-09-25T03:38:00-04:00,30872.5,30873.75,30862.5,30865,,,,,,,,,,,,,,708,,
2026-09-25T03:39:00-04:00,30864.25,30865.5,30858.75,30860,,,,,,,,,,,,,,685,,
2026-09-25T03:40:00-04:00,30859.75,30865,30856.75,30860.5,,,,,,,,,,,,,,740,,
2026-09-25T03:41:00-04:00,30859.5,30864.25,30855.5,30863,,,,,,,,,,,,,,461,,
2026-09-25T03:42:00-04:00,30863,30870,30863,30868.25,,,,,,,,,,,,,,580,,
2026-09-25T03:43:00-04:00,30866,30869.5,30865,30867.75,,,,,,,,,,,,,,424,,
2026-09-25T03:44:00-04:00,30867.5,30867.5,30859.5,30860.75,,,,,,,,,,,,,,467,,
2026-09-25T03:45:00-04:00,30861.75,30866.5,30860.75,30861.5,,,,,,,,,,,,,,312,,
2026-09-25T03:46:00-04:00,30861.75,30876.75,30861,30875.75,,,,,,,,,,,,,,1163,,
2026-09-25T03:47:00-04:00,30875.25,30880.75,30872.75,30874.25,,,,,,,,,,,,,,783,,
2026-09-25T03:48:00-04:00,30874.5,30875,30861.75,30862.5,,,,,,,,,,,,,,716,,
2026-09-25T03:49:00-04:00,30862.5,30868.25,30861.75,30863,,,,,,,,,,,,,,478,,
2026-09-25T03:50:00-04:00,30863.25,30866.75,30858.75,30864.5,,,,,,,,,,,,,,569,,
2026-09-25T03:51:00-04:00,30864.75,30867.5,30862,30865,,,,,,,,,,,,,,266,,
2026-09-25T03:52:00-04:00,30864.75,30867.25,30862,30864,,,,,,,,,,,,,,313,,
2026-09-25T03:53:00-04:00,30863.75,30872.5,30862.25,30872.25,,,,,,,,,,,,,,533,,
2026-09-25T03:54:00-04:00,30871.5,30871.5,30862,30866.75,,,,,,,,,,,,,,403,,
2026-09-25T03:55:00-04:00,30866.25,30874.25,30863,30867.75,,,,,,,,,,,,,,659,,
2026-09-25T03:56:00-04:00,30868.75,30875.5,30866.5,30874.25,,,,,,,,,,,,,,336,,
2026-09-25T03:57:00-04:00,30873.75,30879,30867.75,30869.75,,,,,,,,,,,,,,382,,
2026-09-25T03:58:00-04:00,30870.5,30871,30867,30868.75,,,,,,,,,,,,,,218,,
2026-09-25T03:59:00-04:00,30869.75,30875.25,30867.5,30867.5,,,,,,,,,,,,,,326,,
2026-09-25T04:00:00-04:00,30867.75,30875.75,30862.25,30873.75,,,,,,,,,,,,,,1382,,
2026-09-25T04:01:00-04:00,30873.75,30877.25,30869.25,30871.5,,,,,,,,,,,,,,654,,
2026-09-25T04:02:00-04:00,30871.25,30877,30866.75,30869.5,,,,,,,,,,,,,,630,,
2026-09-25T04:03:00-04:00,30870,30870.75,30843.75,30852,,,,,,,,,,,,,,2474,,
2026-09-25T04:04:00-04:00,30852,30855,30846.25,30847.5,,,,,,,,,,,,,,861,,
2026-09-25T04:05:00-04:00,30847.75,30859.75,30847.25,30852.75,,,,,,,,,,,,,,993,,
2026-09-25T04:06:00-04:00,30853,30860.75,30846,30847,,,,,,,,,,,,,,853,,
2026-09-25T04:07:00-04:00,30847,30848.75,30837.5,30848.75,,,,,,,,,,,,,,1367,,
2026-09-25T04:08:00-04:00,30848.75,30861.5,30844.75,30859.5,,,,,,,,,,,,,,968,,
2026-09-25T04:09:00-04:00,30859.75,30863.5,30855.75,30859.5,,,,,,,,,,,,,,748,,
2026-09-25T04:10:00-04:00,30859,30866.5,30857.5,30863.5,,,,,,,,,,,,,,486,,
2026-09-25T04:11:00-04:00,30863.75,30871.25,30858.5,30869,,,,,,,,,,,,,,634,,
2026-09-25T04:12:00-04:00,30868.5,30885.5,30867.25,30884.25,,,,,,,,,,,,,,1467,,
2026-09-25T04:13:00-04:00,30884.75,30889.5,30878,30881,,,,,,,,,,,,,,869,,
2026-09-25T04:14:00-04:00,30881.5,30890.75,30876,30879,,,,,,,,,,,,,,879,,
2026-09-25T04:15:00-04:00,30878.25,30887.25,30878.25,30886.25,,,,,,,,,,,,,,344,,
2026-09-25T04:16:00-04:00,30886.75,30896,30882.5,30895.75,,,,,,,,,,,,,,916,,
2026-09-25T04:17:00-04:00,30895.75,30897.75,30883.5,30884.5,,,,,,,,,,,,,,895,,
2026-09-25T04:18:00-04:00,30884.75,30887.25,30879,30886.25,,,,,,,,,,,,,,424,,
2026-09-25T04:19:00-04:00,30886.75,30890,30883.5,30887.25,,,,,,,,,,,,,,428,,
2026-09-25T04:20:00-04:00,30887.25,30890.25,30884.75,30886.75,,,,,,,,,,,,,,374,,
2026-09-25T04:21:00-04:00,30887,30893.75,30885.5,30893,,,,,,,,,,,,,,342,,
2026-09-25T04:22:00-04:00,30893,30903.75,30890.75,30901,,,,,,,,,,,,,,791,,
2026-09-25T04:23:00-04:00,30901.5,30902.25,30886.25,30894,,,,,,,,,,,,,,815,,
2026-09-25T04:24:00-04:00,30893.5,30909.75,30890.75,30908.5,,,,,,,,,,,,,,946,,
2026-09-25T04:25:00-04:00,30908,30909.5,30902.75,30905,,,,,,,,,,,,,,611,,
2026-09-25T04:26:00-04:00,30905.5,30906,30896,30903.25,,,,,,,,,,,,,,483,,
2026-09-25T04:27:00-04:00,30902.75,30913,30901.25,30911.25,,,,,,,,,,,,,,998,,
2026-09-25T04:28:00-04:00,30911.25,30925.5,30911.25,30922.75,,,,,,,,,,,,,,1625,,
2026-09-25T04:29:00-04:00,30923,30927.25,30921.25,30923,,,,,,,,,,,,,,743,,
2026-09-25T04:30:00-04:00,30922.75,30927.5,30921.25,30923.25,,,,,,,,,,,,,,580,,
2026-09-25T04:31:00-04:00,30924,30926.75,30921.75,30925,,,,,,,,,,,,,,503,,
2026-09-25T04:32:00-04:00,30924.75,30926,30915,30918,,,,,,,,,,,,,,663,,
2026-09-25T04:33:00-04:00,30918.25,30933.25,30917,30932.75,,,,,,,,,,,,,,922,,
2026-09-25T04:34:00-04:00,30932.75,30934,30926.25,30927.25,,,,,,,,,,,,,,655,,
2026-09-25T04:35:00-04:00,30927.25,30932.25,30927,30930.5,,,,,,,,,,,,,,482,,
2026-09-25T04:36:00-04:00,30931.25,30931.75,30923,30923.25,,,,,,,,,,,,,,447,,
2026-09-25T04:37:00-04:00,30923.25,30924.25,30920.25,30921,,,,,,,,,,,,,,392,,
2026-09-25T04:38:00-04:00,30921.25,30928.5,30920.5,30925,,,,,,,,,,,,,,410,,
2026-09-25T04:39:00-04:00,30925,30925,30911.25,30917.25,,,,,,,,,,,,,,1060,,
2026-09-25T04:40:00-04:00,30916.75,30926,30916.75,30925.25,,,,,,,,,,,,,,462,,
2026-09-25T04:41:00-04:00,30925.75,30928.25,30921.75,30926.25,,,,,,,,,,,,,,507,,
2026-09-25T04:42:00-04:00,30926.5,30931,30923,30929.25,,,,,,,,,,,,,,471,,
2026-09-25T04:43:00-04:00,30929.25,30933,30927,30931.25,,,,,,,,,,,,,,306,,
2026-09-25T04:44:00-04:00,30931.75,30935.5,30930.25,30934.25,,,,,,,,,,,,,,506,,
2026-09-25T04:45:00-04:00,30933.75,30941,30933.25,30938.75,,,,,,,,,,,,,,852,,
2026-09-25T04:46:00-04:00,30939.25,30944.75,30938.25,30938.75,,,,,,,,,,,,,,869,,
2026-09-25T04:47:00-04:00,30938.75,30940.25,30936.5,30937.25,,,,,,,,,,,,,,286,,
2026-09-25T04:48:00-04:00,30937,30940,30935.25,30939,,,,,,,,,,,,,,285,,
2026-09-25T04:49:00-04:00,30939.25,30943,30933,30933,,,,,,,,,,,,,,467,,
2026-09-25T04:50:00-04:00,30933.75,30936,30931.25,30933.5,,,,,,,,,,,,,,364,,
2026-09-25T04:51:00-04:00,30933,30937.5,30931,30931.5,,,,,,,,,,,,,,446,,
2026-09-25T04:52:00-04:00,30931.5,30940,30930.75,30939.25,,,,,,,,,,,,,,460,,
2026-09-25T04:53:00-04:00,30939.75,30940.25,30935.75,30936,,,,,,,,,,,,,,245,,
2026-09-25T04:54:00-04:00,30936,30942.5,30935,30941,,,,,,,,,,,,,,321,,
2026-09-25T04:55:00-04:00,30940.75,30949.75,30940.75,30947.75,,,,,,,,,,,,,,959,,
2026-09-25T04:56:00-04:00,30948.25,30952.5,30944.75,30951.5,,,,,,,,,,,,,,698,,
2026-09-25T04:57:00-04:00,30951.75,30953.25,30950,30952.25,,,,,,,,,,,,,,404,,
2026-09-25T04:58:00-04:00,30952.75,30954.75,30950.5,30951.25,,,,,,,,,,,,,,388,,
2026-09-25T04:59:00-04:00,30951.5,30951.5,30945.5,30946.25,,,,,,,,,,,,,,458,,
2026-09-25T05:00:00-04:00,30946.25,30950.5,30941.5,30950.25,,,,,,,,,,,,,,751,,
2026-09-25T05:01:00-04:00,30950,30952.25,30944.5,30949.5,,,,,,,,,,,,,,466,,
2026-09-25T05:02:00-04:00,30949,30951.25,30946.25,30948.75,,,,,,,,,,,,,,239,,
2026-09-25T05:03:00-04:00,30948.5,30955.75,30948.5,30952.25,,,,,,,,,,,,,,529,,
2026-09-25T05:04:00-04:00,30952.25,30952.25,30946.25,30947.75,,,,,,,,,,,,,,287,,
2026-09-25T05:05:00-04:00,30948,30954,30946.25,30953.5,,,,,,,,,,,,,,370,,
2026-09-25T05:06:00-04:00,30952.75,30955.75,30950.5,30955.75,,,,,,,,,,,,,,309,,
2026-09-25T05:07:00-04:00,30955.5,30959.5,30954.5,30956,,,,,,,,,,,,,,545,,
2026-09-25T05:08:00-04:00,30956.5,30960,30954.75,30959,,,,,,,,,,,,,,419,,
2026-09-25T05:09:00-04:00,30959.75,30960.5,30957,30959.25,,,,,,,,,,,,,,260,,
2026-09-25T05:10:00-04:00,30958.75,30960,30953.25,30955.25,,,,,,,,,,,,,,508,,
2026-09-25T05:11:00-04:00,30955.75,30956.25,30952,30953.75,,,,,,,,,,,,,,290,,
2026-09-25T05:12:00-04:00,30954,30957.5,30950.5,30957.25,,,,,,,,,,,,,,383,,
2026-09-25T05:13:00-04:00,30957.25,30959,30953,30957,,,,,,,,,,,,,,398,,
2026-09-25T05:14:00-04:00,30956.75,30958.5,30953.25,30953.5,,,,,,,,,,,,,,201,,
2026-09-25T05:15:00-04:00,30953.5,30963,30950,30958.5,,,,,,,,,,,,,,1155,,
2026-09-25T05:16:00-04:00,30959.25,30960,30955.5,30956.25,,,,,,,,,,,,,,259,,
2026-09-25T05:17:00-04:00,30956.75,30958.75,30952.25,30953.5,,,,,,,,,,,,,,309,,
2026-09-25T05:18:00-04:00,30954.25,30955.75,30948.25,30951.25,,,,,,,,,,,,,,685,,
2026-09-25T05:19:00-04:00,30952.25,30956.5,30949.5,30950,,,,,,,,,,,,,,308,,
2026-09-25T05:20:00-04:00,30950,30952,30942.25,30944.5,,,,,,,,,,,,,,670,,
2026-09-25T05:21:00-04:00,30944,30944.75,30940.5,30942.25,,,,,,,,,,,,,,582,,
2026-09-25T05:22:00-04:00,30942.75,30949.25,30941.5,30947.5,,,,,,,,,,,,,,521,,
2026-09-25T05:23:00-04:00,30948.25,30951.5,30939.5,30943.75,,,,,,,,,,,,,,654,,
2026-09-25T05:24:00-04:00,30943,30949.75,30941.5,30949,,,,,,,,,,,,,,272,,
2026-09-25T05:25:00-04:00,30949,30950,30939.5,30942.75,,,,,,,,,,,,,,369,,
2026-09-25T05:26:00-04:00,30942.25,30946.75,30941.25,30944.25,,,,,,,,,,,,,,233,,
2026-09-25T05:27:00-04:00,30944.75,30945,30940.25,30942.75,,,,,,,,,,,,,,282,,
2026-09-25T05:28:00-04:00,30943,30944.75,30941.25,30941.75,,,,,,,,,,,,,,191,,
2026-09-25T05:29:00-04:00,30941.5,30943.25,30937.25,30939,,,,,,,,,,,,,,503,,
2026-09-25T05:30:00-04:00,30939.25,30946,30930,30943.75,,,,,,,,,,,,,,1428,,
2026-09-25T05:31:00-04:00,30943.75,30947.25,30940.25,30945.5,,,,,,,,,,,,,,490,,
2026-09-25T05:32:00-04:00,30945.25,30952,30944.25,30944.75,,,,,,,,,,,,,,702,,
2026-09-25T05:33:00-04:00,30945,30947.75,30943.5,30944,,,,,,,,,,,,,,179,,
2026-09-25T05:34:00-04:00,30944.75,30949,30941.25,30944,,,,,,,,,,,,,,438,,
2026-09-25T05:35:00-04:00,30944.25,30944.75,30939.25,30942.75,,,,,,,,,,,,,,303,,
2026-09-25T05:36:00-04:00,30944,30946.5,30937,30941.75,,,,,,,,,,,,,,441,,
2026-09-25T05:37:00-04:00,30941.75,30943.5,30938.75,30942,,,,,,,,,,,,,,159,,
2026-09-25T05:38:00-04:00,30942.5,30942.5,30935.75,30937,,,,,,,,,,,,,,318,,
2026-09-25T05:39:00-04:00,30936.25,30942.5,30934.5,30941.5,,,,,,,,,,,,,,429,,
2026-09-25T05:40:00-04:00,30941.75,30943,30936,30941.5,,,,,,,,,,,,,,300,,
2026-09-25T05:41:00-04:00,30941,30943,30938.5,30940,,,,,,,,,,,,,,174,,
2026-09-25T05:42:00-04:00,30940,30944.25,30939.75,30940.25,,,,,,,,,,,,,,224,,
2026-09-25T05:43:00-04:00,30940.75,30942,30932.25,30939.25,,,,,,,,,,,,,,558,,
2026-09-25T05:44:00-04:00,30939.25,30940.25,30936.5,30936.75,,,,,,,,,,,,,,188,,
2026-09-25T05:45:00-04:00,30937.25,30937.5,30925.25,30926.5,,,,,,,,,,,,,,844,,
2026-09-25T05:46:00-04:00,30926.5,30926.5,30916.5,30918.25,,,,,,,,,,,,,,1149,,
2026-09-25T05:47:00-04:00,30918,30919.75,30915.5,30917.75,,,,,,,,,,,,,,500,,
2026-09-25T05:48:00-04:00,30918.75,30920.75,30916.5,30920,,,,,,,,,,,,,,428,,
2026-09-25T05:49:00-04:00,30920.75,30923,30918.25,30921.25,,,,,,,,,,,,,,407,,
2026-09-25T05:50:00-04:00,30921.75,30922,30911.75,30915,,,,,,,,,,,,,,666,,
2026-09-25T05:51:00-04:00,30914,30919,30914,30918.25,,,,,,,,,,,,,,316,,
2026-09-25T05:52:00-04:00,30918.75,30921,30914.25,30915,,,,,,,,,,,,,,345,,
2026-09-25T05:53:00-04:00,30915,30923.5,30912.75,30921.75,,,,,,,,,,,,,,454,,
2026-09-25T05:54:00-04:00,30921.5,30923.25,30920,30921.75,,,,,,,,,,,,,,251,,
2026-09-25T05:55:00-04:00,30921.75,30924.25,30917.25,30923.25,,,,,,,,,,,,,,347,,
2026-09-25T05:56:00-04:00,30922.75,30929.75,30922.25,30926.75,,,,,,,,,,,,,,573,,
2026-09-25T05:57:00-04:00,30926.75,30927.75,30923.25,30924.75,,,,,,,,,,,,,,318,,
2026-09-25T05:58:00-04:00,30925,30928,30924.5,30926.5,,,,,,,,,,,,,,266,,
2026-09-25T05:59:00-04:00,30926,30927.75,30916.25,30916.25,,,,,,,,,,,,,,432,,
2026-09-25T06:00:00-04:00,30916.5,30926,30914.5,30923.75,,,,,,,,,,,,,,508,,
2026-09-25T06:01:00-04:00,30923.25,30923.75,30916.25,30921.5,,,,,,,,,,,,,,332,,
2026-09-25T06:02:00-04:00,30920.25,30920.75,30909.25,30909.75,,,,,,,,,,,,,,722,,
2026-09-25T06:03:00-04:00,30909.75,30911.25,30904,30905.75,,,,,,,,,,,,,,740,,
2026-09-25T06:04:00-04:00,30905.75,30909.5,30905.75,30906.75,,,,,,,,,,,,,,259,,
2026-09-25T06:05:00-04:00,30906.5,30908.5,30902.75,30908.5,,,,,,,,,,,,,,532,,
2026-09-25T06:06:00-04:00,30908.75,30910.25,30905.25,30906.5,,,,,,,,,,,,,,296,,
2026-09-25T06:07:00-04:00,30906.5,30906.5,30900,30903.75,,,,,,,,,,,,,,873,,
2026-09-25T06:08:00-04:00,30904.5,30912,30904.5,30911,,,,,,,,,,,,,,524,,
2026-09-25T06:09:00-04:00,30910.25,30914,30908.75,30911,,,,,,,,,,,,,,282,,
2026-09-25T06:10:00-04:00,30910.75,30915.5,30910,30914.5,,,,,,,,,,,,,,379,,
2026-09-25T06:11:00-04:00,30914.75,30921.25,30914.5,30919.5,,,,,,,,,,,,,,673,,
2026-09-25T06:12:00-04:00,30919.25,30923.25,30918.5,30922.75,,,,,,,,,,,,,,356,,
2026-09-25T06:13:00-04:00,30922.75,30930.25,30922.25,30929,,,,,,,,,,,,,,546,,
2026-09-25T06:14:00-04:00,30929.5,30933.25,30927.5,30927.75,,,,,,,,,,,,,,570,,
2026-09-25T06:15:00-04:00,30927.25,30936.75,30926.5,30935.5,,,,,,,,,,,,,,718,,
2026-09-25T06:16:00-04:00,30935.25,30939.25,30932.25,30934.75,,,,,,,,,,,,,,559,,
2026-09-25T06:17:00-04:00,30934.75,30939,30931,30932.25,,,,,,,,,,,,,,410,,
2026-09-25T06:18:00-04:00,30932.75,30934.5,30930.5,30931.75,,,,,,,,,,,,,,295,,
2026-09-25T06:19:00-04:00,30931.75,30935.5,30931,30934.25,,,,,,,,,,,,,,316,,
2026-09-25T06:20:00-04:00,30934.25,30941,30933.25,30940.5,,,,,,,,,,,,,,315,,
2026-09-25T06:21:00-04:00,30940.75,30942.5,30934.5,30939.5,,,,,,,,,,,,,,573,,
2026-09-25T06:22:00-04:00,30938.5,30939.25,30931.25,30933.75,,,,,,,,,,,,,,665,,
2026-09-25T06:23:00-04:00,30933.5,30934,30926.75,30931,,,,,,,,,,,,,,744,,
2026-09-25T06:24:00-04:00,30931.75,30933.5,30928,30930.5,,,,,,,,,,,,,,214,,
2026-09-25T06:25:00-04:00,30931,30932.25,30928.25,30931,,,,,,,,,,,,,,258,,
2026-09-25T06:26:00-04:00,30931,30935.25,30929.5,30933.75,,,,,,,,,,,,,,248,,
2026-09-25T06:27:00-04:00,30933.75,30934.5,30932,30934,,,,,,,,,,,,,,140,,
2026-09-25T06:28:00-04:00,30933.25,30933.5,30927,30930.25,,,,,,,,,,,,,,325,,
2026-09-25T06:29:00-04:00,30930.5,30932.75,30928,30928.5,,,,,,,,,,,,,,156,,
2026-09-25T06:30:00-04:00,30928.5,30938.75,30928.5,30936.25,,,,,,,,,,,,,,372,,
2026-09-25T06:31:00-04:00,30936.75,30937,30925.25,30929,,,,,,,,,,,,,,557,,
2026-09-25T06:32:00-04:00,30929.25,30929.25,30920.5,30922,,,,,,,,,,,,,,685,,
2026-09-25T06:33:00-04:00,30922.5,30924.5,30918.5,30921.75,,,,,,,,,,,,,,447,,
2026-09-25T06:34:00-04:00,30920.5,30930.5,30917.5,30927.25,,,,,,,,,,,,,,606,,
2026-09-25T06:35:00-04:00,30926.75,30933.75,30926.25,30926.5,,,,,,,,,,,,,,472,,
2026-09-25T06:36:00-04:00,30926.5,30931.25,30926.5,30930,,,,,,,,,,,,,,226,,
2026-09-25T06:37:00-04:00,30930,30932.5,30925,30925.75,,,,,,,,,,,,,,227,,
2026-09-25T06:38:00-04:00,30926,30927.5,30915.25,30915.75,,,,,,,,,,,,,,819,,
2026-09-25T06:39:00-04:00,30916,30919.25,30911.25,30914,,,,,,,,,,,,,,794,,
2026-09-25T06:40:00-04:00,30914.5,30917,30911.25,30915.75,,,,,,,,,,,,,,554,,
2026-09-25T06:41:00-04:00,30915,30924,30915,30922,,,,,,,,,,,,,,483,,
2026-09-25T06:42:00-04:00,30921.25,30923.75,30918.75,30919.5,,,,,,,,,,,,,,277,,
2026-09-25T06:43:00-04:00,30919.25,30923.5,30918.25,30922,,,,,,,,,,,,,,213,,
2026-09-25T06:44:00-04:00,30921.75,30923.5,30919.75,30921,,,,,,,,,,,,,,176,,
2026-09-25T06:45:00-04:00,30921,30924,30918,30920.5,,,,,,,,,,,,,,372,,
2026-09-25T06:46:00-04:00,30921.25,30922.75,30916.5,30919,,,,,,,,,,,,,,360,,
2026-09-25T06:47:00-04:00,30919.25,30925.5,30919,30924.75,,,,,,,,,,,,,,261,,
2026-09-25T06:48:00-04:00,30924.5,30927.75,30922.75,30925.25,,,,,,,,,,,,,,337,,
2026-09-25T06:49:00-04:00,30925,30926.5,30911.5,30924.5,,,,,,,,,,,,,,1261,,
2026-09-25T06:50:00-04:00,30924,30926.5,30920.5,30923.25,,,,,,,,,,,,,,392,,
2026-09-25T06:51:00-04:00,30923.5,30928.5,30922,30924.25,,,,,,,,,,,,,,333,,
2026-09-25T06:52:00-04:00,30923.5,30925,30922.25,30923,,,,,,,,,,,,,,117,,
2026-09-25T06:53:00-04:00,30924,30924.75,30914.75,30923.5,,,,,,,,,,,,,,410,,
2026-09-25T06:54:00-04:00,30924.5,30932.75,30924,30927.25,,,,,,,,,,,,,,781,,
2026-09-25T06:55:00-04:00,30927.25,30927.75,30915.25,30917.75,,,,,,,,,,,,,,513,,
2026-09-25T06:56:00-04:00,30917.25,30920.75,30915,30919.25,,,,,,,,,,,,,,316,,
2026-09-25T06:57:00-04:00,30920,30925,30919,30920.75,,,,,,,,,,,,,,240,,
2026-09-25T06:58:00-04:00,30920.75,30921.25,30918,30919.5,,,,,,,,,,,,,,222,,
2026-09-25T06:59:00-04:00,30919.75,30922.75,30914.25,30922.5,,,,,,,,,,,,,,522,,
2026-09-25T07:00:00-04:00,30922.75,30934,30913.5,30917.5,,,,,,,,,,,,,,1651,,
2026-09-25T07:01:00-04:00,30917.5,30937.5,30913.25,30929.75,,,,,,,,,,,,,,1561,,
2026-09-25T07:02:00-04:00,30929.75,30933.5,30923.25,30928.25,,,,,,,,,,,,,,698,,
2026-09-25T07:03:00-04:00,30929.5,30930,30924,30924.5,,,,,,,,,,,,,,428,,
2026-09-25T07:04:00-04:00,30924,30926.5,30919.5,30921.25,,,,,,,,,,,,,,429,,
2026-09-25T07:05:00-04:00,30921.25,30932,30921,30928.75,,,,,,,,,,,,,,549,,
2026-09-25T07:06:00-04:00,30928.25,30945.25,30927.25,30944,,,,,,,,,,,,,,837,,
2026-09-25T07:07:00-04:00,30943,30951.25,30939.25,30949.5,,,,,,,,,,,,,,1213,,
2026-09-25T07:08:00-04:00,30949,30956.25,30948,30955,,,,,,,,,,,,,,1002,,
2026-09-25T07:09:00-04:00,30954.5,30960.25,30950.75,30959.5,,,,,,,,,,,,,,961,,
2026-09-25T07:10:00-04:00,30959,30966.5,30956.75,30959.5,,,,,,,,,,,,,,1316,,
2026-09-25T07:11:00-04:00,30959.5,30963.5,30958.25,30960.5,,,,,,,,,,,,,,630,,
2026-09-25T07:12:00-04:00,30960,30961.25,30956,30960,,,,,,,,,,,,,,644,,
2026-09-25T07:13:00-04:00,30959.5,30963.25,30956.25,30962,,,,,,,,,,,,,,483,,
2026-09-25T07:14:00-04:00,30962.25,30974.75,30960,30974.75,,,,,,,,,,,,,,1571,,
2026-09-25T07:15:00-04:00,30975,30981.75,30972.75,30975.5,,,,,,,,,,,,,,1806,,
2026-09-25T07:16:00-04:00,30975.5,30994.75,30975.5,30990,,,,,,,,,,,,,,1928,,
2026-09-25T07:17:00-04:00,30989.5,30991,30977.75,30981.5,,,,,,,,,,,,,,1266,,
2026-09-25T07:18:00-04:00,30981.75,30982.75,30974,30979.25,,,,,,,,,,,,,,1015,,
2026-09-25T07:19:00-04:00,30979.25,30984,30976,30981.75,,,,,,,,,,,,,,537,,
2026-09-25T07:20:00-04:00,30981.75,30984.25,30977,30980,,,,,,,,,,,,,,554,,
2026-09-25T07:21:00-04:00,30980.5,30984.75,30975.5,30977.25,,,,,,,,,,,,,,500,,
2026-09-25T07:22:00-04:00,30977,30982.75,30974.25,30978.25,,,,,,,,,,,,,,489,,
2026-09-25T07:23:00-04:00,30979.25,30981.75,30978,30978.25,,,,,,,,,,,,,,352,,
2026-09-25T07:24:00-04:00,30978,30983.25,30976,30978,,,,,,,,,,,,,,467,,
2026-09-25T07:25:00-04:00,30978.25,30981.25,30977.5,30980,,,,,,,,,,,,,,293,,
2026-09-25T07:26:00-04:00,30980.25,30987.25,30979,30985,,,,,,,,,,,,,,473,,
2026-09-25T07:27:00-04:00,30984.75,30990.75,30981.5,30987.25,,,,,,,,,,,,,,668,,
2026-09-25T07:28:00-04:00,30986.75,30986.75,30981.5,30982.5,,,,,,,,,,,,,,346,,
2026-09-25T07:29:00-04:00,30982.5,30983,30973.75,30977,,,,,,,,,,,,,,820,,
2026-09-25T07:30:00-04:00,30977,30980.5,30972,30974.5,,,,,,,,,,,,,,851,,
2026-09-25T07:31:00-04:00,30974.5,30977.25,30969.5,30976.25,,,,,,,,,,,,,,710,,
2026-09-25T07:32:00-04:00,30975.5,30980.75,30972.75,30977.25,,,,,,,,,,,,,,575,,
2026-09-25T07:33:00-04:00,30977,30980.25,30973.25,30976.5,,,,,,,,,,,,,,295,,
2026-09-25T07:34:00-04:00,30976.75,30981.5,30976.5,30978,,,,,,,,,,,,,,265,,
2026-09-25T07:35:00-04:00,30978,30998.5,30975.75,30990.75,,,,,,,,,,,,,,2606,,
2026-09-25T07:36:00-04:00,30990.5,30990.5,30970.5,30972.5,,,,,,,,,,,,,,1166,,
2026-09-25T07:37:00-04:00,30972.25,30976.5,30971.75,30973.25,,,,,,,,,,,,,,577,,
2026-09-25T07:38:00-04:00,30973.5,30975,30963.75,30964.5,,,,,,,,,,,,,,800,,
2026-09-25T07:39:00-04:00,30964.75,30966.25,30959.25,30960.75,,,,,,,,,,,,,,860,,
2026-09-25T07:40:00-04:00,30961.25,30966.5,30960.75,30962.5,,,,,,,,,,,,,,430,,
2026-09-25T07:41:00-04:00,30963.25,30966.5,30962.75,30965.5,,,,,,,,,,,,,,294,,
2026-09-25T07:42:00-04:00,30965.75,30970.75,30964.5,30965.25,,,,,,,,,,,,,,573,,
2026-09-25T07:43:00-04:00,30965.75,30973.25,30965.25,30970.75,,,,,,,,,,,,,,530,,
2026-09-25T07:44:00-04:00,30971.5,30976.25,30968.25,30970.75,,,,,,,,,,,,,,759,,
2026-09-25T07:45:00-04:00,30970.75,30972.5,30967.75,30971.5,,,,,,,,,,,,,,385,,
2026-09-25T07:46:00-04:00,30971.25,30973.25,30968.5,30972,,,,,,,,,,,,,,422,,
2026-09-25T07:47:00-04:00,30971.5,30974,30969.25,30970.5,,,,,,,,,,,,,,341,,
2026-09-25T07:48:00-04:00,30970,30973.25,30968.25,30969.5,,,,,,,,,,,,,,292,,
2026-09-25T07:49:00-04:00,30969.75,30974,30967,30967.5,,,,,,,,,,,,,,307,,
2026-09-25T07:50:00-04:00,30969,30970.5,30962.25,30969.75,,,,,,,,,,,,,,719,,
2026-09-25T07:51:00-04:00,30970,30976.5,30967.5,30973,,,,,,,,,,,,,,877,,
2026-09-25T07:52:00-04:00,30973,30982,30972.5,30978.5,,,,,,,,,,,,,,766,,
2026-09-25T07:53:00-04:00,30978.75,30980.75,30975.75,30978.75,,,,,,,,,,,,,,418,,
2026-09-25T07:54:00-04:00,30979,30981.75,30974.25,30980,,,,,,,,,,,,,,418,,
2026-09-25T07:55:00-04:00,30979.75,30981.5,30976.75,30978.5,,,,,,,,,,,,,,434,,
2026-09-25T07:56:00-04:00,30978.5,30979,30967.5,30968,,,,,,,,,,,,,,736,,
2026-09-25T07:57:00-04:00,30968.25,30972.25,30966.75,30970.75,,,,,,,,,,,,,,405,,
2026-09-25T07:58:00-04:00,30970,30971.25,30966.25,30970.25,,,,,,,,,,,,,,230,,
2026-09-25T07:59:00-04:00,30971.5,30972,30959.75,30961.25,,,,,,,,,,,,,,984,,
2026-09-25T08:00:00-04:00,30960.75,30968,30955.5,30960.25,,,,,,,,,,,,,,2569,,
2026-09-25T08:01:00-04:00,30960,30978.5,30958.75,30975.75,,,,,,,,,,,,,,1302,,
2026-09-25T08:02:00-04:00,30975.75,30978.25,30966.75,30969.25,,,,,,,,,,,,,,747,,
2026-09-25T08:03:00-04:00,30968.75,30977.25,30968.75,30975,,,,,,,,,,,,,,413,,
2026-09-25T08:04:00-04:00,30975.25,30975.25,30968.75,30972,,,,,,,,,,,,,,349,,
2026-09-25T08:05:00-04:00,30971.75,30971.75,30967.25,30970.25,,,,,,,,,,,,,,434,,
2026-09-25T08:06:00-04:00,30970,30977.75,30970,30975.5,,,,,,,,,,,,,,347,,
2026-09-25T08:07:00-04:00,30975.75,30976.75,30968,30969.25,,,,,,,,,,,,,,439,,
2026-09-25T08:08:00-04:00,30970.25,30971.5,30962.25,30967.75,,,,,,,,,,,,,,544,,
2026-09-25T08:09:00-04:00,30967.5,30968,30960.25,30961.75,,,,,,,,,,,,,,459,,
2026-09-25T08:10:00-04:00,30961.75,30971,30947,30947.75,,,,,,,,,,,,,,1630,,
2026-09-25T08:11:00-04:00,30947.5,30967.75,30945.5,30965.75,,,,,,,,,,,,,,1395,,
2026-09-25T08:12:00-04:00,30965.75,30968.5,30962.5,30964.5,,,,,,,,,,,,,,541,,
2026-09-25T08:13:00-04:00,30963.75,30964.5,30948,30951,,,,,,,,,,,,,,1132,,
2026-09-25T08:14:00-04:00,30950,30953.25,30943.5,30952.75,,,,,,,,,,,,,,1270,,
2026-09-25T08:15:00-04:00,30953,30953,30946.25,30950,,,,,,,,,,,,,,530,,
2026-09-25T08:16:00-04:00,30950.25,30952.75,30935.25,30935.25,,,,,,,,,,,,,,1329,,
2026-09-25T08:17:00-04:00,30935.5,30936.5,30928.25,30930.5,,,,,,,,,,,,,,1446,,
2026-09-25T08:18:00-04:00,30931,30936.25,30928.25,30931,,,,,,,,,,,,,,817,,
2026-09-25T08:19:00-04:00,30930.75,30931,30916.5,30924.75,,,,,,,,,,,,,,1558,,
2026-09-25T08:20:00-04:00,30924.75,30929.25,30919.5,30925.5,,,,,,,,,,,,,,1095,,
2026-09-25T08:21:00-04:00,30925.5,30938,30925.25,30937.25,,,,,,,,,,,,,,1614,,
2026-09-25T08:22:00-04:00,30937.5,30945,30934.75,30936.5,,,,,,,,,,,,,,1199,,
2026-09-25T08:23:00-04:00,30935.75,30939.75,30932,30938.25,,,,,,,,,,,,,,704,,
2026-09-25T08:24:00-04:00,30938.75,30943.25,30934,30935.75,,,,,,,,,,,,,,698,,
2026-09-25T08:25:00-04:00,30934.5,30934.5,30928,30932.25,,,,,,,,,,,,,,801,,
2026-09-25T08:26:00-04:00,30932.25,30936.5,30930.25,30932.75,,,,,,,,,,,,,,420,,
2026-09-25T08:27:00-04:00,30933.25,30938.75,30931.25,30937,,,,,,,,,,,,,,500,,
2026-09-25T08:28:00-04:00,30937.25,30942,30936,30940.5,,,,,,,,,,,,,,554,,
2026-09-25T08:29:00-04:00,30940,30941,30930.75,30931.5,,,,,,,,,,,,,,554,,
2026-09-25T08:30:00-04:00,30931.5,30936.5,30926,30928.5,,,,,,,,,,,,,,1072,,
2026-09-25T08:31:00-04:00,30929.5,30931,30915,30916.5,,,,,,,,,,,,,,1971,,
2026-09-25T08:32:00-04:00,30916.75,30917,30905,30911.5,,,,,,,,,,,,,,2835,,
2026-09-25T08:33:00-04:00,30910.75,30919.25,30908.5,30916.5,,,,,,,,,,,,,,1042,,
2026-09-25T08:34:00-04:00,30917,30922.25,30914.5,30918.75,,,,,,,,,,,,,,1217,,
2026-09-25T08:35:00-04:00,30919,30920,30908.5,30916,,,,,,,,,,,,,,1357,,
2026-09-25T08:36:00-04:00,30915.5,30918.5,30906.5,30911.5,,,,,,,,,,,,,,1156,,
2026-09-25T08:37:00-04:00,30910.5,30911,30903.25,30906,,,,,,,,,,,,,,981,,
2026-09-25T08:38:00-04:00,30907,30909.75,30904.25,30909.25,,,,,,,,,,,,,,677,,
2026-09-25T08:39:00-04:00,30909.25,30912.5,30904.5,30910.25,,,,,,,,,,,,,,724,,
2026-09-25T08:40:00-04:00,30910,30914,30903,30909.25,,,,,,,,,,,,,,1146,,
2026-09-25T08:41:00-04:00,30909.5,30912.25,30902.75,30903.75,,,,,,,,,,,,,,572,,
2026-09-25T08:42:00-04:00,30903.5,30904,30894.25,30899.25,,,,,,,,,,,,,,2095,,
2026-09-25T08:43:00-04:00,30899,30906.25,30885.5,30888,,,,,,,,,,,,,,2773,,
2026-09-25T08:44:00-04:00,30887.5,30906.5,30877.75,30897,,,,,,,,,,,,,,4349,,
2026-09-25T08:45:00-04:00,30896.5,30898.25,30878.25,30898.25,,,,,,,,,,,,,,2786,,
2026-09-25T08:46:00-04:00,30898.5,30919.5,30887.5,30906.5,,,,,,,,,,,,,,5826,,
2026-09-25T08:47:00-04:00,30906,30921.5,30879.75,30913,,,,,,,,,,,,,,6168,,
2026-09-25T08:48:00-04:00,30913.25,30918.5,30895.5,30896.25,,,,,,,,,,,,,,3410,,
2026-09-25T08:49:00-04:00,30895,30897.25,30884.5,30885.5,,,,,,,,,,,,,,1457,,
2026-09-25T08:50:00-04:00,30886.25,30889.5,30883,30885.75,,,,,,,,,,,,,,1021,,
2026-09-25T08:51:00-04:00,30886,30887.75,30875.25,30880.25,,,,,,,,,,,,,,1965,,
2026-09-25T08:52:00-04:00,30880,30881.5,30871,30877.5,,,,,,,,,,,,,,2097,,
2026-09-25T08:53:00-04:00,30876.75,30882,30875.25,30879.75,,,,,,,,,,,,,,952,,
2026-09-25T08:54:00-04:00,30879.75,30882.25,30874.75,30876,,,,,,,,,,,,,,778,,
2026-09-25T08:55:00-04:00,30876,30878,30871.25,30876.75,,,,,,,,,,,,,,922,,
2026-09-25T08:56:00-04:00,30876.75,30883.75,30876.5,30883.5,,,,,,,,,,,,,,982,,
2026-09-25T08:57:00-04:00,30883.75,30887.25,30876.5,30877.5,,,,,,,,,,,,,,1118,,
2026-09-25T08:58:00-04:00,30877.5,30881.5,30872,30880.75,,,,,,,,,,,,,,917,,
2026-09-25T08:59:00-04:00,30881,30882.25,30873,30877.75,,,,,,,,,,,,,,888,,
2026-09-25T09:00:00-04:00,30877.75,30881.5,30858.5,30860.5,,,,,,,,,,,,,,4434,,
2026-09-25T09:01:00-04:00,30860,30871.75,30853.75,30870.25,,,,,,,,,,,,,,2890,,
2026-09-25T09:02:00-04:00,30871,30875,30867,30870.75,,,,,,,,,,,,,,1627,,
2026-09-25T09:03:00-04:00,30870.75,30881.25,30870.75,30875.25,,,,,,,,,,,,,,2204,,
2026-09-25T09:04:00-04:00,30875.25,30880.25,30871.5,30878.75,,,,,,,,,,,,,,1278,,
2026-09-25T09:05:00-04:00,30878.75,30893.75,30877.5,30889.25,,,,,,,,,,,,,,3006,,
2026-09-25T09:06:00-04:00,30889,30898,30889,30894.25,,,,,,,,,,,,,,1875,,
2026-09-25T09:07:00-04:00,30894.25,30896.25,30888.75,30893.5,,,,,,,,,,,,,,1348,,
2026-09-25T09:08:00-04:00,30893.5,30897.5,30887.25,30888,,,,,,,,,,,,,,1184,,
2026-09-25T09:09:00-04:00,30887.5,30899.75,30887.5,30899.75,,,,,,,,,,,,,,1513,,
2026-09-25T09:10:00-04:00,30899.25,30905.75,30895.5,30897.25,,,,,,,,,,,,,,2270,,
2026-09-25T09:11:00-04:00,30898.25,30903.5,30895,30902.25,,,,,,,,,,,,,,1317,,
2026-09-25T09:12:00-04:00,30901.75,30903.25,30896.25,30901.75,,,,,,,,,,,,,,881,,
2026-09-25T09:13:00-04:00,30901.75,30909,30901.75,30907.25,,,,,,,,,,,,,,1687,,
2026-09-25T09:14:00-04:00,30907.25,30907.75,30898,30899.25,,,,,,,,,,,,,,1213,,
2026-09-25T09:15:00-04:00,30898.75,30900,30894,30898.75,,,,,,,,,,,,,,1684,,
2026-09-25T09:16:00-04:00,30899.25,30899.5,30878.75,30880,,,,,,,,,,,,,,3489,,
2026-09-25T09:17:00-04:00,30879.25,30879.75,30871.75,30872.25,,,,,,,,,,,,,,1994,,
2026-09-25T09:18:00-04:00,30872.5,30874,30865,30869,,,,,,,,,,,,,,1929,,
2026-09-25T09:19:00-04:00,30868.5,30870.25,30858.75,30859.75,,,,,,,,,,,,,,1780,,
2026-09-25T09:20:00-04:00,30859.5,30865.75,30858.75,30864,,,,,,,,,,,,,,1466,,
2026-09-25T09:21:00-04:00,30864.25,30869,30859,30861.75,,,,,,,,,,,,,,1540,,
2026-09-25T09:22:00-04:00,30862.25,30869.5,30862.25,30868,,,,,,,,,,,,,,997,,
2026-09-25T09:23:00-04:00,30868.25,30868.25,30859.75,30860.75,,,,,,,,,,,,,,954,,
2026-09-25T09:24:00-04:00,30860.75,30864.25,30855.5,30856.25,,,,,,,,,,,,,,1440,,
2026-09-25T09:25:00-04:00,30856.75,30862.75,30852,30856.5,,,,,,,,,,,,,,2955,,
2026-09-25T09:26:00-04:00,30856,30857,30839,30843.5,,,,,,,,,,,,,,2773,,
2026-09-25T09:27:00-04:00,30843.5,30844.5,30828,30835,,,,,,,,,,,,,,3285,,
2026-09-25T09:28:00-04:00,30835.5,30835.5,30821.25,30833.75,,,,,,,,,,,,,,2765,,
2026-09-25T09:29:00-04:00,30833.5,30834.5,30819.25,30819.5,,,,,,,,,,,,,,2362,,
2026-09-25T09:30:00-04:00,30819.5,30822,30770,30804.25,,,,,,,,,,,,,,18479,,
2026-09-25T09:31:00-04:00,30805,30817.5,30779.25,30785,,,,,,,,,,,,,,14958,,
2026-09-25T09:32:00-04:00,30784.25,30806.25,30767.25,30803,,,,,,,,,,,,,,12479,,
2026-09-25T09:33:00-04:00,30803.25,30819.5,30791.5,30819.5,,,,,,,,,,,,,,9246,,
2026-09-25T09:34:00-04:00,30819.5,30852.25,30815,30848.5,,,,,,,,,,,,,,13632,,
2026-09-25T09:35:00-04:00,30848.5,30868,30847.25,30858.25,,,,,,,,,,,,,,10917,,
2026-09-25T09:36:00-04:00,30858.25,30863.25,30844,30852.75,,,,,,,,,,,,,,9230,,
2026-09-25T09:37:00-04:00,30853,30864.25,30848,30856.75,,,,,,,,,,,,,,7289,,
2026-09-25T09:38:00-04:00,30855.5,30877,30851.75,30867.5,,,,,,,,,,,,,,8053,,
2026-09-25T09:39:00-04:00,30868.5,30871.75,30838.5,30868.5,,,,,,,,,,,,,,10732,,
2026-09-25T09:40:00-04:00,30868,30877.75,30859.5,30877,,,,,,,,,,,,,,7672,,
2026-09-25T09:41:00-04:00,30876.5,30890.25,30874,30883.75,,,,,,,,,,,,,,8560,,
2026-09-25T09:42:00-04:00,30883.75,30884.5,30852.25,30881,,,,,,,,,,,,,,8916,,
2026-09-25T09:43:00-04:00,30881.25,30881.25,30856,30864.25,,,,,,,,,,,,,,6034,,
2026-09-25T09:44:00-04:00,30864,30877.5,30850.75,30876.25,,,,,,,,,,,,,,7296,,
2026-09-25T09:45:00-04:00,30876.75,30889,30857.25,30859.25,,,,,,,,,,,,,,11411,,
2026-09-25T09:46:00-04:00,30859.75,30877.5,30849.75,30872,,,,,,,,,,,,,,8551,,
2026-09-25T09:47:00-04:00,30871.5,30888,30861.5,30882,,,,,,,,,,,,,,6192,,
2026-09-25T09:48:00-04:00,30882.25,30887.25,30847.75,30855.75,,,,,,,,,,,,,,7372,,
2026-09-25T09:49:00-04:00,30856,30879.25,30856,30874,,,,,,,,,,,,,,6107,,
2026-09-25T09:50:00-04:00,30874,30882.5,30865.5,30878,,,,,,,,,,,,,,5204,,
2026-09-25T09:51:00-04:00,30878.5,30885.5,30870.5,30872.25,,,,,,,,,,,,,,4391,,
2026-09-25T09:52:00-04:00,30871.75,30898.25,30871.5,30894.5,,,,,,,,,,,,,,6489,,
2026-09-25T09:53:00-04:00,30895,30906,30885.75,30903.25,,,,,,,,,,,,,,8628,,
2026-09-25T09:54:00-04:00,30903.25,30922.5,30900,30910.75,,,,,,,,,,,,,,8862,,
2026-09-25T09:55:00-04:00,30910.75,30926.25,30910.25,30920.25,,,,,,,,,,,,,,7928,,
2026-09-25T09:56:00-04:00,30921,30923.75,30902.25,30909.5,,,,,,,,,,,,,,6190,,
2026-09-25T09:57:00-04:00,30908.75,30909.5,30882.5,30887.75,,,,,,,,,,,,,,7478,,
2026-09-25T09:58:00-04:00,30888.25,30902,30884.25,30890.75,,,,,,,,,,,,,,4771,,
2026-09-25T09:59:00-04:00,30891,30901.25,30876.75,30900,,,,,,,,,,,,,,4828,,
2026-09-25T10:00:00-04:00,30899.5,30906,30856.25,30869.75,,,,,,,,,,,,,,10167,,
2026-09-25T10:01:00-04:00,30869.75,30871.25,30842,30843.25,,,,,,,,,,,,,,9952,,
2026-09-25T10:02:00-04:00,30843.5,30852.5,30819.25,30840.5,,,,,,,,,,,,,,15172,,
2026-09-25T10:03:00-04:00,30840,30841.25,30816,30839.5,,,,,,,,,,,,,,10136,,
2026-09-25T10:04:00-04:00,30839.75,30839.75,30798.25,30804,,,,,,,,,,,,,,10868,,
2026-09-25T10:05:00-04:00,30803.75,30803.75,30755,30757,,,,,,,,,,,,,,18381,,
2026-09-25T10:06:00-04:00,30757,30783.25,30752.25,30781.25,,,,,,,,,,,,,,14090,,
2026-09-25T10:07:00-04:00,30782.25,30807,30779.75,30791,,,,,,,,,,,,,,12818,,
2026-09-25T10:08:00-04:00,30791,30809,30780.5,30808.25,,,,,,,,,,,,,,8529,,
2026-09-25T10:09:00-04:00,30808,30819.25,30792.25,30806.75,,,,,,,,,,,,,,8816,,
2026-09-25T10:10:00-04:00,30806.5,30823.75,30796.75,30797.25,,,,,,,,,,,,,,8937,,
2026-09-25T10:11:00-04:00,30796.75,30818.5,30783.5,30811.5,,,,,,,,,,,,,,10199,,
2026-09-25T10:12:00-04:00,30811.25,30812.75,30790.5,30792.5,,,,,,,,,,,,,,6200,,
2026-09-25T10:13:00-04:00,30792.5,30796.75,30763.25,30771.25,,,,,,,,,,,,,,9830,,
2026-09-25T10:14:00-04:00,30771.5,30775.25,30735,30741.25,,,,,,,,,,,,,,12538,,
2026-09-25T10:15:00-04:00,30741.25,30747.75,30691.25,30736,,,,,,,,,,,,,,21699,,
2026-09-25T10:16:00-04:00,30735.75,30753,30707.75,30711.75,,,,,,,,,,,,,,13160,,
2026-09-25T10:17:00-04:00,30712.25,30718,30686,30701,,,,,,,,,,,,,,13535,,
2026-09-25T10:18:00-04:00,30700.75,30728.5,30698.75,30706.75,,,,,,,,,,,,,,11905,,
2026-09-25T10:19:00-04:00,30707.25,30728,30684,30721.5,,,,,,,,,,,,,,12120,,
2026-09-25T10:20:00-04:00,30721,30742.25,30708.75,30738.75,,,,,,,,,,,,,,11080,,
2026-09-25T10:21:00-04:00,30738.25,30750.25,30717.75,30728.25,,,,,,,,,,,,,,10649,,
2026-09-25T10:22:00-04:00,30727.25,30745.75,30722.5,30737,,,,,,,,,,,,,,7877,,
2026-09-25T10:23:00-04:00,30738,30756.25,30734.5,30740.5,,,,,,,,,,,,,,9957,,
2026-09-25T10:24:00-04:00,30740.75,30760.5,30738,30752.25,,,,,,,,,,,,,,8148,,
2026-09-25T10:25:00-04:00,30751.75,30766.75,30739.5,30766,,,,,,,,,,,,,,8947,,
2026-09-25T10:26:00-04:00,30765.75,30779.25,30757.75,30762.75,,,,,,,,,,,,,,9485,,
2026-09-25T10:27:00-04:00,30762.75,30766.5,30749.75,30751.75,,,,,,,,,,,,,,7345,,
2026-09-25T10:28:00-04:00,30752.25,30754.25,30726,30746.25,,,,,,,,,,,,,,11289,,
2026-09-25T10:29:00-04:00,30746.25,30761,30726.5,30731.25,,,,,,,,,,,,,,8560,,
2026-09-25T10:30:00-04:00,30731,30745.5,30718.5,30735.25,,,,,,,,,,,,,,9941,,
2026-09-25T10:31:00-04:00,30735.25,30751,30728.5,30749.5,,,,,,,,,,,,,,8203,,
2026-09-25T10:32:00-04:00,30749.75,30763.5,30746,30756.75,,,,,,,,,,,,,,9804,,
2026-09-25T10:33:00-04:00,30757.5,30773.75,30754,30761.75,,,,,,,,,,,,,,7365,,
2026-09-25T10:34:00-04:00,30762.25,30783.5,30759,30770.25,,,,,,,,,,,,,,8259,,
2026-09-25T10:35:00-04:00,30770.25,30786,30761,30778,,,,,,,,,,,,,,7428,,
2026-09-25T10:36:00-04:00,30777.75,30781.75,30765.5,30769.75,,,,,,,,,,,,,,5250,,
2026-09-25T10:37:00-04:00,30769.25,30782.5,30766,30779.25,,,,,,,,,,,,,,3997,,
2026-09-25T10:38:00-04:00,30780.25,30803.75,30778.5,30785,,,,,,,,,,,,,,8653,,
2026-09-25T10:39:00-04:00,30784.75,30793.75,30783.5,30790.75,,,,,,,,,,,,,,3846,,
2026-09-25T10:40:00-04:00,30790.25,30796.5,30768.5,30771.25,,,,,,,,,,,,,,7303,,
2026-09-25T10:41:00-04:00,30771.5,30782.5,30749.5,30751.25,,,,,,,,,,,,,,8552,,
2026-09-25T10:42:00-04:00,30751.25,30764.5,30742.5,30758.5,,,,,,,,,,,,,,7048,,
2026-09-25T10:43:00-04:00,30758.25,30762.75,30741,30745.75,,,,,,,,,,,,,,5943,,
2026-09-25T10:44:00-04:00,30745,30767.25,30738.25,30766,,,,,,,,,,,,,,6796,,
2026-09-25T10:45:00-04:00,30766,30767.25,30743,30764.5,,,,,,,,,,,,,,6507,,
2026-09-25T10:46:00-04:00,30763.5,30788.25,30749.5,30769,,,,,,,,,,,,,,14143,,
2026-09-25T10:47:00-04:00,30768.75,30780.25,30759.5,30772.25,,,,,,,,,,,,,,5835,,
2026-09-25T10:48:00-04:00,30772.25,30777.25,30758.25,30761.25,,,,,,,,,,,,,,4736,,
2026-09-25T10:49:00-04:00,30762,30798.75,30759,30790,,,,,,,,,,,,,,7060,,
2026-09-25T10:50:00-04:00,30789.5,30792.5,30773.75,30786.75,,,,,,,,,,,,,,5053,,
2026-09-25T10:51:00-04:00,30787.5,30793.5,30759,30761,,,,,,,,,,,,,,6101,,
2026-09-25T10:52:00-04:00,30761,30765.5,30751.25,30758.25,,,,,,,,,,,,,,5947,,
2026-09-25T10:53:00-04:00,30757.75,30778,30755.75,30770.75,,,,,,,,,,,,,,5557,,
2026-09-25T10:54:00-04:00,30770.75,30788.25,30769.75,30785.75,,,,,,,,,,,,,,4358,,
2026-09-25T10:55:00-04:00,30786,30807.75,30782.75,30806.25,,,,,,,,,,,,,,6029,,
2026-09-25T10:56:00-04:00,30806,30818.25,30802.25,30803,,,,,,,,,,,,,,6881,,
2026-09-25T10:57:00-04:00,30803,30819.75,30803,30812.75,,,,,,,,,,,,,,4047,,
2026-09-25T10:58:00-04:00,30812.75,30824.75,30802.5,30823.25,,,,,,,,,,,,,,5057,,
2026-09-25T10:59:00-04:00,30823.25,30829.5,30818.25,30823.5,,,,,,,,,,,,,,4371,,
2026-09-25T11:00:00-04:00,30823.5,30824.5,30813.75,30819.75,,,,,,,,,,,,,,4770,,
2026-09-25T11:01:00-04:00,30819.75,30842.5,30817.25,30834.75,,,,,,,,,,,,,,8609,,
2026-09-25T11:02:00-04:00,30835.25,30851.75,30835,30844.75,,,,,,,,,,,,,,5780,,
2026-09-25T11:03:00-04:00,30844.75,30859,30844.75,30849.5,,,,,,,,,,,,,,6078,,
2026-09-25T11:04:00-04:00,30850.25,30867.5,30847.75,30855.5,,,,,,,,,,,,,,5601,,
2026-09-25T11:05:00-04:00,30855.75,30870.25,30854.75,30861.75,,,,,,,,,,,,,,4899,,
2026-09-25T11:06:00-04:00,30861.75,30871.25,30860.75,30863.25,,,,,,,,,,,,,,3085,,
2026-09-25T11:07:00-04:00,30863,30868.75,30857,30861.25,,,,,,,,,,,,,,3641,,
2026-09-25T11:08:00-04:00,30861,30864,30852.25,30859,,,,,,,,,,,,,,4133,,
2026-09-25T11:09:00-04:00,30858.75,30862.5,30844.5,30846,,,,,,,,,,,,,,4385,,
2026-09-25T11:10:00-04:00,30846.25,30849.5,30826,30834,,,,,,,,,,,,,,7187,,
2026-09-25T11:11:00-04:00,30833.75,30835.25,30806.25,30814.25,,,,,,,,,,,,,,7504,,
2026-09-25T11:12:00-04:00,30813.75,30822.25,30808,30814.5,,,,,,,,,,,,,,5126,,
2026-09-25T11:13:00-04:00,30814.75,30824.25,30811,30818.75,,,,,,,,,,,,,,4401,,
2026-09-25T11:14:00-04:00,30818.5,30827.5,30814.5,30821,,,,,,,,,,,,,,3702,,
2026-09-25T11:15:00-04:00,30821,30826.75,30816.25,30822.25,,,,,,,,,,,,,,3585,,
2026-09-25T11:16:00-04:00,30822.25,30837.25,30821,30835.75,,,,,,,,,,,,,,5543,,
2026-09-25T11:17:00-04:00,30835.5,30838.25,30825.75,30827.75,,,,,,,,,,,,,,3668,,
2026-09-25T11:18:00-04:00,30827.75,30834.75,30823.75,30827.25,,,,,,,,,,,,,,3056,,
2026-09-25T11:19:00-04:00,30827.25,30827.25,30803.25,30811.25,,,,,,,,,,,,,,7273,,
2026-09-25T11:20:00-04:00,30811.5,30825.75,30800,30824,,,,,,,,,,,,,,6047,,
2026-09-25T11:21:00-04:00,30823.75,30844.5,30814.5,30823,,,,,,,,,,,,,,9021,,
2026-09-25T11:22:00-04:00,30823,30829.5,30819.75,30826.25,,,,,,,,,,,,,,2781,,
2026-09-25T11:23:00-04:00,30826,30835.5,30820.75,30823.75,,,,,,,,,,,,,,3370,,
2026-09-25T11:24:00-04:00,30823.5,30826.5,30808,30812.5,,,,,,,,,,,,,,3698,,
2026-09-25T11:25:00-04:00,30812,30819.75,30806.25,30812.25,,,,,,,,,,,,,,2831,,
2026-09-25T11:26:00-04:00,30811.25,30824,30803.25,30823.25,,,,,,,,,,,,,,4062,,
2026-09-25T11:27:00-04:00,30823,30827,30809.25,30813,,,,,,,,,,,,,,2889,,
2026-09-25T11:28:00-04:00,30812.75,30817.75,30807.5,30813.75,,,,,,,,,,,,,,1789,,
2026-09-25T11:29:00-04:00,30814.75,30828,30812,30813.75,,,,,,,,,,,,,,2597,,
2026-09-25T11:30:00-04:00,30813.25,30850,30811.5,30836.5,,,,,,,,,,,,,,12970,,
2026-09-25T11:31:00-04:00,30836,30854.25,30830.5,30853.5,,,,,,,,,,,,,,5498,,
2026-09-25T11:32:00-04:00,30854,30862.25,30846.75,30854.5,,,,,,,,,,,,,,6027,,
2026-09-25T11:33:00-04:00,30855.5,30857,30844.25,30848.5,,,,,,,,,,,,,,3256,,
2026-09-25T11:34:00-04:00,30849.25,30852.75,30814.75,30817.75,,,,,,,,,,,,,,8014,,
2026-09-25T11:35:00-04:00,30817.75,30823,30795.25,30809,,,,,,,,,,,,,,7142,,
2026-09-25T11:36:00-04:00,30809,30809,30783.75,30787.25,,,,,,,,,,,,,,5465,,
2026-09-25T11:37:00-04:00,30788,30794.25,30774.25,30790.5,,,,,,,,,,,,,,6339,,
2026-09-25T11:38:00-04:00,30790.75,30791,30766.5,30771.25,,,,,,,,,,,,,,5046,,
2026-09-25T11:39:00-04:00,30770.75,30778,30764,30772.5,,,,,,,,,,,,,,4050,,
2026-09-25T11:40:00-04:00,30772.25,30785.25,30763,30783.5,,,,,,,,,,,,,,5023,,
2026-09-25T11:41:00-04:00,30784.25,30788.5,30776.5,30783.5,,,,,,,,,,,,,,4090,,
2026-09-25T11:42:00-04:00,30783.25,30791,30767.75,30774.25,,,,,,,,,,,,,,3834,,
2026-09-25T11:43:00-04:00,30774,30777.5,30762.25,30765.5,,,,,,,,,,,,,,2895,,
2026-09-25T11:44:00-04:00,30765.5,30768.25,30749.5,30752,,,,,,,,,,,,,,5414,,
2026-09-25T11:45:00-04:00,30751.75,30758.25,30746.25,30748.25,,,,,,,,,,,,,,4082,,
2026-09-25T11:46:00-04:00,30748.75,30766,30735.25,30765.5,,,,,,,,,,,,,,6639,,
2026-09-25T11:47:00-04:00,30765.25,30772.25,30763.25,30765.75,,,,,,,,,,,,,,3384,,
2026-09-25T11:48:00-04:00,30766.25,30779.5,30757.25,30771,,,,,,,,,,,,,,4336,,
2026-09-25T11:49:00-04:00,30771.25,30782.75,30768.5,30782,,,,,,,,,,,,,,2776,,
2026-09-25T11:50:00-04:00,30782,30786.25,30772,30773.75,,,,,,,,,,,,,,2846,,
2026-09-25T11:51:00-04:00,30773.5,30774.75,30737.25,30737.25,,,,,,,,,,,,,,5415,,
2026-09-25T11:52:00-04:00,30737.75,30750.25,30731,30742.5,,,,,,,,,,,,,,4919,,
2026-09-25T11:53:00-04:00,30742.75,30748.75,30739.5,30745,,,,,,,,,,,,,,2586,,
2026-09-25T11:54:00-04:00,30745,30783.75,30740.5,30773.5,,,,,,,,,,,,,,12881,,
2026-09-25T11:55:00-04:00,30773.25,30789,30773,30785.25,,,,,,,,,,,,,,6025,,
2026-09-25T11:56:00-04:00,30785.5,30801.75,30781,30801.75,,,,,,,,,,,,,,5596,,
2026-09-25T11:57:00-04:00,30801.75,30811.75,30799.75,30811.5,,,,,,,,,,,,,,4191,,
2026-09-25T11:58:00-04:00,30810.75,30843,30809.5,30834,,,,,,,,,,,,,,8346,,
2026-09-25T11:59:00-04:00,30833.75,30860,30831,30857,,,,,,,,,,,,,,7186,,
2026-09-25T12:00:00-04:00,30856.5,30886,30846.25,30883.25,,,,,,,,,,,,,,11075,,
2026-09-25T12:01:00-04:00,30883.25,30892.25,30873.75,30875.75,,,,,,,,,,,,,,7789,,
2026-09-25T12:02:00-04:00,30876.25,30904,30876.25,30901,,,,,,,,,,,,,,8654,,
2026-09-25T12:03:00-04:00,30901,30920,30892.5,30917.75,,,,,,,,,,,,,,8847,,
2026-09-25T12:04:00-04:00,30918,30918.5,30896.5,30913.75,,,,,,,,,,,,,,8377,,
2026-09-25T12:05:00-04:00,30914,30940,30905.25,30935.25,,,,,,,,,,,,,,8943,,
2026-09-25T12:06:00-04:00,30935,30938,30918.75,30931.25,,,,,,,,,,,,,,7098,,
2026-09-25T12:07:00-04:00,30931.5,30937,30919.75,30923.25,,,,,,,,,,,,,,5372,,
2026-09-25T12:08:00-04:00,30923,30933.5,30914.25,30922,,,,,,,,,,,,,,6092,,
2026-09-25T12:09:00-04:00,30922.5,30935,30910.75,30930.5,,,,,,,,,,,,,,5004,,
2026-09-25T12:10:00-04:00,30930.75,30950.5,30929.75,30935.75,,,,,,,,,,,,,,7669,,
2026-09-25T12:11:00-04:00,30936.25,30937.25,30922.25,30936.25,,,,,,,,,,,,,,4921,,
2026-09-25T12:12:00-04:00,30936,30946.25,30924.5,30930.5,,,,,,,,,,,,,,4028,,
2026-09-25T12:13:00-04:00,30930,30934,30924.5,30932,,,,,,,,,,,,,,2505,,
2026-09-25T12:14:00-04:00,30931.75,30931.75,30908.5,30926.75,,,,,,,,,,,,,,5691,,
2026-09-25T12:15:00-04:00,30927.25,30940.5,30921,30936.5,,,,,,,,,,,,,,4792,,
2026-09-25T12:16:00-04:00,30936.25,30947.75,30927.25,30946.75,,,,,,,,,,,,,,4161,,
2026-09-25T12:17:00-04:00,30946.75,30952.5,30917.75,30919.75,,,,,,,,,,,,,,5524,,
2026-09-25T12:18:00-04:00,30920,30921,30897.25,30902.75,,,,,,,,,,,,,,5960,,
2026-09-25T12:19:00-04:00,30902.5,30906,30893.75,30901.25,,,,,,,,,,,,,,3747,,
2026-09-25T12:20:00-04:00,30902,30906,30875,30877.75,,,,,,,,,,,,,,8435,,
2026-09-25T12:21:00-04:00,30877.75,30883.5,30864.5,30880.5,,,,,,,,,,,,,,6957,,
2026-09-25T12:22:00-04:00,30880.25,30884,30861.25,30871,,,,,,,,,,,,,,5822,,
2026-09-25T12:23:00-04:00,30871,30873.5,30838.25,30859.75,,,,,,,,,,,,,,8348,,
2026-09-25T12:24:00-04:00,30860,30869.5,30855,30865.75,,,,,,,,,,,,,,5236,,
2026-09-25T12:25:00-04:00,30865.75,30885.75,30861,30876.5,,,,,,,,,,,,,,5885,,
2026-09-25T12:26:00-04:00,30876.5,30915.5,30872,30915,,,,,,,,,,,,,,6009,,
2026-09-25T12:27:00-04:00,30915,30922,30910.5,30914.25,,,,,,,,,,,,,,4850,,
2026-09-25T12:28:00-04:00,30914.5,30917.25,30904.75,30914.25,,,,,,,,,,,,,,3450,,
2026-09-25T12:29:00-04:00,30914.5,30927.25,30914,30925,,,,,,,,,,,,,,3727,,
2026-09-25T12:30:00-04:00,30925.25,30926.25,30906.25,30917.75,,,,,,,,,,,,,,4443,,
2026-09-25T12:31:00-04:00,30917.25,30924,30913,30921.75,,,,,,,,,,,,,,3525,,
2026-09-25T12:32:00-04:00,30921.5,30931.75,30915.5,30920,,,,,,,,,,,,,,3960,,
2026-09-25T12:33:00-04:00,30919.75,30931.75,30917.75,30931,,,,,,,,,,,,,,2503,,
2026-09-25T12:34:00-04:00,30931,30932.5,30861.75,30879.75,,,,,,,,,,,,,,22229,,
2026-09-25T12:35:00-04:00,30879.75,30897.5,30879.5,30893.25,,,,,,,,,,,,,,6395,,
2026-09-25T12:36:00-04:00,30893.25,30895,30876.5,30888.5,,,,,,,,,,,,,,4493,,
2026-09-25T12:37:00-04:00,30888.75,30917,30888.25,30905.25,,,,,,,,,,,,,,5909,,
2026-09-25T12:38:00-04:00,30905.5,30905.75,30887,30901.5,,,,,,,,,,,,,,4787,,
2026-09-25T12:39:00-04:00,30901.75,30907.75,30896.5,30897.5,,,,,,,,,,,,,,3577,,
2026-09-25T12:40:00-04:00,30898.25,30903.75,30888.75,30890,,,,,,,,,,,,,,3637,,
2026-09-25T12:41:00-04:00,30891,30898.75,30886.25,30894.25,,,,,,,,,,,,,,2709,,
2026-09-25T12:42:00-04:00,30894.25,30913.25,30890,30893.75,,,,,,,,,,,,,,5892,,
2026-09-25T12:43:00-04:00,30893.5,30918.75,30893.5,30913.25,,,,,,,,,,,,,,3970,,
2026-09-25T12:44:00-04:00,30913.25,30921.75,30902,30905,,,,,,,,,,,,,,3615,,
2026-09-25T12:45:00-04:00,30904.75,30906.5,30891.75,30901.75,,,,,,,,,,,,,,3123,,
2026-09-25T12:46:00-04:00,30901.75,30907.5,30895.75,30897.5,,,,,,,,,,,,,,2704,,
2026-09-25T12:47:00-04:00,30897.75,30899.5,30891.25,30893.25,,,,,,,,,,,,,,2000,,
2026-09-25T12:48:00-04:00,30893,30895,30872.25,30875,,,,,,,,,,,,,,4243,,
2026-09-25T12:49:00-04:00,30874.25,30883.75,30864,30881.75,,,,,,,,,,,,,,4213,,
2026-09-25T12:50:00-04:00,30882.5,30889.5,30877,30883.5,,,,,,,,,,,,,,2601,,
2026-09-25T12:51:00-04:00,30883.75,30887.75,30877.5,30887.25,,,,,,,,,,,,,,1388,,
2026-09-25T12:52:00-04:00,30887.25,30896.25,30882.25,30893.75,,,,,,,,,,,,,,2638,,
2026-09-25T12:53:00-04:00,30893.75,30898.75,30885.5,30887.5,,,,,,,,,,,,,,1847,,
2026-09-25T12:54:00-04:00,30887,30894.5,30882.25,30892.5,,,,,,,,,,,,,,1989,,
2026-09-25T12:55:00-04:00,30892.5,30902,30889.75,30893.75,,,,,,,,,,,,,,2260,,
2026-09-25T12:56:00-04:00,30893.75,30903.75,30887.25,30893,,,,,,,,,,,,,,2253,,
2026-09-25T12:57:00-04:00,30892.5,30893.25,30878.5,30881.5,,,,,,,,,,,,,,2137,,
2026-09-25T12:58:00-04:00,30881.25,30884.75,30875,30877.25,,,,,,,,,,,,,,1413,,
2026-09-25T12:59:00-04:00,30877,30888,30860.75,30878.25,,,,,,,,,,,,,,7746,,
2026-09-25T13:00:00-04:00,30878,30884.75,30872.75,30877.5,,,,,,,,,,,,,,3303,,
2026-09-25T13:01:00-04:00,30877.75,30906.75,30877.75,30903.5,,,,,,,,,,,,,,6264,,
2026-09-25T13:02:00-04:00,30904,30917.5,30899,30911.75,,,,,,,,,,,,,,3239,,
2026-09-25T13:03:00-04:00,30912,30920.25,30908.25,30911.5,,,,,,,,,,,,,,2215,,
2026-09-25T13:04:00-04:00,30912.5,30915,30904.5,30910.25,,,,,,,,,,,,,,2286,,
2026-09-25T13:05:00-04:00,30910.25,30917.75,30907.75,30909.5,,,,,,,,,,,,,,1520,,
2026-09-25T13:06:00-04:00,30909.25,30914.5,30905.5,30908.75,,,,,,,,,,,,,,1646,,
2026-09-25T13:07:00-04:00,30909,30910.25,30898.25,30905.25,,,,,,,,,,,,,,2561,,
2026-09-25T13:08:00-04:00,30907,30907.5,30889.75,30902.75,,,,,,,,,,,,,,3101,,
2026-09-25T13:09:00-04:00,30903,30917,30901.5,30912,,,,,,,,,,,,,,2533,,
2026-09-25T13:10:00-04:00,30911.75,30912.5,30905.5,30908.25,,,,,,,,,,,,,,1671,,
2026-09-25T13:11:00-04:00,30908.25,30910.5,30895.5,30898,,,,,,,,,,,,,,2055,,
2026-09-25T13:12:00-04:00,30898.5,30906.5,30891.75,30905.75,,,,,,,,,,,,,,2030,,
2026-09-25T13:13:00-04:00,30906.25,30919.5,30904.5,30912.75,,,,,,,,,,,,,,2328,,
2026-09-25T13:14:00-04:00,30912,30922.75,30909.25,30922.75,,,,,,,,,,,,,,1665,,
2026-09-25T13:15:00-04:00,30922.25,30926,30916.75,30922.75,,,,,,,,,,,,,,3158,,
2026-09-25T13:16:00-04:00,30922.5,30923.25,30915,30915.75,,,,,,,,,,,,,,1546,,
2026-09-25T13:17:00-04:00,30915.75,30927.5,30914.25,30914.75,,,,,,,,,,,,,,2303,,
2026-09-25T13:18:00-04:00,30914.75,30917.25,30906,30912,,,,,,,,,,,,,,2217,,
2026-09-25T13:19:00-04:00,30912,30915.5,30908,30911.75,,,,,,,,,,,,,,1516,,
2026-09-25T13:20:00-04:00,30911.5,30919.25,30909.75,30916.5,,,,,,,,,,,,,,1597,,
2026-09-25T13:21:00-04:00,30917.5,30917.5,30910.5,30912.75,,,,,,,,,,,,,,1490,,
2026-09-25T13:22:00-04:00,30913.25,30922.75,30912.5,30915.75,,,,,,,,,,,,,,1490,,
2026-09-25T13:23:00-04:00,30916.5,30923.5,30915,30921.75,,,,,,,,,,,,,,1299,,
2026-09-25T13:24:00-04:00,30922,30925,30917.25,30923,,,,,,,,,,,,,,1232,,
2026-09-25T13:25:00-04:00,30923.5,30925,30918.5,30919,,,,,,,,,,,,,,1073,,
2026-09-25T13:26:00-04:00,30918.5,30920.75,30913.5,30915.75,,,,,,,,,,,,,,1357,,
2026-09-25T13:27:00-04:00,30914.75,30916.75,30910.75,30914.75,,,,,,,,,,,,,,1159,,
2026-09-25T13:28:00-04:00,30914.25,30920,30913.5,30916.5,,,,,,,,,,,,,,1076,,
2026-09-25T13:29:00-04:00,30917,30919.25,30914.5,30918.5,,,,,,,,,,,,,,859,,
2026-09-25T13:30:00-04:00,30918.5,30923.25,30913.75,30918.5,,,,,,,,,,,,,,2262,,
2026-09-25T13:31:00-04:00,30918.5,30918.75,30901.75,30902.75,,,,,,,,,,,,,,2875,,
2026-09-25T13:32:00-04:00,30903.25,30909.5,30903,30908.25,,,,,,,,,,,,,,1295,,
2026-09-25T13:33:00-04:00,30908,30915,30901.25,30902,,,,,,,,,,,,,,2622,,
2026-09-25T13:34:00-04:00,30901.5,30902.75,30888.75,30899.25,,,,,,,,,,,,,,3302,,
2026-09-25T13:35:00-04:00,30899,30902.75,30894.5,30899.25,,,,,,,,,,,,,,1571,,
2026-09-25T13:36:00-04:00,30899.5,30904.5,30892.25,30893.5,,,,,,,,,,,,,,1913,,
2026-09-25T13:37:00-04:00,30893.25,30894.5,30886,30891.5,,,,,,,,,,,,,,2342,,
2026-09-25T13:38:00-04:00,30891.25,30899.75,30889.25,30895.25,,,,,,,,,,,,,,1951,,
2026-09-25T13:39:00-04:00,30895.25,30915.75,30893.75,30903.75,,,,,,,,,,,,,,4956,,
2026-09-25T13:40:00-04:00,30903.25,30916,30901.5,30906.25,,,,,,,,,,,,,,3950,,
2026-09-25T13:41:00-04:00,30906.75,30921,30905.75,30916.25,,,,,,,,,,,,,,2637,,
2026-09-25T13:42:00-04:00,30915.75,30923,30915.25,30920.25,,,,,,,,,,,,,,1396,,
2026-09-25T13:43:00-04:00,30920.25,30921.5,30909.25,30912.75,,,,,,,,,,,,,,2247,,
2026-09-25T13:44:00-04:00,30912.5,30918,30902.25,30905.75,,,,,,,,,,,,,,2098,,
2026-09-25T13:45:00-04:00,30905.75,30908.75,30900.75,30904.5,,,,,,,,,,,,,,1456,,
2026-09-25T13:46:00-04:00,30904.5,30907.5,30901,30903,,,,,,,,,,,,,,848,,
2026-09-25T13:47:00-04:00,30904,30906.5,30899.25,30902,,,,,,,,,,,,,,1150,,
2026-09-25T13:48:00-04:00,30902.5,30907.5,30899.5,30905.75,,,,,,,,,,,,,,1056,,
2026-09-25T13:49:00-04:00,30906,30919,30905.75,30918.25,,,,,,,,,,,,,,1901,,
2026-09-25T13:50:00-04:00,30918,30918.75,30912.25,30916.75,,,,,,,,,,,,,,1262,,
2026-09-25T13:51:00-04:00,30917,30917.75,30910.25,30913,,,,,,,,,,,,,,940,,
2026-09-25T13:52:00-04:00,30913,30913,30898.75,30899,,,,,,,,,,,,,,2036,,
2026-09-25T13:53:00-04:00,30899,30905.75,30896.75,30903,,,,,,,,,,,,,,1864,,
2026-09-25T13:54:00-04:00,30903,30903.5,30890.75,30900,,,,,,,,,,,,,,2765,,
2026-09-25T13:55:00-04:00,30900.25,30903.75,30897.75,30902.75,,,,,,,,,,,,,,937,,
2026-09-25T13:56:00-04:00,30902.75,30909,30901,30906.75,,,,,,,,,,,,,,1831,,
2026-09-25T13:57:00-04:00,30906.75,30907.75,30903.25,30904.5,,,,,,,,,,,,,,889,,
2026-09-25T13:58:00-04:00,30905,30911.5,30904.25,30907,,,,,,,,,,,,,,1201,,
2026-09-25T13:59:00-04:00,30906.75,30912,30906.5,30912,,,,,,,,,,,,,,655,,
2026-09-25T14:00:00-04:00,30912,30916.75,30908,30909.25,,,,,,,,,,,,,,1853,,
2026-09-25T14:01:00-04:00,30909.25,30916,30906.5,30915.25,,,,,,,,,,,,,,1459,,
2026-09-25T14:02:00-04:00,30915.25,30916,30906.5,30909.25,,,,,,,,,,,,,,1194,,
2026-09-25T14:03:00-04:00,30909.5,30913.5,30909,30910.75,,,,,,,,,,,,,,627,,
2026-09-25T14:04:00-04:00,30911.25,30912.25,30903.5,30904.75,,,,,,,,,,,,,,1233,,
2026-09-25T14:05:00-04:00,30905,30910,30902,30903.25,,,,,,,,,,,,,,1153,,
2026-09-25T14:06:00-04:00,30903.25,30907,30900.75,30903.5,,,,,,,,,,,,,,905,,
2026-09-25T14:07:00-04:00,30903.5,30904.75,30896.5,30900.25,,,,,,,,,,,,,,1434,,
2026-09-25T14:08:00-04:00,30900,30911.75,30899,30911.25,,,,,,,,,,,,,,1835,,
2026-09-25T14:09:00-04:00,30911,30914.75,30909.5,30913,,,,,,,,,,,,,,971,,
2026-09-25T14:10:00-04:00,30912.75,30914.5,30910.25,30911,,,,,,,,,,,,,,801,,
2026-09-25T14:11:00-04:00,30911.5,30911.75,30906.75,30908.5,,,,,,,,,,,,,,864,,
2026-09-25T14:12:00-04:00,30908.75,30917.5,30905.25,30915.75,,,,,,,,,,,,,,1512,,
2026-09-25T14:13:00-04:00,30915.75,30923.25,30914.75,30922.5,,,,,,,,,,,,,,2009,,
2026-09-25T14:14:00-04:00,30922.25,30929.25,30917.75,30928,,,,,,,,,,,,,,2413,,
2026-09-25T14:15:00-04:00,30928.25,30930.75,30924.25,30924.5,,,,,,,,,,,,,,1886,,
2026-09-25T14:16:00-04:00,30924.75,30928.75,30922.75,30925,,,,,,,,,,,,,,1478,,
2026-09-25T14:17:00-04:00,30924.75,30926.75,30923.25,30926,,,,,,,,,,,,,,688,,
2026-09-25T14:18:00-04:00,30925.75,30929.75,30919,30919.75,,,,,,,,,,,,,,1524,,
2026-09-25T14:19:00-04:00,30919.75,30920,30913.75,30919.75,,,,,,,,,,,,,,2027,,
2026-09-25T14:20:00-04:00,30919.5,30922.5,30918,30920.25,,,,,,,,,,,,,,1031,,
2026-09-25T14:21:00-04:00,30920.25,30921.75,30913.25,30914.25,,,,,,,,,,,,,,1169,,
2026-09-25T14:22:00-04:00,30914.25,30919,30910,30911.5,,,,,,,,,,,,,,1298,,
2026-09-25T14:23:00-04:00,30911.25,30917.25,30910.5,30916,,,,,,,,,,,,,,1071,,
2026-09-25T14:24:00-04:00,30916.75,30920.75,30916,30917,,,,,,,,,,,,,,914,,
2026-09-25T14:25:00-04:00,30917.25,30922.5,30916.25,30917.5,,,,,,,,,,,,,,994,,
2026-09-25T14:26:00-04:00,30917.75,30918,30888.5,30894.75,,,,,,,,,,,,,,8978,,
2026-09-25T14:27:00-04:00,30895.25,30899,30873,30878.75,,,,,,,,,,,,,,6681,,
2026-09-25T14:28:00-04:00,30878.75,30886.75,30871,30883,,,,,,,,,,,,,,5865,,
2026-09-25T14:29:00-04:00,30882.75,30892.75,30876.5,30891,,,,,,,,,,,,,,3163,,
2026-09-25T14:30:00-04:00,30891.5,30907.25,30890.75,30904,,,,,,,,,,,,,,3181,,
2026-09-25T14:31:00-04:00,30903.75,30916.5,30903,30911.25,,,,,,,,,,,,,,2722,,
2026-09-25T14:32:00-04:00,30910.75,30916.25,30907.5,30909.25,,,,,,,,,,,,,,1872,,
2026-09-25T14:33:00-04:00,30909.75,30915.25,30906.5,30911,,,,,,,,,,,,,,1854,,
2026-09-25T14:34:00-04:00,30911.5,30913.25,30905,30906,,,,,,,,,,,,,,1570,,
2026-09-25T14:35:00-04:00,30906,30908.5,30898.5,30905.25,,,,,,,,,,,,,,2543,,
2026-09-25T14:36:00-04:00,30905.25,30908.75,30902.75,30904.75,,,,,,,,,,,,,,1186,,
2026-09-25T14:37:00-04:00,30904,30906.25,30882.5,30886,,,,,,,,,,,,,,3403,,
2026-09-25T14:38:00-04:00,30886.25,30887,30877.75,30883.75,,,,,,,,,,,,,,2488,,
2026-09-25T14:39:00-04:00,30883.75,30886,30875.75,30877,,,,,,,,,,,,,,1930,,
2026-09-25T14:40:00-04:00,30877,30878.5,30868,30876.5,,,,,,,,,,,,,,2994,,
2026-09-25T14:41:00-04:00,30876.5,30882.25,30873.5,30880.25,,,,,,,,,,,,,,2615,,
2026-09-25T14:42:00-04:00,30880.5,30891.25,30880.25,30890.75,,,,,,,,,,,,,,2705,,
2026-09-25T14:43:00-04:00,30890.5,30894,30888.25,30891.5,,,,,,,,,,,,,,1676,,
2026-09-25T14:44:00-04:00,30891.75,30901,30889.75,30900,,,,,,,,,,,,,,1897,,
2026-09-25T14:45:00-04:00,30900,30902.5,30895.75,30897.25,,,,,,,,,,,,,,1995,,
2026-09-25T14:46:00-04:00,30897.25,30899.75,30889.25,30890,,,,,,,,,,,,,,1748,,
2026-09-25T14:47:00-04:00,30889.5,30891,30879.75,30882.5,,,,,,,,,,,,,,1965,,
2026-09-25T14:48:00-04:00,30882.75,30888.5,30880.5,30885.5,,,,,,,,,,,,,,1631,,
2026-09-25T14:49:00-04:00,30886,30888.75,30883.25,30885.25,,,,,,,,,,,,,,814,,
2026-09-25T14:50:00-04:00,30885.5,30886.5,30878.5,30882.75,,,,,,,,,,,,,,1084,,
2026-09-25T14:51:00-04:00,30883,30886.75,30878,30883.25,,,,,,,,,,,,,,1163,,
2026-09-25T14:52:00-04:00,30884,30887.75,30881.25,30887.5,,,,,,,,,,,,,,1125,,
2026-09-25T14:53:00-04:00,30887.25,30888,30881,30882.75,,,,,,,,,,,,,,796,,
2026-09-25T14:54:00-04:00,30882.25,30883,30873.75,30875,,,,,,,,,,,,,,2011,,
2026-09-25T14:55:00-04:00,30876,30881.5,30875.5,30877.25,,,,,,,,,,,,,,1217,,
2026-09-25T14:56:00-04:00,30877.25,30879.25,30871.75,30871.75,,,,,,,,,,,,,,1289,,
2026-09-25T14:57:00-04:00,30871.75,30874.25,30868.25,30872.5,,,,,,,,,,,,,,1552,,
2026-09-25T14:58:00-04:00,30872.25,30876.75,30868.5,30875.5,,,,,,,,,,,,,,1475,,
2026-09-25T14:59:00-04:00,30875,30877.75,30866.5,30868.5,,,,,,,,,,,,,,1616,,
2026-09-25T15:00:00-04:00,30869,30880.5,30868.75,30874,,,,,,,,,,,,,,2558,,
2026-09-25T15:01:00-04:00,30874,30888,30867.75,30870,,,,,,,,,,,,,,3919,,
2026-09-25T15:02:00-04:00,30870,30872.25,30863.5,30868.25,,,,,,,,,,,,,,2008,,
2026-09-25T15:03:00-04:00,30868,30875.25,30863.25,30874.25,,,,,,,,,,,,,,1861,,
2026-09-25T15:04:00-04:00,30874.5,30883.25,30873.5,30880.75,,,,,,,,,,,,,,2313,,
2026-09-25T15:05:00-04:00,30881,30887,30876.5,30882.75,,,,,,,,,,,,,,1983,,
2026-09-25T15:06:00-04:00,30883,30888,30876,30878.75,,,,,,,,,,,,,,1786,,
2026-09-25T15:07:00-04:00,30879,30891,30878.25,30889,,,,,,,,,,,,,,2070,,
2026-09-25T15:08:00-04:00,30889,30892,30887.25,30891.25,,,,,,,,,,,,,,1039,,
2026-09-25T15:09:00-04:00,30891.25,30891.5,30884.5,30887,,,,,,,,,,,,,,1293,,
2026-09-25T15:10:00-04:00,30887,30891.25,30886,30889.75,,,,,,,,,,,,,,1036,,
2026-09-25T15:11:00-04:00,30890,30890,30882.25,30886.75,,,,,,,,,,,,,,1034,,
2026-09-25T15:12:00-04:00,30886.75,30894,30885,30893,,,,,,,,,,,,,,1690,,
2026-09-25T15:13:00-04:00,30893,30896.5,30887.75,30895,,,,,,,,,,,,,,1386,,
2026-09-25T15:14:00-04:00,30894.75,30900.75,30893.25,30899,,,,,,,,,,,,,,1854,,
2026-09-25T15:15:00-04:00,30898.5,30903.75,30894,30896.75,,,,,,,,,,,,,,2621,,
2026-09-25T15:16:00-04:00,30896.25,30898.5,30892.25,30894,,,,,,,,,,,,,,1360,,
2026-09-25T15:17:00-04:00,30894,30897,30890.25,30893.75,,,,,,,,,,,,,,1101,,
2026-09-25T15:18:00-04:00,30894.25,30897,30891.75,30896.5,,,,,,,,,,,,,,972,,
2026-09-25T15:19:00-04:00,30896,30896.5,30885.75,30886,,,,,,,,,,,,,,1418,,
2026-09-25T15:20:00-04:00,30886.25,30890.5,30880.5,30881,,,,,,,,,,,,,,2036,,
2026-09-25T15:21:00-04:00,30880.75,30887,30878.5,30883.75,,,,,,,,,,,,,,1632,,
2026-09-25T15:22:00-04:00,30884.25,30885.75,30873.5,30875,,,,,,,,,,,,,,1165,,
2026-09-25T15:23:00-04:00,30875,30877.25,30870.75,30877,,,,,,,,,,,,,,1351,,
2026-09-25T15:24:00-04:00,30877.5,30886,30876.5,30879.25,,,,,,,,,,,,,,1711,,
2026-09-25T15:25:00-04:00,30879.25,30880.25,30873,30874.5,,,,,,,,,,,,,,1443,,
2026-09-25T15:26:00-04:00,30874.5,30875.25,30860,30866.25,,,,,,,,,,,,,,3617,,
2026-09-25T15:27:00-04:00,30866,30871.25,30863.5,30867.5,,,,,,,,,,,,,,2097,,
2026-09-25T15:28:00-04:00,30867.5,30873.75,30863.5,30865.75,,,,,,,,,,,,,,1849,,
2026-09-25T15:29:00-04:00,30865.75,30867,30859,30865.5,,,,,,,,,,,,,,1679,,
2026-09-25T15:30:00-04:00,30865.5,30867.75,30857.5,30861,,,,,,,,,,,,,,2564,,
2026-09-25T15:31:00-04:00,30861.5,30869.75,30858.5,30869.5,,,,,,,,,,,,,,3156,,
2026-09-25T15:32:00-04:00,30869.25,30871.5,30864.5,30867.75,,,,,,,,,,,,,,1562,,
2026-09-25T15:33:00-04:00,30867.5,30870,30862.75,30865,,,,,,,,,,,,,,1472,,
2026-09-25T15:34:00-04:00,30865,30866.25,30851.75,30852.25,,,,,,,,,,,,,,2415,,
2026-09-25T15:35:00-04:00,30852,30855.25,30848.75,30852,,,,,,,,,,,,,,2332,,
2026-09-25T15:36:00-04:00,30852,30855.75,30845,30854,,,,,,,,,,,,,,2411,,
2026-09-25T15:37:00-04:00,30853.5,30874.75,30852.25,30873,,,,,,,,,,,,,,6197,,
2026-09-25T15:38:00-04:00,30872.75,30882.5,30871,30877,,,,,,,,,,,,,,3679,,
2026-09-25T15:39:00-04:00,30877,30882.5,30875.25,30880,,,,,,,,,,,,,,1529,,
2026-09-25T15:40:00-04:00,30880.25,30881.25,30872.25,30877.25,,,,,,,,,,,,,,1823,,
2026-09-25T15:41:00-04:00,30876.75,30884.75,30875.25,30878.75,,,,,,,,,,,,,,1723,,
2026-09-25T15:42:00-04:00,30879.25,30890,30878.75,30886,,,,,,,,,,,,,,1761,,
2026-09-25T15:43:00-04:00,30886.5,30899.25,30886,30898,,,,,,,,,,,,,,2074,,
2026-09-25T15:44:00-04:00,30898,30900,30888.25,30891.75,,,,,,,,,,,,,,1848,,
2026-09-25T15:45:00-04:00,30891.75,30915.25,30891.75,30907.5,,,,,,,,,,,,,,6534,,
2026-09-25T15:46:00-04:00,30907.5,30918.75,30905,30915.75,,,,,,,,,,,,,,2764,,
2026-09-25T15:47:00-04:00,30916,30917.75,30909.5,30913,,,,,,,,,,,,,,2511,,
2026-09-25T15:48:00-04:00,30913,30914.75,30906.5,30908.5,,,,,,,,,,,,,,1937,,
2026-09-25T15:49:00-04:00,30908.75,30911.75,30906,30908,,,,,,,,,,,,,,1930,,
2026-09-25T15:50:00-04:00,30908.5,30931,30908.5,30929.75,,,,,,,,,,,,,,6123,,
2026-09-25T15:51:00-04:00,30930.25,30935.25,30919.25,30925,,,,,,,,,,,,,,3845,,
2026-09-25T15:52:00-04:00,30925.5,30930,30919.5,30920.75,,,,,,,,,,,,,,1952,,
2026-09-25T15:53:00-04:00,30921,30928.25,30918.25,30923,,,,,,,,,,,,,,1973,,
2026-09-25T15:54:00-04:00,30923,30926,30908,30911.25,,,,,,,,,,,,,,4709,,
2026-09-25T15:55:00-04:00,30911.75,30918.75,30900.25,30900.5,,,,,,,,,,,,,,5115,,
2026-09-25T15:56:00-04:00,30900.5,30902,30889.5,30894.25,,,,,,,,,,,,,,3846,,
2026-09-25T15:57:00-04:00,30894,30904.25,30893.25,30902,,,,,,,,,,,,,,2550,,
2026-09-25T15:58:00-04:00,30902.25,30906.25,30896.5,30899.5,,,,,,,,,,,,,,2125,,
2026-09-25T15:59:00-04:00,30899.75,30902,30883.5,30891.25,,,,,,,,,,,,,,8740,,
2026-09-25T16:00:00-04:00,30891.75,30898.25,30880.5,30895.75,,,,,,,,,,,,,,3425,,
2026-09-25T16:01:00-04:00,30895.25,30895.75,30883.5,30887.5,,,,,,,,,,,,,,1318,,
2026-09-25T16:02:00-04:00,30888.25,30896,30886.25,30895.5,,,,,,,,,,,,,,1232,,
2026-09-25T16:03:00-04:00,30896.5,30899.5,30892.75,30893.5,,,,,,,,,,,,,,1254,,
2026-09-25T16:04:00-04:00,30893.75,30899,30893.25,30895.75,,,,,,,,,,,,,,877,,
2026-09-25T16:05:00-04:00,30895.75,30896.5,30888.75,30896,,,,,,,,,,,,,,947,,
2026-09-25T16:06:00-04:00,30895.75,30898.25,30893.5,30895.75,,,,,,,,,,,,,,602,,
2026-09-25T16:07:00-04:00,30896,30903,30896,30900,,,,,,,,,,,,,,835,,
2026-09-25T16:08:00-04:00,30900.5,30904.25,30898.75,30900,,,,,,,,,,,,,,604,,
2026-09-25T16:09:00-04:00,30899.25,30901,30895.25,30896.75,,,,,,,,,,,,,,523,,
2026-09-25T16:10:00-04:00,30896.75,30897.75,30891.25,30893.5,,,,,,,,,,,,,,970,,
2026-09-25T16:11:00-04:00,30893.25,30896,30889.75,30891,,,,,,,,,,,,,,576,,
2026-09-25T16:12:00-04:00,30891.75,30895.25,30891,30893.25,,,,,,,,,,,,,,250,,
2026-09-25T16:13:00-04:00,30893,30899.5,30893,30898.25,,,,,,,,,,,,,,502,,
2026-09-25T16:14:00-04:00,30898.75,30899.75,30891,30892,,,,,,,,,,,,,,555,,
2026-09-25T16:15:00-04:00,30891.5,30893,30889,30891.5,,,,,,,,,,,,,,554,,
2026-09-25T16:16:00-04:00,30890.75,30892,30885.5,30885.75,,,,,,,,,,,,,,514,,
2026-09-25T16:17:00-04:00,30886.5,30890.75,30885,30890.5,,,,,,,,,,,,,,495,,
2026-09-25T16:18:00-04:00,30891,30891,30886.75,30888.75,,,,,,,,,,,,,,250,,
2026-09-25T16:19:00-04:00,30888.75,30890.75,30888.5,30889.25,,,,,,,,,,,,,,177,,
2026-09-25T16:20:00-04:00,30889.75,30890.5,30887.75,30889.5,,,,,,,,,,,,,,226,,
2026-09-25T16:21:00-04:00,30890.25,30890.25,30886.25,30888,,,,,,,,,,,,,,235,,
2026-09-25T16:22:00-04:00,30888,30888.5,30884.25,30885,,,,,,,,,,,,,,284,,
2026-09-25T16:23:00-04:00,30885,30887.75,30884.25,30887.75,,,,,,,,,,,,,,227,,
2026-09-25T16:24:00-04:00,30886.75,30890.75,30886.75,30888.5,,,,,,,,,,,,,,238,,
2026-09-25T16:25:00-04:00,30888.5,30890.5,30887,30890,,,,,,,,,,,,,,282,,
2026-09-25T16:26:00-04:00,30890.5,30896.75,30890.25,30891.5,,,,,,,,,,,,,,716,,
2026-09-25T16:27:00-04:00,30891,30894,30890.25,30892.25,,,,,,,,,,,,,,292,,
2026-09-25T16:28:00-04:00,30892.5,30897.5,30892,30897,,,,,,,,,,,,,,372,,
2026-09-25T16:29:00-04:00,30897.25,30901.25,30895.5,30898,,,,,,,,,,,,,,751,,
2026-09-25T16:30:00-04:00,30898,30904.5,30897,30901.75,,,,,,,,,,,,,,907,,
2026-09-25T16:31:00-04:00,30902.75,30909,30902.75,30908,,,,,,,,,,,,,,604,,
2026-09-25T16:32:00-04:00,30907.25,30910,30906.75,30909.75,,,,,,,,,,,,,,369,,
2026-09-25T16:33:00-04:00,30909.5,30911.25,30908.75,30910.75,,,,,,,,,,,,,,371,,
2026-09-25T16:34:00-04:00,30910.75,30914.5,30910,30913.25,,,,,,,,,,,,,,420,,
2026-09-25T16:35:00-04:00,30913.25,30916.5,30913,30915,,,,,,,,,,,,,,417,,
2026-09-25T16:36:00-04:00,30914.5,30918.5,30913.75,30914,,,,,,,,,,,,,,697,,
2026-09-25T16:37:00-04:00,30914,30915,30912,30912.75,,,,,,,,,,,,,,420,,
2026-09-25T16:38:00-04:00,30912.5,30913.75,30910.5,30912.25,,,,,,,,,,,,,,295,,
2026-09-25T16:39:00-04:00,30912.25,30915,30911.5,30911.75,,,,,,,,,,,,,,254,,
2026-09-25T16:40:00-04:00,30911.5,30914,30910.25,30911.75,,,,,,,,,,,,,,287,,
2026-09-25T16:41:00-04:00,30912,30913,30907,30910.25,,,,,,,,,,,,,,436,,
2026-09-25T16:42:00-04:00,30910.5,30911.75,30910,30910.25,,,,,,,,,,,,,,171,,
2026-09-25T16:43:00-04:00,30910.75,30913.75,30910.25,30913.75,,,,,,,,,,,,,,262,,
2026-09-25T16:44:00-04:00,30913.5,30917,30912.75,30916,,,,,,,,,,,,,,559,,
2026-09-25T16:45:00-04:00,30915.5,30918,30914.5,30916.75,,,,,,,,,,,,,,512,,
2026-09-25T16:46:00-04:00,30916.75,30918.25,30915.25,30917.5,,,,,,,,,,,,,,238,,
2026-09-25T16:47:00-04:00,30917.5,30918.25,30915,30915.75,,,,,,,,,,,,,,220,,
2026-09-25T16:48:00-04:00,30915.25,30917,30914.25,30917,,,,,,,,,,,,,,260,,
2026-09-25T16:49:00-04:00,30916.25,30916.75,30915,30915.75,,,,,,,,,,,,,,169,,
2026-09-25T16:50:00-04:00,30915.75,30917.5,30915,30915.75,,,,,,,,,,,,,,207,,
2026-09-25T16:51:00-04:00,30915.5,30921.25,30915,30918.5,,,,,,,,,,,,,,412,,
2026-09-25T16:52:00-04:00,30919.75,30921.75,30919.25,30920.75,,,,,,,,,,,,,,104,,
2026-09-25T16:53:00-04:00,30920.5,30920.5,30915.5,30917.25,,,,,,,,,,,,,,135,,
2026-09-25T16:54:00-04:00,30917.5,30918.5,30916.25,30916.5,,,,,,,,,,,,,,130,,
2026-09-25T16:55:00-04:00,30916.5,30917.25,30914.5,30915,,,,,,,,,,,,,,308,,
2026-09-25T16:56:00-04:00,30915,30915.25,30913.5,30913.75,,,,,,,,,,,,,,134,,
2026-09-25T16:57:00-04:00,30913.25,30918.5,30912.5,30917.75,,,,,,,,,,,,,,122,,
2026-09-25T16:58:00-04:00,30918,30920.25,30916.5,30919.75,,,,,,,,,,,,,,211,,
