time,open,high,low,close
2025-12-02 12:15:00,620.86981,622.40503,620.78003,622.19000
2025-12-02 12:30:00,622.19000,622.62000,621.70001,622.010010
2025-12-02 12:45:00,622.010010,622.25,619.78552,619.78552
2025-12-02 13:00:00,619.78003,621.54370,619.57501,620.90997
2025-12-02 13:15:00,620.89001,621.72998,620.64001,621.17999
2025-12-02 13:30:00,621.13000,621.5,620.38000,621.049988
2025-12-02 13:45:00,621.030029,621.75989,620.67999,621.52002
2025-12-02 14:00:00,621.48999,622.29999,621.21997,622.16180
2025-12-02 14:15:00,622.15503,622.32001,621.20001,621.71997
2025-12-02 14:30:00,621.71002,622.33002,621.57001,621.77002
2025-12-02 14:45:00,621.78003,623.10999,621.65997,622.87000
2025-12-02 15:00:00,622.88000,623.010010,622.42987,622.78998
2025-12-02 15:15:00,622.78998,623.010010,622.57782,622.88501
2025-12-02 15:30:00,622.88501,623.21997,622.22998,622.57001
2025-12-02 15:45:00,622.57501,622.95001,621.85999,622.070007
2025-12-03 09:30:00,619.59998,620.65002,618.56299,619.14001
2025-12-03 09:45:00,619.10999,619.82001,618.039978,619.66998
2025-12-03 10:00:00,619.73999,621.53003,619.38000,620.080017
2025-12-03 10:15:00,620.14001,621.23999,619.72998,620.40997
2025-12-03 10:30:00,620.39001,622.21002,619.75,622.049988
2025-12-03 10:45:00,622.049988,622.28003,620.97998,621.26501
2025-12-03 11:00:00,621.26001,622.14001,620.26001,620.71997
2025-12-03 11:15:00,620.71002,621.81439,620.56000,621.34003
2025-12-03 11:30:00,621.35999,622.65503,621.21002,622.46002
2025-12-03 11:45:00,622.46002,622.54010,620.46997,621.20001
2025-12-03 12:00:00,621.21002,622.17999,621.080017,622.089905
2025-12-03 12:15:00,622.10999,622.91998,621.79999,622.63000
2025-12-03 12:30:00,622.63000,622.79999,622.10999,622.62000
2025-12-03 12:45:00,622.63000,623.039978,622.32001,622.77991
2025-12-03 13:00:00,622.76001,623.080017,622.59998,622.96002
2025-12-03 13:15:00,622.96503,623.010010,622.35999,622.81000
2025-12-03 13:30:00,622.83002,623.46002,622.83002,623.41998
2025-12-03 13:45:00,623.45001,623.46997,622.71002,622.87000
2025-12-03 14:00:00,622.83032,623.40997,622.78497,623.35999
2025-12-03 14:15:00,623.36780,623.53998,623.10999,623.34998
2025-12-03 14:30:00,623.34003,623.59497,623.15997,623.57501
2025-12-03 14:45:00,623.58002,623.90997,623.37000,623.84998
2025-12-03 15:00:00,623.84998,624.14001,623.60498,624.059998
2025-12-03 15:15:00,624.054993,624.21997,623.82001,624.15289
2025-12-03 15:30:00,624.14001,624.15002,623.78003,624.030029
2025-12-03 15:45:00,624.020020,624.15997,623.15002,623.53003
2025-12-04 09:30:00,624.79999,624.79999,621.049988,622.010010
2025-12-04 09:45:00,622.020020,622.41998,620.78998,621.21002
2025-12-04 10:00:00,621.15997,622.045105,620.91998,621.45001
2025-12-04 10:15:00,621.45001,622.17438,620.32001,622
2025-12-04 10:30:00,622.020020,623.19000,621.76001,622.97028
2025-12-04 10:45:00,622.96997,623.099976,621.43439,621.5
2025-12-04 11:00:00,621.48999,621.84003,619.96002,621.049988
2025-12-04 11:15:00,621.080017,622.17468,620.75989,621.82001
2025-12-04 11:30:00,621.81000,622.23999,621.38019,621.5
2025-12-04 11:45:00,621.51001,623.43500,621.48499,623.23999
2025-12-04 12:00:00,623.22998,623.46997,622.22498,623
2025-12-04 12:15:00,623.020020,623.070007,622.17999,622.26990
2025-12-04 12:30:00,622.27002,622.83502,621.90997,622.56000
2025-12-04 12:45:00,622.56000,622.77991,622.21503,622.67822
2025-12-04 13:00:00,622.65997,622.73999,621.63000,622.31500
2025-12-04 13:15:00,622.32001,622.88000,622.19000,622.76501
2025-12-04 13:30:00,622.76001,623.020020,622.13000,622.23999
2025-12-04 13:45:00,622.24823,622.51819,622.070007,622.34003
2025-12-04 14:00:00,622.33002,622.52991,621.83002,622.049988
2025-12-04 14:15:00,622.039978,622.039978,619.53998,620.59418
2025-12-04 14:30:00,620.59998,622.48999,620.40997,622.031799
2025-12-04 14:45:00,622.039978,622.40997,621.75,621.96002
2025-12-04 15:00:00,621.95001,622.070007,621.039978,621.90997
2025-12-04 15:15:00,621.91998,621.92999,621.29999,621.32001
2025-12-04 15:30:00,621.33972,621.79999,621.27002,621.48999
2025-12-04 15:45:00,621.48999,623,621.34003,622.85999
2025-12-05 09:30:00,624.37000,626.71002,624.23999,625.090027
2025-12-05 09:45:00,625.090027,627.37000,625.070007,627.079895
2025-12-05 10:00:00,627.080017,628.76001,626.51001,628.70001
2025-12-05 10:15:00,628.70001,628.91998,627.95001,628.17999
2025-12-05 10:30:00,628.17999,628.76501,627.51001,627.78003
2025-12-05 10:45:00,627.75,628.078186,625.29498,625.92999
2025-12-05 11:00:00,625.92999,626.53003,625.059998,625.080017
2025-12-05 11:15:00,625.049988,625.88000,624.5,624.83990
2025-12-05 11:30:00,624.84003,625,623.71002,624.65997
2025-12-05 11:45:00,624.64001,626.35999,624.40997,625.59003
2025-12-05 12:00:00,625.58002,625.79999,624.71002,624.80499
2025-12-05 12:15:00,624.78998,625.14001,624.63,624.75989
2025-12-05 12:30:00,624.77002,624.88000,624.020020,624.73999
2025-12-05 12:45:00,624.73499,625.85999,624.58002,625.60999
2025-12-05 13:00:00,625.59998,625.82001,625.33002,625.45502
2025-12-05 13:15:00,625.48499,626.020020,624.88000,625.95001
2025-12-05 13:30:00,625.94580,626.28003,625.44141,625.73999
2025-12-05 13:45:00,625.73499,625.85498,625.39001,625.53003
2025-12-05 14:00:00,625.53998,625.85999,625.22998,625.82501
2025-12-05 14:15:00,625.82501,625.88000,625.059875,625.41998
2025-12-05 14:30:00,625.42999,625.58557,625.020020,625.16998
2025-12-05 14:45:00,625.17499,625.94000,624.95001,625.78180
2025-12-05 15:00:00,625.78998,625.84998,625.16998,625.47009
2025-12-05 15:15:00,625.46997,625.84003,625.23029,625.5
2025-12-05 15:30:00,625.48999,625.56000,625.049988,625.40009
2025-12-05 15:45:00,625.40002,625.83502,624.32001,625.53003
2025-12-08 09:30:00,627.15002,628.84003,626.70001,627.5
2025-12-08 09:45:00,627.52002,627.56000,625.5,626.030029
2025-12-08 10:00:00,626.020020,626.84003,625.69000,625.95502
2025-12-08 10:15:00,625.96997,626.13000,623.94000,624.98999
2025-12-08 10:30:00,624.98999,625.54999,624.59003,624.65997
2025-12-08 10:45:00,624.65002,625.030029,623.73999,624.059998
2025-12-08 11:00:00,624.059998,624.14001,623.21997,623.45001
2025-12-08 11:15:00,623.46002,624.26001,623.21002,624.070007
2025-12-08 11:30:00,624.059998,624.25,623.44000,623.82001
2025-12-08 11:45:00,623.82001,623.89008,623.29999,623.5
2025-12-08 12:00:00,623.5,623.66998,622.59003,623.10999
2025-12-08 12:15:00,623.125,623.46002,622.37000,622.96399
2025-12-08 12:30:00,622.96503,623.52002,622.88013,623.10498
2025-12-08 12:45:00,623.090027,624.72998,622.83820,624.48999
2025-12-08 13:00:00,624.48999,624.87000,623.92999,624.40997
2025-12-08 13:15:00,624.40997,624.67999,623.22998,623.27002
2025-12-08 13:30:00,623.22998,623.53998,622.59998,623.18549
2025-12-08 13:45:00,623.20001,623.37000,621.69000,622.34998
2025-12-08 14:00:00,622.35999,622.46997,621.75,622.049988
2025-12-08 14:15:00,622.049988,622.76001,622.039978,622.48578
2025-12-08 14:30:00,622.47998,623,622.37000,622.65808
2025-12-08 14:45:00,622.65997,623.059998,622.19000,622.34003
2025-12-08 15:00:00,622.34003,622.59998,622.099976,622.59998
2025-12-08 15:15:00,622.59998,622.92999,622.39001,622.89001
2025-12-08 15:30:00,622.90002,622.91998,622.28003,622.84003
2025-12-08 15:45:00,622.84003,624.27002,622.57001,624.17999
2025-12-09 09:30:00,624.28003,624.28003,621.62000,622.89038
2025-12-09 09:45:00,622.90997,623.45001,622.52002,623.31000
2025-12-09 10:00:00,623.34998,624.28003,623,623.48999
2025-12-09 10:15:00,623.48999,624.12201,623.20502,623.96997
2025-12-09 10:30:00,624,624.55499,623.56000,624.53998
2025-12-09 10:45:00,624.54999,624.66998,623.47998,624.64502
2025-12-09 11:00:00,624.63000,625.099976,624.52002,624.83002
2025-12-09 11:15:00,624.83002,625.26001,624.73999,624.77002
2025-12-09 11:30:00,624.79999,625.34998,624.27002,624.40002
2025-12-09 11:45:00,624.40002,625.38501,624.40002,625.22998
2025-12-09 12:00:00,625.22998,625.81000,625.039978,625.51001
2025-12-09 12:15:00,625.51001,625.53998,624.78003,625.21503
2025-12-09 12:30:00,625.21503,625.42499,624.87000,625.10620
2025-12-09 12:45:00,625.10620,625.46997,624.78003,625.44000
2025-12-09 13:00:00,625.44000,625.70001,625.12000,625.44000
2025-12-09 13:15:00,625.44000,625.78003,625.40997,625.65002
2025-12-09 13:30:00,625.64001,625.72998,625.090027,625.13000
2025-12-09 13:45:00,625.12000,625.87000,624.80988,625.53998
2025-12-09 14:00:00,625.53998,625.59998,624.96997,625.14001
2025-12-09 14:15:00,625.14001,625.44000,625.049988,625.28003
2025-12-09 14:30:00,625.28003,625.41998,624.63000,624.82001
2025-12-09 14:45:00,624.82001,625.22498,624.73999,625.090027
2025-12-09 15:00:00,625.090027,625.35999,624.91998,625.059998
2025-12-09 15:15:00,625.054993,625.26001,624.89001,624.97998
2025-12-09 15:30:00,624.96002,625.20001,624.75,625.19678
2025-12-09 15:45:00,625.19501,625.54999,624.28003,625.10999
2025-12-10 09:30:00,623.84003,624.21997,621.91998,623.72498
2025-12-10 09:45:00,623.71997,624.44000,622.40118,623.45001
2025-12-10 10:00:00,623.42999,623.94000,622.84003,623.28998
2025-12-10 10:15:00,623.31000,624.059998,623.14001,623.56000
2025-12-10 10:30:00,623.56000,623.71997,621.84998,622.37000
2025-12-10 10:45:00,622.35999,623.33002,621.52002,621.90002
2025-12-10 11:00:00,621.92822,622.95001,620.98999,622.94501
2025-12-10 11:15:00,622.95001,623.93878,622.82001,623.84998
2025-12-10 11:30:00,623.82001,623.97998,623.17999,623.30518
2025-12-10 11:45:00,623.31000,624.089722,622.94000,623.91998
2025-12-10 12:00:00,623.90997,624.039978,623.26001,623.51001
2025-12-10 12:15:00,623.5,623.67999,623.080017,623.28003
2025-12-10 12:30:00,623.25,623.90997,623.12830,623.46002
2025-12-10 12:45:00,623.46002,624.66998,623.41998,624.26001
2025-12-10 13:00:00,624.26001,624.32001,623.73999,623.90991
2025-12-10 13:15:00,623.90002,623.98999,622.60999,622.87189
2025-12-10 13:30:00,622.85999,623.46002,622.59003,622.92322
2025-12-10 13:45:00,622.90002,623.46997,622.69000,623.13000
2025-12-10 14:00:00,623.11499,626.10999,622.87000,624.98999
2025-12-10 14:15:00,625.010010,625.98999,623.36243,624.34003
2025-12-10 14:30:00,624.35999,627.039978,623,624.32172
2025-12-10 14:45:00,624.26001,628.37000,624.17999,628.14001
2025-12-10 15:00:00,628.13000,629.039978,627.22998,628.95001
2025-12-10 15:15:00,628.95001,629.20001,628.19598,628.40997
2025-12-10 15:30:00,628.41998,629.059998,628.25,628.48999
2025-12-10 15:45:00,628.47998,628.82001,627.35498,627.53998
2025-12-11 09:30:00,623.82001,623.95502,621.74500,622.46997
2025-12-11 09:45:00,622.46002,622.57001,617.97998,618.28998
2025-12-11 10:00:00,618.31000,622.010010,617.71997,621.72998
2025-12-11 10:15:00,621.72998,623.5,621.19000,622.77002
2025-12-11 10:30:00,622.77002,623.039978,620.92999,621.39001
2025-12-11 10:45:00,621.37000,621.90002,619.31000,621.13989
2025-12-11 11:00:00,621.13440,621.85999,620.16998,620.65997
2025-12-11 11:15:00,620.65997,620.96002,619.31000,619.57001
2025-12-11 11:30:00,619.57001,622.28998,619.48999,621.91998
2025-12-11 11:45:00,621.96002,622.53998,619.59998,620.42999
2025-12-11 12:00:00,620.41998,622.38000,620.28998,622.059998
2025-12-11 12:15:00,622.070007,623.68011,621.92999,622.89001
2025-12-11 12:30:00,622.89001,623.94000,622.89001,623.75
2025-12-11 12:45:00,623.75,623.90002,622.30017,622.65002
2025-12-11 13:00:00,622.63000,623.84991,622.39001,623.62000
2025-12-11 13:15:00,623.65002,623.88000,623.015015,623.34998
2025-12-11 13:30:00,623.34003,624.81628,623.080017,624.69757
2025-12-11 13:45:00,624.70007,624.88000,623.54498,623.71997
2025-12-11 14:00:00,623.72998,624.52002,623.68500,624.48999
2025-12-11 14:15:00,624.48999,625.27002,624.46997,625.17999
2025-12-11 14:30:00,625.17999,625.59998,625.090027,625.54858
2025-12-11 14:45:00,625.56000,625.78003,624.95001,624.96997
2025-12-11 15:00:00,624.97998,625.41998,624.90997,625.020020
2025-12-11 15:15:00,625.020020,625.28003,624.63000,624.70502
2025-12-11 15:30:00,624.70001,624.78998,624.26001,624.69000
2025-12-11 15:45:00,624.67999,625.71997,624.44000,625.62000
2025-12-12 09:30:00,621.95099,623.53998,621.35999,621.91998
2025-12-12 09:45:00,621.92999,622.29999,620.64001,622.010010
2025-12-12 10:00:00,622.010010,622.049988,618.46002,619.14001
2025-12-12 10:15:00,619.13000,619.52899,616.15503,616.27002
2025-12-12 10:30:00,616.26001,617.82129,615.67999,617.80640
2025-12-12 10:45:00,617.77002,618.25,613.71997,614.35901
2025-12-12 11:00:00,614.33002,615.21997,612.20001,613.20001
2025-12-12 11:15:00,613.16998,614.039978,611.73999,613.94000
2025-12-12 11:30:00,613.93060,613.96002,611.35999,613
2025-12-12 11:45:00,612.98999,613.059998,611.81000,612.75
2025-12-12 12:00:00,612.73999,614.84998,612.44000,614.53998
2025-12-12 12:15:00,614.53998,615.78003,613.77002,613.89001
2025-12-12 12:30:00,613.89001,615.49402,613.17999,615.090027
2025-12-12 12:45:00,615.070007,616.017029,615.020020,615.21997
2025-12-12 13:00:00,615.22998,617.21997,614.88000,616.58002
2025-12-12 13:15:00,616.57001,617.46997,615.96082,616.73999
2025-12-12 13:30:00,616.71997,616.83002,615.66998,615.90997
2025-12-12 13:45:00,615.91803,616.38000,615.14001,615.22998
2025-12-12 14:00:00,615.22998,615.40997,614.17999,614.28003
2025-12-12 14:15:00,614.28003,614.65997,613.69000,613.96002
2025-12-12 14:30:00,613.97998,614.91998,613.95001,614.31000
2025-12-12 14:45:00,614.34003,614.63000,613.96997,614.40997
2025-12-12 15:00:00,614.40997,614.84,613.90997,613.96002
2025-12-12 15:15:00,613.92999,614.33002,613.45001,613.58002
2025-12-12 15:30:00,613.58002,613.71997,612.020020,612.88000
2025-12-12 15:45:00,612.90002,613.88000,612.60999,613.59998
2025-12-15 09:30:00,617.75,618.15002,615.39001,615.44000
2025-12-15 09:45:00,615.42999,615.97662,613.65997,613.92999
2025-12-15 10:00:00,613.92999,614.16998,612.38000,612.69000
2025-12-15 10:15:00,612.65002,612.75519,609.32001,610.15997
2025-12-15 10:30:00,610.14001,612.77002,609.82001,612.75140
2025-12-15 10:45:00,612.76001,613.25,611.37000,612.15997
2025-12-15 11:00:00,612.15997,613.19409,611.45001,612.23999
2025-12-15 11:15:00,612.21997,614.90002,612.16998,614.62000
2025-12-15 11:30:00,614.63501,614.78003,611.66498,611.81000
2025-12-15 11:45:00,611.84003,613.16998,611.38000,612.40997
2025-12-15 12:00:00,612.44000,612.77502,611.98999,612.25
2025-12-15 12:15:00,612.26001,612.45001,611.59003,612.070007
2025-12-15 12:30:00,612.099976,612.97998,611.46997,612.58911
2025-12-15 12:45:00,612.57001,612.82001,610.51001,611.66010
2025-12-15 13:00:00,611.62000,612.27478,610.91998,612.15002
2025-12-15 13:15:00,612.10999,612.42749,610.53003,610.84998
2025-12-15 13:30:00,610.84003,611.44000,610.42999,611.27002
2025-12-15 13:45:00,611.23999,612.54999,611.16998,612.15991
2025-12-15 14:00:00,612.12109,612.87000,611.87000,611.90002
2025-12-15 14:15:00,611.85999,612.28998,611.45001,611.75
2025-12-15 14:30:00,611.73999,611.96991,611.12000,611.27002
2025-12-15 14:45:00,611.26001,612.21002,611.030029,612.12000
2025-12-15 15:00:00,612.099976,612.22998,611.099976,611.76001
2025-12-15 15:15:00,611.75,612.090027,611.020020,611.34998
2025-12-15 15:30:00,611.35999,611.50989,610.67999,610.89502
2025-12-15 15:45:00,610.88000,611.40997,610.40997,610.47998
2025-12-16 09:30:00,608.27399,611.050903,607.73999,609.030029
2025-12-16 09:45:00,609.070007,612.25,607.58502,612.10999
2025-12-16 10:00:00,612.21002,612.47998,610.0050049,610.48969
2025-12-16 10:15:00,610.47998,610.69000,606.96997,608.5
2025-12-16 10:30:00,608.48999,609.64001,607.38098,608.84003
2025-12-16 10:45:00,608.84003,610.83002,608.22998,610.45001
2025-12-16 11:00:00,610.46997,610.94501,608.67999,608.97308
2025-12-16 11:15:00,608.91998,609.096008,607.84998,608.29999
2025-12-16 11:30:00,608.29999,609.25,607.88000,608.90503
2025-12-16 11:45:00,608.91083,610.84998,608.71002,610.72998
2025-12-16 12:00:00,610.77002,611.15002,609.41998,610.84998
2025-12-16 12:15:00,610.84998,611.20001,608.90997,609.28003
2025-12-16 12:30:00,609.25012,610.40002,608.35999,608.68500
2025-12-16 12:45:00,608.71997,609.16998,607.37000,607.56897
2025-12-16 13:00:00,607.53003,608.19000,606.91010,608.16998
2025-12-16 13:15:00,608.10999,608.35999,607.29102,607.64410
2025-12-16 13:30:00,607.65002,610.40997,607.59003,610.34003
2025-12-16 13:45:00,610.37000,611.13000,610.13959,610.29999
2025-12-16 14:00:00,610.26001,610.33002,608.40002,608.5
2025-12-16 14:15:00,608.46997,609.57001,608.16998,609.53497
2025-12-16 14:30:00,609.53003,610.60999,609.34003,610.40997
2025-12-16 14:45:00,610.40997,611.21002,609.96002,610.46997
2025-12-16 15:00:00,610.46002,611.66998,610.26001,610.85999
2025-12-16 15:15:00,610.84998,611.87000,610.75,611.79999
2025-12-16 15:30:00,611.78998,613.39899,611.75659,612.94000
2025-12-16 15:45:00,612.90997,613.51001,611.79999,611.79999
2025-12-17 09:30:00,613.090027,613.65002,610.080017,610.59998
2025-12-17 09:45:00,610.57001,611.40997,608.89008,611.059998
2025-12-17 10:00:00,611.049988,611.27002,609.74249,610.58002
2025-12-17 10:15:00,610.59003,611.35999,609.72998,610.71002
2025-12-17 10:30:00,610.66998,611.029785,606.10992,606.50140
2025-12-17 10:45:00,606.5,606.94000,603.90997,604.51001
2025-12-17 11:00:00,604.47998,606.030029,603.67200,603.71002
2025-12-17 11:15:00,603.70001,605.47998,603.27002,604.73999
2025-12-17 11:30:00,604.70001,604.71997,603.099976,604.090027
2025-12-17 11:45:00,604.049988,604.57001,602.77002,604
2025-12-17 12:00:00,603.98999,604.40002,602.71997,603.13000
2025-12-17 12:15:00,603.12000,604.99500,602.81000,604.15002
2025-12-17 12:30:00,604.15002,605.15002,603.22498,603.35510
2025-12-17 12:45:00,603.35999,604.10999,602.75,603.67999
2025-12-17 13:00:00,603.72998,605.010010,603.34998,603.40002
2025-12-17 13:15:00,603.39001,603.78998,602.94989,603.40997
2025-12-17 13:30:00,603.41498,603.56500,601.67999,602.31439
2025-12-17 13:45:00,602.29999,602.63000,601.58002,602.15997
2025-12-17 14:00:00,602.10999,602.42999,601.57001,602.049988
2025-12-17 14:15:00,602.044983,602.38000,601.60999,601.77002
2025-12-17 14:30:00,601.75,602.34497,601.29999,602.17999
2025-12-17 14:45:00,602.16998,602.82501,601.91998,602.59003
2025-12-17 15:00:00,602.58002,602.77002,601.77002,602.039978
2025-12-17 15:15:00,602.030029,602.58002,601.70001,602.039978
2025-12-17 15:30:00,602.049988,602.45001,601.53003,602.33002
2025-12-17 15:45:00,602.34003,602.39001,600.28003,600.35999
2025-12-18 09:30:00,609.76001,610.95001,607.19000,607.78003
2025-12-18 09:45:00,607.77002,609.98999,606.91998,609.67999
2025-12-18 10:00:00,609.67499,610.23999,607.23999,607.77002
2025-12-18 10:15:00,607.77002,611.15997,607.26562,610.82990
2025-12-18 10:30:00,610.82001,612.81982,610.46002,612.14502
2025-12-18 10:45:00,612.15002,612.28003,611.59003,611.81000
2025-12-18 11:00:00,611.81000,612.92999,611.45001,612.094971
2025-12-18 11:15:00,612.099976,612.76001,611.31500,611.53998
2025-12-18 11:30:00,611.53003,612.77002,611.47998,612.49500
2025-12-18 11:45:00,612.48999,612.91998,612.10999,612.31000
2025-12-18 12:00:00,612.31000,612.31000,608.21997,608.67999
2025-12-18 12:15:00,608.67999,609.059998,607.51001,608.59998
2025-12-18 12:30:00,608.59003,611.23999,608.27002,611.23999
2025-12-18 12:45:00,611.27002,611.75,610.29999,611.55988
2025-12-18 13:00:00,611.56000,611.94000,610.66998,611.35999
2025-12-18 13:15:00,611.35999,612.054993,611.34998,611.73999
2025-12-18 13:30:00,611.75,612.70001,611.73999,611.96997
2025-12-18 13:45:00,611.96002,612.070007,611.070007,611.21503
2025-12-18 14:00:00,611.21002,611.23999,609.21002,610.20001
2025-12-18 14:15:00,610.21002,610.21002,609.26001,609.78003
2025-12-18 14:30:00,609.77002,609.89001,608.75,608.84998
2025-12-18 14:45:00,608.84998,609.84003,607.75,608.090027
2025-12-18 15:00:00,608.090027,610.059998,607.71997,610.0050049
2025-12-18 15:15:00,610.015015,610.63000,609.46997,610.44000
2025-12-18 15:30:00,610.44000,611.039978,610.15997,610.96503
2025-12-18 15:45:00,610.96002,611.27301,609.14001,609.15002
2025-12-19 09:30:00,611.95001,616.375,611.88501,616.36499
2025-12-19 09:45:00,616.21997,616.96002,615.78998,616.65002
2025-12-19 10:00:00,616.64001,617.62000,615.90002,616.090027
2025-12-19 10:15:00,616.099976,616.53998,614.38000,615.40002
2025-12-19 10:30:00,615.40002,616.48999,614.71997,615.34998
2025-12-19 10:45:00,615.37000,615.47998,614.47998,614.81500
2025-12-19 11:00:00,614.79999,616.65002,614.23999,615.85999
2025-12-19 11:15:00,615.87000,616.28510,615.62000,616.20001
2025-12-19 11:30:00,616.21002,616.72998,615.95001,615.95001
2025-12-19 11:45:00,615.96002,616.14008,615.090027,615.34003
2025-12-19 12:00:00,615.35999,616.44000,615.28003,616.40002
2025-12-19 12:15:00,616.40002,617.090027,616.39001,616.96002
2025-12-19 12:30:00,616.96997,617.099976,616.56000,616.82001
2025-12-19 12:45:00,616.83002,617.5,616.68182,617.039978
2025-12-19 13:00:00,617.034973,617.38000,616.86499,617.17999
2025-12-19 13:15:00,617.18988,617.32001,616.83002,616.97998
2025-12-19 13:30:00,616.98999,617.090027,616.28003,616.53198
2025-12-19 13:45:00,616.52002,616.77002,616.31000,616.47998
2025-12-19 14:00:00,616.46997,617.059998,616.46002,616.91998
2025-12-19 14:15:00,616.92578,617.23999,616.77002,617.13000
2025-12-19 14:30:00,617.10498,617.29999,616.96997,617.20001
2025-12-19 14:45:00,617.21002,617.39001,616.87097,616.90002
2025-12-19 15:00:00,616.89001,617.21503,616.85999,617.044983
2025-12-19 15:15:00,617.044983,617.35498,616.90997,617.23999
2025-12-19 15:30:00,617.21997,617.29999,616.44000,616.72998
2025-12-19 15:45:00,616.73499,617.47998,616.34998,617.23999
2025-12-22 09:30:00,621.38000,621.65002,618.75250,619.27002
2025-12-22 09:45:00,619.26001,620.83002,619.099976,620.58002
2025-12-22 10:00:00,620.57001,620.73999,618.89001,618.90997
2025-12-22 10:15:00,618.91998,619.82001,618.84131,619.17999
2025-12-22 10:30:00,619.19000,619.39001,617.77002,618.91998
2025-12-22 10:45:00,618.90997,619.28998,618.51001,618.85791
2025-12-22 11:00:00,618.85999,619.60999,618.81500,619.59991
2025-12-22 11:15:00,619.59003,619.94000,619.51001,619.73999
2025-12-22 11:30:00,619.73999,619.73999,619.21997,619.21997
2025-12-22 11:45:00,619.21997,619.81000,619.21002,619.81000
2025-12-22 12:00:00,619.82001,619.90002,619.34003,619.43500
2025-12-22 12:15:00,619.43500,619.70502,619.34998,619.42999
2025-12-22 12:30:00,619.42999,619.53003,619.19501,619.29498
2025-12-22 12:45:00,619.29999,620.070007,619.13000,619.95502
2025-12-22 13:00:00,619.94000,619.96997,619.21997,619.22998
2025-12-22 13:15:00,619.23499,619.28003,618.82001,619.17999
2025-12-22 13:30:00,619.17999,619.4375,619.039978,619.35999
2025-12-22 13:45:00,619.34998,619.41992,618.94000,619.17999
2025-12-22 14:00:00,619.17999,619.23999,618.86230,619.010010
2025-12-22 14:15:00,619.010010,619.44000,618.91998,619.40002
2025-12-22 14:30:00,619.39502,619.71002,619.34998,619.38080
2025-12-22 14:45:00,619.39001,619.51001,619.14502,619.19000
2025-12-22 15:00:00,619.19000,619.27002,618.98639,618.98639
2025-12-22 15:15:00,618.98999,619.27002,618.92999,619.13000
2025-12-22 15:30:00,619.12000,619.39502,619.072876,619.24988
2025-12-22 15:45:00,619.25,619.48999,618.96002,619.15002
2025-12-23 09:30:00,620,620.40997,619.16998,620.21002
2025-12-23 09:45:00,620.21002,620.71503,618.89001,619.31012
2025-12-23 10:00:00,619.33002,619.37000,617.78003,618.29999
2025-12-23 10:15:00,618.31000,619.22998,618.28003,618.89880
2025-12-23 10:30:00,618.89001,619.91998,618.87000,619.79999
2025-12-23 10:45:00,619.81000,620.47998,619.59497,620.23132
2025-12-23 11:00:00,620.25,620.66998,620.14001,620.28998
2025-12-23 11:15:00,620.29999,620.75,620.21002,620.52002
2025-12-23 11:30:00,620.52002,620.77002,620.23999,620.72333
2025-12-23 11:45:00,620.72998,621.30988,620.71002,621.22998
2025-12-23 12:00:00,621.23999,621.33002,620.95001,621.14502
2025-12-23 12:15:00,621.14502,621.27502,621.010010,621.070007
2025-12-23 12:30:00,621.070007,621.21997,620.79999,620.95001
2025-12-23 12:45:00,620.94501,621.030029,620.69000,620.78760
2025-12-23 13:00:00,620.78998,621.16998,620.72870,621.14001
2025-12-23 13:15:00,621.13501,621.40503,621.039978,621.16998
2025-12-23 13:30:00,621.17999,621.38000,621.10999,621.34497
2025-12-23 13:45:00,621.34497,621.35498,621.15503,621.25
2025-12-23 14:00:00,621.25,621.60498,621.21820,621.54498
2025-12-23 14:15:00,621.54010,621.66998,621.49988,621.54999
2025-12-23 14:30:00,621.54999,621.59003,621.45001,621.52002
2025-12-23 14:45:00,621.53003,621.88000,621.51001,621.79999
2025-12-23 15:00:00,621.79999,622.010010,621.78998,621.85498
2025-12-23 15:15:00,621.85999,622.015015,621.76001,621.84998
2025-12-23 15:30:00,621.84003,621.98999,621.76001,621.82001
2025-12-23 15:45:00,621.81500,622.40002,621.76099,622.21002
2025-12-24 09:30:00,622.25,622.65997,621.71997,622
2025-12-24 09:45:00,622.020020,622.37012,621.78998,622.34003
2025-12-24 10:00:00,622.32318,622.88000,622.21997,622.75482
2025-12-24 10:15:00,622.78003,623.070007,622.20001,622.48132
2025-12-24 10:30:00,622.48120,622.72998,622.32001,622.69000
2025-12-24 10:45:00,622.67999,622.87000,622.56000,622.79132
2025-12-24 11:00:00,622.79999,623.33002,622.78003,623.29999
2025-12-24 11:15:00,623.28998,623.42999,623.030029,623.35999
2025-12-24 11:30:00,623.37000,624.075012,623.28998,623.98999
2025-12-24 11:45:00,623.98999,624.080017,623.78998,623.88000
2025-12-24 12:00:00,623.89001,624.039978,623.81000,623.99988
2025-12-24 12:15:00,623.98999,624.010010,623.61102,623.87000
2025-12-24 12:30:00,623.85999,624.16998,623.65002,623.69000
2025-12-24 12:45:00,623.67999,624.27002,623.66998,623.94000
2025-12-26 09:30:00,624.67999,625.44000,623.85999,625.39001
2025-12-26 09:45:00,625.38013,625.51501,624.039978,624.23499
2025-12-26 10:00:00,624.21997,624.32001,623.19000,623.33002
2025-12-26 10:15:00,623.33002,624.40002,623.14001,624.34003
2025-12-26 10:30:00,624.33002,624.67999,624.10999,624.28998
2025-12-26 10:45:00,624.29358,624.86353,624.19000,624.71130
2025-12-26 11:00:00,624.71002,624.98999,623.77991,623.81500
2025-12-26 11:15:00,623.81000,624.39001,623.70001,624.29999
2025-12-26 11:30:00,624.31000,624.48999,624.19000,624.41998
2025-12-26 11:45:00,624.42999,624.49500,624.080017,624.10999
2025-12-26 12:00:00,624.12622,624.13000,623.65997,623.66498
2025-12-26 12:15:00,623.65503,624.25,623.51001,624.23999
2025-12-26 12:30:00,624.23999,624.28027,623.78003,623.90997
2025-12-26 12:45:00,623.91663,624.14001,623.75,624.044983
2025-12-26 13:00:00,624.049988,624.27502,624.032471,624.13000
2025-12-26 13:15:00,624.13013,624.15002,623.62000,623.98999
2025-12-26 13:30:00,623.98999,624.28003,623.96997,624.086304
2025-12-26 13:45:00,624.080017,624.53003,624.030029,624.5
2025-12-26 14:00:00,624.51001,624.66998,624.32501,624.46997
2025-12-26 14:15:00,624.46002,624.51001,624.20502,624.26001
2025-12-26 14:30:00,624.26001,624.40002,624.10999,624.16998
2025-12-26 14:45:00,624.15997,624.59003,624.085022,624.48499
2025-12-26 15:00:00,624.46997,624.5,624.025024,624.059998
2025-12-26 15:15:00,624.049988,624.17999,623.92999,624.059998
2025-12-26 15:30:00,624.059998,624.21503,623.98999,624.18378
2025-12-26 15:45:00,624.19000,624.19501,623.66998,623.84003
2025-12-29 09:30:00,620.10999,622.77502,619.10999,622.14301
2025-12-29 09:45:00,622.16498,622.16998,620.21002,620.47998
2025-12-29 10:00:00,620.5,620.90997,619.030029,619.40991
2025-12-29 10:15:00,619.40997,621.14001,619.39001,621.030029
2025-12-29 10:30:00,621.020020,621.69000,620.85010,621.26001
2025-12-29 10:45:00,621.26001,621.32001,619.34497,620.020020
2025-12-29 11:00:00,620.010010,620.36340,619.48999,620.21570
2025-12-29 11:15:00,620.21997,620.22998,619.56000,620.065002
2025-12-29 11:30:00,620.030029,620.38000,619.48499,619.70612
2025-12-29 11:45:00,619.71503,620.21997,619.68988,619.85999
2025-12-29 12:00:00,619.85999,620.12000,619.34003,619.59003
2025-12-29 12:15:00,619.56000,619.73499,618.72998,618.97607
2025-12-29 12:30:00,618.97498,619.54999,618.90002,619.47498
2025-12-29 12:45:00,619.46002,620.089905,619.40503,619.95001
2025-12-29 13:00:00,619.94000,619.94501,619.5,619.58002
2025-12-29 13:15:00,619.56000,620.21002,619.52502,620.020020
2025-12-29 13:30:00,620.020020,620.65997,619.97998,620.15503
2025-12-29 13:45:00,620.15997,620.17999,619.72498,619.84003
2025-12-29 14:00:00,619.83002,619.90002,619.59003,619.69000
2025-12-29 14:15:00,619.69000,620.26501,619.64502,620.22498
2025-12-29 14:30:00,620.21997,620.87012,620.17999,620.76990
2025-12-29 14:45:00,620.77002,621.69501,620.75,621.48999
2025-12-29 15:00:00,621.49500,621.5,621.099976,621.29498
2025-12-29 15:15:00,621.28998,621.51001,621.090027,621.10999
2025-12-29 15:30:00,621.11499,621.32001,620.77002,620.92609
2025-12-29 15:45:00,620.91998,621.25,620.60999,620.88000
2025-12-30 09:30:00,620.5,620.79999,619.58002,619.77002
2025-12-30 09:45:00,619.77002,621.75,619.38000,621.33002
2025-12-30 10:00:00,621.29999,621.41998,619.59003,619.89001
2025-12-30 10:15:00,619.90997,620.54388,619.69000,619.96002
2025-12-30 10:30:00,619.94000,620.099976,619.58002,619.82501
2025-12-30 10:45:00,619.85999,621.22998,619.72827,621.041016
2025-12-30 11:00:00,621.030029,621.52002,620.91010,621.34003
2025-12-30 11:15:00,621.34998,622.16998,621.32001,621.71002
2025-12-30 11:30:00,621.71002,621.77002,620.71002,620.91498
2025-12-30 11:45:00,620.91998,620.97998,620.40002,620.46997
2025-12-30 12:00:00,620.46002,620.55499,620.17999,620.21997
2025-12-30 12:15:00,620.21997,620.59003,620.010010,620.53998
2025-12-30 12:30:00,620.53998,620.90997,620.42999,620.53998
2025-12-30 12:45:00,620.53003,620.79999,620.29999,620.70001
2025-12-30 13:00:00,620.71002,620.83002,620.19000,620.72998
2025-12-30 13:15:00,620.75,620.91998,620.64001,620.87000
2025-12-30 13:30:00,620.87000,621.030029,620.45001,620.65503
2025-12-30 13:45:00,620.65997,620.90997,620.55499,620.75
2025-12-30 14:00:00,620.72998,620.83002,620.33002,620.82001
2025-12-30 14:15:00,620.82001,620.97998,620.70001,620.81500
2025-12-30 14:30:00,620.82001,620.94000,620.53998,620.64001
2025-12-30 14:45:00,620.63562,620.65002,620.15002,620.31000
2025-12-30 15:00:00,620.29999,620.32001,619.59998,619.87000
2025-12-30 15:15:00,619.85529,620.44000,619.81000,620.125
2025-12-30 15:30:00,620.12000,620.35498,620.059998,620.21002
2025-12-30 15:45:00,620.21997,620.22998,619.21503,619.41998
2025-12-31 09:30:00,619.625,619.96002,617.99500,618.21997
2025-12-31 09:45:00,618.22992,618.60999,617.33118,617.91998
2025-12-31 10:00:00,617.92999,618.20001,617.38000,617.87000
2025-12-31 10:15:00,617.87000,618.033630,617.030029,617.84003
2025-12-31 10:30:00,617.83002,617.98999,617.17999,617.51001
2025-12-31 10:45:00,617.51001,617.53003,616.45001,616.74500
2025-12-31 11:00:00,616.71503,617.065002,616.69000,616.92499
2025-12-31 11:15:00,616.91498,617.73999,616.91498,617.71997
2025-12-31 11:30:00,617.72998,617.74500,617.13000,617.29498
2025-12-31 11:45:00,617.28998,617.96997,617.12000,617.91541
2025-12-31 12:00:00,617.90997,617.94000,617.039978,617.33008
2025-12-31 12:15:00,617.34802,617.60999,617.25,617.48499
2025-12-31 12:30:00,617.47998,617.90997,617.41998,617.66998
2025-12-31 12:45:00,617.67499,617.71002,617.13000,617.35712
2025-12-31 13:00:00,617.34998,617.84998,617.15997,617.84998
2025-12-31 13:15:00,617.85999,617.90002,617.42273,617.85010
2025-12-31 13:30:00,617.85999,618.38501,617.70007,618.19989
2025-12-31 13:45:00,618.21002,618.47998,618.070007,618.13000
2025-12-31 14:00:00,618.12000,618.59998,618.12000,618.26001
2025-12-31 14:15:00,618.25500,618.27002,617.30798,617.34003
2025-12-31 14:30:00,617.34003,617.41998,616.25500,616.59003
2025-12-31 14:45:00,616.58398,616.73999,616.19000,616.28998
2025-12-31 15:00:00,616.28003,616.37000,615.039978,615.39001
2025-12-31 15:15:00,615.39990,615.72028,614.75,614.87677
2025-12-31 15:30:00,614.88000,615.73999,614.71997,615.54999
2025-12-31 15:45:00,615.54999,615.62610,614.049988,614.28003
2026-01-02 09:30:00,620,621.17999,618.90002,620.17987
2026-01-02 09:45:00,620.16998,622.84998,620.15002,621.19012
2026-01-02 10:00:00,621.19000,622.27002,617.84003,618.070007
2026-01-02 10:15:00,618.085022,618.14001,614.60999,615.40997
2026-01-02 10:30:00,615.40997,618.12000,614.90997,617.60999
2026-01-02 10:45:00,617.62000,617.86499,612.31000,612.66498
2026-01-02 11:00:00,612.67999,612.82001,610.75,612.78003
2026-01-02 11:15:00,612.78003,613.45300,611.59003,612.76001
2026-01-02 11:30:00,612.72998,613.92499,612.39001,612.47998
2026-01-02 11:45:00,612.47998,612.84003,611,611.95001
2026-01-02 12:00:00,611.90002,613.39001,611.31000,613.23999
2026-01-02 12:15:00,613.23999,613.42499,612.40997,613.0098877
2026-01-02 12:30:00,613.010010,613.33722,612.40002,612.66998
2026-01-02 12:45:00,612.69000,612.95001,611.26001,611.56000
2026-01-02 13:00:00,611.52002,612.20129,611.29999,611.34998
2026-01-02 13:15:00,611.35999,612.49500,611.15002,611.76001
2026-01-02 13:30:00,611.75,612.090027,611.35999,611.89001
2026-01-02 13:45:00,611.90002,612.19000,610.15002,610.84003
2026-01-02 14:00:00,610.83771,613.20001,610.71002,613.010010
2026-01-02 14:15:00,613.010010,613.81000,612.46997,613.59003
2026-01-02 14:30:00,613.59003,614.69000,613.57001,614.16498
2026-01-02 14:45:00,614.15997,614.38501,613.065002,613.35999
2026-01-02 15:00:00,613.34998,614.19000,613.090027,613.84998
2026-01-02 15:15:00,613.84998,614.54999,613.73999,614.10999
2026-01-02 15:30:00,614.099976,614.32001,613.16498,613.21002
2026-01-02 15:45:00,613.21002,613.46002,612.5,613.090027
2026-01-05 09:30:00,619.69000,619.81000,616.71997,618.27002
2026-01-05 09:45:00,618.27002,619.020020,617.28003,618.059998
2026-01-05 10:00:00,618.099976,619.46002,617.40997,619.16998
2026-01-05 10:15:00,619.21997,620.22998,618.84998,619.98010
2026-01-05 10:30:00,620,620.39001,619.12000,619.21002
2026-01-05 10:45:00,619.21021,619.92999,619.20001,619.78003
2026-01-05 11:00:00,619.78003,620.53998,619.46008,619.96997
2026-01-05 11:15:00,619.96997,620.39001,619.87000,620.23999
2026-01-05 11:30:00,620.22998,620.54498,619.72998,620.15997
2026-01-05 11:45:00,620.15997,620.81000,619.60999,619.65002
2026-01-05 12:00:00,619.65997,619.98999,619.28998,619.95502
2026-01-05 12:15:00,619.96002,619.97998,618.61902,618.91998
2026-01-05 12:30:00,618.95001,619.030029,618.42999,618.59003
2026-01-05 12:45:00,618.57001,619.099976,618.52002,618.90002
2026-01-05 13:00:00,618.88000,619.030029,618,618.19000
2026-01-05 13:15:00,618.20001,618.42999,617.25,618.38501
2026-01-05 13:30:00,618.39001,618.73999,618,618.69000
2026-01-05 13:45:00,618.71002,618.85999,618.40442,618.56500
2026-01-05 14:00:00,618.57001,618.69000,618.070007,618.27991
2026-01-05 14:15:00,618.28003,618.34998,617.85999,617.90002
2026-01-05 14:30:00,617.90002,618.039978,617.039978,617.35999
2026-01-05 14:45:00,617.34998,617.95001,617.34998,617.70007
2026-01-05 15:00:00,617.70001,618.33649,617.45001,618.26001
2026-01-05 15:15:00,618.25,618.38000,618.070007,618.25
2026-01-05 15:30:00,618.25,618.37000,618.030029,618.25
2026-01-05 15:45:00,618.25,618.58002,617.45001,617.95001
2026-01-06 09:30:00,619.21997,620.15997,618.57001,619.91
2026-01-06 09:45:00,619.94,622.19000,619.85,621.98438
2026-01-06 10:00:00,621.96002,622.45001,621.34998,621.98999
2026-01-06 10:15:00,621.98999,622.59003,621.51001,622.42999
2026-01-06 10:30:00,622.41998,622.45001,621.42999,621.5
2026-01-06 10:45:00,621.12000,621.56000,620.099976,620.42999
2026-01-06 11:00:00,620.41998,620.43500,619.40503,620.083313
2026-01-06 11:15:00,620.19000,620.91998,619.90997,620.20001
2026-01-06 11:30:00,620.21002,620.66998,619.785,619.91
2026-01-06 11:45:00,619.915,620.72,619.85,620.66
2026-01-06 12:00:00,620.40002,621.185,620.14990,621.094971
2026-01-06 12:15:00,621.099976,621.78998,621,621.58252
2026-01-06 12:30:00,621.59003,622.78003,621.57001,622.25
2026-01-06 12:45:00,622.36,622.44,621.88,622.15997
2026-01-06 13:00:00,622.17999,622.25,621.87000,622.25
2026-01-06 13:15:00,622.23999,622.65997,622.099976,622.15
2026-01-06 13:30:00,622.25098,622.72498,621.91998,622.71997
2026-01-06 13:45:00,622.71997,623.22998,622.67999,623.21997
2026-01-06 14:00:00,623.21997,623.34998,622.96,623.28
2026-01-06 14:15:00,623.21997,623.44,623.15,623.34009
2026-01-06 14:30:00,623.29,623.60999,623.29,623.48499
2026-01-06 14:45:00,623.48999,623.55499,623.26501,623.28998
2026-01-06 15:00:00,623.29999,623.475,623.15503,623.38
2026-01-06 15:15:00,623.45001,623.64001,623.345,623.35999
2026-01-06 15:30:00,623.34998,623.93512,623.29999,623.87000
2026-01-06 15:45:00,623.82,624.02,623.46,623.46
2026-01-07 09:30:00,623.039978,624.79962,622.56000,624.54999
2026-01-07 09:45:00,624.56000,625.15002,624.22998,624.59998
2026-01-07 10:00:00,624.63000,624.92999,623.53003,624.65997
2026-01-07 10:15:00,624.65997,625.060974,623.76001,624.83002
2026-01-07 10:30:00,624.83002,625.69000,623.52002,624.54999
2026-01-07 10:45:00,624.57001,625.90997,624.49500,625.78003
2026-01-07 11:00:00,625.78998,626.3,625.71997,626.21008
2026-01-07 11:15:00,626.22998,626.31000,625.14410,625.53998
2026-01-07 11:30:00,625.53992,626.71997,625.40997,626.66498
2026-01-07 11:45:00,626.66998,627.34003,626.59003,627.31000
2026-01-07 12:00:00,627.31000,627.75,627.18500,627.45801
2026-01-07 12:15:00,627.45001,627.79999,627.32001,627.65503
2026-01-07 12:30:00,627.65997,627.94000,627.42999,627.89001
2026-01-07 12:45:00,627.89001,627.94000,627.10999,627.34998
2026-01-07 13:00:00,627.32001,627.37000,626.79999,627.11920
2026-01-07 13:15:00,627.13000,627.13000,626.28003,626.37000
2026-01-07 13:30:00,626.38000,627.38000,626.37000,627.33002
2026-01-07 13:45:00,627.33423,627.53998,626.87000,626.98999
2026-01-07 14:00:00,626.98999,627.0050049,625.67999,626.10999
2026-01-07 14:15:00,626.12000,626.16998,625.44000,625.64502
2026-01-07 14:30:00,625.66992,626.16992,625.47998,626.020020
2026-01-07 14:45:00,626.020020,626.082703,625.69000,625.71503
2026-01-07 15:00:00,625.71503,625.98999,624.79999,624.94000
2026-01-07 15:15:00,624.94000,625.34998,624.51001,624.70001
2026-01-07 15:30:00,624.70001,624.75,623.62000,624.049988
2026-01-07 15:45:00,624.059998,624.38000,623.70001,624.039978
2026-01-08 09:30:00,622.25,622.49500,618.85498,619.039978
2026-01-08 09:45:00,619.059998,620.35999,618.46802,618.62000
2026-01-08 10:00:00,618.58002,620.5,617.79999,620.40002
2026-01-08 10:15:00,620.40002,621.25,620.15997,620.87000
2026-01-08 10:30:00,620.84998,621.059998,619.12000,620.53003
2026-01-08 10:45:00,620.53998,620.72998,618.79797,620.53009
2026-01-08 11:00:00,620.54999,620.59003,619.19000,619.37000
2026-01-08 11:15:00,619.35999,620.19000,618.85999,619.12000
2026-01-08 11:30:00,619.070007,619.76282,618.12000,619.66998
2026-01-08 11:45:00,619.67999,620.38501,619.27002,620.19690
2026-01-08 12:00:00,620.19000,620.27002,619.33002,619.71002
2026-01-08 12:15:00,619.70001,620.41998,619.13000,619.36310
2026-01-08 12:30:00,619.35999,620.44000,619.32990,620.27002
2026-01-08 12:45:00,620.27002,620.98999,620.26001,620.42108
2026-01-08 13:00:00,620.41998,620.51501,618.98999,619.12848
2026-01-08 13:15:00,619.12000,620.15002,618.96002,619.90002
2026-01-08 13:30:00,619.90002,620.089905,619.65002,619.92999
2026-01-08 13:45:00,619.92999,620.31012,619.080017,619.23450
2026-01-08 14:00:00,619.22998,619.85999,618.81989,618.83002
2026-01-08 14:15:00,618.82001,619.64001,618.40997,619.14001
2026-01-08 14:30:00,619.13000,619.57001,618.78998,618.96332
2026-01-08 14:45:00,618.96997,619.57001,618.88000,619.28998
2026-01-08 15:00:00,619.27002,619.82349,619.085022,619.78552
2026-01-08 15:15:00,619.78998,620.46002,619.40002,620.27002
2026-01-08 15:30:00,620.28998,620.84003,620.059998,620.36987
2026-01-08 15:45:00,620.35999,620.84998,620.15991,620.40997
2026-01-09 09:30:00,621.39001,623.26001,619.84003,622.34497
2026-01-09 09:45:00,622.25,622.75,620.46002,621.92151
2026-01-09 10:00:00,621.95001,622.52002,619.059998,622.22998
2026-01-09 10:15:00,622.22998,624.89502,621.86603,624.73999
2026-01-09 10:30:00,624.75,625.34003,622.98499,623.010010
2026-01-09 10:45:00,623.010010,623.83002,622.53003,623.77002
2026-01-09 11:00:00,623.79999,625.88000,623.77002,625.63000
2026-01-09 11:15:00,625.63000,625.71002,624.87000,624.97070
2026-01-09 11:30:00,624.96997,625.28003,624.53003,625.099976
2026-01-09 11:45:00,625.080017,626.33002,625.059998,626.090027
2026-01-09 12:00:00,626.070007,626.46002,625.82001,626.16998
2026-01-09 12:15:00,626.15997,626.38000,625.50500,626.15997
2026-01-09 12:30:00,626.15997,626.46002,625.94000,626.090027
2026-01-09 12:45:00,626.080017,626.69000,625.98499,626.40002
2026-01-09 13:00:00,626.40002,626.40002,625.53497,625.65997
2026-01-09 13:15:00,625.65997,626.080017,625.44000,626.070007
2026-01-09 13:30:00,626.049988,627.28003,626.039978,626.79010
2026-01-09 13:45:00,626.78998,627.46002,626.73999,627.31000
2026-01-09 14:00:00,627.31000,627.34003,627.0050049,627.14001
2026-01-09 14:15:00,627.14001,627.43500,627.14001,627.26001
2026-01-09 14:30:00,627.26001,627.38000,627.099976,627.33002
2026-01-09 14:45:00,627.33002,627.58002,627.12000,627.14001
2026-01-09 15:00:00,627.13000,627.62000,627.030029,627.42999
2026-01-09 15:15:00,627.42999,627.89001,627.38000,627.45001
2026-01-09 15:30:00,627.46002,627.59003,627.16998,627.33002
2026-01-09 15:45:00,627.33002,627.41998,626.63501,626.65997
2026-01-12 09:30:00,622.31000,625.79999,622.26001,624.84003
2026-01-12 09:45:00,624.85999,626.53998,624.40997,625.96997
2026-01-12 10:00:00,625.98999,626.14001,625.17999,626.090027
2026-01-12 10:15:00,626.090027,626.76001,625.59998,626.47998
2026-01-12 10:30:00,626.46997,626.51001,625.34003,625.64001
2026-01-12 10:45:00,625.64001,626.42999,625.090027,626.32501
2026-01-12 11:00:00,626.32001,627.080017,625.98999,627.070007
2026-01-12 11:15:00,627.070007,627.39001,626.65802,626.92999
2026-01-12 11:30:00,626.93500,627.21002,626.71997,626.73499
2026-01-12 11:45:00,626.74200,627.60999,626.47998,627.40002
2026-01-12 12:00:00,627.40002,627.71002,627.18500,627.60999
2026-01-12 12:15:00,627.59998,627.65002,627.13000,627.44958
2026-01-12 12:30:00,627.44000,627.44000,626.87000,627.34998
2026-01-12 12:45:00,627.35999,627.67999,627.31000,627.58502
2026-01-12 13:00:00,627.59003,628.15002,627.51001,627.97998
2026-01-12 13:15:00,627.98999,628.27002,627.75,628.12000
2026-01-12 13:30:00,628.13000,628.17999,627.84003,627.91498
2026-01-12 13:45:00,627.91498,628.16650,627.71997,627.82501
2026-01-12 14:00:00,627.82001,627.95001,627.44000,627.89410
2026-01-12 14:15:00,627.90002,628.41998,627.81000,628.26001
2026-01-12 14:30:00,628.27002,628.72998,628.25,628.51001
2026-01-12 14:45:00,628.51001,628.73999,628.45990,628.70001
2026-01-12 15:00:00,628.70502,628.84497,628.28998,628.40997
2026-01-12 15:15:00,628.40631,628.40997,628.020020,628.14001
2026-01-12 15:30:00,628.14001,628.26001,627.73499,627.87012
2026-01-12 15:45:00,627.87000,628.13000,627.16998,627.19000
2026-01-13 09:30:00,627.23999,629.46997,626.78998,628.23907
2026-01-13 09:45:00,628.20001,628.51001,627.039978,627.20001
2026-01-13 10:00:00,627.17999,627.70001,625.87000,626.38000
2026-01-13 10:15:00,626.39001,626.39001,623.94000,624.66913
2026-01-13 10:30:00,624.63397,625.62000,624.13000,624.45898
2026-01-13 10:45:00,624.44000,626.15002,623.88000,625.95001
2026-01-13 11:00:00,625.92999,626.34027,625.63000,626.14001
2026-01-13 11:15:00,626.13501,626.65002,624.79999,626.18817
2026-01-13 11:30:00,626.13000,628,625.90997,627.79999
2026-01-13 11:45:00,627.79999,629.039978,627.73999,628.62000
2026-01-13 12:00:00,628.62000,628.84003,628.23499,628.26001
2026-01-13 12:15:00,628.26001,628.31000,627.090027,627.62988
2026-01-13 12:30:00,627.63000,627.90997,626.40002,626.65503
2026-01-13 12:45:00,626.66998,627.15002,625.010010,625.46002
2026-01-13 13:00:00,625.44000,626.11621,624.85999,626.11621
2026-01-13 13:15:00,626.125,626.28998,625.20001,625.41998
2026-01-13 13:30:00,625.40997,626.12000,625.15002,625.22717
2026-01-13 13:45:00,625.19910,625.56000,624.42999,624.59808
2026-01-13 14:00:00,624.60999,624.89001,624.15002,624.34998
2026-01-13 14:15:00,624.34003,625.32001,624.32013,625.21997
2026-01-13 14:30:00,625.19012,625.38000,624.82001,625
2026-01-13 14:45:00,625.010010,625.69000,624.70001,625.23999
2026-01-13 15:00:00,625.22998,625.25,624.54999,624.60999
2026-01-13 15:15:00,624.62000,624.85999,624.22998,624.28497
2026-01-13 15:30:00,624.28003,624.73999,623.69501,624.69000
2026-01-13 15:45:00,624.70001,626.28998,624.48999,626.13000
2026-01-14 09:30:00,622.21997,623.45001,619.43988,619.65002
2026-01-14 09:45:00,619.63000,620.65002,618.44000,618.53998
2026-01-14 10:00:00,618.52002,620.69000,617.25,620.63000
2026-01-14 10:15:00,620.64001,621.070007,619.059998,619.16998
2026-01-14 10:30:00,619.12000,619.65997,617.64001,617.85498
2026-01-14 10:45:00,617.85999,618.15002,615.75,616.26001
2026-01-14 11:00:00,616.26001,617.31000,616.15002,616.41998
2026-01-14 11:15:00,616.41980,618.57501,616.21002,618.31000
2026-01-14 11:30:00,618.31000,618.63000,616.69000,616.77002
2026-01-14 11:45:00,616.78003,616.78003,615.030029,615.5
2026-01-14 12:00:00,615.48999,616.59003,615.099976,616.34003
2026-01-14 12:15:00,616.34998,616.46002,614.92999,616.28998
2026-01-14 12:30:00,616.27002,616.27002,615.15997,615.92999
2026-01-14 12:45:00,615.91998,616.65991,614.85999,615.25
2026-01-14 13:00:00,615.23999,616.28998,615.13000,616.14001
2026-01-14 13:15:00,616.14001,616.42999,615.60999,616.375
2026-01-14 13:30:00,616.35999,616.60992,614.56000,615.58002
2026-01-14 13:45:00,615.58002,617.049988,615.33002,616.79999
2026-01-14 14:00:00,616.79999,616.84003,616.10999,616.46002
2026-01-14 14:15:00,616.44000,617.020020,616.25,616.75
2026-01-14 14:30:00,616.76001,617.19000,616.49011,616.73999
2026-01-14 14:45:00,616.73499,617.23499,616.25,616.45001
2026-01-14 15:00:00,616.42999,618.67999,615.53003,617.70001
2026-01-14 15:15:00,617.70001,618.015015,616.88000,617.92999
2026-01-14 15:30:00,617.94000,619.64001,617.91998,618.42999
2026-01-14 15:45:00,618.45001,619.79999,617.91998,619.59998
2026-01-15 09:30:00,626.79498,626.96002,624.90002,626.65002
2026-01-15 09:45:00,626.68903,627.26001,624.65997,625.15997
2026-01-15 10:00:00,625.15503,625.84998,624.60999,625.54999
2026-01-15 10:15:00,625.53998,626.40002,624.69000,625.14001
2026-01-15 10:30:00,625.15002,626.64911,624.85498,624.90997
2026-01-15 10:45:00,624.89001,630,623.76001,625.70001
2026-01-15 11:00:00,625.69000,626.42999,625.54999,625.91742
2026-01-15 11:15:00,625.92999,626.77002,625.75,626.19000
2026-01-15 11:30:00,626.14001,626.48999,625.60999,626.41998
2026-01-15 11:45:00,626.41998,626.93988,626.12000,626.64001
2026-01-15 12:00:00,626.60999,626.96002,626.19501,626.25
2026-01-15 12:15:00,626.26001,626.32001,625.51001,625.59009
2026-01-15 12:30:00,625.60327,625.78009,625.099976,625.63000
2026-01-15 12:45:00,625.63000,625.94000,624.87000,624.96997
2026-01-15 13:00:00,624.91998,626.010010,624.84998,625.71002
2026-01-15 13:15:00,625.70001,626.030029,625.40002,626.00012207
2026-01-15 13:30:00,625.97998,626.32001,625.78003,625.96997
2026-01-15 13:45:00,625.97998,626.059998,625.57001,625.73712
2026-01-15 14:00:00,625.71002,625.71002,624.20990,624.62000
2026-01-15 14:15:00,624.59998,624.81000,623.47998,623.67999
2026-01-15 14:30:00,623.65002,623.78003,622.56000,623.37000
2026-01-15 14:45:00,623.37000,623.60999,622.35999,622.62000
2026-01-15 15:00:00,622.62000,622.95001,622.010010,622.47998
2026-01-15 15:15:00,622.46997,622.47998,621.030029,621.71002
2026-01-15 15:30:00,621.67999,621.89001,620.95001,621.52002
2026-01-15 15:45:00,621.53003,621.81799,620.78998,621.65997
2026-01-16 09:30:00,625.22998,626.080017,624.37482,624.37970
2026-01-16 09:45:00,624.39001,624.95001,622.14001,622.19000
2026-01-16 10:00:00,622.19000,623.059998,621.71997,621.98499
2026-01-16 10:15:00,621.98999,622.19000,620.65997,620.75
2026-01-16 10:30:00,620.73999,620.85999,618.89001,619.63000
2026-01-16 10:45:00,619.64001,621.059998,619.10992,621.028809
2026-01-16 11:00:00,621.020020,621.59497,620.53998,621.21997
2026-01-16 11:15:00,621.22998,621.91498,620.98999,621.84991
2026-01-16 11:30:00,621.85999,622.47498,621.78998,622.34998
2026-01-16 11:45:00,622.34998,622.70001,621.125,621.82001
2026-01-16 12:00:00,621.83002,621.93500,621.45990,621.65997
2026-01-16 12:15:00,621.64001,621.84003,621.32990,621.44000
2026-01-16 12:30:00,621.44000,621.75,620.90002,621.45361
2026-01-16 12:45:00,621.44000,621.44000,620.40997,620.45502
2026-01-16 13:00:00,620.46002,621.47998,620.32001,621.27002
2026-01-16 13:15:00,621.26001,622.13000,621.25,621.88000
2026-01-16 13:30:00,621.88000,622.18011,621.65997,621.875
2026-01-16 13:45:00,621.88000,622.039978,621.65997,621.79999
2026-01-16 14:00:00,621.79498,622.56000,621.21997,621.29999
2026-01-16 14:15:00,621.28998,621.44000,620.76001,620.97998
2026-01-16 14:30:00,620.97998,621.95001,620.91998,621.62000
2026-01-16 14:45:00,621.62988,622.094971,621.59003,621.79633
2026-01-16 15:00:00,621.79999,622.059998,621.51001,621.95001
2026-01-16 15:15:00,621.94000,622.12000,621.66998,621.69000
2026-01-16 15:30:00,621.67999,621.95990,621.32001,621.63000
2026-01-16 15:45:00,621.63000,621.78003,620.96997,621.049988
2026-01-20 09:30:00,610.53003,613.28998,610.33002,612.73999
2026-01-20 09:45:00,612.77002,613.59497,611.17999,612.51752
2026-01-20 10:00:00,612.47998,612.72998,611.020020,611.59497
2026-01-20 10:15:00,611.58002,613.47998,610.89001,613.43597
2026-01-20 10:30:00,613.42999,614.69,613.12000,614.1
2026-01-20 10:45:00,614.13,614.16,612.38,613.47998
2026-01-20 11:00:00,613.48999,615.039978,613.38000,614.34998
2026-01-20 11:15:00,614.34003,614.53003,612.77002,614.45001
2026-01-20 11:30:00,614.45001,615.049988,613.19000,613.26001
2026-01-20 11:45:00,613.26001,614.66998,612.84003,614.29999
2026-01-20 12:00:00,614.28998,614.5,613.020020,613.41998
2026-01-20 12:15:00,613.40997,613.65002,612.59003,612.88068
2026-01-20 12:30:00,612.88000,612.88000,611.73993,611.75
2026-01-20 12:45:00,611.74103,611.98999,610.90002,611.75598
2026-01-20 13:00:00,611.77002,612.21002,611.32001,611.57001
2026-01-20 13:15:00,611.57001,611.63000,610.60999,610.69000
2026-01-20 13:30:00,610.65997,610.87000,609.57001,609.75500
2026-01-20 13:45:00,609.75,610.020020,608.82050,609.52551
2026-01-20 14:00:00,609.52002,610.13000,609.020020,609.34991
2026-01-20 14:15:00,609.34998,609.35999,608.29999,608.59003
2026-01-20 14:30:00,608.56000,609.028015,607.78003,608.29999
2026-01-20 14:45:00,608.28998,608.96997,608.12000,608.77002
2026-01-20 15:00:00,608.78998,608.78998,607.56000,607.62988
2026-01-20 15:15:00,607.64001,608.75,607.46997,607.77002
2026-01-20 15:30:00,607.79999,608.13000,607.19000,607.58502
2026-01-20 15:45:00,607.59003,608.10999,607.059998,608.090027
2026-01-21 09:30:00,609.46997,610.12000,607.86353,609.64001
2026-01-21 09:45:00,609.64001,612.92999,609.53003,612.59998
2026-01-21 10:00:00,612.59998,613.020020,611.89001,612.67999
2026-01-21 10:15:00,612.70001,614.080017,612.45001,613.90448
2026-01-21 10:30:00,614.13000,615.84003,613.87000,615.63000
2026-01-21 10:45:00,615.66998,616.48999,615.66998,616.054993
2026-01-21 11:00:00,616.049988,616.61987,615.5,615.71997
2026-01-21 11:15:00,615.71002,616.22998,615.39001,615.75
2026-01-21 11:30:00,615.75,615.78998,611.74500,611.82001
2026-01-21 11:45:00,611.82001,612.21997,610.099976,610.32001
2026-01-21 12:00:00,610.31000,611.086304,608.25,608.49988
2026-01-21 12:15:00,608.5,610.36859,608.21997,609.75
2026-01-21 12:30:00,609.75,610.030029,608.92010,609.16498
2026-01-21 12:45:00,609.16498,611.050110,608.84998,610.67999
2026-01-21 13:00:00,610.69000,610.84027,608.41687,610.34003
2026-01-21 13:15:00,610.38000,610.60999,609.21997,610.45001
2026-01-21 13:30:00,610.46002,610.96503,609.72998,610.020020
2026-01-21 13:45:00,610.080017,611.85999,609.70001,611.57001
2026-01-21 14:00:00,611.54999,611.88000,610.35999,610.60352
2026-01-21 14:15:00,610.54999,615.10999,610.39001,615.080017
2026-01-21 14:30:00,616.21997,618.51001,615.15997,618.15002
2026-01-21 14:45:00,618.15997,620.28003,618.15002,620.090027
2026-01-21 15:00:00,620.090027,620.41998,618.51001,618.89899
2026-01-21 15:15:00,618.90002,619,616.44000,616.46008
2026-01-21 15:30:00,616.46002,617.19000,615.52002,616.42999
2026-01-21 15:45:00,616.29999,616.64001,615.51001,616.10999
2026-01-22 09:30:00,622.39001,622.39001,619.54999,620.35999
2026-01-22 09:45:00,620.35999,620.60999,618.15002,618.81000
2026-01-22 10:00:00,618.82001,618.94000,617.78003,618.15997
2026-01-22 10:15:00,618.16998,619.53003,617.81000,619.099976
2026-01-22 10:30:00,619.13000,620.45001,618.63000,620.40002
2026-01-22 10:45:00,620.39001,620.71002,619.34003,619.44000
2026-01-22 11:00:00,619.42999,620.63000,619.39001,620.57001
2026-01-22 11:15:00,620.56000,621.32990,620.23999,621.049988
2026-01-22 11:30:00,621.010010,621.42999,620.72998,621.22998
2026-01-22 11:45:00,621.23999,621.66998,620.78998,620.92010
2026-01-22 12:00:00,620.91998,621.53998,620.54999,621.39001
2026-01-22 12:15:00,621.40997,621.48999,620.65002,621.17999
2026-01-22 12:30:00,621.21997,621.92999,621.20001,621.70398
2026-01-22 12:45:00,621.71002,622.19000,621.66748,621.96997
2026-01-22 13:00:00,621.96002,622.23999,621.46002,621.59003
2026-01-22 13:15:00,621.58002,621.89990,621.28003,621.65448
2026-01-22 13:30:00,621.65002,621.89423,621.45001,621.50403
2026-01-22 13:45:00,621.53003,621.91998,620.90002,621.049988
2026-01-22 14:00:00,621.030029,621.95001,621,621.71997
2026-01-22 14:15:00,621.71002,622.030029,621.50201,621.90997
2026-01-22 14:30:00,621.90997,622,620.98999,621.11011
2026-01-22 14:45:00,621.059998,621.22998,620.10999,620.23999
2026-01-22 15:00:00,620.21997,620.55988,620.049988,620.44000
2026-01-22 15:15:00,620.45001,620.82501,619.46997,619.5
2026-01-22 15:30:00,619.47998,619.78003,618.90997,619.63000
2026-01-22 15:45:00,619.64001,620.82001,619.64001,620.78998
2026-01-23 09:30:00,619.69000,620.79999,618.65002,619.87000
2026-01-23 09:45:00,620.19000,621.13000,619.039978,621.13000
2026-01-23 10:00:00,621.080017,622.40997,621.080017,621.69501
2026-01-23 10:15:00,621.69000,623.46002,621.34998,623.049988
2026-01-23 10:30:00,623.070007,623.97498,623.029907,623.88000
2026-01-23 10:45:00,623.89502,624.96997,623.65002,624.94501
2026-01-23 11:00:00,624.95001,625.39990,624.40997,624.87000
2026-01-23 11:15:00,624.89001,625.010010,623.81708,624.090088
2026-01-23 11:30:00,624.090027,624.91998,623.38000,624.60498
2026-01-23 11:45:00,624.59003,624.96002,623.92999,624.039978
2026-01-23 12:00:00,624.049988,624.41998,623.51001,624.41998
2026-01-23 12:15:00,624.40997,624.48999,623.82001,624.26001
2026-01-23 12:30:00,624.28003,624.31000,622.45001,622.62000
2026-01-23 12:45:00,622.64001,622.92999,621.53497,621.78003
2026-01-23 13:00:00,621.78003,623.34998,621.66998,622.63013
2026-01-23 13:15:00,622.67999,623.48798,622.60999,623.20502
2026-01-23 13:30:00,623.21997,623.44000,622.54999,622.71002
2026-01-23 13:45:00,622.70538,622.92987,622.28003,622.56000
2026-01-23 14:00:00,622.57001,623.57001,622.52002,623.075012
2026-01-23 14:15:00,623.080017,623.73999,623.010071,623.034973
2026-01-23 14:30:00,623.030029,623.34003,622.40997,623.049988
2026-01-23 14:45:00,623.059998,623.25,622.68500,623.10999
2026-01-23 15:00:00,623.090027,623.17999,621.73993,622.53998
2026-01-23 15:15:00,622.54999,623.018677,622.15997,622.20001
2026-01-23 15:30:00,622.19501,622.73999,621.85999,622.70001
2026-01-23 15:45:00,622.70001,623.26001,622.28003,622.78003
2026-01-26 09:30:00,623.19000,625.072510,622.12000,624.81500
2026-01-26 09:45:00,624.83002,625.69000,624.48999,625.29492
2026-01-26 10:00:00,625.28003,625.58002,624.45502,625.32001
2026-01-26 10:15:00,625.34998,626.45001,625.099976,625.48999
2026-01-26 10:30:00,625.47998,626.26001,625.20001,625.33002
2026-01-26 10:45:00,625.33002,626.75,625.33002,626.33502
2026-01-26 11:00:00,626.33002,626.69000,625.98999,626.45001
2026-01-26 11:15:00,626.42999,627,625.62000,626.90002
2026-01-26 11:30:00,626.92999,627.44000,626.67999,626.71997
2026-01-26 11:45:00,626.71002,627.039978,626.48999,626.93500
2026-01-26 12:00:00,626.94000,627.60999,626.85999,627.13000
2026-01-26 12:15:00,627.10999,627.43011,626.96002,627.090027
2026-01-26 12:30:00,627.080017,627.15997,626.73999,627
2026-01-26 12:45:00,627,627,626.35999,626.56989
2026-01-26 13:00:00,626.57501,626.72998,626.17010,626.36987
2026-01-26 13:15:00,626.35498,627.14001,626.21997,626.97998
2026-01-26 13:30:00,626.97998,627.54999,626.62000,626.71002
2026-01-26 13:45:00,626.71503,626.91998,626.46002,626.79999
2026-01-26 14:00:00,626.78998,627.13000,626.65002,627.010010
2026-01-26 14:15:00,627.0050049,627.10999,626.46002,626.82001
2026-01-26 14:30:00,626.79999,627.10999,626.59998,626.91998
2026-01-26 14:45:00,626.91998,626.96997,626.31000,626.32001
2026-01-26 15:00:00,626.34003,626.58801,626.15002,626.39001
2026-01-26 15:15:00,626.38000,626.44940,626.049988,626.37000
2026-01-26 15:30:00,626.38000,626.71997,626.31000,626.47998
2026-01-26 15:45:00,626.47998,626.66998,625.40009,625.47998
2026-01-27 09:30:00,628.90002,629.62000,627.34003,628.29999
2026-01-27 09:45:00,628.33002,630.69000,628.32501,630.56000
2026-01-27 10:00:00,630.62000,631.059998,629.84998,630.73999
2026-01-27 10:15:00,630.75,631.070007,630.21002,630.32001
2026-01-27 10:30:00,630.33002,631.57251,630.23999,631.46899
2026-01-27 10:45:00,631.46002,631.64001,630.82001,631.17029
2026-01-27 11:00:00,631.17999,631.65997,631.039978,631.64001
2026-01-27 11:15:00,631.63000,631.83002,631.38000,631.43500
2026-01-27 11:30:00,631.46997,631.65997,631.35999,631.44000
2026-01-27 11:45:00,631.43201,631.57001,631.13000,631.19000
2026-01-27 12:00:00,631.19000,631.30988,630.85999,630.98999
2026-01-27 12:15:00,630.97998,631.40503,630.51501,631.29999
2026-01-27 12:30:00,631.28998,631.48999,630.97998,631.12000
2026-01-27 12:45:00,631.12000,631.15002,630.69000,630.77502
2026-01-27 13:00:00,630.78003,631.020020,630.21997,630.95001
2026-01-27 13:15:00,630.91998,631.35999,630.91998,631.15002
2026-01-27 13:30:00,631.15002,631.51001,631.15002,631.26001
2026-01-27 13:45:00,631.27002,631.62000,631.21997,631.46991
2026-01-27 14:00:00,631.46002,631.46002,631.070007,631.38000
2026-01-27 14:15:00,631.38000,631.57001,631.32001,631.52081
2026-01-27 14:30:00,631.53003,631.69000,631.19000,631.35999
2026-01-27 14:45:00,631.35999,631.67499,631.17999,631.52002
2026-01-27 15:00:00,631.51001,631.97992,631.31000,631.95001
2026-01-27 15:15:00,631.95001,632.042725,631.56012,631.61768
2026-01-27 15:30:00,631.59998,631.65002,631.33002,631.51001
2026-01-27 15:45:00,631.5,631.71997,630.91998,631.080017
2026-01-28 09:30:00,635.46002,636.40997,634.52002,636.25
2026-01-28 09:45:00,636.27002,636.59003,634.92999,635.46002
2026-01-28 10:00:00,635.44000,635.75,634.51001,634.57001
2026-01-28 10:15:00,634.57001,635.48932,634.37000,634.69000
2026-01-28 10:30:00,634.67999,635.059998,633.76001,633.82001
2026-01-28 10:45:00,633.81500,633.97998,633.22998,633.29999
2026-01-28 11:00:00,633.28998,634.17499,633.28998,633.81000
2026-01-28 11:15:00,633.81000,633.89929,632.98499,633.78998
2026-01-28 11:30:00,633.78680,633.78680,632.29999,632.32501
2026-01-28 11:45:00,632.33002,632.65002,631.81000,632.20001
2026-01-28 12:00:00,632.20001,633.14001,632.13000,633.037781
2026-01-28 12:15:00,633.030029,633.33002,632.17999,632.41998
2026-01-28 12:30:00,632.44000,632.71002,632.039978,632.54999
2026-01-28 12:45:00,632.52002,633.34998,632.27008,632.78003
2026-01-28 13:00:00,632.78003,633.23499,632.33002,633.22998
2026-01-28 13:15:00,633.22998,633.51501,633.071289,633.25
2026-01-28 13:30:00,633.27002,633.41010,632.90997,633.15997
2026-01-28 13:45:00,633.15002,633.72998,632.96997,633.51001
2026-01-28 14:00:00,633.46002,634.090027,632.17999,632.84998
2026-01-28 14:15:00,632.82001,633.51129,632.26001,632.34998
2026-01-28 14:30:00,632.34998,633.70001,632.099976,632.94000
2026-01-28 14:45:00,632.95001,634.44000,632.87000,633.25201
2026-01-28 15:00:00,633.27002,634.48999,633.090027,634.15503
2026-01-28 15:15:00,634.13000,634.45001,633.53998,633.58990
2026-01-28 15:30:00,633.59003,633.77502,633.0050049,633.15991
2026-01-28 15:45:00,633.15002,633.91998,632.59003,633.010010
2026-01-29 09:30:00,632.58002,633.66998,628.21997,628.29498
2026-01-29 09:45:00,628.29498,629.66998,626.059998,626.17999
2026-01-29 10:00:00,626.21002,626.27002,622.70001,622.72998
2026-01-29 10:15:00,622.77002,625.16498,622.73322,623.10999
2026-01-29 10:30:00,623.12000,623.52002,620.049988,620.38000
2026-01-29 10:45:00,620.38501,620.85999,618.27002,619.26001
2026-01-29 11:00:00,619.28003,621.46002,618.34003,621.34998
2026-01-29 11:15:00,621.35999,622.59003,621.12000,621.89001
2026-01-29 11:30:00,621.88000,623.030029,621.46997,622.48999
2026-01-29 11:45:00,622.48999,623.21997,621.89001,622.52002
2026-01-29 12:00:00,622.5,624.90002,622.46997,624.65503
2026-01-29 12:15:00,624.66998,625.92999,624.46997,625.62000
2026-01-29 12:30:00,625.59003,626.57001,625.010010,625.55768
2026-01-29 12:45:00,625.57001,625.58002,623.46002,623.71997
2026-01-29 13:00:00,623.71997,626.14001,623.67999,625.96002
2026-01-29 13:15:00,625.96002,626.030029,625.020020,625.79999
2026-01-29 13:30:00,625.79999,626.84998,625.16998,626.31000
2026-01-29 13:45:00,626.32001,626.58148,625.54999,625.57001
2026-01-29 14:00:00,625.57001,626.67999,625.17999,626.5
2026-01-29 14:15:00,626.5,627.070007,626.33002,626.58002
2026-01-29 14:30:00,626.57001,626.77002,625.76001,626.059998
2026-01-29 14:45:00,626.054993,626.39062,625.48999,625.84003
2026-01-29 15:00:00,625.85999,626.62000,625.66998,626.32001
2026-01-29 15:15:00,626.29999,626.59003,625.90997,625.95502
2026-01-29 15:30:00,625.95001,627.71002,625.78931,627.59998
2026-01-29 15:45:00,627.58502,629.97998,627.35999,629.35999
2026-01-30 09:30:00,625.71997,628.25598,625.21002,626.64001
2026-01-30 09:45:00,626.31500,628.010010,625.030029,625.54999
2026-01-30 10:00:00,625.53003,627.89001,625.12000,627.17987
2026-01-30 10:15:00,627.16998,627.73999,624.65002,624.75989
2026-01-30 10:30:00,624.72998,627.57001,624.19000,627.12000
2026-01-30 10:45:00,627.090027,628.10999,625.45001,625.875
2026-01-30 11:00:00,625.88000,626.53003,625.21002,625.65002
2026-01-30 11:15:00,625.64001,625.65997,623.75,624.84003
2026-01-30 11:30:00,624.84998,626.28003,624.46997,625.73999
2026-01-30 11:45:00,625.71997,625.78998,623.52002,623.83002
2026-01-30 12:00:00,623.84998,623.95001,622.13000,622.54999
2026-01-30 12:15:00,622.54999,624.60999,622.21002,624.44000
2026-01-30 12:30:00,624.44000,624.76001,622.51001,623.46997
2026-01-30 12:45:00,623.47998,624.21002,621.95001,622
2026-01-30 13:00:00,621.96002,622.78998,621.52502,621.78497
2026-01-30 13:15:00,621.78998,621.96997,619.29749,621.76001
2026-01-30 13:30:00,621.75,622.020020,620.059875,620.63000
2026-01-30 13:45:00,620.62000,624.16998,620.54999,623.45001
2026-01-30 14:00:00,623.45001,624.39990,623.059998,623.51001
2026-01-30 14:15:00,623.5,623.95001,622.79999,622.82001
2026-01-30 14:30:00,622.78998,623.37000,621.81000,622.27002
2026-01-30 14:45:00,622.31317,623.020020,621.28101,621.42999
2026-01-30 15:00:00,621.41998,622.020020,620.35999,620.41998
2026-01-30 15:15:00,620.37000,620.37000,619.32031,619.91998
2026-01-30 15:30:00,619.90997,621.35199,619.78998,621.21997
2026-01-30 15:45:00,621.22998,623.14001,620.59003,621.81000
2026-02-02 09:30:00,618.70001,623.28998,618.70001,622.97498
2026-02-02 09:45:00,622.98499,624.90997,622.48999,623.75
2026-02-02 10:00:00,623.70001,626.77002,623.35010,626.69000
2026-02-02 10:15:00,626.67999,627.59998,626.28003,626.47998
2026-02-02 10:30:00,626.51001,627.46973,626.15002,626.67010
2026-02-02 10:45:00,626.66998,626.70001,625.29999,625.87000
2026-02-02 11:00:00,625.85999,626.26001,624.98999,626.21997
2026-02-02 11:15:00,626.22998,627.27002,626.030029,627.15002
2026-02-02 11:30:00,627.14001,627.30499,626.30499,626.54498
2026-02-02 11:45:00,626.53998,627.40002,625.78003,627.17999
2026-02-02 12:00:00,627.16998,627.89502,627.039978,627.43500
2026-02-02 12:15:00,627.42999,627.81000,627.25,627.69501
2026-02-02 12:30:00,627.71002,628.099976,627.35999,627.60498
2026-02-02 12:45:00,627.60999,628.31000,627.52502,627.89001
2026-02-02 13:00:00,627.90002,628.21002,627.88000,627.95111
2026-02-02 13:15:00,627.93011,628,627.27002,627.60999
2026-02-02 13:30:00,627.60999,628.10999,627.5,627.95001
2026-02-02 13:45:00,627.96002,628.48999,627.92499,628.32001
2026-02-02 14:00:00,628.32001,628.40002,628.059998,628.080017
2026-02-02 14:15:00,628.080017,628.27002,627.78052,627.84998
2026-02-02 14:30:00,627.83502,627.85498,627.19000,627.46997
2026-02-02 14:45:00,627.46991,627.60999,625.91998,626.039978
2026-02-02 15:00:00,626.030029,627.33002,625.42249,626.59998
2026-02-02 15:15:00,626.62000,627.28998,626.37000,626.47498
2026-02-02 15:30:00,626.45001,626.56000,625.93500,626.080078
2026-02-02 15:45:00,626.070007,626.46002,625.66028,626.25
2026-02-03 09:30:00,628.23499,629.97998,623.19000,623.88989
2026-02-03 09:45:00,623.87000,625.29999,620.74811,620.96002
2026-02-03 10:00:00,620.97998,621.29999,618.51001,619.080017
2026-02-03 10:15:00,619.030029,620.31000,617.080017,618.91998
2026-02-03 10:30:00,618.90002,619.29999,617.34998,618.35999
2026-02-03 10:45:00,618.34998,620.95001,617.73999,620.59998
2026-02-03 11:00:00,620.63000,620.65002,618.61499,619.039978
2026-02-03 11:15:00,619.039978,619.56000,617.62000,617.67999
2026-02-03 11:30:00,617.70001,618.59998,617.25,617.92999
2026-02-03 11:45:00,617.85999,618.40997,617.020020,617.56000
2026-02-03 12:00:00,617.57001,617.82001,615.37000,615.82001
2026-02-03 12:15:00,615.81000,616.95001,615.53998,615.71997
2026-02-03 12:30:00,615.67999,615.87000,614.010010,614.32001
2026-02-03 12:45:00,614.29999,616,614.21997,615.049988
2026-02-03 13:00:00,614.98999,615.90997,613.57001,613.72998
2026-02-03 13:15:00,613.71997,614.54999,613.26001,613.71002
2026-02-03 13:30:00,613.66998,613.67999,612.52002,612.69678
2026-02-03 13:45:00,612.67999,612.82001,611.60999,611.60999
2026-02-03 14:00:00,611.59998,613.54999,610.96002,613.47998
2026-02-03 14:15:00,613.48999,614.35999,612.40002,612.84003
2026-02-03 14:30:00,612.78998,613.51001,612.030029,612.19800
2026-02-03 14:45:00,612.21002,613.64502,611.34998,613.34998
2026-02-03 15:00:00,613.33002,613.59998,612.21002,613.16998
2026-02-03 15:15:00,613.15002,613.98993,612.54999,613.68500
2026-02-03 15:30:00,613.69000,615.89001,613.65997,615.15002
2026-02-03 15:45:00,615.16998,616.77002,615,616.45001
2026-02-04 09:30:00,614.79999,615.099976,611.28998,613.78003
2026-02-04 09:45:00,613.73999,614.70001,610.21008,610.44000
2026-02-04 10:00:00,610.33002,612,608.28998,611.010010
2026-02-04 10:15:00,611.010010,613.13000,610.070007,611.71997
2026-02-04 10:30:00,611.72998,612.26001,608.60999,610.71997
2026-02-04 10:45:00,610.83502,611.059998,608.90991,609.39001
2026-02-04 11:00:00,609.40002,609.84998,606.97498,608.41992
2026-02-04 11:15:00,608.41498,609.059998,606.72498,608.85999
2026-02-04 11:30:00,608.90997,609.010010,605.10400,605.19501
2026-02-04 11:45:00,605.17999,606.76001,603.96997,606.59003
2026-02-04 12:00:00,606.54999,607.090027,605.32001,606.44012
2026-02-04 12:15:00,606.44000,606.71997,602.67999,603
2026-02-04 12:30:00,603,604.40002,600.84003,602.080017
2026-02-04 12:45:00,602.090027,602.89001,600.46997,602.69000
2026-02-04 13:00:00,602.67999,603.28998,601.34998,602.099976
2026-02-04 13:15:00,602.10999,604.53003,601.5,604.34003
2026-02-04 13:30:00,604.34003,604.35999,602.17999,603.030029
2026-02-04 13:45:00,603.010010,604.71997,601.71002,603.87000
2026-02-04 14:00:00,603.88000,604.29999,602.44000,603.42999
2026-02-04 14:15:00,603.40997,604.91998,603.070007,604.84003
2026-02-04 14:30:00,604.82001,606.81000,604.75,606.34003
2026-02-04 14:45:00,606.34998,608.54999,606.020020,608.31500
2026-02-04 15:00:00,608.31000,608.63000,606.22998,606.89001
2026-02-04 15:15:00,606.90002,607.90997,606.42999,607.20001
2026-02-04 15:30:00,607.17999,608.13000,606.71002,607.34497
2026-02-04 15:45:00,607.34003,608.020020,605.21002,605.62000
2026-02-05 09:30:00,600.21002,604.21503,597.34998,603.69000
2026-02-05 09:45:00,603.65997,604.81000,599.95001,600.22998
2026-02-05 10:00:00,600.21997,601,595.080017,595.12000
2026-02-05 10:15:00,595.12000,597.62000,594.91998,595.59003
2026-02-05 10:30:00,595.58002,598.53998,594.98999,598.020020
2026-02-05 10:45:00,597.91998,598.34003,595.38501,596.95001
2026-02-05 11:00:00,596.96002,597.37000,594.77002,594.97998
2026-02-05 11:15:00,594.96002,600.54999,594.90997,600.45001
2026-02-05 11:30:00,600.46002,601.53003,600.020020,600.53998
2026-02-05 11:45:00,600.52002,602.31000,599.27002,601.67273
2026-02-05 12:00:00,601.65002,601.77002,599.40009,600.28497
2026-02-05 12:15:00,600.28998,602.5,599.070984,601.85999
2026-02-05 12:30:00,601.88000,602.79999,600.84589,602.15002
2026-02-05 12:45:00,602.15997,603.049988,600.16998,600.54999
2026-02-05 13:00:00,600.48999,601.75,599.64001,600.28003
2026-02-05 13:15:00,600.26398,600.59003,598.77002,599.31000
2026-02-05 13:30:00,599.27002,600.26001,598.34998,598.84003
2026-02-05 13:45:00,598.82001,599.13000,597.59003,598.52002
2026-02-05 14:00:00,598.5,601.33002,598.15997,600.96997
2026-02-05 14:15:00,600.97998,601.85999,599.95001,600.070007
2026-02-05 14:30:00,600.070007,600.070007,598.090027,598.45001
2026-02-05 14:45:00,598.45001,598.90997,597.84998,598.73999
2026-02-05 15:00:00,598.79999,601.10498,598.34998,599.63501
2026-02-05 15:15:00,599.65002,599.72998,596.84003,597
2026-02-05 15:30:00,596.97998,597.89001,596.17999,596.44000
2026-02-05 15:45:00,596.44000,597.63000,595.28998,597.080017
2026-02-06 09:30:00,600.20001,604.23999,598.77002,604.22998
2026-02-06 09:45:00,604.22998,605.60999,602.34998,602.47998
2026-02-06 10:00:00,602.46002,602.82001,600.14001,600.44000
2026-02-06 10:15:00,600.42999,603.95001,599.77002,603.64001
2026-02-06 10:30:00,603.65002,604.69000,602.58002,604.15002
2026-02-06 10:45:00,604.17999,605.070007,601.64001,603.46503
2026-02-06 11:00:00,603.46002,606.090027,603.099976,606.060181
2026-02-06 11:15:00,606.039978,606.84998,605.38000,606.13000
2026-02-06 11:30:00,606.12000,607.22998,606.059998,606.59009
2026-02-06 11:45:00,606.60999,606.96503,605.46002,606.010010
2026-02-06 12:00:00,606.010010,607.34998,605.66998,607.020020
2026-02-06 12:15:00,607.010010,607.78870,606.62988,607.67999
2026-02-06 12:30:00,607.69000,608.35999,606.90997,607.72998
2026-02-06 12:45:00,607.73999,608.62000,607.71997,608.23499
2026-02-06 13:00:00,608.25,608.98999,608.23999,608.35999
2026-02-06 13:15:00,608.37000,608.87000,607.82001,608.18500
2026-02-06 13:30:00,608.17999,608.59991,607.97998,608.33002
2026-02-06 13:45:00,608.33002,608.66998,608.010010,608.070007
2026-02-06 14:00:00,608.059998,608.47998,607.83301,607.84003
2026-02-06 14:15:00,607.84003,608.61987,607.60999,608.57001
2026-02-06 14:30:00,608.56000,608.64001,607.83002,607.875
2026-02-06 14:45:00,607.88000,608.58002,607.69012,607.71002
2026-02-06 15:00:00,607.71002,608.53998,607.35999,608.37000
2026-02-06 15:15:00,608.37000,609.090027,608.34998,608.69000
2026-02-06 15:30:00,608.67999,609.67999,608.46002,609.65997
2026-02-06 15:45:00,609.66998,611.40997,609.54999,609.63000
2026-02-09 09:30:00,607.53998,609.81000,605.070007,609.75
2026-02-09 09:45:00,609.73999,610.70001,608.33002,608.85999
2026-02-09 10:00:00,608.81000,611.38000,608.63000,611.28003
2026-02-09 10:15:00,611.28918,612.23999,610.13501,610.51001
2026-02-09 10:30:00,610.53003,612.75,610.48999,612.51001
2026-02-09 10:45:00,612.51001,614.049988,612.34003,613.65002
2026-02-09 11:00:00,613.64001,614.21002,613.50012,614.13129
2026-02-09 11:15:00,614.13000,614.75,613.71002,614.71002
2026-02-09 11:30:00,614.70001,614.96991,614.33002,614.93500
2026-02-09 11:45:00,614.94000,615.89001,614.92999,615.58002
2026-02-09 12:00:00,615.54999,616.19000,615.37000,616
2026-02-09 12:15:00,615.98999,616.15997,615.28003,615.39001
2026-02-09 12:30:00,615.40503,615.81000,615.14001,615.30499
2026-02-09 12:45:00,615.31000,615.46002,614.59998,614.72998
2026-02-09 13:00:00,614.71997,615.35999,614.46002,615.15002
2026-02-09 13:15:00,615.15997,615.34003,613.67999,614.40002
2026-02-09 13:30:00,614.40002,615.47998,614.12000,615.33502
2026-02-09 13:45:00,615.33002,615.52002,614.91998,615.070007
2026-02-09 14:00:00,615.059998,615.73999,614.94000,615.70947
2026-02-09 14:15:00,615.69000,616.35999,615.63000,616.25500
2026-02-09 14:30:00,616.25,616.46002,616.10999,616.17999
2026-02-09 14:45:00,616.16998,616.28003,615.75,615.77008
2026-02-09 15:00:00,615.78003,616.10999,615.64001,615.83502
2026-02-09 15:15:00,615.81000,615.83502,614.71002,614.92999
2026-02-09 15:30:00,614.91998,615.28003,614.21002,614.98120
2026-02-09 15:45:00,614.97998,615.61987,614.32001,614.32001
2026-02-10 09:30:00,615.30499,616.14001,612.63000,613.66498
2026-02-10 09:45:00,613.70001,616.070007,612.40002,615.72998
2026-02-10 10:00:00,615.69000,617.020020,614.87000,615.69000
2026-02-10 10:15:00,615.65997,616.54993,615,615.92999
2026-02-10 10:30:00,615.90997,616.79999,615.47998,616.18500
2026-02-10 10:45:00,616.21503,616.59003,614.64001,615.27002
2026-02-10 11:00:00,615.28998,615.89001,614.70001,615.32001
2026-02-10 11:15:00,615.31000,615.76001,614.23999,614.69000
2026-02-10 11:30:00,614.65002,614.96002,614.070007,614.19000
2026-02-10 11:45:00,614.17999,615.070007,613.875,614.14001
2026-02-10 12:00:00,614.12000,615.10999,613.60999,615.020020
2026-02-10 12:15:00,615.030029,615.53003,614.84003,615.090027
2026-02-10 12:30:00,615.080017,615.46997,614.76001,615.32001
2026-02-10 12:45:00,615.31000,615.83002,615.31000,615.48999
2026-02-10 13:00:00,615.47998,615.51001,614.52002,614.58002
2026-02-10 13:15:00,614.58002,614.65002,613.21002,613.28998
2026-02-10 13:30:00,613.28003,613.67499,612.79999,613.42999
2026-02-10 13:45:00,613.44000,614.030029,612.90002,613.78998
2026-02-10 14:00:00,613.78998,614.030029,613.13000,613.48999
2026-02-10 14:15:00,613.48999,613.59998,612.89001,613.46997
2026-02-10 14:30:00,613.48999,613.78998,612.87000,613.039978
2026-02-10 14:45:00,613.049927,613.58990,612.90997,613.35999
2026-02-10 15:00:00,613.34003,613.40002,612.14001,612.29999
2026-02-10 15:15:00,612.28998,612.88000,612.13000,612.36499
2026-02-10 15:30:00,612.34998,612.71002,611.77002,612.22998
2026-02-10 15:45:00,612.23999,612.63000,611.010010,611.51001
2026-02-11 09:30:00,616.39801,617.52002,614.48999,615.72998
2026-02-11 09:45:00,615.73999,616.78003,613.29999,613.63000
2026-02-11 10:00:00,613.65997,614.55988,609.71002,610.83002
2026-02-11 10:15:00,610.81000,610.96997,607.69000,608.10999
2026-02-11 10:30:00,608.15002,610.95001,607.95001,610.66998
2026-02-11 10:45:00,610.64001,612.84998,609.53003,612.21997
2026-02-11 11:00:00,612.21997,612.66998,610.69000,612.57001
2026-02-11 11:15:00,612.53998,612.92999,610.96002,610.96002
2026-02-11 11:30:00,610.96002,612.47998,610.53003,611.84003
2026-02-11 11:45:00,611.83002,612.13000,610.59998,610.67999
2026-02-11 12:00:00,610.65997,611.69000,609.73499,611.40997
2026-02-11 12:15:00,611.46997,613.46002,611.090027,613.27002
2026-02-11 12:30:00,613.28003,613.82001,612.65002,613.62000
2026-02-11 12:45:00,613.63000,614.10999,612.46002,612.67743
2026-02-11 13:00:00,612.67999,612.97992,611.27002,611.40991
2026-02-11 13:15:00,611.40002,613.065002,611.15997,612.97498
2026-02-11 13:30:00,612.97998,613.22998,612.45001,612.82001
2026-02-11 13:45:00,612.82501,613.84003,612.46002,613.57501
2026-02-11 14:00:00,613.57001,614.15997,612.53998,613.93988
2026-02-11 14:15:00,613.92999,614.97998,613.92999,614.69000
2026-02-11 14:30:00,614.70001,614.88000,614.20001,614.53003
2026-02-11 14:45:00,614.53998,614.58002,613.090027,613.76349
2026-02-11 15:00:00,613.73999,614.030029,613.45001,613.69000
2026-02-11 15:15:00,613.71002,614.065002,613.15002,613.15002
2026-02-11 15:30:00,613.15002,614,612.84998,613.65002
2026-02-11 15:45:00,613.65002,614.049988,612.91998,612.97998
2026-02-12 09:30:00,614.70300,615.81000,613.71002,613.79999
2026-02-12 09:45:00,613.82001,614.15997,610.85999,611.40002
2026-02-12 10:00:00,611.40002,612.44000,610.46997,612
2026-02-12 10:15:00,611.94000,612.64001,611.059998,611.97998
2026-02-12 10:30:00,611.97998,612.47998,608.32001,608.42999
2026-02-12 10:45:00,608.41998,609.28003,606.53003,606.60999
2026-02-12 11:00:00,606.63000,607.10999,604.64001,604.90997
2026-02-12 11:15:00,604.89001,605.14001,601.79999,601.94000
2026-02-12 11:30:00,601.94501,604.42999,601.65002,603.34998
2026-02-12 11:45:00,603.37000,603.98999,602.57001,603.44000
2026-02-12 12:00:00,603.40997,604.020020,602.33002,602.92499
2026-02-12 12:15:00,602.90997,604.52002,602.34003,603.28003
2026-02-12 12:30:00,603.21002,604.91998,603.030029,603.90002
2026-02-12 12:45:00,603.91998,604.29309,602.090027,602.12000
2026-02-12 13:00:00,602.12000,603.46997,601.53998,602.84998
2026-02-12 13:15:00,602.84003,603.010010,601.59003,602.51001
2026-02-12 13:30:00,602.53998,604.19800,602.10999,604.13000
2026-02-12 13:45:00,604.12000,604.63000,603.34003,604.054993
2026-02-12 14:00:00,604.049988,604.46997,602.60999,603.15002
2026-02-12 14:15:00,603.15002,604.59998,603.099976,603.25
2026-02-12 14:30:00,603.20001,604.82001,603.20001,604.28998
2026-02-12 14:45:00,604.28003,604.96289,603.52002,603.88000
2026-02-12 15:00:00,603.88000,604.21002,602.52502,603.21002
2026-02-12 15:15:00,603.21002,603.27002,601.40997,601.58502
2026-02-12 15:30:00,601.58002,602.29498,601.080017,601.54999
2026-02-12 15:45:00,601.56000,601.66998,599.56989,600.56000
2026-02-13 09:30:00,600.22498,601.79999,596.41998,599.72009
2026-02-13 09:45:00,599.73999,602.96002,598.90997,599.34003
2026-02-13 10:00:00,599.21997,602.57001,599.16998,600.78003
2026-02-13 10:15:00,600.84998,603.46997,599.77002,602.95001
2026-02-13 10:30:00,602.94000,604.90002,600.98999,601.13000
2026-02-13 10:45:00,601.15997,602.88000,599.84003,602.030029
2026-02-13 11:00:00,602.030029,603.87878,601.78003,602.71997
2026-02-13 11:15:00,602.71002,603.40002,600.87000,603.0098877
2026-02-13 11:30:00,602.97998,603.97998,602,603.91998
2026-02-13 11:45:00,603.90997,605,603.38000,604.039978
2026-02-13 12:00:00,604.010010,605.58002,603.78003,605.41998
2026-02-13 12:15:00,605.41998,605.84003,604.35498,605.35999
2026-02-13 12:30:00,605.38000,606.42999,605.21002,605.77002
2026-02-13 12:45:00,605.76001,606.15997,604.95001,605.099976
2026-02-13 13:00:00,605.12000,605.67999,604.19000,605.21997
2026-02-13 13:15:00,605.21997,606.38000,604.96997,605.48999
2026-02-13 13:30:00,605.51001,606.46997,605.19000,605.35999
2026-02-13 13:45:00,605.37000,606.20001,604.75,605.15997
2026-02-13 14:00:00,605.13000,605.75,604.69000,605.31012
2026-02-13 14:15:00,605.32001,605.81000,604.46118,604.76001
2026-02-13 14:30:00,604.75,605.34998,603.88000,604.34998
2026-02-13 14:45:00,604.34998,605.010010,602.92999,603.020020
2026-02-13 15:00:00,603.020020,603.91998,602.33002,602.33002
2026-02-13 15:15:00,602.29999,603.030029,600.63000,600.89990
2026-02-13 15:30:00,600.89001,601.40997,600.090027,600.52002
2026-02-13 15:45:00,600.51001,601.99500,600.41998,601.82001
2026-02-17 09:30:00,598.39001,602.19000,597.13000,599.40002
2026-02-17 09:45:00,599.44000,599.64001,593.96997,594.15997
2026-02-17 10:00:00,594.15997,596.27002,593.70001,594.53003
2026-02-17 10:15:00,594.52002,597.95001,594.46997,595.20001
2026-02-17 10:30:00,595.16998,595.54999,593.34003,594.82001
2026-02-17 10:45:00,594.84003,597.059998,594.64001,596.98999
2026-02-17 11:00:00,596.96002,601.46997,596.80499,601.15997
2026-02-17 11:15:00,601.14001,601.69012,599.91431,600.059998
2026-02-17 11:30:00,600.030029,601.29999,599.21997,600.23499
2026-02-17 11:45:00,600.21002,601.48999,599.90997,600.83002
2026-02-17 12:00:00,600.81000,600.96002,599.044983,599.44000
2026-02-17 12:15:00,599.45502,600.71997,598.65002,600.71002
2026-02-17 12:30:00,600.71997,600.83002,598.12000,598.15002
2026-02-17 12:45:00,598.15997,599.52002,597.19000,599.33301
2026-02-17 13:00:00,599.34003,599.51001,598.15997,598.75
2026-02-17 13:15:00,598.72339,601.44501,598.21997,601.034973
2026-02-17 13:30:00,601.059998,603.090027,600.59998,602.41998
2026-02-17 13:45:00,602.42499,603.57001,602.11823,602.89001
2026-02-17 14:00:00,602.89001,603.33002,602.44000,603.043030
2026-02-17 14:15:00,603.030029,603.40997,602.58002,602.69000
2026-02-17 14:30:00,602.67999,603.95001,602.49500,603.58002
2026-02-17 14:45:00,603.56000,603.62469,601.99500,602.17999
2026-02-17 15:00:00,602.16998,602.82001,601.69501,602.10999
2026-02-17 15:15:00,602.10498,602.26001,600.98999,601.16162
2026-02-17 15:30:00,601.15997,601.70001,600.25,601.38013
2026-02-17 15:45:00,601.38000,601.46997,600.34003,601.19000
2026-02-18 09:30:00,602.10999,603.54498,600.71997,603.10999
2026-02-18 09:45:00,603.059998,605.69000,601.72998,605.25
2026-02-18 10:00:00,605.25,607.86987,605.17999,607.70001
2026-02-18 10:15:00,607.71002,608.46002,607.53998,608.070007
2026-02-18 10:30:00,608.059998,608.64001,607.20001,608.26001
2026-02-18 10:45:00,608.27002,609.070007,607.94501,608.77502
2026-02-18 11:00:00,608.78003,609.47998,608.66998,609.070007
2026-02-18 11:15:00,609.070007,609.33002,608.56000,608.94000
2026-02-18 11:30:00,608.94000,609.5,608.77002,609.20001
2026-02-18 11:45:00,609.21002,609.34998,608.090027,608.17999
2026-02-18 12:00:00,608.17999,609.77100,608.10999,608.71002
2026-02-18 12:15:00,608.71002,609.44000,608.62000,608.87000
2026-02-18 12:30:00,608.85907,609.15997,608.37000,608.59998
2026-02-18 12:45:00,608.60999,609.44000,608.51007,609.049988
2026-02-18 13:00:00,609.039978,609.76001,608.61499,608.72498
2026-02-18 13:15:00,608.71997,608.91998,607.92999,608.21997
2026-02-18 13:30:00,608.22998,608.52002,606.93500,607.42999
2026-02-18 13:45:00,607.40997,607.85999,606.26001,607.375
2026-02-18 14:00:00,607.28998,607.57001,606.84497,606.90997
2026-02-18 14:15:00,606.91998,607.27002,606.37000,606.51001
2026-02-18 14:30:00,606.51001,606.70001,604.64001,604.94000
2026-02-18 14:45:00,604.96002,605.53998,603.40503,603.90002
2026-02-18 15:00:00,603.90997,604.82001,603.48999,603.77002
2026-02-18 15:15:00,603.76001,604.13000,603.25,603.73248
2026-02-18 15:30:00,603.72998,605.56000,603.62000,605.33002
2026-02-18 15:45:00,605.34003,606.67499,605.17999,605.66998
2026-02-19 09:30:00,602.81000,603.96002,601.099976,603.070007
2026-02-19 09:45:00,603.090027,604.88000,601.41998,603.92029
2026-02-19 10:00:00,603.94000,605.62000,603.15002,603.83002
2026-02-19 10:15:00,603.83002,605.13000,603.33002,603.40997
2026-02-19 10:30:00,603.39001,605.44989,603.19000,604.84998
2026-02-19 10:45:00,604.85999,605.15002,603.48999,604.94250
2026-02-19 11:00:00,604.96997,605.19000,603.23999,604.53998
2026-02-19 11:15:00,604.54999,605.81500,603.75,603.75
2026-02-19 11:30:00,603.76001,604.87000,602.94000,603.030029
2026-02-19 11:45:00,603.010010,603.71008,602.025024,603.030029
2026-02-19 12:00:00,603.039978,603.26001,602.22998,603.075012
2026-02-19 12:15:00,603.080017,604.48999,602.64001,603.42999
2026-02-19 12:30:00,603.42999,603.69000,602.84998,602.97998
2026-02-19 12:45:00,602.97998,603.030029,601.14001,601.48999
2026-02-19 13:00:00,601.51001,602.91998,601.19000,602.75
2026-02-19 13:15:00,602.72998,602.77002,600.76001,601.70502
2026-02-19 13:30:00,601.69000,602.065002,601.15997,601.60999
2026-02-19 13:45:00,601.59003,603.15002,601.57001,603
2026-02-19 14:00:00,602.96002,603.090027,602.31000,602.54999
2026-02-19 14:15:00,602.54999,603.15002,601.83002,602.19000
2026-02-19 14:30:00,602.17999,602.58002,600.90002,601.34497
2026-02-19 14:45:00,601.34497,601.79999,600.82001,601.56000
2026-02-19 15:00:00,601.53003,602.47900,601.53003,601.85999
2026-02-19 15:15:00,601.87000,602.21002,601.42999,601.67999
2026-02-19 15:30:00,601.65997,602.39001,601.54999,602.16998
2026-02-19 15:45:00,602.17999,603.53998,602.090027,603.47998
2026-02-20 09:30:00,600.10999,605.73798,599.22998,605.080017
2026-02-20 09:45:00,605.15002,605.94000,603.42999,604.56989
2026-02-20 10:00:00,604.57001,608.96002,603.57001,605.26001
2026-02-20 10:15:00,605.26880,607.90002,603.65002,606.34998
2026-02-20 10:30:00,606.39001,608.60999,604.78998,608.45001
2026-02-20 10:45:00,608.46002,610.039978,607.63000,609.85999
2026-02-20 11:00:00,609.82001,610.34998,608.70001,608.82001
2026-02-20 11:15:00,608.86987,609.059998,606.41248,606.47998
2026-02-20 11:30:00,606.46997,609.62347,606.22998,609.23999
2026-02-20 11:45:00,609.22998,610.11652,609.15002,609.35999
2026-02-20 12:00:00,609.35999,609.62000,606.53998,606.58350
2026-02-20 12:15:00,606.58002,606.58002,604.080017,605.23999
2026-02-20 12:30:00,605.26001,606.34003,604.90002,606.10101
2026-02-20 12:45:00,606.13000,608.030029,605.71997,607.82001
2026-02-20 13:00:00,607.81000,608.080017,606.78003,607.049988
2026-02-20 13:15:00,607.030029,607.030029,605.27002,606.10999
2026-02-20 13:30:00,606.16998,608.81000,605.31000,608.65997
2026-02-20 13:45:00,608.65002,609.90002,608.15002,609.28998
2026-02-20 14:00:00,609.37000,609.81000,608.39008,608.47992
2026-02-20 14:15:00,608.48999,609.025024,607.90503,608.27197
2026-02-20 14:30:00,608.28003,608.84003,607.81000,607.90002
2026-02-20 14:45:00,607.92999,608.52002,607.40997,607.5
2026-02-20 15:00:00,607.51501,608.83002,607.35999,608.60199
2026-02-20 15:15:00,608.58008,608.65002,607.32001,607.46997
2026-02-20 15:30:00,607.48999,608.42999,607.40002,608.42999
2026-02-20 15:45:00,608.41998,608.87000,607.83978,608.87000
2026-02-23 09:30:00,606.62701,608.010010,604.15997,604.16998
2026-02-23 09:45:00,604.17999,606.18909,603.59003,604.96002
2026-02-23 10:00:00,604.92999,605.875,603.22498,604.049988
2026-02-23 10:15:00,604.030090,605.35999,603.64001,603.97998
2026-02-23 10:30:00,603.96997,604.66498,602.65997,602.94000
2026-02-23 10:45:00,602.92999,603.47998,600.75,600.85999
2026-02-23 11:00:00,600.85999,601.15997,599.049988,599.40002
2026-02-23 11:15:00,599.40002,601.72998,599.049988,601.66998
2026-02-23 11:30:00,601.65997,601.95001,601.020020,601.37000
2026-02-23 11:45:00,601.37000,601.5,600.46997,600.65997
2026-02-23 12:00:00,600.65997,601.33002,600.42999,600.60999
2026-02-23 12:15:00,600.60999,601.28998,600.59003,600.84003
2026-02-23 12:30:00,600.84003,600.91998,599.28003,599.84003
2026-02-23 12:45:00,599.84998,601.15002,599.66998,600.88501
2026-02-23 13:00:00,600.87000,601.96002,600.75,601.84003
2026-02-23 13:15:00,601.84998,602.70007,601.75,602.45502
2026-02-23 13:30:00,602.45001,602.67999,601.65997,601.84998
2026-02-23 13:45:00,601.83002,602.23999,600.29999,600.46997
2026-02-23 14:00:00,600.46997,601.14001,600.34003,600.86652
2026-02-23 14:15:00,600.83002,601.090027,600.039978,600.16998
2026-02-23 14:30:00,600.15997,600.53998,599.41998,599.76001
2026-02-23 14:45:00,599.76001,600.19952,599.42999,599.59351
2026-02-23 15:00:00,599.59998,599.94000,599.30988,599.45001
2026-02-23 15:15:00,599.45001,600.15997,599.43500,599.96997
2026-02-23 15:30:00,599.96997,601.049988,599.92999,600.53497
2026-02-23 15:45:00,600.53998,601.53119,600.059998,601.41998
2026-02-24 09:30:00,602.054993,604.96997,599.73907,604.94000
2026-02-24 09:45:00,604.95001,606.21997,603.75,604.11499
2026-02-24 10:00:00,604.080017,605.21997,602.75,603.85999
2026-02-24 10:15:00,603.84003,607.42999,603.58002,607.38000
2026-02-24 10:30:00,607.35999,607.83002,606.77002,607.5
2026-02-24 10:45:00,607.51001,607.53003,606.31000,606.52502
2026-02-24 11:00:00,606.51001,608.21002,606.47498,607.89001
2026-02-24 11:15:00,607.87000,608.059875,606.96008,607.44000
2026-02-24 11:30:00,607.41998,607.46997,606.34998,606.82501
2026-02-24 11:45:00,606.82001,608.048279,606.76990,607.77002
2026-02-24 12:00:00,607.76001,608.90997,607.59998,608.41998
2026-02-24 12:15:00,608.41998,608.87000,608.13000,608.53998
2026-02-24 12:30:00,608.53003,608.76001,608.030029,608.090027
2026-02-24 12:45:00,608.070007,608.63000,607.86987,608.19000
2026-02-24 13:00:00,608.17999,608.98999,608.039978,608.15002
2026-02-24 13:15:00,608.13501,608.16998,607.45648,607.55969
2026-02-24 13:30:00,607.56000,608.31000,607.38000,608.010010
2026-02-24 13:45:00,608.030029,608.13000,607.61578,607.79999
2026-02-24 14:00:00,607.78003,607.98938,607.29498,607.46002
2026-02-24 14:15:00,607.44000,607.46997,606.81000,607.15997
2026-02-24 14:30:00,607.15002,607.82001,607.090027,607.56000
2026-02-24 14:45:00,607.57001,608.40002,607.42999,607.59998
2026-02-24 15:00:00,607.61499,607.78003,607.10999,607.19000
2026-02-24 15:15:00,607.17999,607.69000,607,607.070007
2026-02-24 15:30:00,607.070007,607.86963,606.96997,607.84003
2026-02-24 15:45:00,607.83002,608.82001,607.65002,607.84003
2026-02-25 09:30:00,611.090027,613.91498,611,613.75
2026-02-25 09:45:00,613.75,615.65991,613.72998,615.47998
2026-02-25 10:00:00,615.46997,615.89001,614.52002,614.64001
2026-02-25 10:15:00,614.63000,615.40002,614.070007,615.26001
2026-02-25 10:30:00,615.26001,615.44000,614.094971,614.40997
2026-02-25 10:45:00,614.40997,614.78003,613.60999,614.33502
2026-02-25 11:00:00,614.34003,614.70001,614.070007,614.44000
2026-02-25 11:15:00,614.42999,614.57013,614.049988,614.46997
2026-02-25 11:30:00,614.46002,615.12000,614.31012,614.96002
2026-02-25 11:45:00,614.96002,615.23999,614.79498,614.87000
2026-02-25 12:00:00,614.87000,615.46002,614.74500,615.41498
2026-02-25 12:15:00,615.40997,615.42999,614.92999,614.97998
2026-02-25 12:30:00,614.96503,615.44000,614.83002,615.28009
2026-02-25 12:45:00,615.28497,615.78003,615.21002,615.73999
2026-02-25 13:00:00,615.74597,615.83002,615.46997,615.56000
2026-02-25 13:15:00,615.55298,615.58002,615.34998,615.41498
2026-02-25 13:30:00,615.41998,615.78998,615.30029,615.70502
2026-02-25 13:45:00,615.70502,615.82001,615.64001,615.71002
2026-02-25 14:00:00,615.70001,616.26001,615.68500,616.075012
2026-02-25 14:15:00,616.070007,616.35498,616.029907,616.18500
2026-02-25 14:30:00,616.17999,616.35999,616.059998,616.075012
2026-02-25 14:45:00,616.090027,616.31000,616.040283,616.13000
2026-02-25 15:00:00,616.13000,616.32001,616.049988,616.20502
2026-02-25 15:15:00,616.20502,616.28003,615.93500,616.10498
2026-02-25 15:30:00,616.10999,616.46997,615.75500,616.29999
2026-02-25 15:45:00,616.29999,616.83002,616.17999,616.52002
2026-02-26 09:30:00,615.48999,615.53003,612.72998,613.71259
2026-02-26 09:45:00,613.70001,613.70001,611.73071,611.97998
2026-02-26 10:00:00,611.97998,612.39001,608.87000,608.92999
2026-02-26 10:15:00,608.93500,608.93500,604.54999,605.70001
2026-02-26 10:30:00,605.71002,607.30933,603.97998,607.049988
2026-02-26 10:45:00,607.049988,607.95001,606.81000,607.29498
2026-02-26 11:00:00,607.29999,608.52930,606.96997,608.40997
2026-02-26 11:15:00,608.41998,609.35498,607.96997,608.71997
2026-02-26 11:30:00,608.72498,608.96997,607.21997,607.33002
2026-02-26 11:45:00,607.32001,608,606.18549,606.40997
2026-02-26 12:00:00,606.40997,607.51501,606.33002,606.50500
2026-02-26 12:15:00,606.5,606.75,606.16998,606.52002
2026-02-26 12:30:00,606.51001,607.47998,605.89001,605.94000
2026-02-26 12:45:00,605.94000,606.16998,605.18500,605.71997
2026-02-26 13:00:00,605.71997,605.82001,604.53998,605.054993
2026-02-26 13:15:00,605.049988,605.72998,604.65002,605.35999
2026-02-26 13:30:00,605.37000,607.60999,605.070007,607.28497
2026-02-26 13:45:00,607.28998,608.030029,606.75,607.31000
2026-02-26 14:00:00,607.33002,609.015015,607.010010,608.71997
2026-02-26 14:15:00,608.71997,609.35999,608.25,608.44928
2026-02-26 14:30:00,608.44501,609.15997,608.23499,608.82501
2026-02-26 14:45:00,608.82501,609.65997,608.73108,608.79999
2026-02-26 15:00:00,608.78003,609.53998,608.15002,608.16010
2026-02-26 15:15:00,608.13000,608.56000,607.87000,607.96997
2026-02-26 15:30:00,607.96503,609.030029,607.92999,608.85992
2026-02-26 15:45:00,608.84998,609.34003,608.25,609.26001
2026-02-27 09:30:00,602.95001,605.25,602.19000,603.69000
2026-02-27 09:45:00,603.67499,605.95502,603.039978,604.57001
2026-02-27 10:00:00,604.53998,607.33002,604.22998,606.35999
2026-02-27 10:15:00,606.37000,607.40002,605.57501,606.78003
2026-02-27 10:30:00,606.77002,607.63501,605.72998,607.45001
2026-02-27 10:45:00,607.46002,607.90002,605.63000,607.070007
2026-02-27 11:00:00,607.080017,607.96997,606.10010,607.17999
2026-02-27 11:15:00,607.17999,607.78003,606.38000,606.69501
2026-02-27 11:30:00,606.70502,607.70001,605.83990,605.91998
2026-02-27 11:45:00,605.91998,607.59003,605.82001,606.71002
2026-02-27 12:00:00,606.71002,608.32001,606.41998,606.52002
2026-02-27 12:15:00,606.53003,606.67999,605.039978,606.31500
2026-02-27 12:30:00,606.32001,607.28998,605.65997,605.88000
2026-02-27 12:45:00,605.88000,606.33002,605.39001,606.13000
2026-02-27 13:00:00,606.13000,606.36987,605.33002,605.39001
2026-02-27 13:15:00,605.37000,605.53497,604.45001,605.33002
2026-02-27 13:30:00,605.32001,605.79999,604.78998,605.32001
2026-02-27 13:45:00,605.34003,605.62000,604.70001,605.10999
2026-02-27 14:00:00,605.099976,606.47998,605,605.28998
2026-02-27 14:15:00,605.28998,605.58502,605.010010,605.20001
2026-02-27 14:30:00,605.21002,605.48999,604.41998,604.70001
2026-02-27 14:45:00,604.71997,605.13000,604.54999,604.92999
2026-02-27 15:00:00,604.88000,606.67999,604.87000,606.67999
2026-02-27 15:15:00,606.69000,607.53998,606.59003,606.92499
2026-02-27 15:30:00,606.90997,607.080017,605.57501,605.91998
2026-02-27 15:45:00,605.90997,608.020020,605.77002,607.35498
2026-03-02 09:30:00,598.92999,604.73999,597.98999,603.60999
2026-03-02 09:45:00,603.56000,605.070007,602.94000,604.12012
2026-03-02 10:00:00,604.16998,606.26001,602.77002,605.86713
2026-03-02 10:15:00,605.88000,606.22998,604.070007,604.67999
2026-03-02 10:30:00,604.63000,606.085022,603.71997,606.039978
2026-03-02 10:45:00,606.030029,606.47998,604.56000,605.68500
2026-03-02 11:00:00,605.67999,607.27002,604.94000,606.88000
2026-03-02 11:15:00,606.84003,606.90997,603.96002,604.32001
2026-03-02 11:30:00,604.29999,607.96997,604.16998,607.83179
2026-03-02 11:45:00,607.84998,608.56989,607.40503,608.41010
2026-03-02 12:00:00,608.28998,608.48499,607.70001,608.23999
2026-03-02 12:15:00,608.25,609.35999,608.21002,608.60498
2026-03-02 12:30:00,608.59003,608.87000,608.15002,608.63000
2026-03-02 12:45:00,608.63000,609.32001,608.40002,609.094971
2026-03-02 13:00:00,609.094971,609.29999,608.41498,608.71997
2026-03-02 13:15:00,608.71997,608.75,607.84998,608.40002
2026-03-02 13:30:00,608.41998,608.47998,607.52002,608.030029
2026-03-02 13:45:00,608.049988,608.049988,606.76001,606.84998
2026-03-02 14:00:00,606.85999,608.82001,606.72998,608.73340
2026-03-02 14:15:00,608.71991,609.65997,608.71002,609.42499
2026-03-02 14:30:00,609.42499,609.87000,609.22998,609.35999
2026-03-02 14:45:00,609.37000,609.91998,609.37000,609.51001
2026-03-02 15:00:00,609.5,609.70001,606.53497,606.73999
2026-03-02 15:15:00,606.73999,608.020020,606.26001,606.71002
2026-03-02 15:30:00,606.71002,607.90002,606.60999,607.71997
2026-03-02 15:45:00,607.71002,609.059998,607.46002,608.070007
2026-03-03 09:30:00,596.32001,599.39001,595.59003,596.23999
2026-03-03 09:45:00,596.23999,598.18250,595,595.23999
2026-03-03 10:00:00,595.21002,596.96002,594.54999,595.48999
2026-03-03 10:15:00,595.5,595.92999,591.87000,592.030029
2026-03-03 10:30:00,592.030029,594.78003,591.96997,593.38000
2026-03-03 10:45:00,593.35999,594.47998,592.40100,594.17999
2026-03-03 11:00:00,594.19000,597.59003,593.94000,597.22998
2026-03-03 11:15:00,597.22998,598.89001,597.17999,598.34998
2026-03-03 11:30:00,598.34003,599.14001,596.98999,599.010010
2026-03-03 11:45:00,599.010010,600.89502,598.96997,599.59003
2026-03-03 12:00:00,599.57001,600.080017,598.37000,599.22498
2026-03-03 12:15:00,599.22998,600.57001,598.66272,600.39001
2026-03-03 12:30:00,600.40002,600.47998,597.92999,600.10999
2026-03-03 12:45:00,600.070007,600.23999,598.47998,598.87000
2026-03-03 13:00:00,598.85999,600.38000,598.84003,599.78998
2026-03-03 13:15:00,599.79999,602.030029,599.71002,601.44000
2026-03-03 13:30:00,601.44000,603.49500,601.32001,602.78003
2026-03-03 13:45:00,602.82001,603.31000,602.020020,602.67499
2026-03-03 14:00:00,602.71002,603.039978,601.039978,601.95502
2026-03-03 14:15:00,601.96899,602.78003,601.58002,601.72998
2026-03-03 14:30:00,601.73999,603.29999,600.53998,603.20001
2026-03-03 14:45:00,603.21997,603.95502,601.94000,602.41998
2026-03-03 15:00:00,602.45001,603.22998,602.099976,602.10999
2026-03-03 15:15:00,602.099976,602.46997,601.31000,602.29999
2026-03-03 15:30:00,602.29999,602.91992,601.66498,601.96002
2026-03-03 15:45:00,601.95001,602.24500,600.73999,601.65997
2026-03-04 09:30:00,604.15002,606.92999,603.72998,604.070007
2026-03-04 09:45:00,604.039978,606.27002,603.42999,605.66010
2026-03-04 10:00:00,605.75,607.87000,605.059998,607.099976
2026-03-04 10:15:00,607.10999,611.070007,607.049988,610.97998
2026-03-04 10:30:00,610.97998,611.17999,609.099976,609.13000
2026-03-04 10:45:00,609.14001,610.81000,608.53998,610.70502
2026-03-04 11:00:00,610.70001,611.45001,609.049988,609.33002
2026-03-04 11:15:00,609.34003,610.54999,608.90002,610.16998
2026-03-04 11:30:00,610.17499,611.67999,609.97998,611.47998
2026-03-04 11:45:00,611.48999,611.73999,610.97998,611.14001
2026-03-04 12:00:00,611.15997,611.82501,610.87000,611.41498
2026-03-04 12:15:00,611.40997,611.63000,610.80988,610.84998
2026-03-04 12:30:00,610.84998,611.81000,610.19000,611.33002
2026-03-04 12:45:00,611.33002,612.010010,611.26001,611.71997
2026-03-04 13:00:00,611.71997,612.049988,611.42999,611.58002
2026-03-04 13:15:00,611.56500,611.84998,611.039978,611.78168
2026-03-04 13:30:00,611.78998,612.81000,611.76001,612.46997
2026-03-04 13:45:00,612.47998,612.81000,611.96997,612.29498
2026-03-04 14:00:00,612.30499,612.88000,612.15503,612.69000
2026-03-04 14:15:00,612.70001,612.84003,612.21503,612.34003
2026-03-04 14:30:00,612.33502,612.625,612.075012,612.27002
2026-03-04 14:45:00,612.27002,612.5,612,612.22998
2026-03-04 15:00:00,612.21997,612.35999,611.21503,611.28003
2026-03-04 15:15:00,611.28998,611.39001,610.65997,611.33002
2026-03-04 15:30:00,611.32001,611.72998,610.95001,611.64001
2026-03-04 15:45:00,611.63501,611.67560,610.41998,610.54999
2026-03-05 09:30:00,607.45001,610.76001,607.38000,609.15997
2026-03-05 09:45:00,609.15997,612.27002,608.60999,612.23969
2026-03-05 10:00:00,612.21997,612.76001,610.81000,612.039978
2026-03-05 10:15:00,612.030029,612.10999,607.54999,608.015015
2026-03-05 10:30:00,608.020020,609.46997,606.070007,608.75
2026-03-05 10:45:00,608.73999,610.080017,608.54498,609.70001
2026-03-05 11:00:00,609.70001,609.96002,606.70001,607.40002
2026-03-05 11:15:00,607.40002,608,606.32001,606.95001
2026-03-05 11:30:00,606.96002,608.66998,606.90002,607.87140
2026-03-05 11:45:00,607.90002,609.030029,607.90002,608.78003
2026-03-05 12:00:00,608.78998,610.67999,607.90002,608.51001
2026-03-05 12:15:00,608.52002,608.53003,606,606
2026-03-05 12:30:00,606.010010,606.35999,603.73999,604.090027
2026-03-05 12:45:00,604.070007,604.13989,602.60999,603.065002
2026-03-05 13:00:00,603.065002,605.010010,602.88000,604.73999
2026-03-05 13:15:00,604.73999,605.049988,602.46002,602.73999
2026-03-05 13:30:00,602.70502,604.59003,602.26001,604.34003
2026-03-05 13:45:00,604.31000,604.40002,602.29999,603.23999
2026-03-05 14:00:00,603.22998,604.32001,602.96997,604.20001
2026-03-05 14:15:00,604.21997,604.83002,603.24011,603.83502
2026-03-05 14:30:00,603.82001,604.14001,602.73999,604.12000
2026-03-05 14:45:00,604.10999,604.87000,603.46002,604.27002
2026-03-05 15:00:00,604.28998,606.15997,603.53003,605.78003
2026-03-05 15:15:00,605.79999,607.59003,605.38501,606.64001
2026-03-05 15:30:00,606.64001,607.71002,606.28998,606.95001
2026-03-05 15:45:00,606.95001,609.12000,606.40002,608.96997
2026-03-06 09:30:00,600.33502,601.46997,598.53998,600.20007
2026-03-06 09:45:00,600.21997,601.71002,599.10999,600.46997
2026-03-06 10:00:00,600.45001,603.020020,599.84998,602.89001
2026-03-06 10:15:00,602.86499,603.79999,602.14001,603.63000
2026-03-06 10:30:00,603.60999,605.34003,603.38000,603.97998
2026-03-06 10:45:00,603.96997,605.13000,601.92999,604.51001
2026-03-06 11:00:00,604.50250,605.5,603.5,603.65997
2026-03-06 11:15:00,603.67999,604.62000,602.87000,604.15991
2026-03-06 11:30:00,604.17999,604.88000,603,604.29999
2026-03-06 11:45:00,604.28003,605.88000,604.14001,605.030029
2026-03-06 12:00:00,605.049988,605.98999,603.63000,603.91998
2026-03-06 12:15:00,603.92999,604.78998,602.91998,603.40002
2026-03-06 12:30:00,603.40002,603.70001,601.72998,602.35999
2026-03-06 12:45:00,602.33002,603.69000,602.33002,602.70001
2026-03-06 13:00:00,602.71002,605.40002,602.58002,605.21002
2026-03-06 13:15:00,605.22998,605.45001,603.44000,603.82001
2026-03-06 13:30:00,603.83002,604.53003,603.22998,604.080017
2026-03-06 13:45:00,604.080017,604.22998,602.85999,603.080017
2026-03-06 14:00:00,603.090027,604.37000,602.84998,604.099976
2026-03-06 14:15:00,604.099976,604.22998,602.66998,603.53003
2026-03-06 14:30:00,603.52002,604.025024,602.71002,603.030029
2026-03-06 14:45:00,603.020020,603.42999,602.46002,603.27002
2026-03-06 15:00:00,603.26001,604.34998,601.28003,601.89001
2026-03-06 15:15:00,601.89001,602.44000,599.29999,599.53003
2026-03-06 15:30:00,599.53003,600.85999,598.37000,600.15002
2026-03-06 15:45:00,600.15002,600.72998,599.47998,599.87000
2026-03-09 09:30:00,594.21997,596.46002,592.31000,593.010010
2026-03-09 09:45:00,592.97998,593.88000,591.33502,592.72998
2026-03-09 10:00:00,592.71002,595.27002,591.56000,592.39001
2026-03-09 10:15:00,592.40002,595.090027,592.020020,593.46997
2026-03-09 10:30:00,593.44000,596.70001,593.37000,596.70001
2026-03-09 10:45:00,596.71002,597.88000,596.56000,597.049988
2026-03-09 11:00:00,597.030029,598.52002,597.030029,598.29999
2026-03-09 11:15:00,598.32001,599.47998,597.83002,599.32001
2026-03-09 11:30:00,599.33002,599.34003,598.070007,598.44012
2026-03-09 11:45:00,598.44000,599.66998,598.25,599.29999
2026-03-09 12:00:00,599.31000,600.21002,599.039978,599.78998
2026-03-09 12:15:00,599.79999,601.34998,599.080688,600.45001
2026-03-09 12:30:00,600.45001,601.77002,599.54999,601.57001
2026-03-09 12:45:00,601.57501,601.84998,600.77002,600.88000
2026-03-09 13:00:00,600.89001,600.96997,599.83002,600.26001
2026-03-09 13:15:00,600.26001,600.37000,598.38000,598.53003
2026-03-09 13:30:00,598.52002,598.78998,597.64001,597.84003
2026-03-09 13:45:00,597.84003,598.96997,597.78998,598.47998
2026-03-09 14:00:00,598.5,599.42999,598.45001,599.16998
2026-03-09 14:15:00,599.16998,600.25,598.97998,599.42999
2026-03-09 14:30:00,599.42999,600.67999,599.37000,600.31000
2026-03-09 14:45:00,600.33002,600.84003,599.46002,599.58002
2026-03-09 15:00:00,599.59003,600.20551,599.22998,599.88000
2026-03-09 15:15:00,599.88000,606.95001,599.71997,606.78003
2026-03-09 15:30:00,606.73999,609.25,605.35999,607.15002
2026-03-09 15:45:00,607.15002,608.35498,606.40002,607.75500
2026-03-10 09:30:00,607.78998,609.96002,607.020020,608.77002
2026-03-10 09:45:00,608.70001,609.35999,606.75,607.15002
2026-03-10 10:00:00,607.16998,607.96997,605.48010,606.34998
2026-03-10 10:15:00,606.32001,608.62000,605.41998,608.10999
2026-03-10 10:30:00,608.099976,610.81952,608.090027,610.48999
2026-03-10 10:45:00,610.5,611.66998,610.059998,611.65002
2026-03-10 11:00:00,611.65002,612.40002,610.85999,611.020020
2026-03-10 11:15:00,611.039978,612.28998,610.97998,611.46997
2026-03-10 11:30:00,611.5,612.15009,610.67499,611.62000
2026-03-10 11:45:00,611.64001,611.94000,610.96997,611.60992
2026-03-10 12:00:00,611.59998,611.62000,609.94000,610.80011
2026-03-10 12:15:00,610.78998,611.91998,610.61328,611.15002
2026-03-10 12:30:00,611.20001,611.97931,611.20001,611.90002
2026-03-10 12:45:00,611.90997,612.099976,610.87000,611.77002
2026-03-10 13:00:00,611.76001,612.35999,611.55011,611.83002
2026-03-10 13:15:00,611.83002,613.28009,611.79999,613.16681
2026-03-10 13:30:00,613.15997,613.15997,610.5,611.31171
2026-03-10 13:45:00,611.32001,612.57800,611.13501,612.15997
2026-03-10 14:00:00,612.15002,612.40002,608.90002,608.96002
2026-03-10 14:15:00,608.98999,610.53003,607.73999,609.66998
2026-03-10 14:30:00,609.65002,610.62628,608.65503,609
2026-03-10 14:45:00,608.90997,610.12000,608.65997,608.73999
2026-03-10 15:00:00,608.76001,609.29999,608.24249,609.16998
2026-03-10 15:15:00,609.17499,609.78003,607.70001,607.72998
2026-03-10 15:30:00,607.72998,608.83002,606.96997,607.85999
2026-03-10 15:45:00,607.83002,608.15002,606.57001,607.64001
2026-03-11 09:30:00,608.95001,610.87000,608.95001,609.75
2026-03-11 09:45:00,609.78003,610.70001,608.44098,610.51007
2026-03-11 10:00:00,610.53998,612.42999,609.5,610.54999
2026-03-11 10:15:00,610.54999,610.76001,607.59003,608.75
2026-03-11 10:30:00,608.75,609.36389,607.090027,608.97998
2026-03-11 10:45:00,609,610.020020,608.5,609.69000
2026-03-11 11:00:00,609.69000,610.25928,606.98499,607.96002
2026-03-11 11:15:00,607.96002,608.53003,606.48779,606.53998
2026-03-11 11:30:00,606.53998,607.21002,605.96002,606.19373
2026-03-11 11:45:00,606.15997,607.12000,605.51001,606.53003
2026-03-11 12:00:00,606.52002,606.65002,605.63000,606.50751
2026-03-11 12:15:00,606.47998,606.96002,605.84271,606.95001
2026-03-11 12:30:00,606.92999,608.26001,606.88000,607.59998
2026-03-11 12:45:00,607.62000,608.37000,607.26001,608.28003
2026-03-11 13:00:00,608.26001,608.70001,607.73999,608
2026-03-11 13:15:00,607.98999,608.59998,607.37000,608.27002
2026-03-11 13:30:00,608.28003,608.48999,605.030029,606.52002
2026-03-11 13:45:00,606.56000,607.69000,606.070007,606.91998
2026-03-11 14:00:00,606.92999,607.16998,605.44000,606.015015
2026-03-11 14:15:00,606.020020,607.070007,605.73999,606.83002
2026-03-11 14:30:00,606.83002,607.25,606.51001,606.72998
2026-03-11 14:45:00,606.73999,607.53998,606.41998,607.090088
2026-03-11 15:00:00,607.10999,607.27002,606.090027,606.21002
2026-03-11 15:15:00,606.21002,606.76819,606.020020,606.53003
2026-03-11 15:30:00,606.54999,607.78003,606.40002,607.52002
2026-03-11 15:45:00,607.52002,608.23999,607,607.72998
2026-03-12 09:30:00,602.76001,604.13000,601.95001,602.48999
2026-03-12 09:45:00,602.46997,602.51801,599.22998,599.86987
2026-03-12 10:00:00,599.91998,601.99500,599.78003,601.79999
2026-03-12 10:15:00,601.81000,602.049988,598.90002,598.90002
2026-03-12 10:30:00,598.90997,599.66498,597.82001,599.57001
2026-03-12 10:45:00,599.54999,601.37000,598.52002,598.94501
2026-03-12 11:00:00,598.96997,599.26990,597.53003,598.22998
2026-03-12 11:15:00,598.22998,599.42999,597.70001,598.94000
2026-03-12 11:30:00,598.95001,601.15002,597.96002,600.60999
2026-03-12 11:45:00,600.64001,600.84003,599.049988,600.059998
2026-03-12 12:00:00,600.080017,601.049988,598.21997,599.79498
2026-03-12 12:15:00,599.78003,601.73999,599.28998,599.46991
2026-03-12 12:30:00,599.46002,601.27002,599.23999,600.63989
2026-03-12 12:45:00,600.59998,600.81000,599.080017,599.97998
2026-03-12 13:00:00,599.96997,601.46002,599.84998,599.94513
2026-03-12 13:15:00,599.90997,600.59998,599.21002,599.69781
2026-03-12 13:30:00,599.75,600.70001,599.51001,599.59998
2026-03-12 13:45:00,599.59003,599.83002,598.12000,599.050110
2026-03-12 14:00:00,599.070007,600.17999,599.070007,599.82001
2026-03-12 14:15:00,599.84003,600.14001,598.76868,599.34998
2026-03-12 14:30:00,599.35992,599.57001,598.52002,598.67999
2026-03-12 14:45:00,598.66998,599.19659,598.33002,598.44000
2026-03-12 15:00:00,598.44000,599.17999,597.70001,598.28003
2026-03-12 15:15:00,598.28998,599.15997,598.049988,598.81000
2026-03-12 15:30:00,598.82001,599.47998,597.81000,598.049988
2026-03-12 15:45:00,598.039978,598.080017,597.049988,597.34003
2026-03-13 09:30:00,599.72998,602.78998,598.92999,602.76990
2026-03-13 09:45:00,602.75940,603.59991,601.56000,601.70001
2026-03-13 10:00:00,601.71002,602.59998,600.070007,600.29999
2026-03-13 10:15:00,600.28003,601.12878,599.46002,600.44470
2026-03-13 10:30:00,600.46002,601.72089,598.52002,598.54010
2026-03-13 10:45:00,598.56000,598.58002,595.80499,595.97498
2026-03-13 11:00:00,595.97998,597.88000,595.27002,597.71997
2026-03-13 11:15:00,597.71997,597.77002,595.28998,595.47998
2026-03-13 11:30:00,595.46002,596.12000,593.82001,594.099976
2026-03-13 11:45:00,594.070007,595.72998,593.58002,594
2026-03-13 12:00:00,593.96002,595.57990,593.92999,594.63000
2026-03-13 12:15:00,594.65997,595.28003,594.060120,594.89001
2026-03-13 12:30:00,594.84003,595.91998,594.42499,594.46100
2026-03-13 12:45:00,594.44501,595.52301,593.46997,593.67999
2026-03-13 13:00:00,593.68781,595.20001,593.42999,595.20001
2026-03-13 13:15:00,595.21997,595.53387,594.25500,594.97998
2026-03-13 13:30:00,594.96997,595.12000,593.94000,594.41998
2026-03-13 13:45:00,594.38708,594.56000,592.63000,593.13000
2026-03-13 14:00:00,593.13000,593.95001,593.059998,593.78998
2026-03-13 14:15:00,593.78003,594.15002,592.97998,594.080017
2026-03-13 14:30:00,594.044983,595.26001,593.71997,595.15997
2026-03-13 14:45:00,595.15002,595.5,594.73999,594.91998
2026-03-13 15:00:00,594.90997,594.94000,593.90002,594.15002
2026-03-13 15:15:00,594.15997,594.52002,592.98199,593.17999
2026-03-13 15:30:00,593.18872,593.71997,592.57001,592.97998
2026-03-13 15:45:00,592.96002,593.83002,592.71503,593.69000
2026-03-16 09:30:00,600.039978,601.48761,599.22998,600.35999
2026-03-16 09:45:00,600.35999,602.030029,600.30499,601.90997
2026-03-16 10:00:00,601.90002,602.5,601.020020,601.90002
2026-03-16 10:15:00,601.90002,602.59998,601.46997,601.47998
2026-03-16 10:30:00,601.48999,601.54999,599.45001,599.72998
2026-03-16 10:45:00,599.71997,600.94067,599.13000,600.94000
2026-03-16 11:00:00,600.94000,601.23999,599.80200,601.12018
2026-03-16 11:15:00,601.12000,601.94501,600.60999,601.46997
2026-03-16 11:30:00,601.45001,601.98999,601.37000,601.5
2026-03-16 11:45:00,601.5,601.88000,600.32397,600.46002
2026-03-16 12:00:00,600.46997,601.15002,600.21002,600.62598
2026-03-16 12:15:00,600.62000,600.89001,599.15997,599.47998
2026-03-16 12:30:00,599.46002,600.82001,599.12000,600.63000
2026-03-16 12:45:00,600.62079,601.020020,600.23999,600.47998
2026-03-16 13:00:00,600.47998,601.59003,600.46503,601.28497
2026-03-16 13:15:00,601.26501,601.64001,600.88000,600.98999
2026-03-16 13:30:00,601.010010,601.37000,600.38000,600.44000
2026-03-16 13:45:00,600.47168,600.97992,599.92999,600.65002
2026-03-16 14:00:00,600.64502,601.59003,600.47998,601.23999
2026-03-16 14:15:00,601.25,601.71997,601.19000,601.54999
2026-03-16 14:30:00,601.53998,601.84998,601.17999,601.81000
2026-03-16 14:45:00,601.82001,601.89001,601.094482,601.15002
2026-03-16 15:00:00,601.15002,603.85498,600.78003,601.31000
2026-03-16 15:15:00,601.31000,601.83990,600.070007,600.65997
2026-03-16 15:30:00,600.67999,600.89001,599.83002,600.030029
2026-03-16 15:45:00,600.030029,600.59003,599.53003,600.31000
2026-03-17 09:30:00,603.14001,604.95990,602.28998,604.66498
2026-03-17 09:45:00,604.65002,605.89001,604.53998,605.35999
2026-03-17 10:00:00,605.37000,605.46997,603.75128,603.77002
2026-03-17 10:15:00,603.76001,605.010010,603.059998,604.62000
2026-03-17 10:30:00,604.63000,605.32001,604,605.19000
2026-03-17 10:45:00,605.20001,605.29999,604.71997,604.95203
2026-03-17 11:00:00,604.95001,605.27002,603.42999,603.75
2026-03-17 11:15:00,603.74500,604.48999,603.35999,603.38000
2026-03-17 11:30:00,603.39001,603.91998,601.96997,603
2026-03-17 11:45:00,603,603.47498,602.77002,602.90002
2026-03-17 12:00:00,602.90399,603.37000,601.87000,602.60999
2026-03-17 12:15:00,602.63000,603.77002,602.48999,603.41998
2026-03-17 12:30:00,603.42999,603.75,602.87000,603.72998
2026-03-17 12:45:00,603.73999,603.78003,603.059998,603.080017
2026-03-17 13:00:00,603.084717,604.044983,603.054993,603.54498
2026-03-17 13:15:00,603.53003,603.70001,603.22998,603.57001
2026-03-17 13:30:00,603.53003,604,603.32001,603.40997
2026-03-17 13:45:00,603.45001,604.17999,603.054993,603.96997
2026-03-17 14:00:00,603.96997,604.53003,603.71002,604
2026-03-17 14:15:00,604.010010,604.15002,603.17798,603.21002
2026-03-17 14:30:00,603.20001,603.40002,602.91998,602.97498
2026-03-17 14:45:00,603,603.55127,602.94501,603.21002
2026-03-17 15:00:00,603.21997,603.59998,602.68500,603.23499
2026-03-17 15:15:00,603.21973,603.71002,603.12000,603.31000
2026-03-17 15:30:00,603.32001,603.51001,603.020020,603.12000
2026-03-17 15:45:00,603.10999,603.76001,603.030029,603.38000
2026-03-18 09:30:00,601.5,602.94000,600.92999,602.090027
2026-03-18 09:45:00,602.080017,603.15002,601.53998,602.47992
2026-03-18 10:00:00,602.45001,602.78998,600.64899,600.65002
2026-03-18 10:15:00,600.66998,601.40198,598.71002,598.96997
2026-03-18 10:30:00,598.95001,600.13000,598.84003,599.20001
2026-03-18 10:45:00,599.19000,600.41998,598.90002,600.40002
2026-03-18 11:00:00,600.40997,601.54999,599.93781,600.90503
2026-03-18 11:15:00,600.91998,601.11499,599.87000,600.53003
2026-03-18 11:30:00,600.53003,601.20001,600.37000,600.71002
2026-03-18 11:45:00,600.69000,601.20001,600.25,600.78003
2026-03-18 12:00:00,600.77002,601.010010,599.99011,600.85602
2026-03-18 12:15:00,600.87000,601.070007,600.27002,600.5
2026-03-18 12:30:00,600.46997,600.66998,599.14001,599.65002
2026-03-18 12:45:00,599.63000,600.20227,599.40997,599.49701
2026-03-18 13:00:00,599.45001,599.54999,598.29999,598.53003
2026-03-18 13:15:00,598.53003,599.26001,598.38000,599.15009
2026-03-18 13:30:00,599.16998,600.065002,598.69000,599.59003
2026-03-18 13:45:00,599.58002,600.39001,599.53003,600.21997
2026-03-18 14:00:00,600.22998,601.15997,599.75,600.16998
2026-03-18 14:15:00,600.14001,600.15997,599,599.72998
2026-03-18 14:30:00,599.71997,599.91998,598.090027,598.71802
2026-03-18 14:45:00,598.71002,598.85999,597,597.049988
2026-03-18 15:00:00,597.015015,598.45001,596.89001,597.55988
2026-03-18 15:15:00,597.53998,597.60999,596.21997,596.52002
2026-03-18 15:30:00,596.51001,597.0050049,595.33002,595.63501
2026-03-18 15:45:00,595.63000,595.82001,594.56000,594.76001
2026-03-19 09:30:00,589.52502,590.10498,587.080017,589.63000
2026-03-19 09:45:00,589.60999,591.76001,588.65448,591.29999
2026-03-19 10:00:00,591.28003,592.37000,590.5,591.18121
2026-03-19 10:15:00,591.15997,591.46002,589.049988,589.53003
2026-03-19 10:30:00,589.53003,592.21002,589.42499,590.5
2026-03-19 10:45:00,590.51001,591.82501,590.13000,591.039978
2026-03-19 11:00:00,591.010010,593.13000,590.83002,592.56000
2026-03-19 11:15:00,592.56000,592.77002,589.98010,590.37000
2026-03-19 11:30:00,590.35999,590.40997,588.79999,589.16998
2026-03-19 11:45:00,589.15997,590.67999,588.83002,590.67999
2026-03-19 12:00:00,590.66998,591.79999,590.15997,590.55988
2026-03-19 12:15:00,590.57001,590.81000,589.71002,590.56000
2026-03-19 12:30:00,590.57001,591.33002,589.82001,590.85992
2026-03-19 12:45:00,590.87000,590.98999,589.45001,590.21002
2026-03-19 13:00:00,590.20001,590.40973,588.37000,588.59998
2026-03-19 13:15:00,588.60999,590.39661,588.40002,590.049988
2026-03-19 13:30:00,590.039978,590.53003,589.14001,589.58008
2026-03-19 13:45:00,589.59003,590.88000,589.27002,590.13000
2026-03-19 14:00:00,590.13000,591.76001,589.47998,591.45001
2026-03-19 14:15:00,591.46002,591.65002,590.51501,590.54089
2026-03-19 14:30:00,590.53998,590.61499,589.40002,589.56000
2026-03-19 14:45:00,589.57001,591.83002,589.33002,591.46002
2026-03-19 15:00:00,591.46002,595.79999,591.40997,595.040100
2026-03-19 15:15:00,595.020020,595.40997,593,593.53998
2026-03-19 15:30:00,593.52942,593.95300,592.28998,593.33002
2026-03-19 15:45:00,593.31000,593.64001,592.71002,592.97998
2026-03-20 09:30:00,591.070007,591.15002,588.58002,590.37000
2026-03-20 09:45:00,590.36499,590.72998,586.15997,586.29999
2026-03-20 10:00:00,586.29999,587.34003,585.23499,585.58002
2026-03-20 10:15:00,585.57001,586.59003,585.44000,585.94501
2026-03-20 10:30:00,585.96997,587.28003,585.78998,586.25
2026-03-20 10:45:00,586.26001,586.75,584.96997,585.90002
2026-03-20 11:00:00,585.89868,587.039978,585.099976,586.71997
2026-03-20 11:15:00,586.71997,587.63000,585.34998,585.75
2026-03-20 11:30:00,585.78998,586.66998,585.53998,586.52899
2026-03-20 11:45:00,586.52002,587.14001,585.95007,587.020020
2026-03-20 12:00:00,586.78998,587.92999,586.71997,587.48010
2026-03-20 12:15:00,587.5,587.91998,586.65002,586.73999
2026-03-20 12:30:00,586.75,586.75,585.52002,585.78998
2026-03-20 12:45:00,585.78003,586.59003,585.080017,585.94000
2026-03-20 13:00:00,585.94000,586.41498,584.83002,585.48999
2026-03-20 13:15:00,585.52002,585.72998,584.88000,585.039978
2026-03-20 13:30:00,585.049988,585.21503,583.43799,583.85999
2026-03-20 13:45:00,583.85999,584.62000,583.38000,584.47998
2026-03-20 14:00:00,584.47998,584.71002,583.60498,583.84497
2026-03-20 14:15:00,583.84998,583.95001,582.10999,582.87000
2026-03-20 14:30:00,582.85999,583.054993,581.46002,581.55499
2026-03-20 14:45:00,581.54999,581.85999,581.059998,581.54999
2026-03-20 15:00:00,581.57001,582.15002,580.84998,581.35999
2026-03-20 15:15:00,581.35999,581.65997,580.46997,580.70001
2026-03-20 15:30:00,580.70001,581.059998,578.53998,580.49500
2026-03-20 15:45:00,580.47998,582.10999,579.68500,582.070007
2026-03-23 09:30:00,590.46997,592.23999,589.030029,590.56989
2026-03-23 09:45:00,591.60498,593.16998,590.35010,592.96997
2026-03-23 10:00:00,592.96997,593.5,591.22998,593.080017
2026-03-23 10:15:00,593.090027,595.079895,593.039978,593.86499
2026-03-23 10:30:00,593.85999,594.31000,592.85999,593.010010
2026-03-23 10:45:00,593.010010,594.090027,592.46002,593.21002
2026-03-23 11:00:00,593.23999,595.080017,593,594.48999
2026-03-23 11:15:00,594.46002,594.62000,592.90997,593.21997
2026-03-23 11:30:00,593.23999,593.70001,591,591.47998
2026-03-23 11:45:00,591.47998,591.48499,587.48999,587.72998
2026-03-23 12:00:00,587.72498,589.78998,587.66998,589.40002
2026-03-23 12:15:00,589.37000,589.56000,585.96002,586.20001
2026-03-23 12:30:00,586.21002,588.27002,586.059998,588.049988
2026-03-23 12:45:00,588.059998,588.78998,586.96997,587.44501
2026-03-23 13:00:00,587.46002,588.039978,586.82001,587.14502
2026-03-23 13:15:00,587.14001,587.51001,586.070007,587.15002
2026-03-23 13:30:00,587.14001,589.94000,587.125,588.56000
2026-03-23 13:45:00,588.59009,589.98999,587.95001,589.84497
2026-03-23 14:00:00,589.84998,590.34003,588.62000,589.56000
2026-03-23 14:15:00,589.59003,589.85999,589,589.33002
2026-03-23 14:30:00,589.44000,591.51001,589.44000,590.75598
2026-03-23 14:45:00,590.77002,591.27991,590.57501,590.95502
2026-03-23 15:00:00,590.96997,591.030029,590.42999,590.46582
2026-03-23 15:15:00,590.46997,590.66498,589.64001,589.98999
2026-03-23 15:30:00,589.97498,590.51672,589.82001,590.5
2026-03-23 15:45:00,590.47998,590.94501,588.16998,588.16998
2026-03-24 09:30:00,584.82001,586.28003,582.049988,582.91998
2026-03-24 09:45:00,582.92670,584.17999,581.94000,583.88000
2026-03-24 10:00:00,583.88501,585.45001,582.92999,584.049988
2026-03-24 10:15:00,584.039978,584.625,583.059998,583.63000
2026-03-24 10:30:00,583.62000,584.72998,583.10999,584.71002
2026-03-24 10:45:00,584.67999,586.92999,583.13000,584.52002
2026-03-24 11:00:00,584.53998,586.34998,584.53998,586.16992
2026-03-24 11:15:00,586.17999,587.92999,586.079895,586.86737
2026-03-24 11:30:00,586.85999,587.40997,585.91998,586.92999
2026-03-24 11:45:00,586.89001,587.73999,585.56000,585.77002
2026-03-24 12:00:00,585.71997,586.17999,585.090027,585.62000
2026-03-24 12:15:00,585.60999,586.98999,585.56000,586.63000
2026-03-24 12:30:00,586.63000,586.78998,584.58002,585.64001
2026-03-24 12:45:00,585.64001,586.27002,584.85999,585.47998
2026-03-24 13:00:00,585.45001,585.78003,582.77502,583.23999
2026-03-24 13:15:00,583.21002,583.62000,582.70001,583.51001
2026-03-24 13:30:00,583.46997,584.16998,582.59003,582.77002
2026-03-24 13:45:00,582.77502,584.76501,582.59998,584.54999
2026-03-24 14:00:00,584.55499,585.29999,584.090027,584.42499
2026-03-24 14:15:00,584.44000,585.29999,583.72998,584.94952
2026-03-24 14:30:00,584.94000,587.038025,584.65002,585.82001
2026-03-24 14:45:00,585.85999,586.16998,584.89001,585.33002
2026-03-24 15:00:00,585.28998,586.28998,585.28998,586.28003
2026-03-24 15:15:00,586.27002,586.35999,585.059998,585.090027
2026-03-24 15:30:00,585.080017,585.44000,584.089905,584.46997
2026-03-24 15:45:00,584.46002,584.46997,583.25,583.92999
2026-03-25 09:30:00,589.10999,591.37000,589,589.59991
2026-03-25 09:45:00,589.59998,589.96997,587.44000,587.62000
2026-03-25 10:00:00,587.63000,589.81000,586.70001,589.72498
2026-03-25 10:15:00,589.72998,590.90503,589.32001,590.25
2026-03-25 10:30:00,590.27002,591.059998,589.70001,590.53998
2026-03-25 10:45:00,590.56000,591.20001,590.15997,590.35999
2026-03-25 11:00:00,590.35999,590.59003,588.039978,588.049988
2026-03-25 11:15:00,588.049988,589.044312,585.69000,588.98999
2026-03-25 11:30:00,589,589.42999,587.010010,587.64001
2026-03-25 11:45:00,587.65997,588.17999,587.10999,587.85999
2026-03-25 12:00:00,587.84003,588.049988,586.71002,587.40002
2026-03-25 12:15:00,587.38000,589.28998,587.030029,588.67999
2026-03-25 12:30:00,588.65002,589.56000,588.23999,589.23999
2026-03-25 12:45:00,589.26001,589.37000,588.23999,588.83002
2026-03-25 13:00:00,588.85999,589.38000,587.84998,588.71002
2026-03-25 13:15:00,588.71002,589.45001,587.96997,589.094971
2026-03-25 13:30:00,589.099976,590.57001,588.59003,589.96997
2026-03-25 13:45:00,589.96997,590,588.42999,588.98999
2026-03-25 14:00:00,588.97998,589.29999,588.52002,589.030029
2026-03-25 14:15:00,589.080017,589.64001,588.65002,588.67999
2026-03-25 14:30:00,588.68500,588.90002,588.049988,588.31000
2026-03-25 14:45:00,588.30499,588.44000,586.48999,587.27002
2026-03-25 15:00:00,587.26001,587.28003,586.26501,587.21997
2026-03-25 15:15:00,587.22998,588.17999,587.15997,587.25098
2026-03-25 15:30:00,587.25989,587.40997,586.58002,586.96033
2026-03-25 15:45:00,586.96002,588.12000,586.78998,587.72998
2026-03-26 09:30:00,582.59998,582.63501,580.46002,582.57001
2026-03-26 09:45:00,582.59991,584.40997,582.20001,583.98999
2026-03-26 10:00:00,584.010010,584.60999,582.89001,583.95001
2026-03-26 10:15:00,583.96002,584.37000,582.92999,582.96997
2026-03-26 10:30:00,582.96002,584.26251,581.66998,581.83002
2026-03-26 10:45:00,581.84003,582.22998,579.65002,581.34998
2026-03-26 11:00:00,581.35999,581.98999,580.87000,581.14001
2026-03-26 11:15:00,581.14001,581.28998,580.5,580.88000
2026-03-26 11:30:00,580.87000,581.090027,580.099976,580.78998
2026-03-26 11:45:00,580.83002,581.90002,580.60999,581.080017
2026-03-26 12:00:00,581.059998,581.28998,580.20001,580.84998
2026-03-26 12:15:00,580.83002,580.83502,578.90002,579.039978
2026-03-26 12:30:00,579.059998,579.22998,578.40997,578.82501
2026-03-26 12:45:00,578.82001,579.039978,578.17010,578.82001
2026-03-26 13:00:00,578.83002,579.28998,578.039978,578.090027
2026-03-26 13:15:00,578.085022,578.47998,577.27502,577.80499
2026-03-26 13:30:00,577.77002,578.22998,576.89001,576.97998
2026-03-26 13:45:00,576.97998,577.13000,575.31000,575.56000
2026-03-26 14:00:00,575.52002,576.48999,575.51001,575.90997
2026-03-26 14:15:00,575.91998,576.17999,575.16998,575.23499
2026-03-26 14:30:00,575.23499,576.030029,575.21997,575.53998
2026-03-26 14:45:00,575.53003,576.25989,575.32001,576.080017
2026-03-26 15:00:00,576.090027,576.15002,574.65997,574.99969
2026-03-26 15:15:00,575,575.48999,574.60999,575.099976
2026-03-26 15:30:00,575.10999,575.19000,574.25,574.38501
2026-03-26 15:45:00,574.39001,574.57001,573.43103,573.71002
2026-03-27 09:30:00,570.81000,571.020020,567.97998,569.28247
2026-03-27 09:45:00,569.28003,570.61499,566.40588,566.71997
2026-03-27 10:00:00,566.69000,568.070007,566.15002,567.64001
2026-03-27 10:15:00,567.63000,568.46997,566.48999,566.53003
2026-03-27 10:30:00,566.52002,567.25,565.83002,566.29999
2026-03-27 10:45:00,566.32001,567.98499,565.65997,567.35999
2026-03-27 11:00:00,567.34998,568.40002,566.94501,566.96503
2026-03-27 11:15:00,566.96997,568.68988,566.090027,568.45001
2026-03-27 11:30:00,568.46002,569.71002,567.56000,568.10498
2026-03-27 11:45:00,568.10999,568.94989,568.010010,568.29340
2026-03-27 12:00:00,568.29999,568.45001,566.89001,567.46997
2026-03-27 12:15:00,567.46997,567.52002,566.46997,566.67499
2026-03-27 12:30:00,566.66998,566.84998,565.73999,566.46997
2026-03-27 12:45:00,566.46503,567.41498,566.29999,566.45001
2026-03-27 13:00:00,566.45001,567.76001,565.78998,566.26501
2026-03-27 13:15:00,566.28003,566.32001,564.15002,564.19000
2026-03-27 13:30:00,564.16101,564.91498,563.78998,563.90997
2026-03-27 13:45:00,563.88501,564.22998,563.35999,563.69000
2026-03-27 14:00:00,563.69000,563.81500,562.91998,563.35999
2026-03-27 14:15:00,563.38000,564.10999,563.16998,563.75500
2026-03-27 14:30:00,563.72998,564.56000,563.35999,563.83002
2026-03-27 14:45:00,563.83002,563.90997,562.90997,563.22992
2026-03-27 15:00:00,563.21997,563.53998,562.51501,563.10498
2026-03-27 15:15:00,563.10999,563.71997,562.85999,563.020020
2026-03-27 15:30:00,563.039978,563.47498,562.34998,562.59497
2026-03-27 15:45:00,562.59003,563.47498,561.57001,562.5
2026-03-30 09:30:00,567.34497,568.039978,564.099976,564.56500
2026-03-30 09:45:00,564.54999,564.87000,562.10999,562.37000
2026-03-30 10:00:00,562.34998,564.28003,562.27002,563.89001
2026-03-30 10:15:00,563.89001,564.13000,562.65997,562.92499
2026-03-30 10:30:00,562.88000,563.59998,561.37000,561.64990
2026-03-30 10:45:00,561.65002,564.17999,561.57001,564.14502
2026-03-30 11:00:00,564.15002,565.53998,562.59003,562.67999
2026-03-30 11:15:00,562.69000,563.69501,561.84497,563
2026-03-30 11:30:00,562.97998,564.90991,562.60999,564.74500
2026-03-30 11:45:00,564.73999,565.47998,563.91498,564.054993
2026-03-30 12:00:00,564.049988,564.17499,562.5,563.11011
2026-03-30 12:15:00,563.083008,563.10999,561.63000,561.66248
2026-03-30 12:30:00,561.66998,562.62982,561.48999,562.28992
2026-03-30 12:45:00,562.28998,562.53699,561.69000,561.96997
2026-03-30 13:00:00,561.96002,562.40997,560.91998,561.010010
2026-03-30 13:15:00,561,561.19501,559.65002,559.76990
2026-03-30 13:30:00,559.77002,560.65002,559.12000,560.52002
2026-03-30 13:45:00,560.51001,561.14001,559.69000,560.099976
2026-03-30 14:00:00,560.094971,560.14001,559.21002,559.66498
2026-03-30 14:15:00,559.65002,560.080017,558.71002,558.73199
2026-03-30 14:30:00,558.75,559.69000,558.70001,558.77002
2026-03-30 14:45:00,558.79498,559.080017,557.77002,557.91998
2026-03-30 15:00:00,557.91998,558.14001,555.90997,556.10498
2026-03-30 15:15:00,556.094971,556.54999,555.59998,555.88013
2026-03-30 15:30:00,555.90997,557.15002,555.62000,556.95001
2026-03-30 15:45:00,556.95001,558.97998,556.87012,558.27032
2026-03-31 09:30:00,564.28998,566.34998,564.22998,565.099976
2026-03-31 09:45:00,565.12000,568.83002,565.12000,568.75500
2026-03-31 10:00:00,568.73999,569.039978,567.020020,567.72803
2026-03-31 10:15:00,567.72998,568.97998,567.23999,568.73999
2026-03-31 10:30:00,568.72998,569.21002,566.58002,566.90997
2026-03-31 10:45:00,566.90002,567.20001,564.21002,564.97803
2026-03-31 11:00:00,564.97998,568.33002,564.96002,568.20001
2026-03-31 11:15:00,568.20001,568.53003,566.72998,566.95258
2026-03-31 11:30:00,566.95001,567.62000,566.15991,566.75
2026-03-31 11:45:00,566.73999,567.38000,565.76001,565.85999
2026-03-31 12:00:00,565.85999,567.92999,565.62000,567.51001
2026-03-31 12:15:00,567.53003,568.76001,567.53003,568.34003
2026-03-31 12:30:00,568.34003,575.71002,567.90002,573.83002
2026-03-31 12:45:00,573.83002,574.88000,571.88000,573.73993
2026-03-31 13:00:00,573.78003,575.87000,573.40997,575.089478
2026-03-31 13:15:00,575.080017,576.21002,574.23999,574.47998
2026-03-31 13:30:00,574.51001,576.090027,573.46198,574.030029
2026-03-31 13:45:00,574.020020,574.90002,573.11401,573.45001
2026-03-31 14:00:00,573.41998,575.12000,573.41998,574.82501
2026-03-31 14:15:00,574.79999,575.54999,574.26001,575.059998
2026-03-31 14:30:00,575.030029,575.96002,574.52002,575.31000
2026-03-31 14:45:00,575.33661,576.14001,575.31500,575.78003
2026-03-31 15:00:00,575.77008,576.53003,575.23999,576.38000
2026-03-31 15:15:00,576.38000,577.070007,576.21997,576.44000
2026-03-31 15:30:00,576.45001,577.34998,576.28998,577.059998
2026-03-31 15:45:00,577.039978,578.64001,576.34998,577.19000
2026-04-01 09:30:00,581.47998,584.026001,580.41998,581.65997
2026-04-01 09:45:00,581.64001,582.72998,580.79999,582.17987
2026-04-01 10:00:00,582.17999,583.58978,581.96997,583.31000
2026-04-01 10:15:00,583.31000,584.35999,583.020020,583.83002
2026-04-01 10:30:00,583.84003,585.13000,582.52002,584.27002
2026-04-01 10:45:00,584.27899,585.79999,583.58002,585.57001
2026-04-01 11:00:00,585.57001,586.20502,585.35999,585.71002
2026-04-01 11:15:00,585.71997,586.15997,585.29498,585.31000
2026-04-01 11:30:00,585.32001,586.35498,584.85999,586.28003
2026-04-01 11:45:00,586.27002,587.17999,586.080017,586.875
2026-04-01 12:00:00,586.88000,587.20001,586.5,586.60498
2026-04-01 12:15:00,586.58752,587.26001,586.44000,586.66498
2026-04-01 12:30:00,586.67999,587.23999,586.27002,587.17999
2026-04-01 12:45:00,587.17999,587.31000,586.87817,587.037415
2026-04-01 13:00:00,587.049988,587.73901,586.92010,587.59497
2026-04-01 13:15:00,587.59351,587.68500,587.28998,587.34003
2026-04-01 13:30:00,587.34747,587.54999,586.67999,586.82001
2026-04-01 13:45:00,586.84998,586.95001,585.70001,585.76001
2026-04-01 14:00:00,585.75012,585.95001,584.51001,584.78992
2026-04-01 14:15:00,584.76001,584.78998,582.70001,583.025024
2026-04-01 14:30:00,583.030029,584.27002,582.32648,583.66998
2026-04-01 14:45:00,583.66998,583.81000,582.88000,583.16998
2026-04-01 15:00:00,583.16498,584.21997,583.059998,584
2026-04-01 15:15:00,584.030029,585.29999,583.76501,585.030029
2026-04-01 15:30:00,585.039978,585.51001,584.28003,584.92999
2026-04-01 15:45:00,584.92999,585.23999,583.82001,584.28998
2026-04-02 09:30:00,573.96997,575.28882,571.91998,572.66998
2026-04-02 09:45:00,572.71997,577.42621,572.33002,577.19000
2026-04-02 10:00:00,577.20001,578.77002,576.23499,578.030029
2026-04-02 10:15:00,578.039978,579.70001,577.95001,578.22998
2026-04-02 10:30:00,578.25,585.98993,577.97009,584.48999
2026-04-02 10:45:00,584.46997,584.71002,581.33002,583.83002
2026-04-02 11:00:00,583.82001,584.73999,582.13000,583.94397
2026-04-02 11:15:00,584.010010,584.48999,582.51001,583.96002
2026-04-02 11:30:00,584.039978,584.70001,582.94000,584.099976
2026-04-02 11:45:00,584.12000,584.12000,581.72998,582.87030
2026-04-02 12:00:00,582.85950,583.58002,581.59998,582.29010
2026-04-02 12:15:00,582.26501,582.60999,580.96997,581.69989
2026-04-02 12:30:00,581.66998,583.84998,581.27002,583.099976
2026-04-02 12:45:00,583.12000,583.46997,582.47998,582.52002
2026-04-02 13:00:00,582.52002,583.62000,581.96997,583.34998
2026-04-02 13:15:00,583.31000,583.96002,583.22998,583.53992
2026-04-02 13:30:00,583.56000,583.65997,582.60999,582.92999
2026-04-02 13:45:00,582.92999,582.97998,581.14001,581.81000
2026-04-02 14:00:00,581.81500,583.080017,581.81500,582.63000
2026-04-02 14:15:00,582.63000,582.91998,581.98999,582.17999
2026-04-02 14:30:00,582.19598,583.15997,582.049988,582.95001
2026-04-02 14:45:00,582.96002,583.53998,582.78003,582.96417
2026-04-02 15:00:00,583,583.96002,582.92999,583.52991
2026-04-02 15:15:00,583.53003,583.64990,582.84009,583.12903
2026-04-02 15:30:00,583.11963,583.69000,582.90997,583.099976
2026-04-02 15:45:00,583.10999,585.090027,582.97009,584.96002
2026-04-06 09:30:00,586.20001,588.78003,585.72998,587.69989
2026-04-06 09:45:00,588.50702,589.65997,587.65997,589.55011
2026-04-06 10:00:00,589.56000,590.60999,586.32001,588.21503
2026-04-06 10:15:00,588.26001,589.15002,587.94000,588.52002
2026-04-06 10:30:00,588.51001,589.13000,586.67120,587.37988
2026-04-06 10:45:00,587.33002,587.62860,586.080017,587.14001
2026-04-06 11:00:00,587.15002,587.89001,586.82001,587.31500
2026-04-06 11:15:00,587.26501,587.54999,586.21997,586.53998
2026-04-06 11:30:00,586.53998,586.92999,585.87000,586.83002
2026-04-06 11:45:00,586.82501,587.75,586.65997,587.53003
2026-04-06 12:00:00,587.55499,587.65997,586.59003,587.088684
2026-04-06 12:15:00,587.090027,587.53003,586.82501,587.27448
2026-04-06 12:30:00,587.28003,588.099976,587.039978,587.82001
2026-04-06 12:45:00,587.81000,588.052612,587.059998,587.21002
2026-04-06 13:00:00,587.20911,587.27991,584.69000,585.26001
2026-04-06 13:15:00,585.25,587.28003,585.044983,587.15002
2026-04-06 13:30:00,587.15997,587.78998,586.54999,586.80402
2026-04-06 13:45:00,586.78003,586.79999,586.080017,586.099976
2026-04-06 14:00:00,586.13501,587.60999,585.71002,587.090027
2026-04-06 14:15:00,587.049988,588.49500,587.049988,587.97998
2026-04-06 14:30:00,587.97998,588.34497,587.53998,587.83990
2026-04-06 14:45:00,587.88000,588.26001,587.73999,588.20001
2026-04-06 15:00:00,588.22998,588.28497,587.71002,588.050110
2026-04-06 15:15:00,588.049988,588.14502,587.77557,587.85498
2026-04-06 15:30:00,587.85498,588.15997,587.64001,588.049988
2026-04-06 15:45:00,588.010010,588.83002,587.89001,588.53003
2026-04-07 09:30:00,585.63000,587.059998,584.34808,584.54498
2026-04-07 09:45:00,584.56000,584.75781,582.65997,582.69000
2026-04-07 10:00:00,582.66998,582.90997,579.69000,580.66998
2026-04-07 10:15:00,580.65503,582.96997,580.56012,582.37360
2026-04-07 10:30:00,582.42999,583.23999,581.22028,581.57001
2026-04-07 10:45:00,581.57001,582.73999,579.97998,580.025024
2026-04-07 11:00:00,580.030029,580.26001,578.40009,579.90002
2026-04-07 11:15:00,579.95001,581.88000,579.75,581.39001
2026-04-07 11:30:00,581.38000,582.049988,580.83002,581.10999
2026-04-07 11:45:00,581.13000,582.97998,581.080017,582.40002
2026-04-07 12:00:00,582.45502,585.53998,582.35999,583.63000
2026-04-07 12:15:00,583.63000,585.28003,583.35999,584.40002
2026-04-07 12:30:00,584.38000,584.88000,584.043518,584.75
2026-04-07 12:45:00,584.78003,585.62000,584.62000,584.69000
2026-04-07 13:00:00,584.67999,585.5,584.40002,584.66998
2026-04-07 13:15:00,584.64001,584.91998,583.90002,584.32001
2026-04-07 13:30:00,584.34003,586.97998,584.21082,585.35999
2026-04-07 13:45:00,585.34998,585.91992,585.010010,585.22998
2026-04-07 14:00:00,585.25,585.53992,584.58002,584.88000
2026-04-07 14:15:00,584.85999,585.24921,584.29999,584.46997
2026-04-07 14:30:00,584.45068,584.71002,583.51001,583.81500
2026-04-07 14:45:00,583.81012,583.88989,581.65997,582.26001
2026-04-07 15:00:00,582.22998,583.075012,581.83002,583.0098877
2026-04-07 15:15:00,583.010010,586.94000,582.84998,585.049988
2026-04-07 15:30:00,584.96002,586.015015,584.41998,585.60779
2026-04-07 15:45:00,585.59003,588.97998,585.19012,588.71997
2026-04-08 09:30:00,608.71002,609.88000,606,606.23499
2026-04-08 09:45:00,606.21997,607.71997,605.40997,605.78003
2026-04-08 10:00:00,605.77002,606.33002,604.85999,605.67517
2026-04-08 10:15:00,605.69000,606.059998,605.059998,605.15002
2026-04-08 10:30:00,605.20001,605.42999,604.52002,604.62000
2026-04-08 10:45:00,604.63000,604.76001,602.13000,603.69000
2026-04-08 11:00:00,603.71002,604.91998,603.35010,604.40002
2026-04-08 11:15:00,604.40002,604.78998,603.96997,604.16998
2026-04-08 11:30:00,604.21002,605.37000,604,605.27002
2026-04-08 11:45:00,605.28497,606.039978,605.28003,605.78998
2026-04-08 12:00:00,605.78003,606.70001,605.76001,605.85999
2026-04-08 12:15:00,605.85999,606.28003,605.40997,606.20001
2026-04-08 12:30:00,606.21002,607.23499,606.049988,607.090027
2026-04-08 12:45:00,607.080017,607.70502,607.030029,607.34998
2026-04-08 13:00:00,607.34998,607.69000,606.79999,606.90002
2026-04-08 13:15:00,606.89502,607.049927,605.66010,605.89502
2026-04-08 13:30:00,605.88000,606.29999,605.49500,606.16998
2026-04-08 13:45:00,606.15997,606.32758,605.96002,606.20392
2026-04-08 14:00:00,606.20001,607.099976,605.83881,606.84998
2026-04-08 14:15:00,606.84198,607.090027,604.72998,605.23999
2026-04-08 14:30:00,605.21997,605.65997,604.23999,604.32990
2026-04-08 14:45:00,604.32001,604.63000,602.66998,602.78528
2026-04-08 15:00:00,602.72998,604.21002,602.56000,604.12000
2026-04-08 15:15:00,604.10999,604.21997,602.86298,602.94000
2026-04-08 15:30:00,602.88501,604.34998,602.88501,604.26501
2026-04-08 15:45:00,604.25,606.13000,604.22998,605.91998
2026-04-09 09:30:00,606.039978,606.64001,604.46997,606.44000
2026-04-09 09:45:00,606.46002,606.66998,604.12000,604.68500
2026-04-09 10:00:00,604.76001,605.32501,604.020020,604.27002
2026-04-09 10:15:00,604.21002,604.27002,603.090027,603.53497
2026-04-09 10:30:00,603.52502,603.92999,603.030029,603.66998
2026-04-09 10:45:00,603.65002,605.25,603.64990,604.97498
2026-04-09 11:00:00,604.91998,605.88000,604.37903,605.77002
2026-04-09 11:15:00,605.74280,606.51001,605.27002,605.37000
2026-04-09 11:30:00,605.33002,607.69000,605.15088,607.030029
2026-04-09 11:45:00,607.030090,608.76001,606.62000,608.57001
2026-04-09 12:00:00,608.57001,610.35999,608.53998,609
2026-04-09 12:15:00,609.039978,609.83002,608.90002,609.19000
2026-04-09 12:30:00,609.20001,609.28003,608.049805,608.38000
2026-04-09 12:45:00,608.34998,609.10999,607.91101,608.71008
2026-04-09 13:00:00,608.72998,609.82001,608.53003,609.46997
2026-04-09 13:15:00,609.46002,610.080017,609.32501,609.37012
2026-04-09 13:30:00,609.37000,610.15997,608.56012,609.63013
2026-04-09 13:45:00,609.65503,609.88000,609.23999,609.44501
2026-04-09 14:00:00,609.46002,609.56500,607.65002,608.25
2026-04-09 14:15:00,608.20001,608.63989,607.56000,607.92371
2026-04-09 14:30:00,607.92999,608.64001,607.53003,608.13000
2026-04-09 14:45:00,608.080200,608.57001,607.92188,608.36987
2026-04-09 15:00:00,608.35999,609.57001,608.27002,609.34003
2026-04-09 15:15:00,609.34003,609.52002,608.94000,609.38000
2026-04-09 15:30:00,609.39001,610.13501,609.34998,609.96997
2026-04-09 15:45:00,609.97998,610.5,609.81000,610.080017
2026-04-10 09:30:00,611.84998,613.10999,611.25,612.010010
2026-04-10 09:45:00,612.029175,612.73999,611.46997,611.87000
2026-04-10 10:00:00,611.85999,612.070007,610.65997,611.98499
2026-04-10 10:15:00,611.96997,612.66998,611.72998,612.41998
2026-04-10 10:30:00,612.42999,613.21002,611.59039,611.90997
2026-04-10 10:45:00,611.91498,612.85999,611.70001,612.66998
2026-04-10 11:00:00,612.66998,613.15002,612.12000,613.099976
2026-04-10 11:15:00,613.10999,613.66998,612.5,612.59991
2026-04-10 11:30:00,612.63501,612.81000,611.13000,611.56000
2026-04-10 11:45:00,611.57001,611.81000,610.14001,610.59998
2026-04-10 12:00:00,610.60999,611.48999,610.21997,611.28998
2026-04-10 12:15:00,611.28998,611.49500,610.74500,610.85992
2026-04-10 12:30:00,610.85010,611.049988,609.58002,609.68109
2026-04-10 12:45:00,609.70502,610.75,609.65997,610.62000
2026-04-10 13:00:00,610.63000,610.64001,609.72009,610.20001
2026-04-10 13:15:00,610.21002,610.40002,609.72998,609.85999
2026-04-10 13:30:00,609.84497,610.40002,609.60999,610.34497
2026-04-10 13:45:00,610.34998,610.85498,610.21002,610.78003
2026-04-10 14:00:00,610.78003,610.82001,610,610.39001
2026-04-10 14:15:00,610.40991,610.98499,610.39001,610.64502
2026-04-10 14:30:00,610.65002,610.72803,610,610.19000
2026-04-10 14:45:00,610.17999,610.54999,610.10999,610.51050
2026-04-10 15:00:00,610.52002,611.32001,610.48431,611.29498
2026-04-10 15:15:00,611.29999,611.47998,611.059998,611.32001
2026-04-10 15:30:00,611.31000,611.31000,610.46002,610.88501
2026-04-10 15:45:00,610.87000,611.16998,610.46002,611.020020
2026-04-13 09:30:00,609.56000,609.95001,608.46503,608.63000
2026-04-13 09:45:00,608.63000,611.69000,608.10999,611.64001
2026-04-13 10:00:00,611.60999,612.25,610.88000,611.026184
2026-04-13 10:15:00,611,611.41998,610.16998,611.33801
2026-04-13 10:30:00,611.375,611.91998,610.94000,611.87000
2026-04-13 10:45:00,611.90997,612.88000,611.32001,612.71002
2026-04-13 11:00:00,612.71002,612.72498,611.63000,612.21002
2026-04-13 11:15:00,612.23499,612.42999,611.71997,611.79993
2026-04-13 11:30:00,611.76001,612.78003,611.45001,611.95282
2026-04-13 11:45:00,611.95001,612.14001,611.41998,611.69000
2026-04-13 12:00:00,611.69501,612.52002,611.070007,611.84003
2026-04-13 12:15:00,611.83502,613.76001,611.62000,613.48999
2026-04-13 12:30:00,613.5,614.41998,612.57001,613.41992
2026-04-13 12:45:00,613.37000,614.71002,613.25012,614.14502
2026-04-13 13:00:00,614.16998,614.41998,613.82001,614.20001
2026-04-13 13:15:00,614.21503,614.82520,614.15009,614.59998
2026-04-13 13:30:00,614.59003,614.79010,614.27002,614.40002
2026-04-13 13:45:00,614.38000,614.39001,613.86499,613.99500
2026-04-13 14:00:00,614.0050049,614.48999,614.0020142,614.28009
2026-04-13 14:15:00,614.28992,614.33002,613.81000,613.89001
2026-04-13 14:30:00,613.88000,614.48999,613.83002,614.46002
2026-04-13 14:45:00,614.46997,615.20001,614.46997,614.97998
2026-04-13 15:00:00,614.97998,615.19000,614.65997,614.81000
2026-04-13 15:15:00,614.81000,615.39001,614.74011,615.34497
2026-04-13 15:30:00,615.33002,615.96991,615.15912,615.5
2026-04-13 15:45:00,615.47998,617.96002,615.28998,617.32001
2026-04-14 09:30:00,620.27002,622.54999,620.099976,622.39398
2026-04-14 09:45:00,622.40997,622.75989,621.65997,621.76990
2026-04-14 10:00:00,621.75,623.099976,621.53998,623.037292
2026-04-14 10:15:00,623.030029,623.78003,622.78998,623.71002
2026-04-14 10:30:00,623.76001,624.010010,623.16998,623.29999
2026-04-14 10:45:00,623.29498,624.10999,623.27002,623.80511
2026-04-14 11:00:00,623.79999,623.82001,622.76001,623.29999
2026-04-14 11:15:00,623.29999,624.77002,623.25,624.46002
2026-04-14 11:30:00,624.46997,625.45001,624.45001,625.15997
2026-04-14 11:45:00,625.16998,626.020020,625.12000,625.44000
2026-04-14 12:00:00,625.42999,625.94000,625.38000,625.83929
2026-04-14 12:15:00,625.84912,626.80939,625.83002,626.71997
2026-04-14 12:30:00,626.71997,626.84998,626.22998,626.65997
2026-04-14 12:45:00,626.66998,626.96002,626.15997,626.38000
2026-04-14 13:00:00,626.37598,626.69501,626.32001,626.62000
2026-04-14 13:15:00,626.63000,627.46503,626.57001,627.059998
2026-04-14 13:30:00,627.080017,627.65002,627.030029,627.57501
2026-04-14 13:45:00,627.58002,627.70001,627.27002,627.42999
2026-04-14 14:00:00,627.42499,627.58002,626.89001,626.92999
2026-04-14 14:15:00,626.92999,626.97998,625.67999,626.26001
2026-04-14 14:30:00,626.26001,626.87000,626.14001,626.22998
2026-04-14 14:45:00,626.22998,626.47443,626.059998,626.44873
2026-04-14 15:00:00,626.44000,627.70001,626.37561,627.42999
2026-04-14 15:15:00,627.43988,628.17999,627.43988,628.12000
2026-04-14 15:30:00,628.080017,628.29999,627.46002,627.77002
2026-04-14 15:45:00,627.75500,628.59998,627.35999,628.53998
2026-04-15 09:30:00,629.08,630,628.21,628.35
2026-04-15 09:45:00,628.4,630.22,628.39,630.19
2026-04-15 10:00:00,630.28,630.76,629.735,630.75
2026-04-15 10:15:00,630.71,631.72,630.26,631.72
2026-04-15 10:30:00,631.81,632.2,631.22,632.02
2026-04-15 10:45:00,632.1,632.77,631.89,632.5
2026-04-15 11:00:00,632.52,633.07,631.9,633
2026-04-15 11:15:00,633,633.4,632.85,633.17
2026-04-15 11:30:00,633.17,633.59,632.56,633.44
2026-04-15 11:45:00,633.51,633.74,633.03,633.365
2026-04-15 12:00:00,633.23,633.885,633.065,633.795
2026-04-15 12:15:00,633.8,634.56,633.68,633.72
2026-04-15 12:30:00,633.76,633.775,631.97,631.99
2026-04-15 12:45:00,631.995,632.49,630.95,632.08
2026-04-15 13:00:00,631.995,632.87,631.815,632.61
2026-04-15 13:15:00,632.62,633.27,632.5,633.04
2026-04-15 13:30:00,633.03,633.79,632.75,632.91
2026-04-15 13:45:00,632.95,633.62,632.95,633.11
2026-04-15 14:00:00,633.03,634.51,632.695,634.34
2026-04-15 14:15:00,634.33,634.68,634.06,634.46
2026-04-15 14:30:00,634.485,635.42,634.485,635.065
2026-04-15 14:45:00,635.1,636.08,635.1,635.81000
2026-04-15 15:00:00,635.80988,636.39,635.54010,635.85
2026-04-15 15:15:00,635.99,636.65,635.85,636.64
2026-04-15 15:30:00,636.585,637.16,636.48,636.655
2026-04-15 15:45:00,636.6,637.65,636.47,637.37
2026-04-16 09:30:00,639.21503,639.58002,636.97162,638.15997
2026-04-16 09:45:00,638.14001,638.14001,635.25500,636.34998
2026-04-16 10:00:00,636.32001,637.90002,635.60010,637.23499
2026-04-16 10:15:00,637.28003,637.50879,636.12000,637.099976
2026-04-16 10:30:00,637.099976,638.070007,637.039978,638
2026-04-16 10:45:00,638,638.78998,637.90997,638.35999
2026-04-16 11:00:00,638.35999,640.34003,638.35999,639.94000
2026-04-16 11:15:00,639.92999,640.75,639.65002,639.65002
2026-04-16 11:30:00,639.67999,641.65002,639.5,640.62000
2026-04-16 11:45:00,640.63000,641.59930,640.010010,641.53003
2026-04-16 12:00:00,641.51001,641.94000,641.32013,641.92010
2026-04-16 12:15:00,641.93500,642.17999,641.050110,641.12000
2026-04-16 12:30:00,641.13000,641.21997,639.018982,640.59003
2026-04-16 12:45:00,640.59009,641.14001,639.96997,640.030029
2026-04-16 13:00:00,640.080017,640.22998,639.29999,639.31470
2026-04-16 13:15:00,639.29999,640.42999,639.049988,640.13000
2026-04-16 13:30:00,640.14001,640.84998,639.85999,640.76001
2026-04-16 13:45:00,640.76501,640.91998,639.20001,639.75500
2026-04-16 14:00:00,639.75,640.28998,638.10999,638.71997
2026-04-16 14:15:00,638.71002,638.91998,637.20001,637.60010
2026-04-16 14:30:00,637.60999,639.28497,637.59003,639.12988
2026-04-16 14:45:00,639.082825,639.48999,638.71002,639.14001
2026-04-16 15:00:00,639.15002,639.84003,639.090027,639.31000
2026-04-16 15:15:00,639.29718,639.70001,639.28003,639.34998
2026-04-16 15:30:00,639.34998,640.21997,639.22089,639.90997
2026-04-16 15:45:00,639.90002,640.71997,639.71002,640.40997
2026-04-17 09:30:00,645.54999,646.27002,644.070007,645.89001
2026-04-17 09:45:00,645.88000,646.65997,644.12000,646.44501
2026-04-17 10:00:00,646.46002,647.53003,646.28998,647.35010
2026-04-17 10:15:00,647.34998,647.36908,646.15002,646.63000
2026-04-17 10:30:00,646.64001,648.96997,646.63501,648.82001
2026-04-17 10:45:00,648.84998,649.40002,648.12000,648.76001
2026-04-17 11:00:00,648.78003,649.41998,648.39001,648.56000
2026-04-17 11:15:00,648.57001,649.25,648.26001,649.059875
2026-04-17 11:30:00,649.080017,649.90002,648.42010,648.44000
2026-04-17 11:45:00,648.46997,649.28998,648.030029,648.15002
2026-04-17 12:00:00,648.15002,649.51501,647.87000,649.15503
2026-04-17 12:15:00,649.15002,649.41992,648.58502,649.34998
2026-04-17 12:30:00,649.375,649.97992,649.37000,649.77002
2026-04-17 12:45:00,649.77002,650,649.33002,649.45068
2026-04-17 13:00:00,649.45001,649.87000,648.37000,649
2026-04-17 13:15:00,649.020020,649.17010,646.48999,647.37988
2026-04-17 13:30:00,647.34003,648.13000,647.090027,647.81000
2026-04-17 13:45:00,647.79999,648.72998,647.79999,648.20001
2026-04-17 14:00:00,648.21002,648.53003,647.070007,647.25989
2026-04-17 14:15:00,647.23999,648.28003,646.94000,647.65240
2026-04-17 14:30:00,647.65997,648.34998,647.65002,648.16998
2026-04-17 14:45:00,648.17999,648.35999,647.22998,647.65002
2026-04-17 15:00:00,647.65002,647.91998,647.020020,647.21002
2026-04-17 15:15:00,647.17999,647.92859,647.15997,647.52002
2026-04-17 15:30:00,647.52002,648.71503,647.51990,648.60498
2026-04-17 15:45:00,648.59998,648.84998,647.84003,648.78003
2026-04-20 09:30:00,648.039978,648.75,646.46997,646.89093
2026-04-20 09:45:00,646.89001,648.21002,646.080017,647.65503
2026-04-20 10:00:00,647.66998,647.82001,646.56000,647.070129
2026-04-20 10:15:00,647.010010,647.48999,646.10999,646.40503
2026-04-20 10:30:00,646.38000,646.65942,645.45001,645.60498
2026-04-20 10:45:00,645.59998,646.16998,643.59003,644.15002
2026-04-20 11:00:00,644.15997,644.73999,642.52002,643.77002
2026-04-20 11:15:00,643.82001,645.90002,643.44501,645.65002
2026-04-20 11:30:00,645.62000,645.62000,644.41998,644.60999
2026-04-20 11:45:00,644.62000,645.034973,644.080017,644.67987
2026-04-20 12:00:00,644.66998,645.26001,644.22998,645.12000
2026-04-20 12:15:00,645.094971,645.39001,644.51001,645.080017
2026-04-20 12:30:00,645.10999,645.65997,644.87000,645.34003
2026-04-20 12:45:00,645.32001,645.54999,644.93890,645.16998
2026-04-20 13:00:00,645.19000,645.69000,644.75500,645.59003
2026-04-20 13:15:00,645.56000,646.090027,645.46002,645.60999
2026-04-20 13:30:00,645.59998,646.17999,645.31000,645.88501
2026-04-20 13:45:00,645.88000,646.31000,645.77161,645.85999
2026-04-20 14:00:00,645.90002,646.41998,645.62000,646.26001
2026-04-20 14:15:00,646.28003,646.71002,646.10010,646.48999
2026-04-20 14:30:00,646.5,646.60999,645.93500,646.29999
2026-04-20 14:45:00,646.29999,646.81000,646.16998,646.42999
2026-04-20 15:00:00,646.43500,646.66998,646.33002,646.60999
2026-04-20 15:15:00,646.60999,646.66998,646.15002,646.32977
2026-04-20 15:30:00,646.31000,646.57001,646.059998,646.16998
2026-04-20 15:45:00,646.15002,646.92999,645.91998,646.77002
2026-04-21 09:30:00,648.39001,649.090027,646.45001,647.43481
2026-04-21 09:45:00,647.42999,649.090027,646.84003,649.090027
2026-04-21 10:00:00,649.099976,650.020020,648.65997,649.5
2026-04-21 10:15:00,649.58002,650.20001,648.53003,649.16821
2026-04-21 10:30:00,649.14001,649.58002,648.60999,648.76001
2026-04-21 10:45:00,648.76001,648.85999,646.48999,646.62000
2026-04-21 11:00:00,646.65002,647.46002,644.88000,647.21002
2026-04-21 11:15:00,647.22131,647.83002,645.91998,646.31000
2026-04-21 11:30:00,646.29999,647.13501,645.59003,646.59003
2026-04-21 11:45:00,646.64398,647.22998,646.12000,646.51001
2026-04-21 12:00:00,646.57501,647.72998,646.25201,646.54010
2026-04-21 12:15:00,646.53998,647.049988,645.79999,645.89502
2026-04-21 12:30:00,645.82001,646.84998,645.055176,645.31000
2026-04-21 12:45:00,645.31000,646.12012,644.96997,645.039978
2026-04-21 13:00:00,645.059998,645.89001,643.76001,644.38000
2026-04-21 13:15:00,644.44989,644.65997,643.36499,644.17963
2026-04-21 13:30:00,644.17999,647.41998,644.12000,646.40503
2026-04-21 13:45:00,646.39502,646.46002,645.21008,645.72498
2026-04-21 14:00:00,645.71008,646.47998,645.71008,646.29498
2026-04-21 14:15:00,646.28998,646.52002,644.78003,645.21997
2026-04-21 14:30:00,645.21002,645.93500,645.21002,645.47998
2026-04-21 14:45:00,645.48999,646.89001,644.91498,646.33502
2026-04-21 15:00:00,646.34003,647.47998,646.21002,646.59003
2026-04-21 15:15:00,646.65002,647.69000,646.26001,647.63123
2026-04-21 15:30:00,647.65997,647.83002,642.21002,642.75
2026-04-21 15:45:00,642.73999,644.5,642.65002,644.28003
2026-04-22 09:30:00,650.26001,650.46002,648.54651,649.47998
2026-04-22 09:45:00,649.46997,650.12000,648.52002,649.75012
2026-04-22 10:00:00,649.75,651.19000,649.47998,651.14001
2026-04-22 10:15:00,651.15002,652.78998,651.15002,652.76001
2026-04-22 10:30:00,652.75,653.17999,651.69000,652.26001
2026-04-22 10:45:00,652.23999,652.78003,651.71997,652.34998
2026-04-22 11:00:00,652.34003,652.65503,651.60999,652.40997
2026-04-22 11:15:00,652.43500,653.22998,652.18250,652.78003
2026-04-22 11:30:00,652.77002,653.14001,652.25,652.27991
2026-04-22 11:45:00,652.27991,653.10999,652.14001,652.54999
2026-04-22 12:00:00,652.56000,653.12000,652.26001,652.97998
2026-04-22 12:15:00,652.98999,653.10492,652.33002,652.42999
2026-04-22 12:30:00,652.40997,652.82001,652.059998,652.27002
2026-04-22 12:45:00,652.26990,652.66998,652.030029,652.28998
2026-04-22 13:00:00,652.23999,653.90002,652.23999,653.45007
2026-04-22 13:15:00,653.47998,654.25,653.22998,653.71002
2026-04-22 13:30:00,653.72998,654.12000,653.68500,654.049927
2026-04-22 13:45:00,654.049988,654.22998,653.57001,653.77502
2026-04-22 14:00:00,653.76642,654.030029,653.62000,653.78003
2026-04-22 14:15:00,653.76001,653.76001,652.88953,653.049988
2026-04-22 14:30:00,653.054993,653.73999,653.0098877,653.70007
2026-04-22 14:45:00,653.69000,654.049988,653.32001,653.39911
2026-04-22 15:00:00,653.40002,653.94000,652.53003,653.83002
2026-04-22 15:15:00,653.83002,654.42908,653.82001,654.14001
2026-04-22 15:30:00,654.13000,654.43500,653.96002,654.41498
2026-04-22 15:45:00,654.41998,655.33002,654.34003,655.080017
2026-04-23 09:30:00,653.53998,654.83002,652.31000,654.57001
2026-04-23 09:45:00,654.56000,655.62000,653.54993,653.58002
2026-04-23 10:00:00,653.58002,653.90002,652.41998,652.90997
2026-04-23 10:15:00,652.88000,653.88000,652.84998,653.52002
2026-04-23 10:30:00,653.54498,654.56000,653.29022,653.99500
2026-04-23 10:45:00,654.039001,655.69983,654.010071,655.45001
2026-04-23 11:00:00,655.41998,656.32959,655.41998,656.034973
2026-04-23 11:15:00,656.040100,656.78003,655.76501,656.33002
2026-04-23 11:30:00,656.29999,656.91998,655.96997,656.075012
2026-04-23 11:45:00,656.080017,656.090027,654.65002,655.40747
2026-04-23 12:00:00,655.41998,655.57898,654.12000,655.15961
2026-04-23 12:15:00,655.14001,655.69000,654.81000,655.31000
2026-04-23 12:30:00,655.31000,656.020020,655.20001,655.59998
2026-04-23 12:45:00,655.59998,655.89001,654.96997,655.23010
2026-04-23 13:00:00,655.28003,655.53003,651.34497,651.85999
2026-04-23 13:15:00,651.87000,651.87000,649.79999,650.065002
2026-04-23 13:30:00,650.080017,651.96997,647.00012207,647.40509
2026-04-23 13:45:00,647.44000,650.59998,645.52502,650.28998
2026-04-23 14:00:00,650.28998,651.89001,649.84998,651.20502
2026-04-23 14:15:00,651.19000,651.79797,650.78003,651.67499
2026-04-23 14:30:00,651.67999,652.73999,651.31000,651.91998
2026-04-23 14:45:00,651.91498,651.91498,649.38000,649.84003
2026-04-23 15:00:00,649.79999,650.85999,649.34003,650.82501
2026-04-23 15:15:00,650.84998,651.38000,650.80011,651.10999
2026-04-23 15:30:00,651.10999,651.61987,649.71002,649.98999
2026-04-23 15:45:00,649.99011,651.84991,649.34998,651.40997
2026-04-24 09:30:00,658.46997,659.69501,657.72998,658.59991
2026-04-24 09:45:00,658.62000,659.51990,656.53009,658.020081
2026-04-24 10:00:00,658.020020,659.84998,657.23401,659.080017
2026-04-24 10:15:00,659.049988,659.73999,657.91998,658.14001
2026-04-24 10:30:00,658.23999,659.59998,657.46002,659.46002
2026-04-24 10:45:00,659.47998,660.54999,658.91998,660.38501
2026-04-24 11:00:00,660.40002,661.039978,660.31000,661.030029
2026-04-24 11:15:00,661.030029,661.37000,660.47998,661.20001
2026-04-24 11:30:00,661.22998,663.099976,660.77002,662.71997
2026-04-24 11:45:00,662.71002,663.43500,661.65997,662.90997
2026-04-24 12:00:00,662.90997,663.10999,662.059998,662.60999
2026-04-24 12:15:00,662.58002,663.27002,662.21002,663
2026-04-24 12:30:00,663,663.73993,662.48499,662.84003
2026-04-24 12:45:00,662.82001,663.48999,662.66498,663.26001
2026-04-24 13:00:00,663.28998,663.58002,663.049988,663.21997
2026-04-24 13:15:00,663.22998,663.25,662.22498,662.62000
2026-04-24 13:30:00,662.60498,663.51001,662.32001,663.38000
2026-04-24 13:45:00,663.38000,664.51001,663.29999,663.81000
2026-04-24 14:00:00,663.79999,664.059998,663.17010,663.40002
2026-04-24 14:15:00,663.40002,663.46002,662.66998,662.76001
2026-04-24 14:30:00,662.78998,663.57001,662.70001,663.22992
2026-04-24 14:45:00,663.21997,663.35999,662.92999,663.27002
2026-04-24 15:00:00,663.27002,664.16998,663.26501,664.090027
2026-04-24 15:15:00,664.090027,664.38000,663.53998,663.63000
2026-04-24 15:30:00,663.62000,663.72998,663.20001,663.51001
2026-04-24 15:45:00,663.51001,664.23999,663.32001,663.90997
2026-04-27 09:30:00,663.38501,663.84998,662.070007,662.87000
2026-04-27 09:45:00,662.83002,663.50897,660.69000,663.28003
2026-04-27 10:00:00,663.19000,663.40997,661.90997,662.92499
2026-04-27 10:15:00,662.88000,663,662.039978,662.16998
2026-04-27 10:30:00,662.18597,663.28003,661.27002,662.59998
2026-04-27 10:45:00,662.64001,662.90002,661.84003,662.39990
2026-04-27 11:00:00,662.41998,662.64001,661.51001,661.71997
2026-04-27 11:15:00,661.68500,662.19989,660.95001,661.82001
2026-04-27 11:30:00,661.83002,662.72998,661.60999,662.48999
2026-04-27 11:45:00,662.45502,662.66809,661.91998,662.34003
2026-04-27 12:00:00,662.39001,662.76001,661.90002,662.55499
2026-04-27 12:15:00,662.54999,662.90997,662.44000,662.58002
2026-04-27 12:30:00,662.58002,663.33002,662.58002,663.080017
2026-04-27 12:45:00,663.075012,663.32001,662.65002,662.94000
2026-04-27 13:00:00,662.93500,663.5,662.93500,663.47998
2026-04-27 13:15:00,663.48999,663.65002,662.65002,663.46997
2026-04-27 13:30:00,663.44000,664.090027,663.44000,663.90002
2026-04-27 13:45:00,663.90002,664.12250,663.58002,663.85999
2026-04-27 14:00:00,663.84003,664.030029,663.59003,663.90002
2026-04-27 14:15:00,663.89001,664.039978,663.72998,663.85999
2026-04-27 14:30:00,663.84003,664.375,663.33002,663.45001
2026-04-27 14:45:00,663.44000,663.47998,662.96997,663.19000
2026-04-27 15:00:00,663.16998,663.53998,662.92999,663.48999
2026-04-27 15:15:00,663.5,663.84003,663.46997,663.69012
2026-04-27 15:30:00,663.71002,664.019470,663.42999,663.87988
2026-04-27 15:45:00,663.87000,664.41998,663.84998,664.27002
2026-04-28 09:30:00,657.45502,659.38000,655.27502,658.75500
2026-04-28 09:45:00,658.76001,659.64001,657,658.46002
2026-04-28 10:00:00,658.31000,659.20001,657.67999,658.54999
2026-04-28 10:15:00,658.63000,658.81000,657.15997,657.63861
2026-04-28 10:30:00,657.65723,657.92999,654.56000,656.010010
2026-04-28 10:45:00,656.010010,656.27002,653.86090,655.77502
2026-04-28 11:00:00,655.81000,656.41998,654.34998,655.89001
2026-04-28 11:15:00,655.90002,656.010010,654.42999,654.68500
2026-04-28 11:30:00,654.58502,654.96002,653.85999,654.45251
2026-04-28 11:45:00,654.44501,654.89001,653.81000,654.85999
2026-04-28 12:00:00,654.88000,655.65002,654.55750,655.27930
2026-04-28 12:15:00,655.28003,655.67889,654.90997,655.25500
2026-04-28 12:30:00,655.27002,655.44000,654.25012,654.54999
2026-04-28 12:45:00,654.53003,655.85999,654.47998,655.58002
2026-04-28 13:00:00,655.59998,655.91998,654.70142,655.28003
2026-04-28 13:15:00,655.28998,655.78998,654.73010,655.58002
2026-04-28 13:30:00,655.58002,656.73999,655.56201,656.44928
2026-04-28 13:45:00,656.44000,657.030029,656.31000,656.98969
2026-04-28 14:00:00,656.97009,657.10999,656.46002,656.96997
2026-04-28 14:15:00,656.96997,657.96002,656.38000,657.82001
2026-04-28 14:30:00,657.81000,657.91998,657.20001,657.90002
2026-04-28 14:45:00,657.87012,658.25,657.69501,658.24500
2026-04-28 15:00:00,658.25,658.96399,656.38000,658.53003
2026-04-28 15:15:00,658.52002,658.52002,657.71002,658.030029
2026-04-28 15:30:00,658.029907,658.15002,657.50012,657.85999
2026-04-28 15:45:00,657.84998,658.070007,657.27002,657.57001
2026-04-29 09:30:00,658.58002,658.82001,656.58990,657.96503
2026-04-29 09:45:00,657.95502,659.27002,657.35028,658.93439
2026-04-29 10:00:00,658.92499,659.14502,657.90002,658.78003
2026-04-29 10:15:00,658.78400,660.28003,658.51001,660.059998
2026-04-29 10:30:00,660.070007,661.22998,659.60309,660.97980
2026-04-29 10:45:00,660.98999,661.10999,660.40002,660.90997
2026-04-29 11:00:00,660.91998,661.059998,658.95001,659.16998
2026-04-29 11:15:00,659.15002,660.51001,658.92999,660.23999
2026-04-29 11:30:00,660.24988,660.67999,659.99500,660.32501
2026-04-29 11:45:00,660.30841,660.77002,658.41998,659.37000
2026-04-29 12:00:00,659.38000,660.15997,659.15002,659.53003
2026-04-29 12:15:00,659.53998,659.76001,658.38000,658.46002
2026-04-29 12:30:00,658.40997,658.875,657.28998,658.53003
2026-04-29 12:45:00,658.52002,658.91998,658.040100,658.40997
2026-04-29 13:00:00,658.45502,658.79999,657.69000,658.53003
2026-04-29 13:15:00,658.52722,659.12000,658.20001,658.70679
2026-04-29 13:30:00,658.78998,659.12000,658.54999,658.88000
2026-04-29 13:45:00,658.89001,659.68408,658.81000,659.57001
2026-04-29 14:00:00,659.59998,659.75,657.39001,658.21002
2026-04-29 14:15:00,658.20001,659.32001,658.14001,658.62909
2026-04-29 14:30:00,658.63000,659.96997,657.96002,658.21881
2026-04-29 14:45:00,658.20001,660.81000,657.75,660.71997
2026-04-29 15:00:00,660.67999,661.28003,659.92999,661.24500
2026-04-29 15:15:00,661.23999,661.71997,660.72998,661.054993
2026-04-29 15:30:00,661.049988,661.12970,660.020020,660.25
2026-04-29 15:45:00,660.25,661.62000,659.85999,661.58002
2026-04-30 09:30:00,665.31000,665.31201,660.20001,662
2026-04-30 09:45:00,661.94000,662.46002,658.59998,659.58002
2026-04-30 10:00:00,659.60999,660.94000,658.52002,659.73999
2026-04-30 10:15:00,659.73499,659.81000,657.56000,659.12988
2026-04-30 10:30:00,659.070007,660.23999,657.77002,659.54999
2026-04-30 10:45:00,659.52002,662.70001,659.48999,662.28998
2026-04-30 11:00:00,662.32001,663.64001,662.23999,663.31708
2026-04-30 11:15:00,663.34003,663.66968,662.73999,663.375
2026-04-30 11:30:00,663.39001,664.19000,662.15002,662.34998
2026-04-30 11:45:00,662.40002,663.79999,661.64001,662.97998
2026-04-30 12:00:00,662.98999,664.049988,662.28998,664.020020
2026-04-30 12:15:00,664.054993,664.099976,663.17999,663.65002
2026-04-30 12:30:00,663.66998,663.87000,663.099976,663.16998
2026-04-30 12:45:00,663.15002,663.31000,662.030029,662.5
2026-04-30 13:00:00,662.57001,664.57001,662.56000,664.42999
2026-04-30 13:15:00,664.41998,664.78998,663.90997,664.78003
2026-04-30 13:30:00,664.77502,665.76001,664.76001,665.60999
2026-04-30 13:45:00,665.62000,666.82001,665.60999,666.67999
2026-04-30 14:00:00,666.71002,667.71002,666.65997,667.35992
2026-04-30 14:15:00,667.34998,667.71002,666.91998,667.17963
2026-04-30 14:30:00,667.16998,667.87000,667.14001,667.47998
2026-04-30 14:45:00,667.49878,667.63263,666.82001,666.89008
2026-04-30 15:00:00,666.89001,668.099976,666.69000,668.025024
2026-04-30 15:15:00,668.030029,668.26001,667.79999,667.89001
2026-04-30 15:30:00,667.89001,668.51001,667.66998,668.48999
2026-04-30 15:45:00,668.5,668.75,667.40002,667.57001
2026-05-01 09:30:00,669.15997,673.070007,668.79999,672.92999
2026-05-01 09:45:00,672.89502,674.94000,672.059998,674.94000
2026-05-01 10:00:00,674.97998,675.76001,674.48248,675.31000
2026-05-01 10:15:00,675.31000,675.72998,674.59998,674.86499
2026-05-01 10:30:00,674.90002,674.90002,672.010010,673.59027
2026-05-01 10:45:00,673.55499,674.27991,673.049988,673.53003
2026-05-01 11:00:00,673.57001,674.099915,672.46997,674.070007
2026-05-01 11:15:00,674.085022,674.85999,673.88000,674.70001
2026-05-01 11:30:00,674.71002,675.67999,674.52002,675.45001
2026-05-01 11:45:00,675.44000,675.96997,674.10999,675.35999
2026-05-01 12:00:00,675.34998,675.60999,674.13000,674.22998
2026-05-01 12:15:00,674.21997,675.049988,673.63000,674.010010
2026-05-01 12:30:00,673.96997,674.34998,673.42499,673.65997
2026-05-01 12:45:00,673.60999,674.53497,673.33002,673.93500
2026-05-01 13:00:00,673.90503,674.57990,673.89001,674.54010
2026-05-01 13:15:00,674.54999,675.28497,674.52002,675.25
2026-05-01 13:30:00,675.25,675.33899,674.73999,675.22998
2026-05-01 13:45:00,675.25,675.52002,675.039978,675.21997
2026-05-01 14:00:00,675.23999,675.39001,674.28003,674.34991
2026-05-01 14:15:00,674.32001,674.96002,674.070007,674.87012
2026-05-01 14:30:00,674.83710,674.87988,673.53003,673.76001
2026-05-01 14:45:00,673.71002,673.84003,673.090088,673.75
2026-05-01 15:00:00,673.77081,674.98993,673.66101,674.88000
2026-05-01 15:15:00,674.87000,675.64001,674.71997,675.54999
2026-05-01 15:30:00,675.55048,675.65997,674.78003,675.025024
2026-05-01 15:45:00,675.020020,675.17999,673.84003,674.15997
2026-05-04 09:30:00,674.64001,675.36987,673.56000,674.67999
2026-05-04 09:45:00,674.62970,675.65002,674.35999,675.60999
2026-05-04 10:00:00,675.59998,676.059998,674.45001,675.58002
2026-05-04 10:15:00,675.56512,676.018982,674.96008,675.030029
2026-05-04 10:30:00,675.030029,676.47998,674.90002,676.375
2026-05-04 10:45:00,676.40002,676.72998,675.13000,675.29999
2026-05-04 11:00:00,675.33002,676.089294,674.29999,674.65997
2026-05-04 11:15:00,674.65002,674.95001,671.20001,672.78497
2026-05-04 11:30:00,672.78003,672.96997,670.85999,672.45502
2026-05-04 11:45:00,672.40997,672.625,671,671.77502
2026-05-04 12:00:00,671.78003,672.039612,668.90002,669.91010
2026-05-04 12:15:00,669.85999,672.080017,669.23499,671.27002
2026-05-04 12:30:00,671.28497,671.97998,670.73999,671.26001
2026-05-04 12:45:00,671.24500,671.48999,670.66998,671.13000
2026-05-04 13:00:00,671.080017,672.35999,671.070007,672.030029
2026-05-04 13:15:00,672.010010,673.45001,671.92999,673.22241
2026-05-04 13:30:00,673.23999,673.31989,672.23999,672.81000
2026-05-04 13:45:00,672.81000,673.42999,672.59003,673.17010
2026-05-04 14:00:00,673.17499,673.78992,673.039978,673.039978
2026-05-04 14:15:00,673.059998,673.099976,671.71997,672.64008
2026-05-04 14:30:00,672.64001,672.78003,671.58661,671.60999
2026-05-04 14:45:00,671.60999,672.5,671.39001,672.39001
2026-05-04 15:00:00,672.47992,673.080017,671.90997,672.75
2026-05-04 15:15:00,672.77002,673.059998,672.13000,672.83002
2026-05-04 15:30:00,672.83502,673.19501,672.46997,672.63000
2026-05-04 15:45:00,672.63000,673.10992,672.070007,672.88000
2026-05-05 09:30:00,677.95001,680.20001,677.51001,680.17499
2026-05-05 09:45:00,680.19000,680.91998,679.78699,680.21991
2026-05-05 10:00:00,680.22998,680.82910,679.34003,679.53003
2026-05-05 10:15:00,679.51001,681.46002,679.010010,681.12000
2026-05-05 10:30:00,681.13000,681.58002,680.22998,680.32501
2026-05-05 10:45:00,680.34991,680.95001,680.030029,680.53003
2026-05-05 11:00:00,680.54993,681.47998,680.34003,681.42499
2026-05-05 11:15:00,681.44501,681.60999,681.039978,681.34003
2026-05-05 11:30:00,681.40002,681.66998,680.90002,681.51001
2026-05-05 11:45:00,681.52002,681.81000,681.16498,681.31000
2026-05-05 12:00:00,681.31500,681.94000,681.15997,681.84497
2026-05-05 12:15:00,681.85999,681.89001,680.41998,681.025024
2026-05-05 12:30:00,681.030029,681.37000,680.47998,680.84003
2026-05-05 12:45:00,680.84003,681.51752,680.72998,681.27008
2026-05-05 13:00:00,681.28198,681.5,680.87000,681.17999
2026-05-05 13:15:00,681.20001,681.76001,681.19000,681.74500
2026-05-05 13:30:00,681.75,681.91998,681.52002,681.84003
2026-05-05 13:45:00,681.84003,682.28998,681.78998,682.099976
2026-05-05 14:00:00,682.090088,682.71002,682.030029,682.64001
2026-05-05 14:15:00,682.64252,682.71997,682.34003,682.53998
2026-05-05 14:30:00,682.53003,682.63000,682.37000,682.5
2026-05-05 14:45:00,682.48090,682.63000,681.95502,682.30988
2026-05-05 15:00:00,682.30200,682.77338,682.16998,682.41998
2026-05-05 15:15:00,682.40002,682.53998,682.12433,682.27502
2026-05-05 15:30:00,682.26001,682.34991,681.89001,682.060120
2026-05-05 15:45:00,682.065002,682.11987,680.86829,681.51001
2026-05-06 09:30:00,687.81000,689.96997,686.47998,689.96997
2026-05-06 09:45:00,689.96002,690.52002,688.46002,689.62000
2026-05-06 10:00:00,689.63000,690.37000,687.62000,689.73999
2026-05-06 10:15:00,689.73999,690.080017,688.080017,688.41998
2026-05-06 10:30:00,688.44000,691.020020,688.44000,690.92999
2026-05-06 10:45:00,690.89001,691.59003,690.84003,691.28003
2026-05-06 11:00:00,691.27502,691.81000,690.83002,691.26501
2026-05-06 11:15:00,691.28003,692.40002,691.19000,692.28998
2026-05-06 11:30:00,692.28998,692.46002,691.15002,691.78003
2026-05-06 11:45:00,691.78998,692.21997,691.59003,691.89502
2026-05-06 12:00:00,691.88000,692.84998,691.72998,692.73999
2026-05-06 12:15:00,692.72998,692.75989,692.010010,692.19000
2026-05-06 12:30:00,692.22498,692.46997,691.71002,692.070007
2026-05-06 12:45:00,692.040100,692.12988,690.74353,691.33002
2026-05-06 13:00:00,691.39001,692.44000,691.10999,692.33002
2026-05-06 13:15:00,692.33502,692.62830,692.049988,692.41998
2026-05-06 13:30:00,692.40997,693.030029,692.37000,692.96991
2026-05-06 13:45:00,693.0050049,693.049988,692.51001,692.81000
2026-05-06 14:00:00,692.80499,693.38287,692.63000,693.30499
2026-05-06 14:15:00,693.28998,693.76001,693.28998,693.64001
2026-05-06 14:30:00,693.63379,694.39001,693.41998,693.97998
2026-05-06 14:45:00,693.96997,694.16998,693.60498,693.76001
2026-05-06 15:00:00,693.74298,694.73999,693.70001,694.65002
2026-05-06 15:15:00,694.65997,695.21228,694.54999,695.050110
2026-05-06 15:30:00,695.049988,695.049988,694.41998,694.49683
2026-05-06 15:45:00,694.5,695.92999,694.44000,695.59003
2026-05-07 09:30:00,696.59003,697.34003,695.91998,696.32001
2026-05-07 09:45:00,696.34998,697.81000,695.53998,697.27002
2026-05-07 10:00:00,697.27002,698.90002,697.25,698.67999
2026-05-07 10:15:00,698.65997,700.080017,698.32001,699.52002
2026-05-07 10:30:00,699.53998,700.51001,699.21997,700.15002
2026-05-07 10:45:00,700.13000,701.22998,699.42999,700.83002
2026-05-07 11:00:00,700.82501,700.86499,698.89001,699.26001
2026-05-07 11:15:00,699.22498,699.77002,698.34998,699.049988
2026-05-07 11:30:00,699.15747,700.099976,698.98999,699.70001
2026-05-07 11:45:00,699.70001,699.87231,697.11499,697.36499
2026-05-07 12:00:00,697.35999,697.45001,695.12000,695.31122
2026-05-07 12:15:00,695.28998,696.47998,693.78998,696.31500
2026-05-07 12:30:00,696.31000,697.15997,695.46002,695.90997
2026-05-07 12:45:00,695.90997,696.13000,694.40002,695.21008
2026-05-07 13:00:00,695.28998,695.60999,694.15002,694.57001
2026-05-07 13:15:00,694.47998,695.27002,691.78003,693.075012
2026-05-07 13:30:00,693.090027,695.059998,692.64899,693.97998
2026-05-07 13:45:00,693.94501,695.40002,693.080017,695.23499
2026-05-07 14:00:00,695.29999,695.78003,694.17999,694.71997
2026-05-07 14:15:00,694.78198,695.46002,693.91650,694.20001
2026-05-07 14:30:00,694.20001,695.080017,692.77002,693.14001
2026-05-07 14:45:00,693.19000,694.059998,692.48499,693.94000
2026-05-07 15:00:00,693.98999,694.40002,693.28003,694.15002
2026-05-07 15:15:00,694.15997,694.23999,692.58002,693.15002
2026-05-07 15:30:00,693.19000,694.94000,693.080017,694.78003
2026-05-07 15:45:00,694.81000,695.54999,694.059998,694.91998
2026-05-08 09:30:00,699.91998,702.76001,699.53003,702.72998
2026-05-08 09:45:00,702.73999,705.44000,702.73999,705.33002
2026-05-08 10:00:00,705.32001,705.84003,704.63000,705.20038
2026-05-08 10:15:00,705.16998,706.77911,704.90002,705.46997
2026-05-08 10:30:00,705.47998,706.099915,704.57001,706.090027
2026-05-08 10:45:00,706.099976,706.95001,705.78998,706.70001
2026-05-08 11:00:00,706.65002,707.27002,706.33002,706.54498
2026-05-08 11:15:00,706.53003,707.22998,705.81000,707.19012
2026-05-08 11:30:00,707.22998,708,706.51001,707.21997
2026-05-08 11:45:00,707.26001,708.030029,707.065002,707.40002
2026-05-08 12:00:00,707.44000,708.23999,707.40503,708.059998
2026-05-08 12:15:00,708.059998,708.67999,707.85999,708.61499
2026-05-08 12:30:00,708.61499,708.65997,707.51001,707.53003
2026-05-08 12:45:00,707.53998,708.78497,707.53003,708.62000
2026-05-08 13:00:00,708.64001,709.96002,708.48999,709.65009
2026-05-08 13:15:00,709.66998,710.46002,709.63000,710.20001
2026-05-08 13:30:00,710.21002,710.49988,709.47998,709.57001
2026-05-08 13:45:00,709.53998,710.020020,708.97998,709.19501
2026-05-08 14:00:00,709.19989,710.15002,709.12012,709.81000
2026-05-08 14:15:00,709.83002,709.94989,709.35999,709.74762
2026-05-08 14:30:00,709.72998,709.88000,709.31000,709.42999
2026-05-08 14:45:00,709.42499,709.60999,708.54602,708.59003
2026-05-08 15:00:00,708.58502,710.14240,708.54999,709.91010
2026-05-08 15:15:00,709.90997,710.19000,709.10999,709.125
2026-05-08 15:30:00,709.14001,710.19000,708.98999,710.13000
2026-05-08 15:45:00,710.10999,711.13000,710.010010,711.10999
2026-05-11 09:30:00,710.35999,713.5,709.79999,712.63000
2026-05-11 09:45:00,712.64001,712.95001,710.21997,710.47998
2026-05-11 10:00:00,710.44000,712.71002,710.44000,712.60059
2026-05-11 10:15:00,712.60498,713.039978,709.60999,709.83002
2026-05-11 10:30:00,709.85999,711.97998,708.90997,711.79999
2026-05-11 10:45:00,711.78497,712.90503,711.57001,712.38000
2026-05-11 11:00:00,712.38000,712.81000,711.71997,711.84003
2026-05-11 11:15:00,711.82037,713.31000,711.64001,713.27002
2026-05-11 11:30:00,713.28003,713.59998,712.77502,713.11987
2026-05-11 11:45:00,713.080017,714.40002,713,714.17999
2026-05-11 12:00:00,714.19000,714.59003,714,714.52002
2026-05-11 12:15:00,714.52002,714.53998,713.75,714.19000
2026-05-11 12:30:00,714.19000,714.5,711.91101,712.97998
2026-05-11 12:45:00,712.94000,713.38000,712.54999,712.75751
2026-05-11 13:00:00,712.75012,713.41998,712.22998,712.41467
2026-05-11 13:15:00,712.40997,713.62988,712.090027,713.54999
2026-05-11 13:30:00,713.51001,714.37000,713.51001,714.26001
2026-05-11 13:45:00,714.26501,714.46002,713.57501,713.61877
2026-05-11 14:00:00,713.62012,714.42999,713.61139,714.16998
2026-05-11 14:15:00,714.16998,714.41998,713.78998,714.36908
2026-05-11 14:30:00,714.35010,714.35010,713.5,713.75
2026-05-11 14:45:00,713.75,713.85327,712.28998,712.30902
2026-05-11 15:00:00,712.34998,713.45111,712.020020,713.010010
2026-05-11 15:15:00,713.020020,713.099976,711.92999,712.16309
2026-05-11 15:30:00,712.14001,712.78003,711.87000,712.19000
2026-05-11 15:45:00,712.14001,713.39001,712.039978,713.34998
2026-05-12 09:30:00,708.17499,709.94000,706.53998,709.93988
2026-05-12 09:45:00,709.95001,710.17999,705.69000,706.044983
2026-05-12 10:00:00,706.099976,707.72870,705.16302,707.63000
2026-05-12 10:15:00,707.65997,708.47998,704.94000,705.040100
2026-05-12 10:30:00,705.049988,706.010010,703.12543,705.019775
2026-05-12 10:45:00,704.96008,705.010010,702.95001,703.29999
2026-05-12 11:00:00,703.28003,703.69000,702.080017,702.099976
2026-05-12 11:15:00,702.099976,702.19000,699.47998,699.93359
2026-05-12 11:30:00,699.97998,701.62091,699.83002,701.25
2026-05-12 11:45:00,701.25500,701.50989,698.79999,699.030029
2026-05-12 12:00:00,699.034973,700.89001,698.38000,700.75
2026-05-12 12:15:00,700.70007,700.81000,698.82593,699.054993
2026-05-12 12:30:00,699.039978,699.19000,697.34998,697.84998
2026-05-12 12:45:00,697.83301,698.21002,696.65997,696.79999
2026-05-12 13:00:00,696.82001,699.15997,696.82001,699.099976
2026-05-12 13:15:00,699.099976,701.28998,699.059998,700.23499
2026-05-12 13:30:00,700.25,701.23999,699.96002,700.56000
2026-05-12 13:45:00,700.58002,701.15002,699.98999,701.025024
2026-05-12 14:00:00,701.010010,701.72992,700.84998,701.71503
2026-05-12 14:15:00,701.68011,703.020020,701.31891,702.75
2026-05-12 14:30:00,702.75,703.15503,702.33002,702.46002
2026-05-12 14:45:00,702.45001,703.14001,701.69000,701.87000
2026-05-12 15:00:00,701.91998,704.17999,701.90002,703.92999
2026-05-12 15:15:00,704,704.5,703.32001,704.079102
2026-05-12 15:30:00,704.080017,706.16998,704.080017,706.049988
2026-05-12 15:45:00,706.054993,707.54999,705.70001,707.20001
2026-05-13 09:30:00,709.82001,709.95001,707.34003,708.20001
2026-05-13 09:45:00,708.13000,708.47992,704.83002,707.10999
2026-05-13 10:00:00,707.16998,707.67999,705.78998,707.21002
2026-05-13 10:15:00,707.19000,709.47998,706.67493,708.78998
2026-05-13 10:30:00,708.78003,709.82001,708.35999,709.46002
2026-05-13 10:45:00,709.47498,710.84998,708.81000,710.74261
2026-05-13 11:00:00,710.72998,711.53003,710.25,710.83002
2026-05-13 11:15:00,710.83960,711.29700,709.84998,710.57001
2026-05-13 11:30:00,710.56000,712.35999,709.95001,712.19000
2026-05-13 11:45:00,712.19000,712.19000,710.24011,710.54498
2026-05-13 12:00:00,710.56000,712.44000,710.29999,712.40002
2026-05-13 12:15:00,712.39990,713.77002,712.073975,713.60010
2026-05-13 12:30:00,713.59003,713.84998,713.030029,713.52460
2026-05-13 12:45:00,713.51001,714.19501,713.10992,713.85992
2026-05-13 13:00:00,713.90002,714.92987,713.90002,714.81000
2026-05-13 13:15:00,714.79999,715.020020,714.22998,714.80499
2026-05-13 13:30:00,714.78998,714.90002,714.27002,714.65002
2026-05-13 13:45:00,714.625,714.82001,713.70001,713.72247
2026-05-13 14:00:00,713.75,715.68988,713.67499,715.63000
2026-05-13 14:15:00,715.65002,716.65002,715.65002,716.28003
2026-05-13 14:30:00,716.27502,716.41498,715.34497,715.40997
2026-05-13 14:45:00,715.40997,715.64008,714.27002,714.35010
2026-05-13 15:00:00,714.42999,715.76001,714.38000,715.70508
2026-05-13 15:15:00,715.67999,716.049988,715.070007,715.67999
2026-05-13 15:30:00,715.69000,715.92999,715.35999,715.87000
2026-05-13 15:45:00,715.875,716.049988,713.85999,714.47998
2026-05-14 09:30:00,714.62000,718.34998,714.21997,718.26501
2026-05-14 09:45:00,718.25,719.69000,715.90002,716.27002
2026-05-14 10:00:00,716.23999,718.049988,716.039978,717.23999
2026-05-14 10:15:00,717.21002,719.25,717.13123,718.19000
2026-05-14 10:30:00,718.16998,719.70001,717.88000,719.70001
2026-05-14 10:45:00,719.70001,720.73999,719.17999,719.41998
2026-05-14 11:00:00,719.46002,720.92999,719.23053,720.85999
2026-05-14 11:15:00,720.85999,721.81000,720.84003,721.375
2026-05-14 11:30:00,721.40997,721.71997,720.73999,721.32001
2026-05-14 11:45:00,721.35999,721.73999,720.875,721.39990
2026-05-14 12:00:00,721.40997,722.030029,721.31549,721.41278
2026-05-14 12:15:00,721.44501,722.015015,720.41998,720.67999
2026-05-14 12:30:00,720.73999,721.080017,720.020020,720.51007
2026-05-14 12:45:00,720.46997,720.99481,719.92999,720.75500
2026-05-14 13:00:00,720.79999,721.35999,718.90997,719.070007
2026-05-14 13:15:00,719.10498,719.35999,717.56000,718.78998
2026-05-14 13:30:00,718.81000,720.10992,718.57001,720.010010
2026-05-14 13:45:00,720.049988,721.33002,720.039978,720.78998
2026-05-14 14:00:00,720.78998,720.78998,718.65002,719.82440
2026-05-14 14:15:00,719.82971,720.26501,719.099976,719.42999
2026-05-14 14:30:00,719.46997,720.020020,719,719.40002
2026-05-14 14:45:00,719.39001,720.48993,719.030029,720.27222
2026-05-14 15:00:00,720.27002,720.84003,719.90002,720.21503
2026-05-14 15:15:00,720.19000,720.90002,719.94000,720.020020
2026-05-14 15:30:00,720.020020,720.90002,719.98499,720.72998
2026-05-14 15:45:00,720.72998,720.80499,719.56000,719.71503
2026-05-15 09:30:00,710.10498,710.40002,707.070007,707.44501
2026-05-15 09:45:00,707.42999,710.34998,705.54999,706.88000
2026-05-15 10:00:00,706.90002,710.75,706.60999,710.69000
2026-05-15 10:15:00,710.67999,712.65997,709.96002,710.43500
2026-05-15 10:30:00,710.46002,712.099976,710.28998,711.79999
2026-05-15 10:45:00,711.82953,711.94000,709.40002,710.16498
2026-05-15 11:00:00,710.21997,711.23999,709.23999,710.31000
2026-05-15 11:15:00,710.28998,712.090027,710.020020,711.42010
2026-05-15 11:30:00,711.45001,712.58002,709.96002,710.27399
2026-05-15 11:45:00,710.29999,710.65997,708.53998,710.15997
2026-05-15 12:00:00,710.22998,710.90002,709.47998,710.32001
2026-05-15 12:15:00,710.31000,711.5,709.5,711.39001
2026-05-15 12:30:00,711.42999,711.77002,711.020020,711.73010
2026-05-15 12:45:00,711.72498,711.86987,710.15002,711.19000
2026-05-15 13:00:00,711.20001,712.13000,710.92999,712.099976
2026-05-15 13:15:00,712.10999,713.72998,711.66998,713.46997
2026-05-15 13:30:00,713.45001,714.14001,713.16998,713.63000
2026-05-15 13:45:00,713.65997,714.28003,713.34003,714.21002
2026-05-15 14:00:00,714.22998,715.11987,714.21997,714.67297
2026-05-15 14:15:00,714.69000,714.76001,712.46997,712.65997
2026-05-15 14:30:00,712.65997,712.76001,711.030029,712.44122
2026-05-15 14:45:00,712.46002,713.20001,711.90417,712.79999
2026-05-15 15:00:00,712.78998,712.98999,710.62000,711.15002
2026-05-15 15:15:00,711.10999,711.16998,710.23999,710.40002
2026-05-15 15:30:00,710.39001,711.58002,710.31012,710.47998
2026-05-15 15:45:00,710.51001,710.75,708.38000,708.88000
2026-05-18 09:30:00,711.53998,712.070007,707.26001,707.41998
2026-05-18 09:45:00,707.41998,710.81989,706.66998,709.25
2026-05-18 10:00:00,709.13000,709.96002,706.52002,709.71002
2026-05-18 10:15:00,709.65997,710.62000,706.71997,707.10059
2026-05-18 10:30:00,707.10999,707.59998,702.71997,705.51501
2026-05-18 10:45:00,705.45001,705.97998,703.42999,705.29999
2026-05-18 11:00:00,705.37000,706.40002,703.53998,704.94000
2026-05-18 11:15:00,704.85999,705.020020,702.29608,702.34003
2026-05-18 11:30:00,702.38501,704.92999,701.94000,703.38000
2026-05-18 11:45:00,703.37000,704.52002,702.88000,703.28003
2026-05-18 12:00:00,703.31000,704.070007,702.23999,704.020020
2026-05-18 12:15:00,703.98999,705.15997,700,700.44000
2026-05-18 12:30:00,700.45001,702.40997,699.61987,701.48999
2026-05-18 12:45:00,701.46997,704.45502,701.12000,703.46997
2026-05-18 13:00:00,703.40997,704.28003,702.60999,703.25
2026-05-18 13:15:00,703.22998,703.77002,702.54999,703.60303
2026-05-18 13:30:00,703.62000,704.080017,702.42999,703.66852
2026-05-18 13:45:00,703.63000,703.90997,702.71997,703.69000
2026-05-18 14:00:00,703.72998,703.84259,701.31500,701.34009
2026-05-18 14:15:00,701.32001,701.38000,699.34003,700.76001
2026-05-18 14:30:00,700.77002,701.29999,699.56012,700.29993
2026-05-18 14:45:00,700.28998,700.5,698.87000,699.56012
2026-05-18 15:00:00,699.59003,705.039978,699.42999,702.35010
2026-05-18 15:15:00,702.35999,702.81000,700.46002,701.46741
2026-05-18 15:30:00,701.48999,704.65997,701.27002,704.64001
2026-05-18 15:45:00,704.62000,706.15997,704.37000,705.70001
2026-05-19 09:30:00,699.81000,705.13000,699.81000,701.28998
2026-05-19 09:45:00,701.28198,704.075012,700.29999,701.82001
2026-05-19 10:00:00,701.90997,702.039978,696.88000,697.030029
2026-05-19 10:15:00,696.97998,697.5,695.27002,696.42999
2026-05-19 10:30:00,696.44000,698.59998,695.76001,697.20001
2026-05-19 10:45:00,697.21997,698.71997,695.58002,698.66998
2026-05-19 11:00:00,698.65002,699.42987,697.47998,699.23999
2026-05-19 11:15:00,699.32001,700.020020,696.83002,697.90002
2026-05-19 11:30:00,697.84998,700.44000,697.57013,699.96002
2026-05-19 11:45:00,699.96002,700.13000,698.15002,699
2026-05-19 12:00:00,698.98999,700.53003,698.41998,698.94501
2026-05-19 12:15:00,698.96997,701.56000,698.92999,701.24500
2026-05-19 12:30:00,701.19000,703.17987,701.059998,703.15997
2026-05-19 12:45:00,703.15997,704.25989,702.64001,703.96997
2026-05-19 13:00:00,703.97998,705.37598,703.71002,705.23999
2026-05-19 13:15:00,705.22998,706.48999,704.91010,705.44501
2026-05-19 13:30:00,705.44000,706.33002,705.39001,705.59369
2026-05-19 13:45:00,705.63000,705.66998,703.65503,705.15002
2026-05-19 14:00:00,705.17999,705.92999,705.010010,705.21002
2026-05-19 14:15:00,705.17999,705.44000,703.69000,704.010010
2026-05-19 14:30:00,703.99011,704.89502,703.47998,703.86011
2026-05-19 14:45:00,703.85999,703.97998,702.020020,702.44000
2026-05-19 15:00:00,702.46698,704.76001,702.43500,704.67999
2026-05-19 15:15:00,704.76501,704.85498,701.62000,702.87000
2026-05-19 15:30:00,702.89001,703.53003,701.65503,701.75
2026-05-19 15:45:00,701.77002,702.010010,700.20001,701.53003
2026-05-20 09:30:00,705.32001,707.33002,704.10999,706.95001
2026-05-20 09:45:00,707,708.22998,704.65997,706
2026-05-20 10:00:00,705.98999,706.65002,703.78998,705.66998
2026-05-20 10:15:00,705.78998,709.15503,705.40009,708.60999
2026-05-20 10:30:00,708.59998,709.89001,707.78998,708.94000
2026-05-20 10:45:00,708.97998,710.31000,707.81012,709.90503
2026-05-20 11:00:00,709.84003,710.34003,709.16498,709.73999
2026-05-20 11:15:00,709.72998,713.099976,709.72998,710.63000
2026-05-20 11:30:00,710.62988,711.64801,710.42999,711.29279
2026-05-20 11:45:00,711.31000,712.21997,710.96002,711.57013
2026-05-20 12:00:00,711.60999,711.70001,710.5,710.80499
2026-05-20 12:15:00,710.78497,710.79999,708.60999,709.27002
2026-05-20 12:30:00,709.32001,710.56158,708.95001,710.54999
2026-05-20 12:45:00,710.57001,710.72998,709.010193,709.90997
2026-05-20 13:00:00,709.96002,710.88000,709.099976,710.46002
2026-05-20 13:15:00,710.45001,710.95001,709.90002,710.67999
2026-05-20 13:30:00,710.71002,711.44000,710.17798,710.89001
2026-05-20 13:45:00,710.90002,711.070007,710.41010,710.88000
2026-05-20 14:00:00,710.90002,711.42999,710.26031,711.020020
2026-05-20 14:15:00,710.94000,711.21997,710.29248,710.95001
2026-05-20 14:30:00,710.95001,711.90002,710.73999,710.76001
2026-05-20 14:45:00,710.73999,711.20001,710.56000,710.83002
2026-05-20 15:00:00,710.85999,711.73999,710.83002,711.71997
2026-05-20 15:15:00,711.71997,712.020020,711.54999,711.81000
2026-05-20 15:30:00,711.81000,712.66998,711.48999,712.12000
2026-05-20 15:45:00,712.10999,713.10999,711.67999,713.070007
2026-05-21 09:30:00,709,710.22900,707.94000,708.84497
2026-05-21 09:45:00,708.95001,711.34998,708.31000,710.63000
2026-05-21 10:00:00,710.60999,711.89001,709.78003,710.16998
2026-05-21 10:15:00,710.13000,710.40997,706.77002,708.26501
2026-05-21 10:30:00,708.31000,709.83002,707.97998,709.37000
2026-05-21 10:45:00,709.39508,709.82990,707.73199,709.41998
2026-05-21 11:00:00,709.44000,709.73999,706.84998,709.31171
2026-05-21 11:15:00,709.31000,710.010010,708.90997,709.35999
2026-05-21 11:30:00,709.45001,710.34003,707.98999,709.95001
2026-05-21 11:45:00,709.96002,711.039978,709.94501,710.080017
2026-05-21 12:00:00,710.19000,711.23999,710.010010,710.38501
2026-05-21 12:15:00,710.43848,710.53003,708.96997,709.71002
2026-05-21 12:30:00,709.73999,710.34003,709.39001,709.88000
2026-05-21 12:45:00,709.98999,710.28003,708.77002,709.98999
2026-05-21 13:00:00,710,712.95001,710,712.039917
2026-05-21 13:15:00,712.039978,715.21002,711.88000,713.66998
2026-05-21 13:30:00,713.74500,715.72998,713.59497,715.64001
2026-05-21 13:45:00,715.66998,717.11951,715.080078,715.69501
2026-05-21 14:00:00,715.71997,716.31000,714.49011,714.59998
2026-05-21 14:15:00,714.59003,715.25989,714.13000,714.82501
2026-05-21 14:30:00,714.83002,715.059998,714.28009,714.78998
2026-05-21 14:45:00,714.74829,714.97998,710.90997,711.88000
2026-05-21 15:00:00,711.91998,713.69000,711.84003,713.68048
2026-05-21 15:15:00,713.70001,714.31000,713.47998,714.044983
2026-05-21 15:30:00,714.020020,714.47998,713.45001,713.78003
2026-05-21 15:45:00,713.77002,714.90002,713.40997,714.44000
2026-05-22 09:30:00,718.059998,721.33002,717.41998,719.56000
2026-05-22 09:45:00,719.59003,720.17999,718.20172,719.54498
2026-05-22 10:00:00,719.51001,719.57001,716.38000,717.71002
2026-05-22 10:15:00,717.71997,718.57001,715.96997,717.71997
2026-05-22 10:30:00,717.71002,719.46991,717.48999,719.42987
2026-05-22 10:45:00,719.45001,719.86798,718.77002,719.66998
2026-05-22 11:00:00,719.71002,720.83002,719.64001,720.68500
2026-05-22 11:15:00,720.69000,721.15997,720.21002,721.14001
2026-05-22 11:30:00,721.16998,721.28003,720.44000,720.84003
2026-05-22 11:45:00,720.85999,720.85999,720.020020,720.66998
2026-05-22 12:00:00,720.67999,720.82001,720.14001,720.52002
2026-05-22 12:15:00,720.51001,720.51001,719.48999,720.16010
2026-05-22 12:30:00,720.20001,720.41998,719.40002,719.56012
2026-05-22 12:45:00,719.57001,720.34167,719.55499,720.30499
2026-05-22 13:00:00,720.32001,721.10999,720.32001,720.93549
2026-05-22 13:15:00,720.93500,721.84998,719.71997,721.84003
2026-05-22 13:30:00,721.87000,722.12000,720.62000,721.054993
2026-05-22 13:45:00,721.057007,721.20001,720.080017,720.46997
2026-05-22 14:00:00,720.48499,720.70001,719.71997,720.13000
2026-05-22 14:15:00,720.15997,720.35999,719.79999,720.090027
2026-05-22 14:30:00,720.059998,720.38501,719.19501,720.20502
2026-05-22 14:45:00,720.21997,720.33502,719.59998,719.78998
2026-05-22 15:00:00,719.78003,720.039978,718.32001,718.59003
2026-05-22 15:15:00,718.58002,718.65997,717.21002,717.38538
2026-05-22 15:30:00,717.38501,718.27271,717,717.62000
2026-05-22 15:45:00,717.62000,718.15002,716.92499,717.42999
2026-05-26 09:30:00,726.025024,726.83002,724.15997,726.71997
2026-05-26 09:45:00,726.73999,728.44000,726.15002,728.44000
2026-05-26 10:00:00,728.45001,729.039978,727.69000,729.00091553
2026-05-26 10:15:00,729.020020,730.32001,728.5,729.92010
2026-05-26 10:30:00,729.90002,731.16998,729.78003,730.87988
2026-05-26 10:45:00,730.84998,731.049988,729.61298,729.63000
2026-05-26 11:00:00,729.65997,729.92999,728.39001,729.27991
2026-05-26 11:15:00,729.25,729.26001,728.15002,728.31000
2026-05-26 11:30:00,728.32202,728.48999,727.39001,727.65002
2026-05-26 11:45:00,727.65503,727.96002,725.57001,726.56500
2026-05-26 12:00:00,726.56000,727.83002,726.39001,726.84003
2026-05-26 12:15:00,726.79999,728.14001,726.56500,728.12012
2026-05-26 12:30:00,728.15918,728.68988,727.37000,727.41998
2026-05-26 12:45:00,727.42999,727.92999,727.039978,727.71002
2026-05-26 13:00:00,727.71002,728.35999,727.54102,728.00012207
2026-05-26 13:15:00,728.049988,728.090027,727.22998,727.59991
2026-05-26 13:30:00,727.59210,728.36298,727.32013,727.97992
2026-05-26 13:45:00,728,728.63000,727.97998,728.26001
2026-05-26 14:00:00,728.23499,729.070007,727.90009,728.93512
2026-05-26 14:15:00,728.94000,729.62000,728.84998,729.43927
2026-05-26 14:30:00,729.42999,729.77002,729.030029,729.059998
2026-05-26 14:45:00,729.059998,729.41803,728.51001,728.63000
2026-05-26 15:00:00,728.60999,729.69000,728.45001,729.56000
2026-05-26 15:15:00,729.54999,729.79999,729.37000,729.58002
2026-05-26 15:30:00,729.57001,730.59003,729.54999,730.51001
2026-05-26 15:45:00,730.51001,731.020020,729.96002,730.21503
2026-05-27 09:30:00,732.95001,733.32001,727.51001,727.90002
2026-05-27 09:45:00,727.90002,730.28003,726.85999,729.90002
2026-05-27 10:00:00,729.84003,730.81000,727.98999,728.76001
2026-05-27 10:15:00,728.78998,729.78003,725.66998,726.35498
2026-05-27 10:30:00,726.32001,728.96002,725.44000,728.19000
2026-05-27 10:45:00,728.19000,728.96002,726.5,726.91998
2026-05-27 11:00:00,726.94000,727.82001,726.22998,727.19000
2026-05-27 11:15:00,727.20001,727.20001,725.54498,727.17999
2026-05-27 11:30:00,727.17999,727.91992,725.59302,725.71997
2026-05-27 11:45:00,725.70001,726.98999,725.53998,726.79999
2026-05-27 12:00:00,726.78998,728.40002,726.10999,728.29498
2026-05-27 12:15:00,728.28998,728.77502,727.78003,728.19000
2026-05-27 12:30:00,728.15997,729.34003,727.78003,729.12000
2026-05-27 12:45:00,729.13000,729.56000,727.78998,728.099609
2026-05-27 13:00:00,728.10999,728.29999,725.85498,726.45001
2026-05-27 13:15:00,726.46002,727.79999,726.29999,727.29999
2026-05-27 13:30:00,727.34998,728.14990,727.020203,727.12000
2026-05-27 13:45:00,727.090027,728.20001,726.97009,727.73999
2026-05-27 14:00:00,727.71997,728.46002,727.5,728.32001
2026-05-27 14:15:00,728.28998,729.66998,728.19000,729.66998
2026-05-27 14:30:00,729.65997,729.84998,728.95001,729.53998
2026-05-27 14:45:00,729.52002,729.72998,729.20001,729.32013
2026-05-27 15:00:00,729.31000,729.84998,728.91998,729.37000
2026-05-27 15:15:00,729.35999,729.65997,728.59003,728.98999
2026-05-27 15:30:00,728.98999,730.069885,728.96997,729.94501
2026-05-27 15:45:00,729.96997,729.96997,729.16998,729.48999
2026-05-28 09:30:00,729.73999,731.12000,727.040527,727.29999
2026-05-28 09:45:00,727.28998,728.35999,726.40997,728.12000
2026-05-28 10:00:00,728.12000,732.84998,727.47009,732.26001
2026-05-28 10:15:00,732.21002,732.53003,729.91010,731.92987
2026-05-28 10:30:00,731.92999,732.45502,730.91998,732.45001
2026-05-28 10:45:00,732.40997,732.94000,731.26001,732.85699
2026-05-28 11:00:00,732.84998,734.21997,732.69141,733.66010
2026-05-28 11:15:00,733.67999,734.98499,733.38000,734.66998
2026-05-28 11:30:00,734.69000,735.40997,734.55499,734.65002
2026-05-28 11:45:00,734.62000,735.12000,734.38000,734.73608
2026-05-28 12:00:00,734.72009,735.18628,734.10010,734.96997
2026-05-28 12:15:00,734.95502,736,734.82629,735.64001
2026-05-28 12:30:00,735.64502,735.84003,735.070007,735.76001
2026-05-28 12:45:00,735.75,736.29999,735.56000,736.22498
2026-05-28 13:00:00,736.23999,736.45001,735.93500,735.98999
2026-05-28 13:15:00,735.98999,736.075012,735.51599,735.57501
2026-05-28 13:30:00,735.58002,736.17902,735.15997,736.12000
2026-05-28 13:45:00,736.15002,736.59998,735.89001,736.020020
2026-05-28 14:00:00,736.070007,736.47998,735.59998,735.65997
2026-05-28 14:15:00,735.67999,736.18500,735.47998,735.96997
2026-05-28 14:30:00,735.95001,735.95001,735.22998,735.58002
2026-05-28 14:45:00,735.59998,735.97998,735.099976,735.38000
2026-05-28 15:00:00,735.38000,735.83990,735.049988,735.25
2026-05-28 15:15:00,735.24030,735.71997,734.91998,735.65002
2026-05-28 15:30:00,735.65002,736.25,735.59998,735.72998
2026-05-28 15:45:00,735.72998,736.18988,735.080017,735.57001
2026-05-29 09:30:00,737.71008,739.78003,737.42999,739.78003
2026-05-29 09:45:00,739.78998,741.21991,739.58002,741.19000
2026-05-29 10:00:00,741.16998,741.60999,739.41998,739.75
2026-05-29 10:15:00,739.78998,739.84998,737.039978,738.5
2026-05-29 10:30:00,738.48999,739.27002,735.71997,735.81000
2026-05-29 10:45:00,735.81000,738.28003,735.25,737.45001
2026-05-29 11:00:00,737.45001,739.12000,736.91498,739.059998
2026-05-29 11:15:00,739.054993,739.34998,737.40503,738.32001
2026-05-29 11:30:00,738.32001,738.85999,737.54999,737.82001
2026-05-29 11:45:00,737.83002,738.29999,737.29999,737.46997
2026-05-29 12:00:00,737.48999,739.53802,737.41998,739.26501
2026-05-29 12:15:00,739.27002,739.53003,738.41858,738.48999
2026-05-29 12:30:00,738.49500,739.53003,738.059998,738.92999
2026-05-29 12:45:00,738.94000,739.033508,737.83002,738.34998
2026-05-29 13:00:00,738.34998,738.65503,737.91998,738.19501
2026-05-29 13:15:00,738.23499,738.38000,737.32001,737.63000
2026-05-29 13:30:00,737.63000,737.81500,736.97998,737.13501
2026-05-29 13:45:00,737.13000,737.42999,735.88000,735.98999
2026-05-29 14:00:00,736.039978,737.54999,735.78003,736.96002
2026-05-29 14:15:00,736.99500,738.010010,736.65002,737.87000
2026-05-29 14:30:00,737.85999,738.40997,737.56000,738
2026-05-29 14:45:00,737.99908,737.99908,736.35498,736.53497
2026-05-29 15:00:00,736.52002,737.59003,736.31000,737.48999
2026-05-29 15:15:00,737.46002,737.91998,736.98999,737.85999
2026-05-29 15:30:00,737.87000,739.27917,737.87000,739.020020
2026-05-29 15:45:00,739.020020,739.41998,738.22498,738.22498
2026-06-01 09:30:00,737.13000,740.015015,736.29999,738.83002
2026-06-01 09:45:00,738.82001,740.13000,736.25,736.40002
2026-06-01 10:00:00,736.31000,738.15002,735.98999,737.40997
2026-06-01 10:15:00,737.37000,739.080017,737.099976,738.13000
2026-06-01 10:30:00,738.099976,739.33002,737.82001,739.050110
2026-06-01 10:45:00,739.11499,739.72998,738.73999,739.46997
2026-06-01 11:00:00,739.5,739.95001,738.92999,739.66998
2026-06-01 11:15:00,739.73999,740.71997,739.72498,740.52002
2026-06-01 11:30:00,740.51001,742.28003,740.51001,741.90997
2026-06-01 11:45:00,741.92999,741.97998,740.91998,741.039978
2026-06-01 12:00:00,741.010010,741.81000,740.28998,740.61499
2026-06-01 12:15:00,740.57001,741.31000,739.84003,741.25
2026-06-01 12:30:00,741.29999,741.96997,741.29999,741.53998
2026-06-01 12:45:00,741.54999,743.020020,741.18701,742.95001
2026-06-01 13:00:00,742.95001,743.039490,741.87000,742.21991
2026-06-01 13:15:00,742.21503,743.47998,741.92999,743.40997
2026-06-01 13:30:00,743.48999,745.53998,742.66998,744.64001
2026-06-01 13:45:00,744.65997,745.64001,744.64001,745.090027
2026-06-01 14:00:00,745.099121,745.17999,744.13000,744.22998
2026-06-01 14:15:00,744.23999,744.73999,744.070007,744.53998
2026-06-01 14:30:00,744.53003,744.70758,744.16119,744.42999
2026-06-01 14:45:00,744.42999,744.46002,743.77002,743.96997
2026-06-01 15:00:00,743.95001,744.53003,743.71997,744.15002
2026-06-01 15:15:00,744.14001,744.17999,743.82001,744
2026-06-01 15:30:00,744,744.0020142,743.030029,743.15002
2026-06-01 15:45:00,743.14001,743.28998,742.34003,742.69000
2026-06-02 09:30:00,742.46002,742.65997,739.22998,741.15503
2026-06-02 09:45:00,741.12000,743.59998,741.020020,743.52002
2026-06-02 10:00:00,743.53998,744.65997,742.76599,744.32001
2026-06-02 10:15:00,744.34998,744.40009,741.98999,742.54480
2026-06-02 10:30:00,742.53003,744.099976,742.44000,744.080017
2026-06-02 10:45:00,744.099915,744.57001,743.54999,744.53998
2026-06-02 11:00:00,744.54999,745.10999,743.78998,745.10498
2026-06-02 11:15:00,745.12000,745.37000,744.78998,745.099976
2026-06-02 11:30:00,745.070129,745.58002,744.74011,745.14001
2026-06-02 11:45:00,745.15997,745.89001,744.92999,745.70001
2026-06-02 12:00:00,745.69000,746.21997,745.17999,745.92999
2026-06-02 12:15:00,745.96002,745.96002,744.76050,744.95001
2026-06-02 12:30:00,744.96088,745.34003,744.52002,744.69501
2026-06-02 12:45:00,744.66998,745.79999,744.56000,745.75629
2026-06-02 13:00:00,745.72998,746.020020,745.39001,745.82013
2026-06-02 13:15:00,745.83002,745.83002,744.31000,744.55499
2026-06-02 13:30:00,744.56000,744.70001,743.73499,744.38000
2026-06-02 13:45:00,744.38000,744.71503,744.14001,744.20001
2026-06-02 14:00:00,744.20001,745.070007,743.90503,744.69501
2026-06-02 14:15:00,744.67999,744.67999,744.26001,744.47998
2026-06-02 14:30:00,744.47998,744.84998,743.5,743.97998
2026-06-02 14:45:00,743.92999,744.53003,743.87988,744.46918
2026-06-02 15:00:00,744.47998,745.51001,744.46997,745.27002
2026-06-02 15:15:00,745.34003,745.59998,745.010010,745.030029
2026-06-02 15:30:00,745.030029,745.59003,744.98999,745.48993
2026-06-02 15:45:00,745.47998,746.44000,745.40002,746.14001
2026-06-03 09:30:00,747.42,748.64,744.1,744.1
2026-06-03 09:45:00,744.16,744.66,741.03,742.64
2026-06-03 10:00:00,742.63,745.71,742.44,745.71
2026-06-03 10:15:00,745.71,746.59,745.12,746.59
2026-06-03 10:30:00,746.55,746.91,745.22,746.01
2026-06-03 10:45:00,746.09,746.52,744.71,745.19
2026-06-03 11:00:00,745.21,746.36,745.16,745.86
2026-06-03 11:15:00,745.84,745.88,743.95,745.14
2026-06-03 11:30:00,745.18,745.74,743.54,743.63
2026-06-03 11:45:00,743.6,744.315,742.76,743.69
2026-06-03 12:00:00,743.74,744.09,743.06,743.88
2026-06-03 12:15:00,743.82,743.82,741.91,742.38
2026-06-03 12:30:00,742.44,743.02,741.27,741.84
2026-06-03 12:45:00,741.86,743.74,741.86,743.74
2026-06-03 13:00:00,743.75,743.75,741.98,742.15
2026-06-03 13:15:00,742.15,742.93,741.62,742.92
2026-06-03 13:30:00,742.905,743.9,742.22,743.85
2026-06-03 13:45:00,743.935,744.7,743.7,744.6
2026-06-03 14:00:00,744.62,744.81,743.84,744.12
2026-06-03 14:15:00,744.11,745.455,743.75,745.36
2026-06-03 14:30:00,745.45,745.5,744.4,744.8
2026-06-03 14:45:00,744.82,745.17,744.42,744.77
2026-06-03 15:00:00,744.77,744.96,743.92,744.385
2026-06-03 15:15:00,744.41,744.93,743.78,744.355
2026-06-03 15:30:00,744.34,745.69,744.18,745.54
2026-06-03 15:45:00,745.5,745.75,743.95,744.24
2026-06-04 09:30:00,735.48999,737.79999,734.070007,734.46002
2026-06-04 09:45:00,734.46997,736.60999,733.56000,735
2026-06-04 10:00:00,735,735.75,732.63000,735.69000
2026-06-04 10:15:00,735.67010,737.34998,735.020020,737.19000
2026-06-04 10:30:00,737.15002,737.32001,736.020020,736.17999
2026-06-04 10:45:00,736.15997,737.58002,735.98877,737.52008
2026-06-04 11:00:00,737.57001,739.90002,737.53998,739.83002
2026-06-04 11:15:00,739.84998,740.27002,739.35999,739.61047
2026-06-04 11:30:00,739.63000,739.78003,738.89001,739.059998
2026-06-04 11:45:00,739.10999,739.14001,737.71997,738.94000
2026-06-04 12:00:00,738.96002,739.88000,738.5,739.65002
2026-06-04 12:15:00,739.60999,740.67499,739.60138,740.54999
2026-06-04 12:30:00,740.55499,740.79633,739.54010,740.63000
2026-06-04 12:45:00,740.64001,740.88000,740.22009,740.52002
2026-06-04 13:00:00,740.52002,741.070007,740.17999,740.89001
2026-06-04 13:15:00,740.89069,741.45001,740.44000,741.39001
2026-06-04 13:30:00,741.38501,742.020020,741.31000,741.99500
2026-06-04 13:45:00,742.020020,742.57001,741.69000,742.5
2026-06-04 14:00:00,742.49500,743.42999,742.40503,743.29999
2026-06-04 14:15:00,743.28003,743.38000,742.84998,743.15997
2026-06-04 14:30:00,743.13501,743.25,742.41998,742.77991
2026-06-04 14:45:00,742.77100,743.25500,742.21997,742.40210
2026-06-04 15:00:00,742.44000,743.16998,742.10071,742.32001
2026-06-04 15:15:00,742.32001,743.31000,741.74500,743.28149
2026-06-04 15:30:00,743.27502,743.49878,742.10999,742.16498
2026-06-04 15:45:00,742.14001,744.21002,740.39001,740.5
2026-06-05 09:30:00,729.92603,731.67999,727.45001,727.5
2026-06-05 09:45:00,727.51001,728.030029,723.65399,723.70001
2026-06-05 10:00:00,723.73999,726.13000,723.34003,726.13000
2026-06-05 10:15:00,726.14001,727.84003,724.42010,724.95990
2026-06-05 10:30:00,724.95502,727.47998,724.73999,725.44000
2026-06-05 10:45:00,725.40442,726.12000,724.53003,725.66022
2026-06-05 11:00:00,725.67999,726.039978,722.58008,722.58008
2026-06-05 11:15:00,722.59003,723.47998,721.76001,722.31818
2026-06-05 11:30:00,722.22021,722.84998,719.85999,720.58002
2026-06-05 11:45:00,720.55499,721.46997,720.19012,720.98999
2026-06-05 12:00:00,720.94012,720.97998,718.62000,719.33002
2026-06-05 12:15:00,719.28998,719.31989,717.91498,718.079895
2026-06-05 12:30:00,718.075012,718.21002,715,715.38501
2026-06-05 12:45:00,715.35999,717.20001,714.19501,716.81000
2026-06-05 13:00:00,716.82001,716.83002,714.059998,714.83502
2026-06-05 13:15:00,714.78003,715.79999,713.70001,715.65002
2026-06-05 13:30:00,715.62000,717.21002,714.77002,715.089905
2026-06-05 13:45:00,715.070129,716.46002,714.85071,716.39001
2026-06-05 14:00:00,716.40002,716.52002,712.46002,712.62000
2026-06-05 14:15:00,712.62000,712.65997,710.31000,710.81000
2026-06-05 14:30:00,710.83002,711.14001,708.54999,709.29999
2026-06-05 14:45:00,709.31000,710.20001,707.29999,709.64001
2026-06-05 15:00:00,709.63000,710.10999,706.090027,706.64008
2026-06-05 15:15:00,706.56000,708.78003,704.32001,708.72998
2026-06-05 15:30:00,708.72998,708.82001,706.23999,707.39001
2026-06-05 15:45:00,707.34991,709.73999,705.049988,705.21002
2026-06-08 09:30:00,717.81000,719.21002,714.67999,717.53998
2026-06-08 09:45:00,717.56000,718.52002,713.38000,713.53998
2026-06-08 10:00:00,713.51001,716.45001,713.099976,715.70001
2026-06-08 10:15:00,715.72998,717.89697,714.12000,717.56000
2026-06-08 10:30:00,717.47998,719.64001,717.25,718.33002
2026-06-08 10:45:00,718.35999,721.52002,718.35999,721.42999
2026-06-08 11:00:00,721.44000,722.82001,721.17999,722.35999
2026-06-08 11:15:00,722.40997,723.027588,720.14001,720.25201
2026-06-08 11:30:00,720.29907,721.62000,718.58002,721.60999
2026-06-08 11:45:00,721.60498,722.27002,719.46997,719.82037
2026-06-08 12:00:00,719.87000,720.83002,719.10999,720.45001
2026-06-08 12:15:00,720.52002,721.82001,719.15997,719.27002
2026-06-08 12:30:00,719.27002,720,718.47998,719.28003
2026-06-08 12:45:00,719.27502,720.34991,719.039978,719.099976
2026-06-08 13:00:00,719.125,719.17499,716.84003,717.89008
2026-06-08 13:15:00,717.88000,719.72998,716.79999,719.67987
2026-06-08 13:30:00,719.59003,720.14001,717.41998,717.46210
2026-06-08 13:45:00,717.49878,719.54999,717.48999,718.57001
2026-06-08 14:00:00,718.62000,719.85999,718.51007,718.72998
2026-06-08 14:15:00,718.76001,719.53998,718.60999,719.34009
2026-06-08 14:30:00,719.35010,720.0050049,717.87000,717.95001
2026-06-08 14:45:00,717.94012,718.90002,717.92999,718.21997
2026-06-08 15:00:00,718.23499,718.33990,715.41998,715.43402
2026-06-08 15:15:00,715.47650,716.020020,714.22998,715.65002
2026-06-08 15:30:00,715.66498,717.059998,715.28003,715.63000
2026-06-08 15:45:00,715.63000,716.53003,715.21002,716.099976
2026-06-09 09:30:00,722.96997,723.78998,720.5,723.70007
2026-06-09 09:45:00,723.72998,725.65997,721.33002,721.50500
2026-06-09 10:00:00,721.46997,722.40002,716.94000,717.10999
2026-06-09 10:15:00,717.020020,717.91998,714.010010,715.95001
2026-06-09 10:30:00,715.92999,716.96997,711.76001,712.125
2026-06-09 10:45:00,712.17999,712.75,707.15997,710.94012
2026-06-09 11:00:00,710.98999,712.42999,708.62000,711.039978
2026-06-09 11:15:00,711.029907,711.29938,701.5,701.72998
2026-06-09 11:30:00,701.76001,703.78998,700.60999,702.79999
2026-06-09 11:45:00,702.81000,704.40503,697.40002,697.71002
2026-06-09 12:00:00,697.75,699.92999,694.77008,695.92499
2026-06-09 12:15:00,695.88000,696.020020,690.64001,693.57501
2026-06-09 12:30:00,693.5,694.71991,686.37000,689.95001
2026-06-09 12:45:00,689.89001,692.65997,687.60748,692.56500
2026-06-09 13:00:00,692.54999,697.22998,692.21997,696.66998
2026-06-09 13:15:00,696.64502,700,695.60999,698.95502
2026-06-09 13:30:00,698.92999,703.35999,698.039978,701.90991
2026-06-09 13:45:00,701.91638,702.34998,698.22998,700.97998
2026-06-09 14:00:00,701.090027,702.40997,699.91998,701.78003
2026-06-09 14:15:00,701.79999,704.61499,700.81000,704.46997
2026-06-09 14:30:00,704.46997,706.22992,703.039978,703.21997
2026-06-09 14:45:00,703.23999,707.31000,703.090027,706.73999
2026-06-09 15:00:00,706.70001,708.59998,704.030029,704.16998
2026-06-09 15:15:00,704.22998,704.38000,701.17999,703.96997
2026-06-09 15:30:00,703.95001,704.76001,701.53003,703.14502
2026-06-09 15:45:00,703.17999,708.28003,701.44000,707.96002
2026-06-10 09:30:00,701.66,707.42,699.75,707.17
2026-06-10 09:45:00,707.09,709.14,704.885,705.75
2026-06-10 10:00:00,705.79,709.16,704.52,707.44
2026-06-10 10:15:00,707.47,710.76,706.36,709.39
2026-06-10 10:30:00,709.32,711.28,707.26,707.26
2026-06-10 10:45:00,707.11,708.19,701.69,702.8
2026-06-10 11:00:00,702.825,704.76,699.07,699.07
2026-06-10 11:15:00,699.03,702.19,697.12,700.15
2026-06-10 11:30:00,700.2,702.06,698.5,701.68
2026-06-10 11:45:00,701.62,702.16,696.2,701.69
2026-06-10 12:00:00,701.77,702.62,698.36,698.525
2026-06-10 12:15:00,698.56,699.67,697.96,698.84
2026-06-10 12:30:00,698.47,701.55,697.99,699.22
2026-06-10 12:45:00,699.11,699.31,697.04,698.34
2026-06-10 13:00:00,698.34,699.8,696.15,696.58
2026-06-10 13:15:00,696.59,697.81,696.15,697.57
2026-06-10 13:30:00,697.53,697.64,695.9,695.97
2026-06-10 13:45:00,696.01,700.14,695.95,699.81
2026-06-10 14:00:00,699.82,701.07,699.13,699.82
2026-06-10 14:15:00,699.81,700.53,697.88,698.21
2026-06-10 14:30:00,698.03,698.25,696.3,696.95
2026-06-10 14:45:00,696.97,696.99,694.88,695.64
2026-06-10 15:00:00,695.65,697.05,694.9,695.28
2026-06-10 15:15:00,695.32,695.34,692.93,694.23
2026-06-10 15:30:00,694.18,696.97,693.705,695.94
2026-06-10 15:45:00,695.87,696.92,693.75,693.95
2026-06-11 09:30:00,699.28998,700.34003,696.82001,698.96997
2026-06-11 09:45:00,698.95001,705.54999,698.19501,702.77002
2026-06-11 10:00:00,702.83002,706.40997,701.099976,701.42999
2026-06-11 10:15:00,701.38000,703.5,699.20001,702.125
2026-06-11 10:30:00,702.10498,703.84003,700.40997,700.83002
2026-06-11 10:45:00,700.87000,701.44989,695.72998,696.75049
2026-06-11 11:00:00,696.77002,700.22601,695,699.52008
2026-06-11 11:15:00,699.57501,701.78998,699.094971,699.34998
2026-06-11 11:30:00,699.34998,702.97998,698.96997,700.78998
2026-06-11 11:45:00,700.78998,702.16998,699.79999,701.81128
2026-06-11 12:00:00,701.78003,704.39502,701,704.039978
2026-06-11 12:15:00,704.039978,704.59003,701.35999,701.47498
2026-06-11 12:30:00,701.45001,704.37000,700.91998,702.44000
2026-06-11 12:45:00,702.40002,702.83002,699.54999,699.54999
2026-06-11 13:00:00,699.63000,700.54999,698.26001,699
2026-06-11 13:15:00,698.97998,707.44000,697.46008,707.27002
2026-06-11 13:30:00,707.27002,712.53998,707.27002,712
2026-06-11 13:45:00,712.070007,712.48999,708.090027,710.39001
2026-06-11 14:00:00,710.38501,711.34998,706.85498,709.65503
2026-06-11 14:15:00,709.63000,711.64990,708.89001,709.81000
2026-06-11 14:30:00,709.84003,711,709.43011,710.71002
2026-06-11 14:45:00,710.62000,712.73999,710.46002,711.75
2026-06-11 15:00:00,711.76001,714.25,710.81000,713.96503
2026-06-11 15:15:00,714.049988,716.030029,713.67999,715.50830
2026-06-11 15:30:00,715.59003,718.37207,715.48499,717.34998
2026-06-11 15:45:00,717.33002,717.40002,715.039978,716.56000
2026-06-12 09:30:00,717.60999,717.66998,712.010010,712.44000
2026-06-12 09:45:00,712.47998,715.53998,711.28003,714.25
2026-06-12 10:00:00,714.27002,720.125,713.91998,718.83002
2026-06-12 10:15:00,718.81000,720.81500,717.41998,718.065002
2026-06-12 10:30:00,718,720.32001,715.52002,715.59003
2026-06-12 10:45:00,715.59003,721.32001,714.17999,720.96997
2026-06-12 11:00:00,721.079895,722.82001,720.40997,722.45343
2026-06-12 11:15:00,722.50500,724.010010,721.75,723.65002
2026-06-12 11:30:00,723.66498,723.74829,719.22998,719.44000
2026-06-12 11:45:00,719.42999,720.72998,715.58002,716.27502
2026-06-12 12:00:00,716.28998,721.46002,715.57001,720.065002
2026-06-12 12:15:00,720.080017,721.78003,718.95001,720.039978
2026-06-12 12:30:00,719.98999,721.15002,719.54999,720.054993
2026-06-12 12:45:00,720.040100,722.12000,719.91998,721.91998
2026-06-12 13:00:00,721.96997,723.79999,721.60999,722.63000
2026-06-12 13:15:00,722.65002,723.65002,722.34003,723.065002
2026-06-12 13:30:00,723.080017,723.22998,722.10999,722.54999
2026-06-12 13:45:00,722.53003,723.13000,721.28998,722.12000
2026-06-12 14:00:00,722.16998,722.75,720.78998,721.32001
2026-06-12 14:15:00,721.34180,721.87988,720.34998,721.67999
2026-06-12 14:30:00,721.68011,723.020020,721.64001,722.78003
2026-06-12 14:45:00,722.78998,722.84003,721.039978,721.22998
2026-06-12 15:00:00,721.15002,722.78003,721.050476,721.67999
2026-06-12 15:15:00,721.65997,722.39001,721.15002,721.56000
2026-06-12 15:30:00,721.46002,722.059998,719.59003,720.96997
2026-06-12 15:45:00,720.95801,722.070007,720.36011,721.32001
2026-06-15 09:30:00,738.090027,740.45001,737.38000,739.65997
2026-06-15 09:45:00,739.67999,742,739.53003,739.67987
2026-06-15 10:00:00,739.69000,741.15002,739.19000,740.34003
2026-06-15 10:15:00,740.32001,741.10992,738.94000,740.99200
2026-06-15 10:30:00,741.070007,741.28003,739.65002,740.020020
2026-06-15 10:45:00,740.030029,741.95001,739.83502,741.44598
2026-06-15 11:00:00,741.44000,742.70001,741.34998,742.48999
2026-06-15 11:15:00,742.51001,743.28992,742.070007,743.12000
2026-06-15 11:30:00,743.15997,743.34998,742.15503,742.94000
2026-06-15 11:45:00,742.95001,744.15997,742.90997,743.96997
2026-06-15 12:00:00,743.97998,744.52002,743.70001,744.20001
2026-06-15 12:15:00,744.21002,744.71997,743.71002,744.47498
2026-06-15 12:30:00,744.46698,744.75989,743.52661,743.96997
2026-06-15 12:45:00,743.96002,743.96002,743.27002,743.66998
2026-06-15 13:00:00,743.67999,744.10419,742.77002,743.33002
2026-06-15 13:15:00,743.31500,744.23999,743.21503,744.010010
2026-06-15 13:30:00,744.030029,744.23499,743.56500,743.84998
2026-06-15 13:45:00,743.84003,744.070007,743.32141,743.44000
2026-06-15 14:00:00,743.46997,743.72998,742.79999,743.65997
2026-06-15 14:15:00,743.69000,743.91998,742.94000,743.039978
2026-06-15 14:30:00,743.020020,744.099976,742.65002,744
2026-06-15 14:45:00,743.96600,744.28003,743.34998,743.53003
2026-06-15 15:00:00,743.53003,743.77002,743.039978,743.42999
2026-06-15 15:15:00,743.42999,743.73749,742.82001,742.82001
2026-06-15 15:30:00,742.81000,743.62000,742.57001,743.39001
2026-06-15 15:45:00,743.38000,743.94000,742.42999,743.81000
2026-06-16 09:30:00,742.28003,743.48999,740.82001,742.47498
2026-06-16 09:45:00,742.46002,744.21997,741.96997,742.21997
2026-06-16 10:00:00,742.26001,743.34003,741.90009,742.40997
2026-06-16 10:15:00,742.42987,742.63458,738.90002,739.10999
2026-06-16 10:30:00,739.090027,739.96002,736.94000,739.22998
2026-06-16 10:45:00,739.15997,739.15997,736.28748,737.20001
2026-06-16 11:00:00,737.20001,738.72961,736.95203,737.70001
2026-06-16 11:15:00,737.70001,738.35999,734.73999,735.60999
2026-06-16 11:30:00,735.71002,736.58002,733.92999,734.17999
2026-06-16 11:45:00,734.12000,735.46997,732.51001,733.95007
2026-06-16 12:00:00,733.96002,736.40997,733.88000,735.58502
2026-06-16 12:15:00,735.60999,736.53998,735.11499,735.67499
2026-06-16 12:30:00,735.66998,735.78003,733.42999,734.71997
2026-06-16 12:45:00,734.73999,735.28998,733.57001,734.66992
2026-06-16 13:00:00,734.62000,734.65997,733.59998,734.15002
2026-06-16 13:15:00,734.16498,734.43988,732.95502,733.64990
2026-06-16 13:30:00,733.62000,733.84003,732.27002,733.29498
2026-06-16 13:45:00,733.28998,735.059998,732.96997,734.049988
2026-06-16 14:00:00,734.048828,734.46997,733.88000,733.97430
2026-06-16 14:15:00,733.98499,734.21991,733.28998,733.85999
2026-06-16 14:30:00,733.88000,734,732.77002,733.66498
2026-06-16 14:45:00,733.65997,733.81000,732.76001,733.16998
2026-06-16 15:00:00,733.16998,734.040100,731.89001,732.12000
2026-06-16 15:15:00,732.12000,733.28998,730.65002,733.14001
2026-06-16 15:30:00,733.13501,733.52002,731.28998,732.41498
2026-06-16 15:45:00,732.38000,732.53003,729.64001,729.78003
2026-06-17 09:30:00,735.21997,735.25,732.15002,735
2026-06-17 09:45:00,734.73499,735.57001,730.88000,730.91998
2026-06-17 10:00:00,730.92999,733.34302,730.31012,733.23499
2026-06-17 10:15:00,733.23999,735.67798,733.030029,734.83002
2026-06-17 10:30:00,734.88501,734.90002,731.57001,733.010010
2026-06-17 10:45:00,732.98999,733.69818,729.56000,731.22998
2026-06-17 11:00:00,731.23999,732.67529,730.87000,732.45502
2026-06-17 11:15:00,732.44000,733.57001,732.059998,732.63501
2026-06-17 11:30:00,732.62000,733.44000,732.18939,732.58002
2026-06-17 11:45:00,732.60907,733.62543,732.56000,733.42999
2026-06-17 12:00:00,733.46002,733.94000,732.79999,733.26001
2026-06-17 12:15:00,733.27002,733.97998,732.92999,733.65002
2026-06-17 12:30:00,733.66998,733.94000,732.71002,732.97998
2026-06-17 12:45:00,733,733,732.15002,732.47998
2026-06-17 13:00:00,732.47998,732.47998,730.51001,731.76001
2026-06-17 13:15:00,731.71997,732.94000,731.18500,732.78009
2026-06-17 13:30:00,732.75,732.89001,731.94501,732.22498
2026-06-17 13:45:00,732.26001,734.10999,732.030029,734.067505
2026-06-17 14:00:00,734.059998,734.21002,724.53003,729.12000
2026-06-17 14:15:00,729.049988,731.085022,727.20001,728.68951
2026-06-17 14:30:00,728.67999,735.38000,727.79999,735
2026-06-17 14:45:00,735.030029,735.049988,728.080017,729.41998
2026-06-17 15:00:00,729.42999,731.76001,727.65997,731.28998
2026-06-17 15:15:00,731.31030,731.47998,725.20001,725.84998
2026-06-17 15:30:00,725.83002,726.67999,721.12000,721.84723
2026-06-17 15:45:00,721.88000,724.094971,720.84998,722.40002
2026-06-18 09:30:00,737.099976,737.64001,732.53003,732.72498
2026-06-18 09:45:00,732.69000,735.98999,732.69000,734.20502
2026-06-18 10:00:00,734.39001,737.23499,733.87000,735.64001
2026-06-18 10:15:00,735.63000,738.41962,735.099976,735.52002
2026-06-18 10:30:00,735.48999,737.62000,734.20001,736.78003
2026-06-18 10:45:00,736.71002,738.79999,736.67999,737.91998
2026-06-18 11:00:00,737.90002,739.14001,737.030090,738.039978
2026-06-18 11:15:00,738.059998,738.46002,736.65002,736.97992
2026-06-18 11:30:00,736.97998,737.71997,734.98999,735.88788
2026-06-18 11:45:00,735.82001,738.54999,734.95001,738.29999
2026-06-18 12:00:00,738.28003,739.020020,737.97998,738.47998
2026-06-18 12:15:00,738.54999,739.46991,738,739.26001
2026-06-18 12:30:00,739.28003,739.84998,738.79999,739.48407
2026-06-18 12:45:00,739.47998,739.60101,738.53998,739.33502
2026-06-18 13:00:00,739.34998,740.23999,738.66998,740.012512
2026-06-18 13:15:00,740,740.54889,739.59003,739.99951
2026-06-18 13:30:00,739.98999,740.62000,739.96997,740.32001
2026-06-18 13:45:00,740.33002,740.58002,739.82001,739.91498
2026-06-18 14:00:00,739.96002,740.21997,739.57001,739.71002
2026-06-18 14:15:00,739.73907,739.98999,739.30371,739.59003
2026-06-18 14:30:00,739.59998,739.60999,738.91101,739.13501
2026-06-18 14:45:00,739.15991,740.14001,739.059998,739.47498
2026-06-18 15:00:00,739.47998,739.73999,738.42999,738.63000
2026-06-18 15:15:00,738.57001,739.69000,738.47998,739.47998
2026-06-18 15:30:00,739.44000,740.94000,738.75,740.89502
2026-06-18 15:45:00,740.89001,741.78998,739.69000,739.69000
2026-06-22 09:30:00,742.020020,744.43988,740.42999,741.20001
2026-06-22 09:45:00,741.21002,744.69501,741.19000,744.69501
2026-06-22 10:00:00,744.59998,745.42999,743.81000,744.059998
2026-06-22 10:15:00,744.059998,744.10999,740.15002,740.43500
2026-06-22 10:30:00,740.48999,740.55499,737.030029,737.34998
2026-06-22 10:45:00,737.32001,738.65997,735.34998,737.66949
2026-06-22 11:00:00,737.71002,738.59003,736.79999,737.36499
2026-06-22 11:15:00,737.55011,738.013123,736.31000,736.62860
2026-06-22 11:30:00,736.63013,738.46997,736.17999,737.92999
2026-06-22 11:45:00,737.90002,738.50500,735.35999,735.73761
2026-06-22 12:00:00,735.73999,736.40997,734.39001,736.28992
2026-06-22 12:15:00,736.27002,737.088623,735.58002,736.40002
2026-06-22 12:30:00,736.44000,736.45001,734.90997,735.38000
2026-06-22 12:45:00,735.39001,736.84003,734.87000,736.46997
2026-06-22 13:00:00,736.47998,736.77002,735.10999,735.97998
2026-06-22 13:15:00,735.98999,737.010010,735.96997,736.64148
2026-06-22 13:30:00,736.65997,736.88000,735.76501,736.29999
2026-06-22 13:45:00,736.29999,737.95001,736.15002,737.12000
2026-06-22 14:00:00,737.15997,737.67999,736.81000,737.375
2026-06-22 14:15:00,737.40002,738.27002,737.14502,737.42999
2026-06-22 14:30:00,737.45001,737.90991,736.29999,736.34998
2026-06-22 14:45:00,736.37000,736.90002,735.53998,735.71997
2026-06-22 15:00:00,735.76001,736.64001,735.12830,736.054993
2026-06-22 15:15:00,736.080017,736.38000,735.43500,735.47357
2026-06-22 15:30:00,735.52002,736.57001,735.52002,735.79999
2026-06-22 15:45:00,735.78998,738.5,735.76001,738.049988
2026-06-23 09:30:00,714.25,717.79999,713.28003,716.69000
2026-06-23 09:45:00,716.58002,720.90002,715.90997,720.69000
2026-06-23 10:00:00,720.69000,722.79999,720.62000,722.47498
2026-06-23 10:15:00,722.51001,723.60999,721,722.015015
2026-06-23 10:30:00,722.049988,722.35999,719.29999,719.60999
2026-06-23 10:45:00,719.64001,720.65002,717.89008,718.87158
2026-06-23 11:00:00,718.88000,719.65002,716.71997,717.33002
2026-06-23 11:15:00,717.34998,717.62000,715.39001,715.77002
2026-06-23 11:30:00,715.70001,717.28003,715.090027,715.93500
2026-06-23 11:45:00,715.96997,718.049988,715.65002,717.53137
2026-06-23 12:00:00,717.53998,720.29993,717.33002,720.034973
2026-06-23 12:15:00,720.080017,720.28003,718.34998,719.39001
2026-06-23 12:30:00,719.41998,720.039978,718.45001,719.95001
2026-06-23 12:45:00,720.020020,720.069885,718.28003,719.044983
2026-06-23 13:00:00,719.010010,719.45001,717.28998,718.71002
2026-06-23 13:15:00,718.72998,719.70001,718.010010,719.11499
2026-06-23 13:30:00,719.099976,719.78998,718.12000,718.21002
2026-06-23 13:45:00,718.21002,718.58002,715.84998,715.87000
2026-06-23 14:00:00,715.94000,717.080017,715.34003,716.20502
2026-06-23 14:15:00,716.17999,716.60999,715.57300,715.88000
2026-06-23 14:30:00,715.84003,716.054993,713.31000,713.35101
2026-06-23 14:45:00,713.35999,714.049988,712.11011,713.38000
2026-06-23 15:00:00,713.37000,716.34003,712.97498,714.40503
2026-06-23 15:15:00,714.29999,715.77002,713,715.22998
2026-06-23 15:30:00,715.23999,716,714.33002,714.79999
2026-06-23 15:45:00,714.84003,715.67999,713.52002,713.52002
2026-06-24 09:30:00,714.79999,718.49988,712.73999,714.17999
2026-06-24 09:45:00,714.15002,717.21997,711.78003,714.73999
2026-06-24 10:00:00,714.74500,715.65997,713.38000,714.28998
2026-06-24 10:15:00,714.17999,715.80847,710.88000,715.15002
2026-06-24 10:30:00,715.19000,717.21002,715.19000,717.090027
2026-06-24 10:45:00,717.090027,719.59998,716.96997,719.54999
2026-06-24 11:00:00,719.57001,719.92999,716.17999,716.97998
2026-06-24 11:15:00,716.96002,717.87988,715.099976,717.41998
2026-06-24 11:30:00,717.40997,718.049988,715.29999,716.048096
2026-06-24 11:45:00,716.010986,717.64001,714.96002,716.29999
2026-06-24 12:00:00,716.34003,717.5,715.69000,716.71002
2026-06-24 12:15:00,716.79999,717.39001,715.95007,716.27002
2026-06-24 12:30:00,716.26501,716.26501,712.88000,713.57501
2026-06-24 12:45:00,713.57001,714.28943,712.52002,712.78003
2026-06-24 13:00:00,712.71997,714.059998,711.13202,711.31000
2026-06-24 13:15:00,711.33002,711.90002,707.87000,708.030029
2026-06-24 13:30:00,708.059998,709.38000,706.96619,708.080017
2026-06-24 13:45:00,708.039978,709.28003,707,707.46002
2026-06-24 14:00:00,707.47998,709.23999,707.21997,708.71002
2026-06-24 14:15:00,708.71008,711.64282,708.70001,711.090027
2026-06-24 14:30:00,711.14001,711.46997,708.31653,708.92999
2026-06-24 14:45:00,708.90997,708.90997,705.92999,706.43988
2026-06-24 15:00:00,706.42999,708.070007,704.45001,705.53497
2026-06-24 15:15:00,705.55499,707.58002,704.94000,707.32233
2026-06-24 15:30:00,707.34003,708.83502,706.75,707.47498
2026-06-24 15:45:00,707.5,710.96002,707.15002,710.63000
2026-06-25 09:30:00,725.90997,726.76001,716.080017,716.54999
2026-06-25 09:45:00,716.52002,717.71002,705.29999,705.76001
2026-06-25 10:00:00,705.84003,714.86987,705.62000,711.39001
2026-06-25 10:15:00,711.42999,714.65002,709.67999,712.31000
2026-06-25 10:30:00,712.28998,715.37000,711.77002,712.73999
2026-06-25 10:45:00,712.66998,716.77002,711.67999,713.42999
2026-06-25 11:00:00,713.46997,716.070007,710.5,710.94000
2026-06-25 11:15:00,711.030029,714.18988,709.23999,712.91998
2026-06-25 11:30:00,713.044983,715.039978,712.78003,714.91498
2026-06-25 11:45:00,714.875,716.46997,713.89001,714.049988
2026-06-25 12:00:00,714.049988,718.47998,713.70001,718.049988
2026-06-25 12:15:00,718.080017,719.10999,715.84998,716.57001
2026-06-25 12:30:00,716.56500,716.64001,713.54999,713.84998
2026-06-25 12:45:00,713.84003,715.43848,712.29999,714.62000
2026-06-25 13:00:00,714.60358,716.91498,714.39001,716.23999
2026-06-25 13:15:00,716.28998,717.67999,714.41010,716.58679
2026-06-25 13:30:00,716.67999,717.37000,715.56000,715.89001
2026-06-25 13:45:00,715.90997,717.48999,714.63000,717.34119
2026-06-25 14:00:00,717.31000,717.78998,714.58002,716.78998
2026-06-25 14:15:00,716.79999,719.59003,716.14001,719.27002
2026-06-25 14:30:00,719.26001,719.26001,715.98999,717.15997
2026-06-25 14:45:00,717.094971,717.62939,715.070007,716.62000
2026-06-25 15:00:00,716.79999,716.79999,714.059998,714.32001
2026-06-25 15:15:00,714.27002,714.97998,713.21002,714.58002
2026-06-25 15:30:00,714.54999,714.69897,713.099976,714.39801
2026-06-25 15:45:00,714.31000,716.35999,712.96002,716.26001
2026-06-26 09:30:00,707.090027,707.38000,702.81000,706.71002
2026-06-26 09:45:00,706.72998,709.65002,704.20001,709.12000
2026-06-26 10:00:00,709.14001,712.94000,708.62000,712.59003
2026-06-26 10:15:00,712.54999,714.33002,710.96002,712.71991
2026-06-26 10:30:00,712.69000,713.25,709.37000,710.20459
2026-06-26 10:45:00,710.26501,712.34991,709.65997,710.50012
2026-06-26 11:00:00,710.56000,711.64001,708.91498,709.059998
2026-06-26 11:15:00,709.070007,712.56000,708.21997,712.51001
2026-06-26 11:30:00,712.52008,715.54999,711.97382,715.090027
2026-06-26 11:45:00,715.070007,715.27002,711.10999,713.21002
2026-06-26 12:00:00,713.25,713.35999,710.88000,711.71997
2026-06-26 12:15:00,711.71002,712.40900,710.27002,711.84998
2026-06-26 12:30:00,711.90002,713.79810,711.82001,712.67999
2026-06-26 12:45:00,712.73999,713.84003,712.45599,713.044983
2026-06-26 13:00:00,713.070007,715.16992,712.68500,713.96002
2026-06-26 13:15:00,714.039917,714.090027,712.20007,713.61499
2026-06-26 13:30:00,713.57001,714.59003,711.78632,712.72180
2026-06-26 13:45:00,712.71997,713.069885,711.22998,711.39001
2026-06-26 14:00:00,711.46997,712.33002,711.010010,711.30499
2026-06-26 14:15:00,711.28998,711.60999,709.34003,709.48999
2026-06-26 14:30:00,709.47998,710.62000,709.28998,709.79999
2026-06-26 14:45:00,709.71002,709.71002,707.71002,708.37000
2026-06-26 15:00:00,708.42999,710.5,707.87000,710.46008
2026-06-26 15:15:00,710.40503,710.46002,708.53003,709.23999
2026-06-26 15:30:00,709.26001,711.48999,708.67999,711.29999
2026-06-26 15:45:00,711.31000,712.010010,705.21002,705.53998
2026-06-29 09:30:00,713.98999,717.53369,711.88000,717.28998
2026-06-29 09:45:00,717.28998,718.65997,712.47998,713.38989
2026-06-29 10:00:00,713.56000,713.72998,706.46008,706.53998
2026-06-29 10:15:00,706.46997,711.96997,705.17200,711.84003
2026-06-29 10:30:00,711.85999,714.38000,711.40997,712.65002
2026-06-29 10:45:00,712.5,715.96002,710.65002,715.90002
2026-06-29 11:00:00,715.92999,716.31000,714.71002,716.090027
2026-06-29 11:15:00,716.17999,717.32001,714.56000,717.22998
2026-06-29 11:30:00,717.23999,718.54999,716.40997,718.46997
2026-06-29 11:45:00,718.45001,719.059998,717.45001,718.94897
2026-06-29 12:00:00,718.91998,719.84998,718.78003,719.15002
2026-06-29 12:15:00,719.099976,720.53003,719.099976,719.59857
2026-06-29 12:30:00,719.64001,720.58002,718.93500,720.51001
2026-06-29 12:45:00,720.48999,721.12000,720.17999,720.70880
2026-06-29 13:00:00,720.71002,722.72998,720.66998,722.40479
2026-06-29 13:15:00,722.42999,723.046997,721.46997,723
2026-06-29 13:30:00,722.98999,723.63000,722.40997,722.89001
2026-06-29 13:45:00,722.88000,723.44000,722.52008,722.82013
2026-06-29 14:00:00,722.83948,723.32001,722.58002,723.26001
2026-06-29 14:15:00,723.25,723.33002,722.42999,722.53369
2026-06-29 14:30:00,722.59998,724.11627,722.47998,724.059998
2026-06-29 14:45:00,724.059998,724.41998,723.37000,723.48999
2026-06-29 15:00:00,723.53003,723.84998,722.75,723.15051
2026-06-29 15:15:00,723.14001,724.25,723,723.42999
2026-06-29 15:30:00,723.46002,724.0098877,722.97998,723.37000
2026-06-29 15:45:00,723.34998,724.58002,722.23999,724.030029
2026-06-30 09:30:00,724.16998,729.44000,723.91998,728.26001
2026-06-30 09:45:00,728.19000,731.90503,727.77002,731.87012
2026-06-30 10:00:00,731.87012,732.59003,729.72998,731.59998
2026-06-30 10:15:00,731.59003,733.31000,731.15997,732.98840
2026-06-30 10:30:00,733.030029,733.77502,732.049988,733.070007
2026-06-30 10:45:00,733.039978,733.039978,729.94000,730.46997
2026-06-30 11:00:00,730.52002,733.030029,730.37000,732.81000
2026-06-30 11:15:00,732.81000,733.16998,732.070007,733.025024
2026-06-30 11:30:00,733.059998,733.57990,732.59003,733.14899
2026-06-30 11:45:00,733.15997,734.71973,733.15002,734.22900
2026-06-30 12:00:00,734.25,735.080017,734.030029,734.90503
2026-06-30 12:15:00,734.91998,735.38977,734.76001,735.034973
2026-06-30 12:30:00,735.039001,735.46997,734.64001,735.42999
2026-06-30 12:45:00,735.45001,736.34998,735.38013,735.82001
2026-06-30 13:00:00,735.83002,736.67999,735.78998,736.020020
2026-06-30 13:15:00,736.039917,736.47998,735.77002,735.88000
2026-06-30 13:30:00,735.94000,736.27002,735.57050,736.22998
2026-06-30 13:45:00,736.23999,736.27002,735.58002,735.78003
2026-06-30 14:00:00,735.81000,736.15002,735.17499,735.81000
2026-06-30 14:15:00,735.78003,736.35999,735.66998,735.97998
2026-06-30 14:30:00,736.010010,736.56000,735.76001,736.51001
2026-06-30 14:45:00,736.51001,736.98749,736.22998,736.48999
2026-06-30 15:00:00,736.47998,737.42999,736.45001,737.39001
2026-06-30 15:15:00,737.38000,737.62000,736.85352,737.049988
2026-06-30 15:30:00,737.049988,737.23969,736.42999,737.15997
2026-06-30 15:45:00,737.15002,737.62000,735.76001,735.76001
2026-07-01 09:30:00,729.15997,729.70001,725.52002,726.91052
2026-07-01 09:45:00,726.70502,730.23999,726.20001,730.16998
2026-07-01 10:00:00,730.23999,731.28998,729.30499,730.32001
2026-07-01 10:15:00,730.34998,730.94000,729.44501,730.28003
2026-07-01 10:30:00,730.23999,730.34998,728.28003,728.28003
2026-07-01 10:45:00,728.23999,729.21002,726.67853,728.030029
2026-07-01 11:00:00,728.030029,729.92999,727.89001,729.72998
2026-07-01 11:15:00,729.77002,731.75,729.77002,731.62158
2026-07-01 11:30:00,731.60999,731.90997,730.051575,730.34998
2026-07-01 11:45:00,730.33002,730.47998,728.79999,729.53998
2026-07-01 12:00:00,729.5,730,728.70001,729.16998
2026-07-01 12:15:00,729.12000,730.16998,728.58002,729.22998
2026-07-01 12:30:00,729.22498,729.65002,728.18372,728.70001
2026-07-01 12:45:00,728.68372,729.10999,727.53003,727.90002
2026-07-01 13:00:00,727.90002,728.54602,727,728.070007
2026-07-01 13:15:00,728.070007,729.12000,727.89001,728.33002
2026-07-01 13:30:00,728.34998,728.65997,727.75,727.83002
2026-07-01 13:45:00,727.87000,728.27002,727.094971,727.19000
2026-07-01 14:00:00,727.22498,727.87000,726.97998,727.070007
2026-07-01 14:15:00,727.020020,727.65997,726.60999,727.12000
2026-07-01 14:30:00,727.090027,727.48999,726.51099,726.77002
2026-07-01 14:45:00,726.75,726.76001,725.65253,726.46002
2026-07-01 15:00:00,726.45001,728.48999,726.36499,727.80579
2026-07-01 15:15:00,727.78003,728.37000,727.36469,727.90912
2026-07-01 15:30:00,727.90503,728.91998,726.57001,726.73999
2026-07-01 15:45:00,726.75,727.17999,724.59998,725.13000
2026-07-02 09:30:00,725.58002,728.22998,723.88000,726.78998
2026-07-02 09:45:00,726.73999,730,726.21002,729.90002
2026-07-02 10:00:00,729.96997,730.82001,726.91998,728.875
2026-07-02 10:15:00,728.88501,729.12000,721.52002,722.16998
2026-07-02 10:30:00,722.17999,723.83002,718.29999,719.070007
2026-07-02 10:45:00,719.090027,720.47498,717.21002,719.81500
2026-07-02 11:00:00,719.84497,720.090027,714.73999,716.89001
2026-07-02 11:15:00,716.85999,717.53998,714.28271,715.81000
2026-07-02 11:30:00,715.76001,719.29999,715.69000,716.82001
2026-07-02 11:45:00,716.70001,717.58002,714.90997,715.81470
2026-07-02 12:00:00,715.91998,716.15790,713.70001,715.20801
2026-07-02 12:15:00,715.19501,715.27002,712.76593,713.010010
2026-07-02 12:30:00,713.020020,713.12000,710.53998,712.60199
2026-07-02 12:45:00,712.59998,712.69879,710.12000,710.78497
2026-07-02 13:00:00,710.82001,711.24402,708.98999,710.58002
2026-07-02 13:15:00,710.54999,711.28998,709.83008,710.40002
2026-07-02 13:30:00,710.39001,711.079773,708.32001,709.45001
2026-07-02 13:45:00,709.38000,709.53003,707.56000,707.78998
2026-07-02 14:00:00,707.84998,711.82001,707.63000,710.76819
2026-07-02 14:15:00,710.77002,711.45001,709.59003,711.42999
2026-07-02 14:30:00,711.44000,712.33002,710.87000,711.29010
2026-07-02 14:45:00,711.28003,712.40503,710.28003,711.5
2026-07-02 15:00:00,711.5,711.84003,708.88000,709.59998
2026-07-02 15:15:00,709.57001,710.40503,708.070007,709.84998
2026-07-02 15:30:00,709.89001,711.12000,709.53998,710.57001
2026-07-02 15:45:00,710.63000,713.78003,710.049988,712.73999
2026-07-06 09:30:00,719.70001,722.27002,718.47998,721.79999
2026-07-06 09:45:00,721.75,723.98999,721.30402,722.17999
2026-07-06 10:00:00,722.27002,724.47998,721.5,724.34003
2026-07-06 10:15:00,724.32001,724.83502,723.53650,724.099976
2026-07-06 10:30:00,724.15002,725.15527,723.54999,724.73499
2026-07-06 10:45:00,724.77002,725.41840,723.52002,724.40997
2026-07-06 11:00:00,724.53998,724.88000,722.85999,723.43011
2026-07-06 11:15:00,723.39001,725.32001,722.44000,725.29999
2026-07-06 11:30:00,725.25,725.69000,724.61011,725.47998
2026-07-06 11:45:00,725.47998,725.84003,725.020020,725.53998
2026-07-06 12:00:00,725.57001,726.080017,725.10999,725.52002
2026-07-06 12:15:00,725.52002,725.65997,724.45001,724.59998
2026-07-06 12:30:00,724.64001,724.90002,723.91998,724.25952
2026-07-06 12:45:00,724.21057,724.74500,723.41998,723.58002
2026-07-06 13:00:00,723.59003,724.70001,723.27002,724.27002
2026-07-06 13:15:00,724.30988,724.59003,722.58002,722.76001
2026-07-06 13:30:00,722.76001,722.89502,721.030029,721.59998
2026-07-06 13:45:00,721.58002,722.33002,721.080017,721.35999
2026-07-06 14:00:00,721.46002,723.12000,721.40002,722.65002
2026-07-06 14:15:00,722.69000,723.85999,722.69000,723.15002
2026-07-06 14:30:00,723.15997,723.50500,722.63000,723.35809
2026-07-06 14:45:00,723.36499,723.97998,723.26001,723.67999
2026-07-06 15:00:00,723.67999,724.52502,723.42999,724.21002
2026-07-06 15:15:00,724.20001,725.19000,724.039978,724.78998
2026-07-06 15:30:00,724.81000,724.84003,723.85999,724.53003
2026-07-06 15:45:00,724.52002,724.82001,722.21002,722.65002
2026-07-07 09:30:00,714.14001,716.33972,711.63000,714.14502
2026-07-07 09:45:00,714.14001,714.16998,710,711.17279
2026-07-07 10:00:00,711.080017,712.025024,707.85999,708.089905
2026-07-07 10:15:00,708.049988,708.94000,706.080017,707.21997
2026-07-07 10:30:00,707.21002,707.76001,704.90002,705.59003
2026-07-07 10:45:00,705.59003,707.75,705.45502,707.19000
2026-07-07 11:00:00,707.16998,708.5,706.44501,707.55573
2026-07-07 11:15:00,707.54999,707.59998,706.41998,707.44940
2026-07-07 11:30:00,707.46002,707.80957,705.84003,707.80957
2026-07-07 11:45:00,707.79999,709.25,707.70001,709.20001
2026-07-07 12:00:00,709.21002,711.23999,708.98999,711.13000
2026-07-07 12:15:00,711.125,713.046204,710.75,712.70001
2026-07-07 12:30:00,712.65997,713.31000,711.58002,712.56000
2026-07-07 12:45:00,712.53998,713.28998,711.99500,712.84998
2026-07-07 13:00:00,712.81000,713.86987,712.65002,712.71997
2026-07-07 13:15:00,712.71997,713.66302,712.20020,712.73999
2026-07-07 13:30:00,712.75,713.59003,712.75,713.45001
2026-07-07 13:45:00,713.44000,713.56989,712.65997,713.56000
2026-07-07 14:00:00,713.58002,713.73999,712.70001,713.090027
2026-07-07 14:15:00,713.099976,713.36499,712.23999,712.35498
2026-07-07 14:30:00,712.35999,712.71002,710.76001,711.28998
2026-07-07 14:45:00,711.27002,711.55499,709.15002,709.29681
2026-07-07 15:00:00,709.34998,709.78748,707.59998,707.96002
2026-07-07 15:15:00,707.96002,707.97998,706.42999,707.67999
2026-07-07 15:30:00,707.58002,708.88000,707.23999,707.38751
2026-07-07 15:45:00,707.40002,709.62000,707.28003,709.38000
2026-07-08 09:30:00,704.97,709.25,704.94,708.54
2026-07-08 09:45:00,708.56,709.76,707.14,709.02
2026-07-08 10:00:00,709,709.28,706,706.71
2026-07-08 10:15:00,706.6,708.94,705.81,707.37
2026-07-08 10:30:00,707.09,708.17,705.17,706.2
2026-07-08 10:45:00,706.19,707.19,703.84,705.21
2026-07-08 11:00:00,705.31,705.47,703.29,703.45
2026-07-08 11:15:00,703.57,703.91,700.98,701.535
2026-07-08 11:30:00,701.88,703.59,701.01,702.79
2026-07-08 11:45:00,702.61,703.17,701.35,702.49
2026-07-08 12:00:00,702.55,705.41,702.38,705.35
2026-07-08 12:15:00,705.21,707.31,704.81,706.79
2026-07-08 12:30:00,706.64,708.47,706.1,708.14
2026-07-08 12:45:00,708.1,709.16,707.56,709.16
2026-07-08 13:00:00,708.88,709.46,708.23,708.27
2026-07-08 13:15:00,708.235,710.83,708.215,710.72
2026-07-08 13:30:00,710.74,711.11,709.34,709.445
2026-07-08 13:45:00,709.445,709.47,707.9,708.59
2026-07-08 14:00:00,708.515,710.39,708.12,709.935
2026-07-08 14:15:00,709.92,710.15,709.065,709.065
2026-07-08 14:30:00,709.05,710.12,708.56,709.78
2026-07-08 14:45:00,709.84,710.32,709.315,709.89
2026-07-08 15:00:00,709.94,710.5,709.27,709.71
2026-07-08 15:15:00,709.71,710.73,709.37,710.44
2026-07-08 15:30:00,710.43,710.525,709.55,710.24
2026-07-08 15:45:00,710.24,712.235,709.48,711.36
2026-07-09 09:30:00,718.28998,721.29999,716.5,721.020020
2026-07-09 09:45:00,721.020020,722.75,719.78009,722.16998
2026-07-09 10:00:00,722.21002,722.53998,719.29999,719.72498
2026-07-09 10:15:00,719.65002,719.65002,715.125,718.77002
2026-07-09 10:30:00,718.79999,719.60999,717.15997,718.64001
2026-07-09 10:45:00,718.65997,720.13000,717.82001,719.32001
2026-07-09 11:00:00,719.39001,721.15997,719.13000,720.94000
2026-07-09 11:15:00,720.81000,721.64001,720.33002,721.35999
2026-07-09 11:30:00,721.38000,722,720.95001,721.56738
2026-07-09 11:45:00,721.58002,722.067017,721.47498,721.66443
2026-07-09 12:00:00,721.70001,722.56000,721.70001,722.030029
2026-07-09 12:15:00,722.0090942,722.40997,721.52252,721.76001
2026-07-09 12:30:00,721.78748,722.38000,721.13000,722.22998
2026-07-09 12:45:00,722.18500,722.29810,721.67999,721.94000
2026-07-09 13:00:00,721.93500,723.65997,721.85999,723.33502
2026-07-09 13:15:00,723.33002,724.15997,723.32397,724.10999
2026-07-09 13:30:00,724.14990,724.22998,723.5,723.78003
2026-07-09 13:45:00,723.78998,724.19501,723.070007,723.78003
2026-07-09 14:00:00,723.77002,724.039978,723.47998,723.87000
2026-07-09 14:15:00,723.87000,723.94000,723.044983,723.42999
2026-07-09 14:30:00,723.40002,723.65002,722.97998,723.44000
2026-07-09 14:45:00,723.42999,723.59003,722.73999,722.96002
2026-07-09 15:00:00,722.98999,723.010010,722.21002,722.45001
2026-07-09 15:15:00,722.46997,723.41998,722.17999,722.79999
2026-07-09 15:30:00,722.78998,723.15503,722.27002,723.099976
2026-07-09 15:45:00,723.10999,723.35999,721.96997,723.17999
2026-07-10 09:30:00,720.70001,723.19000,719.83002,721.22998
2026-07-10 09:45:00,721.27002,724.039978,721.19000,722.83502
2026-07-10 10:00:00,722.79999,723.89941,722.48999,723.25
2026-07-10 10:15:00,723.28003,723.54993,721,722.45410
2026-07-10 10:30:00,722.51001,723.65997,717,721.99500
2026-07-10 10:45:00,721.97998,722.58002,720.059998,720.34991
2026-07-10 11:00:00,720.42999,721.83002,719.35999,721.54999
2026-07-10 11:15:00,721.59003,724.28998,721.58002,724.050903
2026-07-10 11:30:00,724.090027,724.34003,720.58002,721.52002
2026-07-10 11:45:00,721.58002,723.38000,720.95001,723.23999
2026-07-10 12:00:00,723.33002,724.27002,723.33002,724.090027
2026-07-10 12:15:00,724.14001,725.27002,724.14001,724.84003
2026-07-10 12:30:00,724.89001,725.40002,724.72998,725
2026-07-10 12:45:00,724.96997,725.57001,724.87598,725.20178
2026-07-10 13:00:00,725.23999,725.35999,724.53003,724.98077
2026-07-10 13:15:00,724.94849,725.78998,724.84003,725.77002
2026-07-10 13:30:00,725.76819,726.23999,725.47998,726.10498
2026-07-10 13:45:00,726.10999,726.26001,725.33008,725.46899
2026-07-10 14:00:00,725.53998,726.23999,725.41180,725.79999
2026-07-10 14:15:00,725.78003,726.15997,725.15997,725.70001
2026-07-10 14:30:00,725.71002,725.96002,725.34998,725.55981
2026-07-10 14:45:00,725.54999,725.70001,725.25,725.47998
2026-07-10 15:00:00,725.48999,726.39001,725.38000,725.97998
2026-07-10 15:15:00,725.92999,725.97998,725.45001,725.71997
2026-07-10 15:30:00,725.67999,726.17999,725.67999,725.85999
2026-07-10 15:45:00,725.85999,726.10999,725.26001,725.53003
2026-07-13 09:30:00,717.71997,718.42999,713.95001,715.020020
2026-07-13 09:45:00,715.020020,716.049988,713.15002,715.77002
2026-07-13 10:00:00,715.84998,716.59998,714.18848,716.29999
2026-07-13 10:15:00,716.27002,717.58502,712.56000,717.5
2026-07-13 10:30:00,717.60999,718.099976,715.65002,715.97198
2026-07-13 10:45:00,715.94519,717.98999,715.14008,717.90997
2026-07-13 11:00:00,717.92999,718.73999,716.77002,717.070007
2026-07-13 11:15:00,716.96503,718.16998,716.56000,717.65997
2026-07-13 11:30:00,717.65002,718.030029,716.23999,716.37000
2026-07-13 11:45:00,716.29999,716.40997,715,715.35999
2026-07-13 12:00:00,715.33008,715.97498,714.67999,715.37000
2026-07-13 12:15:00,715.40997,715.40997,713.52002,714.059998
2026-07-13 12:30:00,713.98999,713.98999,711.70001,713.53003
2026-07-13 12:45:00,713.62000,713.98999,711.72089,713.26001
2026-07-13 13:00:00,713.29999,714.54999,713.030029,713.59998
2026-07-13 13:15:00,713.64502,713.83081,712.54498,713.010010
2026-07-13 13:30:00,713.020020,713.34998,712.21002,712.85999
2026-07-13 13:45:00,712.90002,713.19000,711.79999,712.049988
2026-07-13 14:00:00,712.10999,713.51001,711.96997,712.97998
2026-07-13 14:15:00,712.96503,713.11499,711.83008,711.97998
2026-07-13 14:30:00,711.96002,713,711.52502,712.62000
2026-07-13 14:45:00,712.64001,713.11499,712.21997,712.41998
2026-07-13 15:00:00,712.46002,713.22882,711.44000,711.71997
2026-07-13 15:15:00,711.73999,711.82001,710.31000,710.63000
2026-07-13 15:30:00,710.65997,711.52002,710.099976,711.40002
2026-07-13 15:45:00,711.44000,712.66998,711.025024,711.71997
2026-07-14 09:30:00,720.14001,720.28601,717.12000,718.85999
2026-07-14 09:45:00,718.83002,720.080017,717.90002,719.39001
2026-07-14 10:00:00,719.42999,720,716.020020,716.71997
2026-07-14 10:15:00,716.59998,718.26001,714.34003,717.17999
2026-07-14 10:30:00,717.13000,720.88000,716.53802,718.19000
2026-07-14 10:45:00,718.21002,719.57001,716.62000,719.29999
2026-07-14 11:00:00,719.46997,721.5,718.87000,721.10999
2026-07-14 11:15:00,721.32001,722.085022,720.58002,722.020020
2026-07-14 11:30:00,722.049988,722.28003,719.95001,720.84497
2026-07-14 11:45:00,720.82001,721.22998,719.049988,719.63000
2026-07-14 12:00:00,719.75,719.75,717.89001,718.53497
2026-07-14 12:15:00,718.58002,719.62988,717.71997,719.51001
2026-07-14 12:30:00,719.53497,720.54999,718.85999,720.21503
2026-07-14 12:45:00,720.22998,720.71057,719.59003,720.62000
2026-07-14 13:00:00,720.63000,721.17999,720.34998,720.50500
2026-07-14 13:15:00,720.56000,721.57001,720.14001,721.15002
2026-07-14 13:30:00,721.21997,721.46002,720.40997,721.099976
2026-07-14 13:45:00,721.090027,721.54999,720.69000,721.5
2026-07-14 14:00:00,721.51001,721.68732,721.039978,721.65002
2026-07-14 14:15:00,721.65997,721.85498,721.15002,721.26001
2026-07-14 14:30:00,721.26001,721.65002,720.070007,720.59998
2026-07-14 14:45:00,720.62000,721.049988,720.34998,720.62000
2026-07-14 15:00:00,720.59003,720.77002,719.52502,720.40997
2026-07-14 15:15:00,720.38000,720.90002,719.94000,719.95001
2026-07-14 15:30:00,719.97998,720.40002,719.28998,720.26001
2026-07-14 15:45:00,720.28003,720.83948,719.47998,719.67999
2026-07-15 09:30:00,723.94000,724.34998,720.83002,720.87000
2026-07-15 09:45:00,720.85999,721.16998,718.92999,720.63202
2026-07-15 10:00:00,720.70001,722.28009,720.21997,720.21997
2026-07-15 10:15:00,720.21002,720.75928,716.20599,718.21503
2026-07-15 10:30:00,718.25,718.53003,713.71997,715.25
2026-07-15 10:45:00,715.23999,716.30499,714.33002,715.96002
2026-07-15 11:00:00,716,716.69989,714.71997,715.015015
2026-07-15 11:15:00,715,716.21002,713.58398,716.21002
2026-07-15 11:30:00,716.16998,716.54999,715,715.58002
2026-07-15 11:45:00,715.58002,715.59998,714.27002,714.73999
2026-07-15 12:00:00,714.71002,715.14001,712.070007,712.14001
2026-07-15 12:15:00,712.13000,712.66992,711.080017,711.84497
2026-07-15 12:30:00,711.82001,712.34497,710.22998,711.44000
2026-07-15 12:45:00,711.44000,713.65002,711.17999,713.020020
2026-07-15 13:00:00,713.020020,714.19000,712.58002,713.5
2026-07-15 13:15:00,713.50348,715.33002,713.40997,715.26001
2026-07-15 13:30:00,715.28003,716.039978,715.26001,715.90997
2026-07-15 13:45:00,715.95001,717.70001,715.73999,717.20001
2026-07-15 14:00:00,717.25641,718.28003,717.13000,717.97992
2026-07-15 14:15:00,717.95001,718.59003,717.20001,718.16949
2026-07-15 14:30:00,718.16998,718.42999,716.59998,716.67999
2026-07-15 14:45:00,716.66998,716.76001,715.049988,715.46002
2026-07-15 15:00:00,715.47998,716.87000,715.28998,716.26007
2026-07-15 15:15:00,716.27502,716.35498,714.92047,716.21997
2026-07-15 15:30:00,716.25,717.53247,715.46002,717.28998
2026-07-15 15:45:00,717.22998,717.84003,716.41998,717.69000
2026-07-16 09:30:00,712,713.59497,708.22998,708.39001
2026-07-16 09:45:00,708.40997,709.46002,707,709.17499
2026-07-16 10:00:00,709.090027,712.76501,708.65002,712.085022
2026-07-16 10:15:00,712.13000,712.90002,710.40997,712.46997
2026-07-16 10:30:00,712.47498,713.070007,711.12000,711.99500
2026-07-16 10:45:00,712.010010,712.31000,709.59003,711.26501
2026-07-16 11:00:00,711.40997,711.85999,708.91998,709.45001
2026-07-16 11:15:00,709.44000,711.65997,708.96002,710.59497
2026-07-16 11:30:00,710.58502,712.020020,709.72998,710.34998
2026-07-16 11:45:00,710.28998,711.28003,709.34998,710.21997
2026-07-16 12:00:00,710.25,710.29999,707.76001,707.88141
2026-07-16 12:15:00,707.84003,717.73999,707.12000,707.96002
2026-07-16 12:30:00,707.96997,708.92999,707.64001,707.84998
2026-07-16 12:45:00,707.79999,709.20001,707.27502,708.86713
2026-07-16 13:00:00,708.92999,708.94000,707.60779,707.67499
2026-07-16 13:15:00,707.71771,708.97998,707.34998,708.73999
2026-07-16 13:30:00,708.78998,709.010010,706.31000,706.59003
2026-07-16 13:45:00,706.59998,707.17999,706.039978,706.60999
2026-07-16 14:00:00,706.59003,707.43341,706.059998,706.35999
2026-07-16 14:15:00,706.37988,708.059998,706,707.21002
2026-07-16 14:30:00,707.099976,707.099976,705.5,706.46002
2026-07-16 14:45:00,706.36499,706.81000,705.53998,705.81000
2026-07-16 15:00:00,705.77002,706.56000,704.92999,705.099976
2026-07-16 15:15:00,705.070007,705.16998,703.59003,704.28998
2026-07-16 15:30:00,704.28998,704.83002,703.56000,703.59003
2026-07-16 15:45:00,703.59998,706.46002,702.60999,706.020020
2026-07-17 09:30:00,691.63000,693.53998,686.76001,687.059998
2026-07-17 09:45:00,687.059998,693.40997,686.87323,693.34998
2026-07-17 10:00:00,693.35498,697.83990,693.039978,696.44000
2026-07-17 10:15:00,696.34998,698.41998,695.83002,697.029907
2026-07-17 10:30:00,697.054993,698.57001,695.31000,696.83002
2026-07-17 10:45:00,696.76001,697.65997,694.35498,694.46997
2026-07-17 11:00:00,694.53998,695.16998,693.28998,694
2026-07-17 11:15:00,693.96997,695.28003,693.14001,695.044983
2026-07-17 11:30:00,695.13501,697.28998,694.31000,696.19501
2026-07-17 11:45:00,696.17999,699.87000,695.83002,699.48999
2026-07-17 12:00:00,699.48999,700.049988,697.35999,699.66998
2026-07-17 12:15:00,699.66498,700.049988,697.71997,699
2026-07-17 12:30:00,698.97998,700.40997,698.37000,700.40997
2026-07-17 12:45:00,700.39001,701.76001,700.21002,700.5
2026-07-17 13:00:00,700.53003,702.29999,700.33502,701.0050049
2026-07-17 13:15:00,701.12000,702.15002,700.65002,702
2026-07-17 13:30:00,701.98999,702.15002,699.75,699.92987
2026-07-17 13:45:00,699.90002,700.34998,698.28003,698.60010
2026-07-17 14:00:00,698.64001,699.53003,697.60999,697.75012
2026-07-17 14:15:00,697.77002,697.90997,696.77002,697.52002
2026-07-17 14:30:00,697.5,698.41998,696.12000,696.40002
2026-07-17 14:45:00,696.40002,698.25,696.14001,697.70001
2026-07-17 15:00:00,697.69000,697.84998,695.19000,695.25
2026-07-17 15:15:00,695.20001,696.29999,694.22998,696.090027
2026-07-17 15:30:00,696.12000,697.25,695.080017,696.090027
2026-07-17 15:45:00,696.080017,697.5,695.16998,695.29999
2026-07-20 09:30:00,702.26001,705.54999,701.78003,705.47998
2026-07-20 09:45:00,705.48999,705.79999,700.65997,701.090027
2026-07-20 10:00:00,701.099976,702.35999,699.68500,700.5
2026-07-20 10:15:00,700.5,701.92999,698.90997,701.89502
2026-07-20 10:30:00,701.88000,702.35999,700.030029,700.34003
2026-07-20 10:45:00,700.27002,701.23999,698.10999,698.53998
2026-07-20 11:00:00,698.51001,700.89001,698.080017,699.78998
2026-07-20 11:15:00,699.90503,701.71997,699.40997,701.53998
2026-07-20 11:30:00,701.54053,701.95001,700.79999,701.78998
2026-07-20 11:45:00,701.81000,702.69000,700.53998,702.38000
2026-07-20 12:00:00,702.40991,704.020020,701.83539,703.71997
2026-07-20 12:15:00,703.78998,703.84998,702.82001,703.18738
2026-07-20 12:30:00,703.26001,703.53998,700.31000,701.29999
2026-07-20 12:45:00,701.21997,702.40002,700.14001,700.82001
2026-07-20 13:00:00,700.78998,701.15997,699.29498,699.40503
2026-07-20 13:15:00,699.37000,700.58002,699.030029,700.15302
2026-07-20 13:30:00,700.15997,700.51538,698.79999,699.030029
2026-07-20 13:45:00,699.015015,700.73999,698.98999,700.14990
2026-07-20 14:00:00,700.27002,701.21997,700.15002,700.99011
2026-07-20 14:15:00,700.98999,701.39001,699.56000,699.93469
2026-07-20 14:30:00,699.95001,699.95990,697.79999,697.81000
2026-07-20 14:45:00,697.83063,698.78998,697.71997,698.070007
2026-07-20 15:00:00,698.090027,698.67999,696.53998,696.56000
2026-07-20 15:15:00,696.57483,698,696.26001,697.67999
2026-07-20 15:30:00,697.71002,698.59918,697.20001,697.90002
2026-07-20 15:45:00,697.95001,698.25818,695.51001,695.98999
2026-07-21 09:30:00,706.67999,707.13000,704.39001,704.71002
2026-07-21 09:45:00,704.71002,705.50989,703.50500,704.90002
2026-07-21 10:00:00,704.96997,705.75,702.81000,704.37000
2026-07-21 10:15:00,704.34991,706.45001,702.90002,706.22998
2026-07-21 10:30:00,706.21997,707,705.20001,706.65997
2026-07-21 10:45:00,706.71002,707.40002,706.31000,707
2026-07-21 11:00:00,706.97998,708.45001,705.65002,708.28998
2026-07-21 11:15:00,708.31000,708.98999,707.83502,708.69000
2026-07-21 11:30:00,708.65997,708.67999,707.51001,707.58002
2026-07-21 11:45:00,707.56000,708.5,707.47998,707.52032
2026-07-21 12:00:00,707.59253,709.099976,707.42999,708.53998
2026-07-21 12:15:00,708.59003,709.40997,708.56000,708.83002
2026-07-21 12:30:00,708.84998,709.38501,708.63000,709
2026-07-21 12:45:00,709,709.78998,708.83002,709.29999
2026-07-21 13:00:00,709.29999,709.88000,709.28998,709.35999
2026-07-21 13:15:00,709.37000,709.60999,709.090027,709.31500
2026-07-21 13:30:00,709.33002,709.76001,709.20001,709.53003
2026-07-21 13:45:00,709.54999,710.049988,709.33002,709.53003
2026-07-21 14:00:00,709.53998,710.030029,709.44098,709.48999
2026-07-21 14:15:00,709.48999,709.62000,709.030029,709.15997
2026-07-21 14:30:00,709.15002,709.71997,708.79999,709.70001
2026-07-21 14:45:00,709.70001,709.89001,708.95001,709.22992
2026-07-21 15:00:00,709.22998,709.40002,708.63501,708.75
2026-07-21 15:15:00,708.73999,709,708.33002,708.39001
2026-07-21 15:30:00,708.41998,709.53998,708.33002,709.46997
2026-07-21 15:45:00,709.45001,709.85999,708.65002,708.95001
2026-07-22 09:30:00,704.34998,705.90002,703.64001,705.72498
2026-07-22 09:45:00,705.71997,708.099976,705.099976,708.099976
2026-07-22 10:00:00,708.090027,708.23999,706.64001,707.090027
2026-07-22 10:15:00,707.080017,707.98999,706.15997,706.70990
2026-07-22 10:30:00,706.69000,707.65997,705.58002,705.90002
2026-07-22 10:45:00,705.87000,707.28998,705.62000,707.19000
2026-07-22 11:00:00,707.20001,708.96002,707.20001,708.79401
2026-07-22 11:15:00,708.79999,709.64728,708.44000,709.22998
2026-07-22 11:30:00,709.23999,709.46997,708.013672,708.37000
2026-07-22 11:45:00,708.34998,709.40997,708.34998,709.35999
2026-07-22 12:00:00,709.37000,709.45001,708.94000,709.33002
2026-07-22 12:15:00,709.33002,709.48767,708.65002,708.90253
2026-07-22 12:30:00,708.90002,709.32001,708.25,708.40002
2026-07-22 12:45:00,708.40002,709.15997,708.070007,708.87000
2026-07-22 13:00:00,708.88000,709.34998,708.67999,708.85999
2026-07-22 13:15:00,708.84998,709.077271,708.50201,708.76978
2026-07-22 13:30:00,708.71503,709.090027,708.15002,708.51001
2026-07-22 13:45:00,708.51001,708.57001,707.039978,707.27380
2026-07-22 14:00:00,707.27002,707.91998,706.81000,706.81000
2026-07-22 14:15:00,706.82001,707.48999,706.73999,707.13000
2026-07-22 14:30:00,707.12012,707.16998,706.40002,706.90002
2026-07-22 14:45:00,706.90997,707.61987,706.78998,707.42499
2026-07-22 15:00:00,707.34003,707.63000,706.59003,706.80499
2026-07-22 15:15:00,706.82001,707.67999,706.64001,707.50043
2026-07-22 15:30:00,707.5,707.53003,706.059998,706.50012
2026-07-22 15:45:00,706.52002,707.31000,705.19000,705.27002
2026-07-23 09:30:00,694.64001,698.65997,693.21002,698
2026-07-23 09:45:00,698,698.28998,694.19000,694.46002
2026-07-23 10:00:00,694.60999,696.69000,693.76001,694.40002
2026-07-23 10:15:00,694.29999,696.15002,693.97998,695.14001
2026-07-23 10:30:00,695.015015,695.98999,692.47998,692.91998
2026-07-23 10:45:00,692.90002,693.52991,691.29498,691.75
2026-07-23 11:00:00,691.78003,691.93988,688.97998,689.26501
2026-07-23 11:15:00,689.27002,691.085022,688.15503,688.63000
2026-07-23 11:30:00,688.63000,690.66998,687.79999,689.28497
2026-07-23 11:45:00,689.26001,691.59998,688.91998,691.56000
2026-07-23 12:00:00,691.59003,692.85999,691.20001,692.56000
2026-07-23 12:15:00,692.56000,694.59003,692.070007,694.41998
2026-07-23 12:30:00,694.39001,695.15002,693.81079,693.95001
2026-07-23 12:45:00,693.90503,693.90503,692.020020,692.80499
2026-07-23 13:00:00,692.76001,693.28998,691.49158,692.84009
2026-07-23 13:15:00,692.78003,693.65002,692.15002,693.13989
2026-07-23 13:30:00,693,693.13000,691.080017,691.65198
2026-07-23 13:45:00,691.63501,692.47998,690.94501,691.020020
2026-07-23 14:00:00,691.010010,691.34003,690.40381,690.82898
2026-07-23 14:15:00,690.83002,691.40997,690.49500,691.16998
2026-07-23 14:30:00,691.14001,691.84998,690.42999,690.59003
2026-07-23 14:45:00,690.57001,691.22998,689.96997,690.56000
2026-07-23 15:00:00,690.54999,690.94000,689.34998,689.44012
2026-07-23 15:15:00,689.42999,691.56989,689.42999,691.28003
2026-07-23 15:30:00,691.33002,691.62000,689.33002,689.33002
2026-07-23 15:45:00,689.34003,692.42999,688.92999,691.91998
2026-07-24 09:30:00,690.25,692.45001,688.5,689.17853
2026-07-24 09:45:00,689.17999,689.71997,685.025024,685.21997
2026-07-24 10:00:00,685.16998,688.28998,684.85999,687.59998
2026-07-24 10:15:00,687.59998,687.84998,684.67,686.88000
2026-07-24 10:30:00,686.90637,686.97998,683.73999,684.35999
2026-07-24 10:45:00,684.39990,688.53900,683.54602,688.27002
2026-07-24 11:00:00,688.29999,689.67999,685.97498,689.33502
2026-07-24 11:15:00,689.31000,690.84998,688.42999,689.49750
2026-07-24 11:30:00,689.5,691.29999,689.12000,689.59998
2026-07-24 11:45:00,689.64001,691.48999,689.26001,691.28040
2026-07-24 12:00:00,691.29999,692.63000,690.65002,691.34998
2026-07-24 12:15:00,691.28998,691.72998,690.70001,691.11298
2026-07-24 12:30:00,691.030029,691.10999,689.34497,689.46002
2026-07-24 12:45:00,689.45160,689.71997,688.50500,689.34003
2026-07-24 13:00:00,689.38000,689.47589,687.70001,688.46008
2026-07-24 13:15:00,688.44000,689.98999,688.020081,689.78998
2026-07-24 13:30:00,689.81000,690.50629,688.59497,688.60498
2026-07-24 13:45:00,688.58002,689.48999,688.28998,688.65002
2026-07-24 14:00:00,688.65997,689.10999,687.53998,687.70001
2026-07-24 14:15:00,687.65002,687.73993,685.45001,685.48499
2026-07-24 14:30:00,685.51752,685.71997,683.63000,684.039978
2026-07-24 14:45:00,684.020020,685.27002,683.90002,684.67987
2026-07-24 15:00:00,684.64001,685.29700,682.63000,682.66998
2026-07-24 15:15:00,682.67102,683.78003,682.47998,683.46997
2026-07-24 15:30:00,683.47998,684.65997,683.12000,684
2026-07-24 15:45:00,684,684.51001,682.76001,684.21997
2026-07-27 09:30:00,691.71997,692.26001,687.73999,688.35498
2026-07-27 09:45:00,688.39502,689.58002,685.67273,685.79999
2026-07-27 10:00:00,685.83002,686.37000,682.96997,683.47998
2026-07-27 10:15:00,683.56000,684.59998,679.27002,679.46002
2026-07-27 10:30:00,679.46002,679.90997,675.94501,676.40002
2026-07-27 10:45:00,676.39001,681.73999,676.39001,681.46997
2026-07-27 11:00:00,681.52002,682.15033,680.33002,680.42407
2026-07-27 11:15:00,680.39001,681.039978,678.53003,679.12000
2026-07-27 11:30:00,679.21997,679.40997,676.90997,678.34998
2026-07-27 11:45:00,678.35999,679.15503,677.29498,678.88000
2026-07-27 12:00:00,678.91998,681.099976,678.79999,679.28998
2026-07-27 12:15:00,679.32001,682.34003,678.47998,681.094971
2026-07-27 12:30:00,681.10999,682.13000,680.15002,680.68011
2026-07-27 12:45:00,680.63000,681.15900,678.049988,678.53998
2026-07-27 13:00:00,678.57001,678.73999,677.25,678.24500
2026-07-27 13:15:00,678.20001,678.40997,677.080017,677.39001
2026-07-27 13:30:00,677.39001,678.90997,677.34003,678.21997
2026-07-27 13:45:00,678.26001,679.92999,677.71802,679.84998
2026-07-27 14:00:00,679.98999,680.29999,679.46002,679.83002
2026-07-27 14:15:00,679.84003,679.90997,678.60199,679.34003
2026-07-27 14:30:00,679.35999,679.51001,677.84998,679.29999
2026-07-27 14:45:00,679.38000,682,679.049988,681.93500
2026-07-27 15:00:00,681.93811,683.030029,681.41998,682.27002
2026-07-27 15:15:00,682.25,683.37000,682.13000,683.28003
2026-07-27 15:30:00,683.34991,683.59998,681.58002,681.67999
2026-07-27 15:45:00,681.66998,682.32001,681.16498,682.059998
2026-07-28 09:30:00,676.19000,677.29999,670.83002,671.34998
2026-07-28 09:45:00,671.33002,672.53003,668.85638,669.38000
2026-07-28 10:00:00,669.33002,672.43298,668.020020,668.53003
2026-07-28 10:15:00,668.51001,670.64001,667.88000,670.37000
2026-07-28 10:30:00,670.39001,672.46002,669.45001,671.96002
2026-07-28 10:45:00,671.91998,674.83002,671.31000,672.71002
2026-07-28 11:00:00,672.71002,674.60010,671.83002,673.91998
2026-07-28 11:15:00,673.89001,677.75,673.53003,676.64001
2026-07-28 11:30:00,676.63000,678.31000,676.21997,678.22998
2026-07-28 11:45:00,678.22998,678.97998,677.72998,678.59003
2026-07-28 12:00:00,678.63000,679.13000,677.38000,677.65002
2026-07-28 12:15:00,677.62000,678.54999,677.080017,677.30469
2026-07-28 12:30:00,677.35901,678.48999,676.33002,678.28998
2026-07-28 12:45:00,678.24500,679.40002,677.31500,678.81000
2026-07-28 13:00:00,678.82001,679.029907,676.70001,677.14001
2026-07-28 13:15:00,677.17999,678.53998,676.81000,677.40002
2026-07-28 13:30:00,677.375,678.45001,676.23499,676.34998
2026-07-28 13:45:00,676.34003,677.10199,675.65002,676.77417
2026-07-28 14:00:00,676.84003,677.44012,675.40002,675.44012
2026-07-28 14:15:00,675.47998,676.20001,675.34998,675.64502
2026-07-28 14:30:00,675.67999,676.57001,675.56000,675.92999
2026-07-28 14:45:00,675.97998,676.96002,675.74103,676.80048
2026-07-28 15:00:00,676.82001,678.010010,676.78497,677.15503
2026-07-28 15:15:00,677.13000,678.010010,676.66998,677.90997
2026-07-28 15:30:00,677.95001,678.059998,676.10828,676.39001
2026-07-28 15:45:00,676.38000,677.16998,675.28003,675.5
2026-07-29 09:30:00,675.46002,677.46002,673.62000,675.57001
2026-07-29 09:45:00,675.53998,676.28497,669.56000,671.18988
2026-07-29 10:00:00,671.19000,673.40002,668.82001,669.11499
2026-07-29 10:15:00,669.14001,670.33002,666.48499,667.28003
2026-07-29 10:30:00,667.27002,669.20001,665.77002,666.44000
2026-07-29 10:45:00,666.44000,668.34998,665.98999,668
2026-07-29 11:00:00,667.98999,669.29999,667.12000,667.38000
2026-07-29 11:15:00,667.39502,668.52002,666.71002,666.83002
2026-07-29 11:30:00,666.88000,667.81000,665.96002,666.29999
2026-07-29 11:45:00,666.31897,667.080017,664.64001,665.92999
2026-07-29 12:00:00,665.98999,666.46002,663.56000,663.59003
2026-07-29 12:15:00,663.56000,666.84003,663.29999,666.78003
2026-07-29 12:30:00,666.70001,667.56042,665.15002,665.58002
2026-07-29 12:45:00,665.55011,667.97998,665.23999,667.94000
2026-07-29 13:00:00,668,671.20001,667.82001,671.14001
2026-07-29 13:15:00,671.20001,671.51001,669.10999,669.10999
2026-07-29 13:30:00,669.22998,670.17999,668.59998,669.83002
2026-07-29 13:45:00,669.83002,670.92999,669.21002,670.79999
2026-07-29 14:00:00,670.42999,674.90002,670.42999,672.79999
2026-07-29 14:15:00,672.75,673.79999,671.030029,672.19000
2026-07-29 14:30:00,672.16998,677.30042,670.63019,677
2026-07-29 14:45:00,677.030029,679.95001,676.67999,679.010010
2026-07-29 15:00:00,679.064819,680.049988,673.86749,675.46002
2026-07-29 15:15:00,675.5,676.21503,669.090027,670.77002
2026-07-29 15:30:00,670.77002,671.56799,664.70001,665.049988
2026-07-29 15:45:00,665.020020,665.96997,661.14502,661.63000
2026-07-30 09:30:00,674.69000,677.69000,673.29999,677.25
2026-07-30 09:45:00,677.25,681.65002,677.16998,681.51501
2026-07-30 10:00:00,681.48999,682.32001,679.41052,680.40997
2026-07-30 10:15:00,680.42102,683.64001,679.75,683.21997
2026-07-30 10:30:00,683.26001,683.71002,681.66998,682.030029
2026-07-30 10:45:00,682.025024,682.53003,678.35999,679.53003
2026-07-30 11:00:00,679.5,681.15002,678.13000,678.45001
2026-07-30 11:15:00,678.42999,680.26001,677.75,678.19501
2026-07-30 11:30:00,678.15997,680.46997,677.90002,679.98999
2026-07-30 11:45:00,680.059998,681.10999,679.080017,679.78998
2026-07-30 12:00:00,679.77002,682.46997,679.32001,682.37000
2026-07-30 12:15:00,682.37000,682.54999,681.28998,681.34998
2026-07-30 12:30:00,681.35498,681.48999,679.25,679.54999
2026-07-30 12:45:00,679.53998,681.16998,679.5,680.96002
2026-07-30 13:00:00,680.96997,682.33002,680.95001,681.73999
2026-07-30 13:15:00,681.76001,682.89111,681.69000,681.97998
2026-07-30 13:30:00,682,682.68231,681.27002,682.42328
2026-07-30 13:45:00,682.45001,682.91998,681.89001,682.16998
2026-07-30 14:00:00,682.21997,682.84998,681.96002,682.75
2026-07-30 14:15:00,682.76001,682.82001,681.84003,682.33002
2026-07-30 14:30:00,682.32501,682.72998,681.51001,681.96997
2026-07-30 14:45:00,681.96997,682.45001,681.66998,682.31000
2026-07-30 15:00:00,682.31000,685.039978,682.28998,684.58002
2026-07-30 15:15:00,684.56000,685.12000,683.78003,683.84003
2026-07-30 15:30:00,683.82001,684.14978,683.25,683.59998
2026-07-30 15:45:00,683.60999,684.34998,682.90002,683.59998
2026-07-31 09:30:00,692.12000,695.77002,688.17999,688.22498
2026-07-31 09:45:00,688.28003,689.58002,685.28998,686.78998
2026-07-31 10:00:00,686.76001,687.58002,680.52002,681.46002
2026-07-31 10:15:00,681.45001,684.34991,680.051208,684.20001
2026-07-31 10:30:00,684.23999,685.27002,683.23999,684.61499
2026-07-31 10:45:00,684.65002,686.51001,683.86621,685.60999
2026-07-31 11:00:00,685.63000,686.42999,683.33002,684.63013
2026-07-31 11:15:00,684.65997,686.29999,681.070007,681.77002
2026-07-31 11:30:00,681.71997,684.40009,680.94000,683.28003
2026-07-31 11:45:00,683.33002,685.25,682.15002,684.78632
2026-07-31 12:00:00,684.75,685.59998,684.020020,685.39001
2026-07-31 12:15:00,685.41998,686.92999,684.35999,686.92999
2026-07-31 12:30:00,686.95001,687.54999,685.78003,685.94000
2026-07-31 12:45:00,685.92499,687.625,685.63000,687.070007
2026-07-31 13:00:00,687.039978,688.14001,686.89001,687.90997
2026-07-31 13:15:00,687.91998,689.71997,687.76501,689.35999
2026-07-31 13:30:00,689.37000,690.34998,688.90997,689.23499
2026-07-31 13:45:00,689.25,689.70001,688.26501,688.57501
2026-07-31 14:00:00,688.56500,689.27002,687.76001,687.96997
2026-07-31 14:15:00,687.90997,688.96997,687.84998,688.38000
2026-07-31 14:30:00,688.58002,689.015015,688.27002,688.65997
2026-07-31 14:45:00,688.65002,689.39001,688.27002,688.71002
2026-07-31 15:00:00,688.70001,689.27002,688.030029,688.64050
2026-07-31 15:15:00,688.66998,690.25,688.54999,689.70001
2026-07-31 15:30:00,689.66998,689.88000,688.71002,689.71997
2026-07-31 15:45:00,689.73999,690.88000,687.47998,688.010010
2026-08-03 09:30:00,687,691.28369,685.82001,690.14001
2026-08-03 09:45:00,690.15997,693.40002,688.95001,693.30499
2026-08-03 10:00:00,693.21002,693.40002,691.080017,692
2026-08-03 10:15:00,692.010010,694.75,691.75201,694.62000
2026-08-03 10:30:00,694.66998,696,694.21997,695.31000
2026-08-03 10:45:00,695.35999,697.69000,695.15997,697.58502
2026-08-03 11:00:00,697.59003,697.59003,696.25,696.48999
2026-08-03 11:15:00,696.47400,697.47998,695.65997,695.91998
2026-08-03 11:30:00,695.95001,697.27002,695.875,697.10999
2026-08-03 11:45:00,697.15930,697.86798,696.97998,697.38000
2026-08-03 12:00:00,697.5,698.070007,697.34253,697.90002
2026-08-03 12:15:00,697.89001,698.69238,697.86499,698.48999
2026-08-03 12:30:00,698.47998,698.66998,697.87000,698.41998
2026-08-03 12:45:00,698.40503,698.61652,698.049988,698.059998
2026-08-03 13:00:00,698.10999,699.080017,697.89001,698.97998
2026-08-03 13:15:00,698.94000,699.75983,698.91998,699.66998
2026-08-03 13:30:00,699.66998,699.87000,699.40002,699.70001
2026-08-03 13:45:00,699.69000,700.56000,699.66998,700.46002
2026-08-03 14:00:00,700.46002,701.59003,700.46002,700.99500
2026-08-03 14:15:00,701.015015,701.44000,699.78998,699.80011
2026-08-03 14:30:00,699.84003,700.36499,699.60999,700.34497
2026-08-03 14:45:00,700.34003,700.66998,699.83502,700.23718
2026-08-03 15:00:00,700.22998,701.10999,699.92999,700.070007
2026-08-03 15:15:00,700.030029,700.66998,700.010010,700.35999
2026-08-03 15:30:00,700.38000,700.67932,700.039978,700.40503
2026-08-03 15:45:00,700.40002,700.94000,699.27002,700.080017
2026-08-04 09:30:00,708.20502,713.47998,707.59003,712.51947
2026-08-04 09:45:00,712.50952,714.65002,712.50952,713.65002
2026-08-04 10:00:00,713.64001,715.66998,712.97998,715.59998
2026-08-04 10:15:00,715.59998,716.21997,714.25500,716.0050049
2026-08-04 10:30:00,716.080017,716.39001,715.070007,716
2026-08-04 10:45:00,716.020020,716.099976,715.23999,715.80078
2026-08-04 11:00:00,715.88000,717.65002,715.73999,717.53497
2026-08-04 11:15:00,717.52502,718.57001,717.40002,717.98999
2026-08-04 11:30:00,717.97998,719.020020,717.58002,718.92999
2026-08-04 11:45:00,718.94000,719.40002,718.71997,718.78003
2026-08-04 12:00:00,718.78497,719.46002,718.56000,718.89001
2026-08-04 12:15:00,718.91998,719.96997,718.89001,719.65002
2026-08-04 12:30:00,719.66498,720.27002,719.40002,720.14001
2026-08-04 12:45:00,720.13501,720.59998,720.13501,720.56000
2026-08-04 13:00:00,720.57001,721.90002,720.47998,721.83002
2026-08-04 13:15:00,721.84003,722.5,721.44000,722.34998
2026-08-04 13:30:00,722.32001,723.47998,721.98499,723.47998
2026-08-04 13:45:00,723.48999,724.28003,722.71002,722.72998
2026-08-04 14:00:00,722.72998,723.34003,722.12000,723.33990
2026-08-04 14:15:00,723.34003,723.90002,723.23999,723.82990
2026-08-04 14:30:00,723.84003,724.15521,722.87000,723.17999
2026-08-04 14:45:00,723.20001,724.20001,723.20001,723.84998
2026-08-04 15:00:00,723.85999,725.20001,723.79999,724.95502
2026-08-04 15:15:00,724.95001,725.38000,724.010010,724.29437
2026-08-04 15:30:00,724.28497,725.53003,724.030029,725.48999
2026-08-04 15:45:00,725.48999,725.65002,723.099976,723.67999
2026-08-05 09:30:00,726.22498,728.18237,724.63000,728.039978
2026-08-05 09:45:00,728.094971,728.53998,726.085022,727.98999
2026-08-05 10:00:00,727.90002,727.90002,724.81000,726.71002
2026-08-05 10:15:00,726.73999,727.40002,724.40002,724.71997
2026-08-05 10:30:00,724.66998,724.79993,722.47992,723.37183
2026-08-05 10:45:00,723.38000,724.43500,721.59998,723.039978
2026-08-05 11:00:00,723.070007,724.11499,722.51001,722.84003
2026-08-05 11:15:00,722.84003,723.065002,721.020020,722.085022
2026-08-05 11:30:00,722.080017,723.32501,722.034973,722.34998
2026-08-05 11:45:00,722.35992,722.35992,719.77002,720.34998
2026-08-05 12:00:00,720.38000,721.030029,719.48999,720.17999
2026-08-05 12:15:00,720.20001,722.71002,719.89050,722.66498
2026-08-05 12:30:00,722.65503,722.88000,721.16998,721.65002
2026-08-05 12:45:00,721.65802,722.52899,721.40002,722.13000
2026-08-05 13:00:00,722.16998,722.40002,720.54999,721.14001
2026-08-05 13:15:00,721.099976,721.43927,720.45001,720.77002
2026-08-05 13:30:00,720.79999,721.37000,720.40997,720.87000
2026-08-05 13:45:00,720.76001,721.27002,720.32001,720.85498
2026-08-05 14:00:00,720.86499,721.56000,720.77002,721
2026-08-05 14:15:00,720.94000,721.46002,720.82001,721.31000
2026-08-05 14:30:00,721.32001,721.32001,720.13000,720.47998
2026-08-05 14:45:00,720.48999,721.030029,720.049988,720.090027
2026-08-05 15:00:00,720.10999,721.34998,719.94000,721.28003
2026-08-05 15:15:00,721.27002,721.40997,720.83502,720.88879
2026-08-05 15:30:00,720.875,721.030029,719.65997,719.77991
2026-08-05 15:45:00,719.78003,720.32001,716.92999,717.21997
2026-08-06 09:30:00,710.76001,714.16400,708.5,713.78003
2026-08-06 09:45:00,713.78003,716.030029,713.52002,715.47998
2026-08-06 10:00:00,715.5,717.71997,714.52002,717.45502
2026-08-06 10:15:00,717.44000,718.85999,716.41998,716.84003
2026-08-06 10:30:00,716.95001,718.46002,715.90002,716.79999
2026-08-06 10:45:00,716.81738,718.625,715.61499,718.59198
2026-08-06 11:00:00,718.65002,719.32001,717.21002,718.34003
2026-08-06 11:15:00,718.32001,718.75,716.37000,717.41998
2026-08-06 11:30:00,717.47998,717.85992,715.59497,715.62531
2026-08-06 11:45:00,715.61987,717.79999,714.96503,715.16998
2026-08-06 12:00:00,715.16998,715.81000,714.28998,714.48999
2026-08-06 12:15:00,714.51001,714.90002,713.53003,714.090027
2026-08-06 12:30:00,714.10999,715.42999,713.85999,714.23499
2026-08-06 12:45:00,714.24799,716.15997,714.025024,716.14990
2026-08-06 13:00:00,716.14001,716.58002,715.21997,715.34003
2026-08-06 13:15:00,715.35498,716.0020142,715.070007,715.39001
2026-08-06 13:30:00,715.39001,715.75,714.60498,715
2026-08-06 13:45:00,715.059998,715.52002,714.62000,715.40997
2026-08-06 14:00:00,715.47998,715.85999,714.91998,715.76001
2026-08-06 14:15:00,715.78998,716.54999,714,716.12000
2026-08-06 14:30:00,716.099976,716.21002,714.76001,715.21997
2026-08-06 14:45:00,715.23999,715.59998,714.88000,715.070007
2026-08-06 15:00:00,715.080017,716.40503,715,715.57001
2026-08-06 15:15:00,715.58002,715.95001,714.65997,714.90002
2026-08-06 15:30:00,714.90002,715.81000,714.46002,714.84003
2026-08-06 15:45:00,714.82001,715.59003,714.11011,714.62000
2026-08-07 09:30:00,720,722.54498,719.67999,721.97388
2026-08-07 09:45:00,721.90002,722.71002,718.46002,719.31000
2026-08-07 10:00:00,719.30499,720.090027,716.52002,716.97498
2026-08-07 10:15:00,716.98999,721.65002,716.59998,721.25
2026-08-07 10:30:00,721.26801,721.53998,718.83002,719.15997
2026-08-07 10:45:00,719.15997,720.54999,718.98999,720.27002
2026-08-07 11:00:00,720.27002,721.75,720.030029,721.21002
2026-08-07 11:15:00,721.19000,722.85999,720.89502,722.79999
2026-08-07 11:30:00,722.79999,723.49988,722.040527,722.44000
2026-08-07 11:45:00,722.40997,723.20001,722.090027,722.48999
2026-08-07 12:00:00,722.53009,722.90997,722.059998,722.19501
2026-08-07 12:15:00,722.15002,722.63501,719.50159,720.099976
2026-08-07 12:30:00,720.099976,721.21002,719.049988,721.049988
2026-08-07 12:45:00,721.080017,721.67999,720.67999,720.67999
2026-08-07 13:00:00,720.67999,721.37000,720.39502,720.60498
2026-08-07 13:15:00,720.60999,721.29962,720.38000,720.91998
2026-08-07 13:30:00,720.90002,721.27002,720.41992,720.83252
2026-08-07 13:45:00,720.83002,721.15997,720.63000,720.79999
2026-08-07 14:00:00,720.79498,721.070007,720.080017,720.20001
2026-08-07 14:15:00,720.26001,720.59003,719.82013,719.89001
2026-08-07 14:30:00,719.90002,720.34998,719.27002,719.29999
2026-08-07 14:45:00,719.31500,720.48999,719.23499,720.38000
2026-08-07 15:00:00,720.37000,722.40002,720.34497,722.16992
2026-08-07 15:15:00,722.16998,722.71997,721.98029,722.41998
2026-08-07 15:30:00,722.42499,722.42499,721.50018,721.66992
2026-08-07 15:45:00,721.65002,723.62000,721.62000,723.015015
2026-08-10 09:30:00,722.65002,723.25,720.34003,721.69000
2026-08-10 09:45:00,721.71997,723.059998,721.20001,722.46997
2026-08-10 10:00:00,722.46997,724.50500,722.039978,724.23999
2026-08-10 10:15:00,724.23499,724.66998,722.64001,723.66998
2026-08-10 10:30:00,723.70990,724.52002,723.40997,723.90997
2026-08-10 10:45:00,723.89001,724.32251,721.75,721.78003
2026-08-10 11:00:00,721.84003,722.77002,721.44000,722.10999
2026-08-10 11:15:00,722.080017,722.64001,721.14502,721.69000
2026-08-10 11:30:00,721.65002,722.46503,720.83002,722.46002
2026-08-10 11:45:00,722.53998,723.55621,721.96002,723.30499
2026-08-10 12:00:00,723.32501,723.64502,722.53998,722.78003
2026-08-10 12:15:00,722.71002,723.29999,722.38000,722.47998
2026-08-10 12:30:00,722.45001,722.65002,720.57001,720.78497
2026-08-10 12:45:00,720.89001,721.77002,720.64001,721.77002
2026-08-10 13:00:00,721.78003,722.51001,721.32001,722.31500
2026-08-10 13:15:00,722.32001,722.53998,721.70367,721.94000
2026-08-10 13:30:00,721.94000,722.16663,721.19000,721.26001
2026-08-10 13:45:00,721.27502,721.40979,720.90997,721.27002
2026-08-10 14:00:00,721.30499,721.57001,721.030029,721.080017
2026-08-10 14:15:00,721.079529,721.17987,720.85999,720.97498
2026-08-10 14:30:00,720.96997,721.60999,720.69000,721.55499
2026-08-10 14:45:00,721.57001,721.88000,721.31000,721.83502
2026-08-10 15:00:00,721.83002,722.12000,721.66998,722
2026-08-10 15:15:00,721.99500,722.13989,721.75,721.79999
2026-08-10 15:30:00,721.88000,722.070007,721.53003,721.64502
2026-08-10 15:45:00,721.65002,721.84998,720.33002,720.80499
2026-08-11 09:30:00,723.29999,723.29999,719.45001,720.46002
2026-08-11 09:45:00,720.40997,720.73999,718.40100,720.71997
2026-08-11 10:00:00,720.70001,722.15558,720.37000,721.45929
2026-08-11 10:15:00,721.45001,722.13000,720.86499,721.83002
2026-08-11 10:30:00,721.79999,721.96503,720.61499,720.94000
2026-08-11 10:45:00,720.94000,722.44000,720.90002,721.78998
2026-08-11 11:00:00,721.79999,722.14001,720.034973,720.25
2026-08-11 11:15:00,720.21997,720.79999,719.89001,719.98999
2026-08-11 11:30:00,720.034973,720.36499,719.099976,719.77002
2026-08-11 11:45:00,719.77502,719.77502,718.97162,719.069885
2026-08-11 12:00:00,719.080017,719.46002,718.67999,718.75
2026-08-11 12:15:00,718.77002,719.17999,718.034973,718.63000
2026-08-11 12:30:00,718.60999,719.070007,718.26703,718.38501
2026-08-11 12:45:00,718.39948,718.52002,717.92999,718.14001
2026-08-11 13:00:00,718.14001,718.32721,716.95001,716.97998
2026-08-11 13:15:00,716.96002,717.91998,716.87000,717.65997
2026-08-11 13:30:00,717.66803,718.41998,717.5,718.33502
2026-08-11 13:45:00,718.33502,718.46997,718.059998,718.19000
2026-08-11 14:00:00,718.20093,718.35999,717.54999,717.68011
2026-08-11 14:15:00,717.69000,717.83002,715.78998,716.17999
2026-08-11 14:30:00,716.17999,716.93799,716.099976,716.28003
2026-08-11 14:45:00,716.28003,717.48999,716.28003,717.090027
2026-08-11 15:00:00,717.094971,717.84003,716.82001,717.68500
2026-08-11 15:15:00,717.67999,718.13641,717.56000,718.065002
2026-08-11 15:30:00,718.090027,718.93500,717.98999,718.44000
2026-08-11 15:45:00,718.44000,718.68988,717.65002,718.34003
2026-08-12 09:30:00,726.96997,727.25,723.73810,724.83002
2026-08-12 09:45:00,724.81000,726.5,723.89001,725.090027
2026-08-12 10:00:00,725.039978,725.71802,723.60999,724.69000
2026-08-12 10:15:00,724.66998,725.92999,724.020020,725.22998
2026-08-12 10:30:00,725.23999,725.53497,723.25,725.42999
2026-08-12 10:45:00,725.46002,725.59998,723.63000,724.10999
2026-08-12 11:00:00,724.099976,724.63000,723.39001,724.42499
2026-08-12 11:15:00,724.36499,724.56989,723.52502,724.22998
2026-08-12 11:30:00,724.25,724.31000,722.91998,723.13501
2026-08-12 11:45:00,723.15002,723.73401,722.91998,723.23999
2026-08-12 12:00:00,723.23999,724.29999,723.15997,724.20001
2026-08-12 12:15:00,724.21997,724.54999,723.87073,724.20001
2026-08-12 12:30:00,724.22949,724.71997,723.66998,724.47998
2026-08-12 12:45:00,724.49500,725.25,724.35999,724.98999
2026-08-12 13:00:00,724.98499,725.42999,724.80499,725.11987
2026-08-12 13:15:00,725.11987,725.32001,724.59003,725.080017
2026-08-12 13:30:00,725.070007,725.38000,724.91998,725.21503
2026-08-12 13:45:00,725.22998,725.41498,724.90997,725.11499
2026-08-12 14:00:00,725.11499,725.32312,724.65997,725.051025
2026-08-12 14:15:00,725.044983,725.20032,724.65997,724.73999
2026-08-12 14:30:00,724.73999,725.56000,724.73999,725.32001
2026-08-12 14:45:00,725.32501,725.41498,724.51001,724.63000
2026-08-12 15:00:00,724.63000,724.96002,724.375,724.48999
2026-08-12 15:15:00,724.48499,724.82001,723.82001,724.099976
2026-08-12 15:30:00,724.090027,724.10992,723.21997,723.65002
2026-08-12 15:45:00,723.64001,724.090027,723.034973,723.66998
2026-08-13 09:30:00,725.125,728.60999,724.039978,727.62000
2026-08-13 09:45:00,727.64001,731.67999,727.46997,731.57001
2026-08-13 10:00:00,731.75,732.47998,731.099976,732.26001
2026-08-13 10:15:00,732.27002,733.039978,731.79999,732.96002
2026-08-13 10:30:00,732.95001,733.75500,732.82483,733.015015
2026-08-13 10:45:00,733,733.12988,732.12000,732.15002
2026-08-13 11:00:00,732.14001,732.90002,732.044373,732.58087
2026-08-13 11:15:00,732.59998,733.099976,731.70001,731.90997
2026-08-13 11:30:00,731.91998,732.125,730.46997,731.14038
2026-08-13 11:45:00,731.054993,731.054993,729.85999,730.14001
2026-08-13 12:00:00,730.15002,731.51001,730.10999,730.69000
2026-08-13 12:15:00,730.73999,731.88000,730.58002,731.83002
2026-08-13 12:30:00,731.84003,732.15997,731.40009,731.76001
2026-08-13 12:45:00,731.75,732.23999,731.62000,731.97498
2026-08-13 13:00:00,732.010010,732.95001,732,732.79999
2026-08-13 13:15:00,732.77588,733.34998,732.77002,733.048401
2026-08-13 13:30:00,733.049988,733.22632,732.53003,732.53003
2026-08-13 13:45:00,732.52502,732.84003,732.28003,732.28003
2026-08-13 14:00:00,732.29999,732.54999,731.92999,732.22998
2026-08-13 14:15:00,732.22498,732.37000,731.76501,732
2026-08-13 14:30:00,732.010010,733.090027,732.010010,732.90002
2026-08-13 14:45:00,732.90002,733.31000,732.89001,733.28998
2026-08-13 15:00:00,733.28998,733.96002,732.95001,733.13000
2026-08-13 15:15:00,733.13000,733.32001,732.58002,732.77002
2026-08-13 15:30:00,732.73999,732.86401,732.23999,732.27502
2026-08-13 15:45:00,732.27002,732.32001,731.54999,732.059998
2026-08-14 09:30:00,733.26001,734.090027,731.72009,733.90002
2026-08-14 09:45:00,733.85999,734.39001,732.70001,733.049988
2026-08-14 10:00:00,732.95001,734.15997,732.64001,732.97498
2026-08-14 10:15:00,732.98999,733.11499,730.84003,731.46008
2026-08-14 10:30:00,731.47211,731.84003,730.75,731.44000
2026-08-14 10:45:00,731.39001,731.64001,730.59998,730.59998
2026-08-14 11:00:00,730.60999,731.049988,729.75989,729.80499
2026-08-14 11:15:00,729.80499,730.29498,728.41998,729.32013
2026-08-14 11:30:00,729.37000,729.39001,728.32001,728.75
2026-08-14 11:45:00,728.78998,729.38000,728.33002,729.22498
2026-08-14 12:00:00,729.21997,729.66998,728.85999,729.58502
2026-08-14 12:15:00,729.58002,730.21503,729.46002,730.070007
2026-08-14 12:30:00,730.075012,730.099915,729.17999,729.25
2026-08-14 12:45:00,729.22998,729.46002,728.95001,729.020020
2026-08-14 13:00:00,729.049988,729.53802,728.88599,729.27002
2026-08-14 13:15:00,729.26501,729.45001,728.76001,729.013123
2026-08-14 13:30:00,728.97998,729.33002,728.83002,729.020020
2026-08-14 13:45:00,729.0062866,729.59998,728.78003,729.54498
2026-08-14 14:00:00,729.53003,729.79999,729.37000,729.47998
2026-08-14 14:15:00,729.47998,729.79999,729.15997,729.17999
2026-08-14 14:30:00,729.22998,729.74500,729.090027,729.66998
2026-08-14 14:45:00,729.67499,730.080017,729.45099,729.69000
2026-08-14 15:00:00,729.70001,729.82001,729.40997,729.54999
2026-08-14 15:15:00,729.54999,730.039978,729.40002,729.85999
2026-08-14 15:30:00,729.85999,730.33002,729.76001,730.16998
2026-08-14 15:45:00,730.15002,731.12000,730,731.049988
2026-08-17 09:30:00,732.96002,734.030029,731.64001,732.32001
2026-08-17 09:45:00,732.39001,733.79620,731.85999,733.29999
2026-08-17 10:00:00,733.33948,733.5,731.59003,733.10498
2026-08-17 10:15:00,733.10498,733.12000,731.53003,732.44000
2026-08-17 10:30:00,732.45001,732.89001,732.20001,732.58252
2026-08-17 10:45:00,732.59998,733.62000,732.51501,733.56000
2026-08-17 11:00:00,733.58502,734.58002,733.33002,733.90997
2026-08-17 11:15:00,733.90948,734.40997,733.85999,734.17999
2026-08-17 11:30:00,734.20001,734.28003,732.73999,733.21002
2026-08-17 11:45:00,733.19000,733.71002,732.90002,733.49988
2026-08-17 12:00:00,733.46997,733.54999,732.55981,732.63623
2026-08-17 12:15:00,732.64001,732.97998,732.37000,732.70001
2026-08-17 12:30:00,732.70001,732.83502,732.10010,732.13501
2026-08-17 12:45:00,732.13000,732.34003,731.95129,732.13501
2026-08-17 13:00:00,732.13000,732.21997,730.82001,730.82001
2026-08-17 13:15:00,730.81000,731.14001,729.94000,730.034973
2026-08-17 13:30:00,730.020020,730.75220,729.79999,730.67999
2026-08-17 13:45:00,730.66998,730.77002,730.059998,730.16998
2026-08-17 14:00:00,730.15997,730.44000,729.64502,730.12000
2026-08-17 14:15:00,730.11011,730.44000,729.86499,730.19000
2026-08-17 14:30:00,730.19000,730.58502,729.93011,730.53003
2026-08-17 14:45:00,730.52002,731,730.48999,730.65503
2026-08-17 15:00:00,730.65997,730.71997,729.75,729.76001
2026-08-17 15:15:00,729.73999,730.45001,729.70001,729.96997
2026-08-17 15:30:00,729.94000,730.37000,729.84003,730.15997
2026-08-17 15:45:00,730.17999,730.61499,729.27002,729.85992
2026-08-18 09:30:00,720.21997,722.13000,718.78998,720.15997
2026-08-18 09:45:00,720.12000,720.42999,718.10999,719.125
2026-08-18 10:00:00,719.14001,720.56000,717.23999,717.66998
2026-08-18 10:15:00,717.66998,720.020020,717.46997,719.73169
2026-08-18 10:30:00,719.59998,720.20001,718.27502,718.31500
2026-08-18 10:45:00,718.29999,718.56000,716.46002,716.71997
2026-08-18 11:00:00,716.72998,717.31000,715.91998,716.69000
2026-08-18 11:15:00,716.69751,717.97498,716.34998,717.76257
2026-08-18 11:30:00,717.70001,718.20001,717.15002,717.91998
2026-08-18 11:45:00,717.93500,718.96997,717.93500,718.87000
2026-08-18 12:00:00,718.88000,719.48999,718.59009,719.090027
2026-08-18 12:15:00,719.10999,719.34003,718.20001,718.22998
2026-08-18 12:30:00,718.20001,719.15503,718.050110,718.67499
2026-08-18 12:45:00,718.69000,719.66998,718.42999,719.17999
2026-08-18 13:00:00,719.15503,719.43988,718.40997,718.79999
2026-08-18 13:15:00,718.79999,718.82001,717.79999,718.34998
2026-08-18 13:30:00,718.34003,718.46997,717.75,718.054993
2026-08-18 13:45:00,718.044983,718.31000,717.125,717.125
2026-08-18 14:00:00,717.12000,717.44000,716.69000,717.34003
2026-08-18 14:15:00,717.35992,718.28998,717.27899,718.010010
2026-08-18 14:30:00,718.010010,718.26001,717.58331,717.65503
2026-08-18 14:45:00,717.63000,717.875,717.12000,717.23999
2026-08-18 15:00:00,717.23999,717.59003,717.080017,717.27002
2026-08-18 15:15:00,717.27002,718.080017,717.10999,717.91998
2026-08-18 15:30:00,717.91998,718.070007,717.54999,717.95001
2026-08-18 15:45:00,717.94000,718.16998,716.91998,717.59003
2026-08-19 09:30:00,720.40997,721.49988,717.12000,718.26001
2026-08-19 09:45:00,718.28998,718.84998,713.37000,715.5
2026-08-19 10:00:00,715.51001,715.92999,712.67499,712.73999
2026-08-19 10:15:00,712.77002,715.19000,712.60999,715.16998
2026-08-19 10:30:00,715.14001,717.40503,714.82001,717.12012
2026-08-19 10:45:00,717.14001,718.59998,716.23999,718.59003
2026-08-19 11:00:00,718.57001,718.72998,717.58002,718.40997
2026-08-19 11:15:00,718.41620,718.73700,717.77002,718.32001
2026-08-19 11:30:00,718.32001,718.38000,716.79999,717.92999
2026-08-19 11:45:00,717.92999,718.39001,717.28998,718.16998
2026-08-19 12:00:00,718.17999,719.32990,717.71002,718.93011
2026-08-19 12:15:00,718.92999,719.70001,718.10999,718.29999
2026-08-19 12:30:00,718.26001,718.52002,717.90002,718.28003
2026-08-19 12:45:00,718.27002,718.28003,716.85999,717.054993
2026-08-19 13:00:00,717.065002,717.34497,716.58002,716.75
2026-08-19 13:15:00,716.77002,716.92999,715.83002,716.53998
2026-08-19 13:30:00,716.53998,716.63000,715.94000,716.46997
2026-08-19 13:45:00,716.46002,717.049072,716.40997,716.63000
2026-08-19 14:00:00,716.66998,717.78998,715.57257,716.049988
2026-08-19 14:15:00,716.039978,716.53998,715.38000,716.5
2026-08-19 14:30:00,716.50012,717.46997,716.47998,717
2026-08-19 14:45:00,717.010010,717.020020,716.25,716.40002
2026-08-19 15:00:00,716.41748,716.98999,716.29498,716.71997
2026-08-19 15:15:00,716.72498,717.51001,716.65002,716.93048
2026-08-19 15:30:00,716.96002,717.76001,716.23999,716.32001
2026-08-19 15:45:00,716.32501,716.35999,715.23999,716.10999
2026-08-20 09:30:00,712.28003,714.94000,711.76318,714.28998
2026-08-20 09:45:00,714.27502,714.70001,711.070007,712.11011
2026-08-20 10:00:00,712.15948,713.52002,711.26660,712.5
2026-08-20 10:15:00,711.83002,713.58002,711.049988,712.090027
2026-08-20 10:30:00,712.059998,714,711.59003,713.78003
2026-08-20 10:45:00,713.82001,714.080017,712.049988,713.10950
2026-08-20 11:00:00,713.099976,714.625,711.46997,712.44000
2026-08-20 11:15:00,712.45001,712.51001,710.89001,711.95361
2026-08-20 11:30:00,711.92999,712.080017,710.31000,710.33502
2026-08-20 11:45:00,710.37000,711.625,710.13373,711.56500
2026-08-20 12:00:00,711.59003,711.92499,710.92371,711.090027
2026-08-20 12:15:00,711.049988,712.20001,711,711.91498
2026-08-20 12:30:00,711.84998,712.72998,711.13000,712.71997
2026-08-20 12:45:00,712.72998,713,712.22009,712.78473
2026-08-20 13:00:00,712.60999,712.81000,711.70001,711.75
2026-08-20 13:15:00,711.77002,711.77991,710.73499,710.78998
2026-08-20 13:30:00,710.69000,710.97998,710.46002,710.67999
2026-08-20 13:45:00,710.62000,711.48688,710.57001,710.72998
2026-08-20 14:00:00,710.71503,710.71503,708.81689,709.19501
2026-08-20 14:15:00,709.18011,709.62000,708.52002,709.21997
2026-08-20 14:30:00,709.20001,709.31500,708.71997,709.24011
2026-08-20 14:45:00,709.25,709.84003,709.099976,709.47998
2026-08-20 15:00:00,709.45001,710.66309,709.44000,710.35999
2026-08-20 15:15:00,710.64502,710.98999,710.080017,710.92999
2026-08-20 15:30:00,710.93103,711.65002,710.63000,711.070007
2026-08-20 15:45:00,711.080017,711.53998,710.47382,710.95001
2026-08-21 09:30:00,715.22998,715.37000,711.40002,711.59998
2026-08-21 09:45:00,711.66998,712.53003,710.099976,711.27002
2026-08-21 10:00:00,711.21948,711.96997,709.89001,710.049988
2026-08-21 10:15:00,709.96997,711.37000,709.20502,710.59003
2026-08-21 10:30:00,710.59998,711.34998,710.16351,711.025024
2026-08-21 10:45:00,710.99500,711.90997,710.85999,711.90002
2026-08-21 11:00:00,711.90002,712.78003,711.78497,712.40997
2026-08-21 11:15:00,712.40997,712.84998,711.91498,712.73999
2026-08-21 11:30:00,712.78003,715.27002,712.67999,714.79498
2026-08-21 11:45:00,714.79999,715.67383,714.15253,714.60999
2026-08-21 12:00:00,714.375,714.68500,713.30011,713.45001
2026-08-21 12:15:00,713.42999,714.79999,713.26001,713.77002
2026-08-21 12:30:00,713.77948,714.10999,713.39001,713.96948
2026-08-21 12:45:00,713.95001,713.95001,713.049988,713.83002
2026-08-21 13:00:00,713.92999,714.099976,713.53003,713.72998
2026-08-21 13:15:00,713.71002,713.77002,712.96997,713.41498
2026-08-21 13:30:00,713.42499,713.63000,713.12000,713.59003
2026-08-21 13:45:00,713.64502,713.77502,713.090027,713.12000
2026-08-21 14:00:00,713.12988,713.63000,712.88501,712.88501
2026-08-21 14:15:00,712.91272,713.31000,712.65503,712.65503
2026-08-21 14:30:00,712.65503,712.87000,712.42999,712.74988
2026-08-21 14:45:00,712.73999,713.58990,712.66998,713.56500
2026-08-21 15:00:00,713.54950,713.89001,713.20001,713.27002
2026-08-21 15:15:00,713.25,713.67499,713.090027,713.41998
2026-08-21 15:30:00,713.40997,713.82001,713.40997,713.79999
2026-08-21 15:45:00,713.79999,714.31000,712.90997,713.40997
2026-08-24 09:30:00,709.625,709.78998,703.38000,703.44000
2026-08-24 09:45:00,703.42999,704.81500,702.70001,704.47998
2026-08-24 10:00:00,704.44000,704.81061,702.83002,703.77002
2026-08-24 10:15:00,703.78003,704.71002,703.15997,704.22998
2026-08-24 10:30:00,704.15997,706.54498,703.95001,706.030029
2026-08-24 10:45:00,705.97998,706.53149,705.77002,705.92999
2026-08-24 11:00:00,705.59998,706.20001,704.91498,705.059998
2026-08-24 11:15:00,705.059998,707.19000,704.82202,706.83002
2026-08-24 11:30:00,707.048706,708.28003,706.51001,708.14001
2026-08-24 11:45:00,708.15002,708.84387,707.56000,707.98999
2026-08-24 12:00:00,707.98010,708.48999,707.71002,708.28870
2026-08-24 12:15:00,708.28497,709.33588,708.25,708.84039
2026-08-24 12:30:00,708.84949,709.025024,708.13000,708.38989
2026-08-24 12:45:00,708.39001,708.56000,708.025024,708.025024
2026-08-24 13:00:00,707.98993,708.97998,707.64001,708.59497
2026-08-24 13:15:00,708.59888,708.59998,707.091187,707.23499
2026-08-24 13:30:00,707.25,707.33002,706.77051,706.77087
2026-08-24 13:45:00,706.78949,707.35498,706.73999,706.90002
2026-08-24 14:00:00,706.90997,708.45502,706.88599,708.41461
2026-08-24 14:15:00,708.43500,709.28003,708.090027,709.15997
2026-08-24 14:30:00,709.16998,709.53003,708.26001,708.47992
2026-08-24 14:45:00,708.46002,708.58002,707.60999,707.63000
2026-08-24 15:00:00,707.625,707.81000,707.34998,707.65503
2026-08-24 15:15:00,707.65503,707.90997,707.33002,707.71503
2026-08-24 15:30:00,707.73999,708.049988,706.90002,707.020020
2026-08-24 15:45:00,707.049988,707.31000,706.21002,706.23999
2026-08-25 09:30:00,711.27002,713.13000,710.79999,712.52502
2026-08-25 09:45:00,712.5,714.039978,711.099976,711.60999
2026-08-25 10:00:00,711.67999,711.67999,709.91498,710.010010
2026-08-25 10:15:00,710.020020,710.59998,709.14008,709.29999
2026-08-25 10:30:00,709.23999,710.54999,707.45001,709.35999
2026-08-25 10:45:00,709.26001,710.38501,709.080017,709.69000
2026-08-25 11:00:00,709.69000,709.78998,708.88000,709.5
2026-08-25 11:15:00,709.50952,710.85999,709.40002,710.78998
2026-08-25 11:30:00,710.76001,711.52002,710.27002,710.53003
2026-08-25 11:45:00,710.48999,710.67499,709.46997,710.43500
2026-08-25 12:00:00,710.57001,711.059998,710.40997,710.80011
2026-08-25 12:15:00,710.96997,711.26001,710.72101,711.15997
2026-08-25 12:30:00,711.17950,711.28998,710.34003,710.48999
2026-08-25 12:45:00,710.5,710.90997,710.19000,710.70502
2026-08-25 13:00:00,710.71161,710.79999,709.48010,709.92078
2026-08-25 13:15:00,709.90997,710.29993,709.27002,709.47998
2026-08-25 13:30:00,709.5,709.71002,709.31000,709.43988
2026-08-25 13:45:00,709.43951,709.65002,709.30499,709.54401
2026-08-25 14:00:00,709.53003,709.53003,706.32001,709.010010
2026-08-25 14:15:00,709.030029,709.54999,708.96997,709.33502
2026-08-25 14:30:00,709.37000,710.33002,709.34998,710.28497
2026-08-25 14:45:00,710.28497,710.66998,710.19000,710.26001
2026-08-25 15:00:00,710.25500,710.47998,709.65002,709.73999
2026-08-25 15:15:00,709.71997,709.79999,709.21002,709.53003
2026-08-25 15:30:00,709.53003,710.28998,709.17999,709.82501
2026-08-25 15:45:00,709.82001,711.080017,709.59003,710.64001
2026-08-26 09:30:00,708.5,711.69000,708.47998,711.15997
2026-08-26 09:45:00,711.15997,712.20001,710.28003,712.16998
2026-08-26 10:00:00,712.17999,712.17999,709.88013,710.14502
2026-08-26 10:15:00,710.13000,710.53998,707.96997,708.52502
2026-08-26 10:30:00,708.48999,709.93011,708.46997,709.53998
2026-08-26 10:45:00,709.5625,710.67999,709.20001,710.29999
2026-08-26 11:00:00,710.32001,711.039978,710.20001,710.44000
2026-08-26 11:15:00,710.42999,710.65997,709.58002,710.40002
2026-08-26 11:30:00,710.38000,711.17987,709.55011,711.030029
2026-08-26 11:45:00,710.98999,711.21960,709.40503,709.44000
2026-08-26 12:00:00,709.42999,709.62000,708.77667,709.070007
2026-08-26 12:15:00,709.070007,709.39001,708.88000,709.20001
2026-08-26 12:30:00,709.20502,709.49988,708.28998,708.39008
2026-08-26 12:45:00,708.39001,709.53998,708.35498,709.39990
2026-08-26 13:00:00,709.59003,710,709.27002,709.88000
2026-08-26 13:15:00,709.95001,710.67999,709.95001,710.60999
2026-08-26 13:30:00,710.59998,711.15997,710.51007,710.93048
2026-08-26 13:45:00,710.92999,711.22998,710.60498,711.010010
2026-08-26 14:00:00,711.020020,711.29260,710.58380,710.67999
2026-08-26 14:15:00,710.67999,711.20001,710.56000,710.90002
2026-08-26 14:30:00,710.90002,711.45001,710.81000,711.26001
2026-08-26 14:45:00,711.65991,712.080017,711.27002,711.89001
2026-08-26 15:00:00,711.875,713.020020,711.81000,712.34497
2026-08-26 15:15:00,712.34998,712.75,712.16998,712.31000
2026-08-26 15:30:00,712.31000,712.45001,711.56000,711.61200
2026-08-26 15:45:00,711.58002,712.35999,710.88501,711.29999
2026-08-27 09:30:00,716.97998,718.46997,715,718.14008
2026-08-27 09:45:00,718.15002,718.83002,714.52502,715.92999
2026-08-27 10:00:00,715.96002,718.46997,715.84003,717.75
2026-08-27 10:15:00,717.77002,719.26923,717.76001,718.93500
2026-08-27 10:30:00,718.92999,718.98999,717.29999,717.76001
2026-08-27 10:45:00,717.75,718.90002,717.14001,718.79999
2026-08-27 11:00:00,718.81000,719.42999,718.53003,719.38721
2026-08-27 11:15:00,719.38800,719.58002,718.14502,718.21997
2026-08-27 11:30:00,718.25,718.71002,717.080017,717.20502
2026-08-27 11:45:00,717.22998,719,716.66998,718.69000
2026-08-27 12:00:00,718.69501,719.32001,718.33002,718.53497
2026-08-27 12:15:00,718.54999,718.98999,718.080017,718.84998
2026-08-27 12:30:00,718.88629,719.98499,718.78998,719.87000
2026-08-27 12:45:00,719.88000,720.17999,719.66998,720.030029
2026-08-27 13:00:00,720.030029,720.58002,719.94000,720.46002
2026-08-27 13:15:00,720.44000,720.62000,719.69000,719.76501
2026-08-27 13:30:00,719.75690,720.15997,719.40997,719.5
2026-08-27 13:45:00,719.5,719.57001,718.98999,719.099976
2026-08-27 14:00:00,719.099976,719.34003,717.88049,718.25
2026-08-27 14:15:00,718.24030,718.53003,717.039978,717.33002
2026-08-27 14:30:00,717.31000,718.34998,717.29999,718.13000
2026-08-27 14:45:00,718.10999,718.35999,717.47998,718.099976
2026-08-27 15:00:00,718.10498,718.94000,718.034973,718.60999
2026-08-27 15:15:00,718.63000,719.12000,718.63000,718.86499
2026-08-27 15:30:00,718.88000,719.59998,718.71002,719.59998
2026-08-27 15:45:00,719.59003,721.34998,719.5,721.059998
2026-08-28 09:30:00,719.75,721.52002,718.17621,721.18628
2026-08-28 09:45:00,721.17999,721.54993,719.71002,719.71100
2026-08-28 10:00:00,719.92999,721.63000,716.78998,717.54999
2026-08-28 10:15:00,717.56989,720.90002,717.42999,720.29999
2026-08-28 10:30:00,720.35498,722.5,719.83002,722.29010
2026-08-28 10:45:00,722.32001,723.83002,722.070007,723.82001
2026-08-28 11:00:00,724.069885,724.125,722.28003,722.61047
2026-08-28 11:15:00,722.96997,723.65002,722.39001,723.40997
2026-08-28 11:30:00,723.45502,723.48999,720.57001,720.76001
2026-08-28 11:45:00,720.73999,721.015015,717.70001,717.85999
2026-08-28 12:00:00,717.92999,718.82001,716.84003,718
2026-08-28 12:15:00,717.96002,718.29999,715.69000,716.31000
2026-08-28 12:30:00,716.28998,717.30499,715.96997,716.19501
2026-08-28 12:45:00,716.17999,717.78998,716.16998,716.65002
2026-08-28 13:00:00,716.64001,716.66663,715.085022,716.22998
2026-08-28 13:15:00,716.21002,716.46997,715.45001,715.89001
2026-08-28 13:30:00,715.84003,716.71997,715.66998,716.21002
2026-08-28 13:45:00,716.19000,717.28998,716.075012,716.98602
2026-08-28 14:00:00,717,717.10999,716.32001,716.33002
2026-08-28 14:15:00,716.33002,716.70502,715.90002,716.20502
2026-08-28 14:30:00,716.20502,716.73999,716.020020,716.40997
2026-08-28 14:45:00,716.37939,716.41998,715.15002,715.52002
2026-08-28 15:00:00,715.51501,716.37000,715.23999,716.080017
2026-08-28 15:15:00,716.090027,716.63000,715.71997,716.53003
2026-08-28 15:30:00,716.53497,716.88000,716.16998,716.64008
2026-08-28 15:45:00,716.65997,717.080017,715.93500,716.45001
2026-08-31 09:30:00,715.12000,717.00097656,714.010010,714.42499
2026-08-31 09:45:00,714.42999,716.12842,713.96997,715.22998
2026-08-31 10:00:00,715.20001,715.40002,713.53998,714.090027
2026-08-31 10:15:00,714.070007,714.96002,713.15997,713.62000
2026-08-31 10:30:00,713.55011,715.080017,713.37000,714.83002
2026-08-31 10:45:00,714.85999,715.27002,713.86011,714.59998
2026-08-31 11:00:00,714.60999,715.25,714.14001,714.63501
2026-08-31 11:15:00,714.63800,715.31000,714.19940,714.71741
2026-08-31 11:30:00,714.77002,714.79999,713.84998,714.45380
2026-08-31 11:45:00,714.45001,715,713.88000,713.95502
2026-08-31 12:00:00,713.96997,714.52002,713.35999,714.38000
2026-08-31 12:15:00,714.40002,714.85999,713.82172,714.84003
2026-08-31 12:30:00,714.84998,714.97498,714.12042,714.57001
2026-08-31 12:45:00,714.55499,715.28003,714.45190,715.21002
2026-08-31 13:00:00,715.20001,715.20001,714.63287,714.83002
2026-08-31 13:15:00,714.82001,715.070007,714.12000,714.21002
2026-08-31 13:30:00,714.20001,715.20001,713.98999,715.20001
2026-08-31 13:45:00,715.20502,715.62000,715.020020,715.23499
2026-08-31 14:00:00,715.17999,715.65997,714.78198,715.38501
2026-08-31 14:15:00,715.39001,715.73999,715.15210,715.17499
2026-08-31 14:30:00,715.16998,715.27728,713.84918,714.23499
2026-08-31 14:45:00,714.25,714.73999,714.010071,714.34998
2026-08-31 15:00:00,714.35699,714.92499,714.31000,714.84998
2026-08-31 15:15:00,714.84998,715.52002,714.64502,715.38000
2026-08-31 15:30:00,715.39001,716.19501,714.96002,716.060120
2026-08-31 15:45:00,716.059998,717.57501,715.62000,716.85999
2026-09-01 09:30:00,707.42999,708.039978,705.62000,706.69000
2026-09-01 09:45:00,706.60999,708.45001,706.51007,707.22498
2026-09-01 10:00:00,707.27002,708.53998,706.77142,707.87708
2026-09-01 10:15:00,707.85498,708.96997,707.83502,708.60999
2026-09-01 10:30:00,708.59497,710.28497,708.57001,710.28497
2026-09-01 10:45:00,710.28003,711.090027,709.66998,710.17999
2026-09-01 11:00:00,710.18988,710.46997,709.0015869,709.080505
2026-09-01 11:15:00,709.088684,710.23999,708.99969,710.23999
2026-09-01 11:30:00,710.23999,711.65002,710.059998,711.59998
2026-09-01 11:45:00,711.59003,712.29999,711.56000,711.79999
2026-09-01 12:00:00,711.84998,711.89001,710.28998,710.31000
2026-09-01 12:15:00,710.28101,710.38501,708.60999,708.98999
2026-09-01 12:30:00,708.96997,709.13501,707.89001,707.97998
2026-09-01 12:45:00,707.97998,709.44000,707.87000,709.28998
2026-09-01 13:00:00,709.29999,709.29999,708.010010,708.38000
2026-09-01 13:15:00,708.40002,708.59961,707,708.065002
2026-09-01 13:30:00,708.080017,708.52002,707.97498,708.32001
2026-09-01 13:45:00,708.28998,708.29999,707.47998,708.010010
2026-09-01 14:00:00,708,708.27002,707.059998,707.10010
2026-09-01 14:15:00,707.099976,707.45001,706.69000,706.88000
2026-09-01 14:30:00,706.88000,706.96002,704.97498,705
2026-09-01 14:45:00,704.98999,706.57001,704.65997,706.42322
2026-09-01 15:00:00,706.44501,707.52002,706.31000,707.48999
2026-09-01 15:15:00,707.53998,707.72998,707.099976,707.65002
2026-09-01 15:30:00,707.65997,707.70001,706.84998,707.45001
2026-09-01 15:45:00,707.46997,708.54999,706.66998,707.65503
2026-09-02 09:30:00,707.10999,707.53998,705.58002,706.87000
2026-09-02 09:45:00,706.89001,707.40002,705.10999,706.17999
2026-09-02 10:00:00,706.19000,707.77002,705.50140,707.76001
2026-09-02 10:15:00,707.76001,709.33600,707.58002,709.20001
2026-09-02 10:30:00,709.15997,709.79883,708.77002,709.57001
2026-09-02 10:45:00,709.59003,709.59998,707.42999,707.59998
2026-09-02 11:00:00,707.59003,708.77002,707.29749,708.52002
2026-09-02 11:15:00,708.53998,709.71997,708.38000,709.64502
2026-09-02 11:30:00,709.66998,709.73993,708.85999,709.14502
2026-09-02 11:45:00,709.12000,709.31158,708,709.19501
2026-09-02 12:00:00,709.20001,709.47998,708.91998,709.20001
2026-09-02 12:15:00,709.15997,709.15997,708.16998,708.38501
2026-09-02 12:30:00,708.38953,708.91998,708.049988,708.059998
2026-09-02 12:45:00,708.049988,708.72998,707.97998,708.41998
2026-09-02 13:00:00,708.45001,709.080017,707.74011,708.17999
2026-09-02 13:15:00,708.20001,708.41998,707.71997,708.32001
2026-09-02 13:30:00,708.33502,708.5,707.76001,708.49341
2026-09-02 13:45:00,708.5,708.88000,708.14001,708.53998
2026-09-02 14:00:00,708.54999,708.67999,707.96997,708.19012
2026-09-02 14:15:00,708.22998,709.48999,708.16010,708.53003
2026-09-02 14:30:00,708.53003,708.89001,707.88501,707.98999
2026-09-02 14:45:00,708.039978,708.41998,707.84998,708.21002
2026-09-02 15:00:00,708.22498,708.82501,708.075684,708.71002
2026-09-02 15:15:00,708.70001,708.79999,708.33002,708.75
2026-09-02 15:30:00,708.72998,708.94000,708.43292,708.90997
2026-09-02 15:45:00,708.90002,709.42499,708.78998,709.25
2026-09-03 09:30:00,710.84998,713.48999,709.69379,713.15002
2026-09-03 09:45:00,713.15002,713.84967,711.97998,712.88000
2026-09-03 10:00:00,712.84003,712.84009,710.67999,712.054993
2026-09-03 10:15:00,712.039978,713.56000,711.96002,713.075012
2026-09-03 10:30:00,713.059998,713.46997,711.41998,711.60999
2026-09-03 10:45:00,711.65503,713.64502,710.81000,713.54999
2026-09-03 11:00:00,713.56989,716.044983,713.56500,716
2026-09-03 11:15:00,716.0050049,717.82001,715.76001,717.72998
2026-09-03 11:30:00,717.76001,717.86499,716.94000,717
2026-09-03 11:45:00,717.080017,717.82001,716.95758,717.82001
2026-09-03 12:00:00,717.80499,717.82001,716.93323,717.32501
2026-09-03 12:15:00,717.34003,717.54999,716.59998,716.78003
2026-09-03 12:30:00,716.79401,717.69989,716.44000,717.54999
2026-09-03 12:45:00,717.57001,717.92999,717.29498,717.55499
2026-09-03 13:00:00,717.57001,717.67999,716.58002,716.65009
2026-09-03 13:15:00,716.66998,717.080017,716.34003,716.96997
2026-09-03 13:30:00,716.95801,717.62000,716.95801,717.58002
2026-09-03 13:45:00,717.55499,718.15002,717.39001,717.91998
2026-09-03 14:00:00,717.91998,718.80499,717.91998,718.65002
2026-09-03 14:15:00,718.65759,718.90997,718.44299,718.58502
2026-09-03 14:30:00,718.59998,718.79999,718.33502,718.34003
2026-09-03 14:45:00,718.33502,718.84003,718.33502,718.51001
2026-09-03 15:00:00,718.52502,718.56000,717.70001,717.83002
2026-09-03 15:15:00,717.82001,717.96002,717.54370,717.72998
2026-09-03 15:30:00,717.71503,717.88000,717.46002,717.51001
2026-09-03 15:45:00,717.51001,717.77002,717.14001,717.60999
2026-09-04 09:30:00,719.35999,720.71002,718.52502,720.039978
2026-09-04 09:45:00,720.020020,721.85999,719.12000,721.83801
2026-09-04 10:00:00,721.82001,721.84003,719.53998,720.84998
2026-09-04 10:15:00,720.85999,720.89001,718.84998,719.59003
2026-09-04 10:30:00,719.59998,719.64001,718.037720,718.071594
2026-09-04 10:45:00,718.070007,718.32953,717.26001,717.71002
2026-09-04 11:00:00,717.76001,718.28003,717.23999,718.28003
2026-09-04 11:15:00,718.25952,718.32001,716.92999,717.44000
2026-09-04 11:30:00,717.42999,717.87000,716.78998,717.76001
2026-09-04 11:45:00,717.74280,717.80988,717,717.63013
2026-09-04 12:00:00,717.65002,718.54999,717.42999,718.45502
2026-09-04 12:15:00,718.45001,718.85498,718.19000,718.60999
2026-09-04 12:30:00,718.60950,719.080017,718.48999,718.92499
2026-09-04 12:45:00,718.95001,719.60498,718.87000,719.15997
2026-09-04 13:00:00,719.15997,719.21997,718.065002,718.14001
2026-09-04 13:15:00,718.14001,718.33002,717.41998,717.50500
2026-09-04 13:30:00,717.5,717.5,716.70001,716.80499
2026-09-04 13:45:00,716.79498,717.26599,716.56000,717.12000
2026-09-04 14:00:00,717.10999,717.26349,716.64001,717.010010
2026-09-04 14:15:00,717.034973,717.66998,716.96002,717.56293
2026-09-04 14:30:00,717.59998,717.875,717.42999,717.82501
2026-09-04 14:45:00,717.82001,718.32001,717.80988,718.22998
2026-09-04 15:00:00,718.23499,718.35999,717.47998,717.56000
2026-09-04 15:15:00,717.59003,718.069885,717.57501,717.95001
2026-09-04 15:30:00,717.95001,718.46002,717.78998,718.31000
2026-09-04 15:45:00,718.29999,719.44000,718.29248,719.059998
2026-09-08 09:30:00,720.96997,721.88599,716.56000,716.71997
2026-09-08 09:45:00,716.73999,718.28998,716.32,717.46997
2026-09-08 10:00:00,717.46002,717.69501,715.57001,716.50500
2026-09-08 10:15:00,716.5,717.94000,716.39001,717.76001
2026-09-08 10:30:00,717.81610,718.30499,717.15002,718.15002
2026-09-08 10:45:00,718.15002,718.93872,717.70001,718.92999
2026-09-08 11:00:00,718.95001,720.075012,718.55499,719.91998
2026-09-08 11:15:00,719.91998,720.71997,719.40002,720.085022
2026-09-08 11:30:00,720.12488,720.93,719.76001,720.84998
2026-09-08 11:45:00,720.89001,720.90997,719.86499,719.96997
2026-09-08 12:00:00,719.98999,720.40002,719.33502,719.59998
2026-09-08 12:15:00,719.59003,719.96002,718.97998,719.075012
2026-09-08 12:30:00,719.099976,719.46997,718.95001,719.27002
2026-09-08 12:45:00,719.28003,720.08,718.66998,719.22998
2026-09-08 13:00:00,719.23999,720.85,719.21997,720.56000
2026-09-08 13:15:00,720.59003,720.67,720.039978,720.26001
2026-09-08 13:30:00,720.28003,720.66998,719.84003,719.88000
2026-09-08 13:45:00,719.89001,720.19000,719.65997,719.65997
2026-09-08 14:00:00,719.66998,720.20001,719.57001,720.020020
2026-09-08 14:15:00,720.030029,720.23999,719.62000,719.81000
2026-09-08 14:30:00,719.83002,719.95001,719.36,719.92999
2026-09-08 14:45:00,719.92999,720.13,717.90997,719.28998
2026-09-08 15:00:00,719.31500,719.54633,718.90997,719.23999
2026-09-08 15:15:00,719.21997,719.31,718.51,718.96503
2026-09-08 15:30:00,718.96503,719.010010,718.44,718.57001
2026-09-08 15:45:00,718.58002,718.69,717.25,718.38062
2026-09-09 09:30:00,716.28998,717.53998,715.48999,716.96002
2026-09-09 09:45:00,716.98999,719.059998,716.40997,718.88000
2026-09-09 10:00:00,718.87000,719.70001,718.2,718.94501
2026-09-09 10:15:00,718.88000,718.91998,716.48999,718.28998
2026-09-09 10:30:00,718.28003,718.50922,717.33,718.40002
2026-09-09 10:45:00,718.34998,718.46002,717.57,718.16998
2026-09-09 11:00:00,718.18512,718.92999,714.73291,715.015015
2026-09-09 11:15:00,715.010010,716.35999,714.02,714.79999
2026-09-09 11:30:00,714.82001,716.97998,714.75,715.96997
2026-09-09 11:45:00,715.95001,716.63000,715.65002,716.19000
2026-09-09 12:00:00,716.19110,716.51001,715.29999,715.37000
2026-09-09 12:15:00,715.38000,715.41992,714.71002,714.96002
2026-09-09 12:30:00,715.010010,716.33002,714.97998,716.33002
2026-09-09 12:45:00,716.35999,716.87000,716.020020,716.40997
2026-09-09 13:00:00,716.40002,716.96002,716.15997,716.89001
2026-09-09 13:15:00,716.89001,717.049988,716.23999,716.23999
2026-09-09 13:30:00,716.26001,716.52002,715.71,716.37000
2026-09-09 13:45:00,716.40002,717.039978,716.37000,716.70001
2026-09-09 14:00:00,716.69000,716.77002,716.043884,716.043884
2026-09-09 14:15:00,716.010010,716.52020,715.92999,716.29999
2026-09-09 14:30:00,716.31219,716.69000,716.14,716.63000
2026-09-09 14:45:00,716.62250,716.79999,716.14001,716.15002
2026-09-09 15:00:00,716.15997,716.34003,715.755,716.22498
2026-09-09 15:15:00,716.22498,716.74500,716.21100,716.27612
2026-09-09 15:30:00,716.28003,716.39001,715.90997,716.13000
2026-09-09 15:45:00,716.13000,716.38,715.53,716.28003
2026-09-10 09:30:00,707.58,710.23,706.925,708.78
2026-09-10 09:45:00,708.82,710.34,707.65,707.82
2026-09-10 10:00:00,707.79,709.7,707.79,708.73
2026-09-10 10:15:00,708.775,711.74,708.18,710.4
2026-09-10 10:30:00,710.45,711.52,710.44,711.49
