time,open,high,low,close
2018-09-20,292.64001,293.94000,291.23999,293.57999
2018-09-21,293.089996,293.22000,291.81000,291.98999
2018-09-24,291.34000,291.5,290.37000,291.019989
2018-09-25,291.53000,291.64999,290.48001,290.75
2018-09-26,290.91000,292.23999,289.41000,289.88000
2018-09-27,290.41000,291.91000,290.10001,290.69000
2018-09-28,289.98999,291.28000,289.95001,290.72000
2018-10-01,292.10999,292.92999,290.98001,291.73001
2018-10-02,291.56000,292.35999,291.14001,291.56000
2018-10-03,292.73999,293.20999,291.32001,291.72000
2018-10-04,291.17999,291.23999,287.66000,289.44000
2018-10-05,289.69000,290.26999,286.22000,287.82001
2018-10-08,287.049988,288.22000,285.5,287.82001
2018-10-09,287.39001,288.85999,286.76999,287.39999
2018-10-10,286.82999,286.91000,277.88000,278.29999
2018-10-11,277.079987,278.89999,270.35999,272.17001
2018-10-12,276.76999,277.089996,272.37000,275.95001
2018-10-15,275.54999,277.040009,274.29999,274.39999
2018-10-16,276.60001,280.82001,276.070007,280.39999
2018-10-17,280.44000,281.14999,277.56000,280.45001
2018-10-18,279.39999,280.070007,274.97000,276.39999
2018-10-19,277.13000,279.29999,275.47000,276.25
2018-10-22,277,277.35999,274.41000,275.010010
2018-10-23,270.95001,274.87000,268.60999,273.60999
2018-10-24,273.32999,273.76001,264.70001,265.32001
2018-10-25,267.38000,271.81000,266.23001,270.079987
2018-10-26,265.92001,271,262.29001,265.32999
2018-10-29,268.79999,270.25,259.85001,263.85999
2018-10-30,263.67001,268.12000,263.12000,267.76999
2018-10-31,270.64999,273.23001,270.12000,270.63000
2018-11-01,271.60001,273.73001,270.38000,273.51001
2018-11-02,274.75,275.23001,269.59000,271.89001
2018-11-05,272.44000,274.010010,271.35001,273.39001
2018-11-06,273.32001,275.29999,273.25,275.12000
2018-11-07,277.56000,281.10001,277.079987,281.010010
2018-11-08,280.10999,281.22000,279.22000,280.5
2018-11-09,279.029999,279.23999,276.17999,277.76001
2018-11-12,277.19000,277.45999,271.98999,272.57001
2018-11-13,273.089996,275.32999,271.25,272.059998
2018-11-14,274.16000,274.60999,268.45001,270.20001
2018-11-15,268.78000,273.54001,267.010010,273.019989
2018-11-16,271.79001,274.75,271.20999,273.73001
2018-11-19,273.049988,273.38000,268.070007,269.10001
2018-11-20,265.35999,267,263.14999,264.12000
2018-11-21,265.85999,267.14999,265.010010,265.019989
2018-11-23,263.17999,264.82001,263.070007,263.25
2018-11-26,265.78000,267.75,265.34000,267.5
2018-11-27,266.34000,268.39999,265.66000,268.39999
2018-11-28,269.60001,274.57999,268.32999,274.57999
2018-11-29,273.70999,275.54999,272.42999,273.98001
2018-11-30,273.81000,276.28000,273.45001,275.64999
2018-12-03,280.28000,280.39999,277.51001,279.29999
2018-12-04,278.37000,278.85001,269.89999,270.25
2018-12-06,265.92001,269.97000,262.44000,269.84000
2018-12-07,269.45999,271.22000,262.63000,263.57001
2018-12-10,263.37000,265.16000,258.62000,264.070007
2018-12-11,267.66000,267.87000,262.48001,264.13000
2018-12-12,267.47000,269,265.37000,265.45999
2018-12-13,266.51999,267.48999,264.12000,265.37000
2018-12-14,262.95999,264.029999,259.85001,260.47000
2018-12-17,259.39999,260.64999,253.53000,255.36000
2018-12-18,257.20001,257.95001,253.28000,255.080002
2018-12-19,255.17000,259.39999,249.35001,251.25999
2018-12-20,249.86000,251.62000,244.64999,247.17000
2018-12-21,246.74001,249.71001,239.98000,240.70000
2018-12-24,239.039993,240.84000,234.27000,234.34000
2018-12-26,235.97000,246.17999,233.75999,246.17999
2018-12-27,242.57001,248.28999,238.96001,248.070007
2018-12-28,249.58000,251.39999,246.45000,247.75
2018-12-31,249.56000,250.19000,247.47000,249.92000
2019-01-02,245.98000,251.21001,245.95000,250.17999
2019-01-03,248.23000,248.57001,243.67000,244.21001
2019-01-04,247.59000,253.11000,247.17000,252.39000
2019-01-07,252.69000,255.95000,251.69000,254.38000
2019-01-08,256.82001,257.31000,254,256.76999
2019-01-09,257.56000,258.91000,256.19000,257.97000
2019-01-10,256.26001,259.16000,255.5,258.88000
2019-01-11,257.67999,259.010010,257.029999,258.98001
2019-01-14,256.85999,258.29999,256.41000,257.39999
2019-01-15,257.82001,260.70001,257.81000,260.35001
2019-01-16,260.82999,261.97000,260.60001,260.98001
2019-01-17,260.010010,263.92001,259.95999,262.95999
2019-01-18,264.98001,266.98001,263,266.45999
2019-01-22,264.82001,265.059998,261.059998,262.85999
2019-01-23,264.010010,264.79001,260.66000,263.41000
2019-01-24,263.20999,264.20001,262.079987,263.54999
2019-01-25,265.60999,266.70001,263.66000,265.78000
2019-01-28,263.39001,263.82999,261.79001,263.76001
2019-01-29,263.92001,264.54999,262.48001,263.41000
2019-01-30,265.10001,268.51999,264.25,267.57999
2019-01-31,267.51001,270.47000,267.26999,269.92999
2019-02-01,270.14999,271.20001,269.17999,270.059998
2019-02-04,270.10999,272.029999,269.35999,271.95999
2019-02-05,272.44000,273.44000,271.88000,273.10001
2019-02-06,272.79001,273.34000,271.92001,272.73999
2019-02-07,270.94000,271.54999,268.29001,270.14001
2019-02-08,268.75,270.57999,267.82999,270.47000
2019-02-11,271.20001,271.48999,270.029999,270.62000
2019-02-12,272.42001,274.51999,272.34000,274.10001
2019-02-13,275.029999,275.92999,274.56000,274.98999
2019-02-14,273.78000,275.64001,272.87000,274.38000
2019-02-15,276.35999,277.41000,276.13000,277.37000
2019-02-19,276.48001,278.57999,276.47000,277.85001
2019-02-20,277.81000,278.92001,277.25,278.41000
2019-02-21,277.70001,278.10001,276.35001,277.42001
2019-02-22,278.10999,279.35999,277.39999,279.14001
2019-02-25,280.73001,281.31000,279.42999,279.51999
2019-02-26,279.13000,280.29999,278.89999,279.32001
2019-02-27,278.51999,279.59000,277.48001,279.20001
2019-02-28,278.95999,279.45001,278.32001,278.67999
2019-03-01,280.44000,280.88000,278.82001,280.42001
2019-03-04,281.60001,281.87000,276.84000,279.39999
2019-03-05,279.54001,279.76001,278.41000,279.019989
2019-03-06,279.14999,279.16000,276.97000,277.32999
2019-03-07,276.82999,276.98999,274.070007,275.010010
2019-03-08,272.94000,274.64999,272.42001,274.45999
2019-03-11,275.26001,278.62000,275.23001,278.44000
2019-03-12,279.059998,280.070007,278.85001,279.48999
2019-03-13,280.48001,282.38000,280.29999,281.34000
2019-03-14,281.37000,281.84000,280.67001,281.16000
2019-03-15,280.54001,282.20999,280.32999,281.31000
2019-03-18,281.54999,282.66000,281.29999,282.32999
2019-03-19,283.51001,284.35999,281.41000,282.39999
2019-03-20,282.16000,283.5,280.32001,281.54999
2019-03-21,280.64001,285.17999,280.59000,284.73001
2019-03-22,283.22000,283.79999,279.17999,279.25
2019-03-25,278.87000,280.19000,277.64001,279.040009
2019-03-26,280.98999,282.17999,279.56000,281.12000
2019-03-27,281.10999,281.76001,277.92999,279.64999
2019-03-28,280.35001,281.20999,279.070007,280.70999
2019-03-29,282.39001,282.84000,281.14001,282.48001
2019-04-01,284.70001,286.16000,284.39999,285.82999
2019-04-02,286.040009,286.23001,285.089996,285.97000
2019-04-03,287.32001,287.76001,285.75,286.42001
2019-04-04,286.78000,287.45999,286.010010,287.17999
2019-04-05,287.92001,288.63000,287.60001,288.57001
2019-04-08,288.10001,288.91000,287.37000,288.79001
2019-04-09,287.72000,288.079987,286.70001,287.31000
2019-04-10,287.76999,288.39001,287.31000,288.29001
2019-04-11,288.82999,288.84000,287.57999,288.20999
2019-04-12,290,290.47000,288.26001,290.16000
2019-04-15,290.23999,290.35001,289.079987,289.97000
2019-04-16,290.95001,291.010010,289.5,290.16000
2019-04-17,291.39999,291.42999,288.98999,289.45001
2019-04-18,290.10001,290.32001,288.66000,290.019989
2019-04-22,289.17001,290.44000,289.070007,290.26999
2019-04-23,290.67999,293.14001,290.42001,292.88000
2019-04-24,292.79001,293.16000,292.070007,292.23001
2019-04-25,292.12000,292.78000,290.73001,292.049988
2019-04-26,292.10001,293.48999,291.23999,293.41000
2019-04-29,293.51001,294.45001,293.41000,293.87000
2019-04-30,293.48999,294.34000,291.92001,294.019989
2019-05-01,294.72000,294.95001,291.79999,291.81000
2019-05-02,291.67999,292.70001,289.51999,291.17999
2019-05-03,292.82001,294.34000,291.29999,294.029999
2019-05-06,289.25,293.31000,288.89999,292.82001
2019-05-07,290.14999,290.81000,285.81000,287.92999
2019-05-08,287.53000,289.42999,286.87000,287.53000
2019-05-09,285.23001,287.32999,283.29999,286.66000
2019-05-10,285.62000,288.94000,282.29999,288.10001
2019-05-13,282.42001,283.48999,279.92999,280.85999
2019-05-14,281.98999,285.10001,281.85001,283.39999
2019-05-15,281.59000,285.76999,281.35999,285.059998
2019-05-16,285.84000,289.20999,285.76001,287.70001
2019-05-17,285.14001,288.60001,285.12000,285.84000
2019-05-20,284.059998,285.95999,283.12000,283.95001
2019-05-21,285.82999,286.92999,285.54999,286.51001
2019-05-22,285.45001,286.69000,285.10001,285.63000
2019-05-23,283.16000,283.20999,280.57001,282.14001
2019-05-24,283.73999,284.20001,282.089996,282.78000
2019-05-28,283.089996,284.14999,280.13000,280.14999
2019-05-29,278.91000,279.35999,276.70999,278.26999
2019-05-30,279.10999,280.040009,277.81000,279.029999
2019-05-31,276.20001,277.12000,275.23999,275.26999
2019-06-03,275.31000,276.54999,273.089996,274.57001
2019-06-04,277.12000,280.67999,276.62000,280.53000
2019-06-05,282.32999,282.98999,280.32001,282.95999
2019-06-06,283.29001,285.54999,282.57001,284.79999
2019-06-07,285.92999,288.85001,285.73999,287.64999
2019-06-10,289.37000,290.82001,288.87000,288.97000
2019-06-11,290.98999,291.39999,288.17999,288.89999
2019-06-12,288.64001,289.26001,287.82001,288.39001
2019-06-13,289.39999,289.98001,288.62000,289.57999
2019-06-14,289.26001,289.92999,288.41000,289.26001
2019-06-17,289.51999,290.22000,289.17999,289.37000
2019-06-18,291.39001,293.57001,290.98999,292.39999
2019-06-19,292.54999,293.64999,291.47000,293.059998
2019-06-20,296.040009,296.31000,293.13000,295.85999
2019-06-21,294.13000,295.51999,293.76001,294
2019-06-24,294.23001,294.57999,293.47000,293.64001
2019-06-25,293.70001,293.73001,290.64001,290.76001
2019-06-26,291.75,292.31000,290.35001,290.47000
2019-06-27,291.31000,292.059998,290.89001,291.5
2019-06-28,292.57999,293.54999,292.010010,293
2019-07-01,296.67999,296.92001,294.32999,295.66000
2019-07-02,295.60999,296.48999,294.67999,296.42999
2019-07-03,297.17999,298.82001,297.019989,298.79999
2019-07-05,297.44000,298.64001,296.010010,298.45999
2019-07-08,297.010010,298.26001,296.22000,296.82001
2019-07-09,295.54001,297.51999,295.48001,297.19000
2019-07-10,298.37000,299.66000,297.78000,298.60999
2019-07-11,299.32001,299.57999,298.20001,299.31000
2019-07-12,299.85001,300.73001,299.51001,300.64999
2019-07-15,301.13000,301.13000,300.19000,300.75
2019-07-16,300.64999,300.88000,299.44000,299.78000
2019-07-17,299.75,299.92999,297.73999,297.73999
2019-07-18,297.19000,299.25,296.70001,298.82999
2019-07-19,300.040009,300.070007,296.98001,297.17001
2019-07-22,297.60999,298.5,297.040009,297.89999
2019-07-23,299.14001,300.029999,298.22000,300.029999
2019-07-24,299.19000,301.44000,299.089996,301.44000
2019-07-25,300.94000,301,299.10999,300
2019-07-26,300.76001,302.23001,300.62000,302.010010
2019-07-29,301.88000,302.010010,300.85001,301.45999
2019-07-30,299.91000,301.17001,299.48999,300.72000
2019-07-31,300.98999,301.20001,295.20001,297.42999
2019-08-01,297.60001,300.87000,293.95999,294.84000
2019-08-02,293.85001,294.12000,290.89999,292.62000
2019-08-05,288.089996,288.20999,281.72000,283.82001
2019-08-06,285.91000,288.040009,284.28000,287.79999
2019-08-07,284.39999,288.82001,282.040009,287.97000
2019-08-08,289.62000,293.62000,289.010010,293.62000
2019-08-09,292.57999,293.23999,289.64999,291.62000
2019-08-12,289.95999,291.60999,287.019989,288.070007
2019-08-13,287.73999,294.14999,287.35999,292.54999
2019-08-14,288.070007,288.73999,283.76001,283.89999
2019-08-15,284.88000,285.64001,282.39001,284.64999
2019-08-16,286.48001,289.32999,284.70999,288.85001
2019-08-19,292.19000,293.079987,291.44000,292.32999
2019-08-20,291.76999,292.35999,289.95001,290.089996
2019-08-21,292.48001,292.85999,291.72000,292.45001
2019-08-22,293.23001,293.92999,290.39999,292.35999
2019-08-23,290.92001,292.76001,283.47000,284.85001
2019-08-26,287.26999,288,285.57999,288
2019-08-27,289.54001,289.95001,286.029999,286.87000
2019-08-28,286.14001,289.070007,285.25,288.89001
2019-08-29,291.72000,293.16000,290.60999,292.57999
2019-08-30,294.22000,294.23999,291.42001,292.45001
2019-09-03,290.57001,291.57999,289.26999,290.73999
2019-09-04,293.14001,294.059998,292.31000,294.040009
2019-09-05,296.79001,298.82999,294,297.82001
2019-09-06,298.17001,298.76001,297.42001,298.049988
2019-09-09,299.14001,299.23999,297.16000,298.20001
2019-09-10,297.35999,298.20001,295.97000,298.13000
2019-09-11,298.47000,300.34000,297.75,300.25
2019-09-12,301.25,302.45999,300.41000,301.29001
2019-09-13,301.78000,302.17001,300.67999,301.089996
2019-09-16,299.84000,301.14001,299.45001,300.16000
2019-09-17,299.94000,301.019989,299.75,300.92001
2019-09-18,300.48999,301.22000,298.23999,301.10001
2019-09-19,301.53000,302.63000,300.70999,301.079987
2019-09-20,300.35999,300.67001,297.41000,298.28000
2019-09-23,297.54999,299,297.26999,298.20999
2019-09-24,299.41000,299.84000,294.81000,295.87000
2019-09-25,295.95999,298.10999,294.32999,297.62000
2019-09-26,297.63000,297.85999,295.45001,297
2019-09-27,297.82999,297.95001,293.69000,295.39999
2019-09-30,295.97000,297.54999,295.92001,296.76999
2019-10-01,297.73999,298.45999,293,293.23999
2019-10-02,291.5,291.51001,286.64001,288.059998
2019-10-03,287.81000,290.45001,284.82001,290.42001
2019-10-04,291.14001,294.63000,291.079987,294.35001
2019-10-07,293.47000,295.26001,292.76999,293.079987
2019-10-08,291.040009,291.85001,288.48999,288.53000
2019-10-09,290.75,292.29999,290.059998,291.26999
2019-10-10,291.17999,294.20999,291,293.23999
2019-10-11,296.26999,298.73999,296.14001,296.28000
2019-10-14,295.92999,296.67001,295.57001,295.95001
2019-10-15,297.10001,299.70001,296.97000,298.88000
2019-10-16,298.37000,299.16000,297.92001,298.39999
2019-10-17,299.67999,300.23999,298.51999,299.28000
2019-10-18,298.69000,299.39999,297.029999,297.97000
2019-10-21,299.42001,300.20999,298.94000,299.98999
2019-10-22,300.57999,300.89999,298.91000,299.010010
2019-10-23,298.73001,299.94000,298.5,299.88000
2019-10-24,300.91000,301.070007,299.45999,300.37000
2019-10-25,299.73999,302.20001,299.67999,301.60001
2019-10-28,302.94000,303.85001,302.91000,303.29999
2019-10-29,303,304.23001,302.85999,303.20999
2019-10-30,303.42999,304.54999,301.98999,304.14001
2019-10-31,304.13000,304.13000,301.73001,303.32999
2019-11-01,304.92001,306.19000,304.73999,306.14001
2019-11-04,307.85001,308,306.95999,307.37000
2019-11-05,307.59000,307.92001,306.70999,307.029999
2019-11-06,307.029999,307.39999,306.059998,307.10001
2019-11-07,308.57001,309.64999,307.66000,308.17999
2019-11-08,307.79999,309,307.029999,308.94000
2019-11-11,307.42001,308.54001,307.26999,308.35001
2019-11-12,308.75,309.98999,308.14999,309
2019-11-13,307.91000,309.54001,307.66000,309.10001
2019-11-14,308.79001,309.64001,308.089996,309.54999
2019-11-15,311.019989,311.84000,310.26001,311.79001
2019-11-18,311.53000,312.28000,311.029999,312.019989
2019-11-19,312.67999,312.69000,311.22000,311.92999
2019-11-20,311.28000,311.85001,309.059998,310.76999
2019-11-21,310.89001,311.010010,309.39001,310.26999
2019-11-22,311.089996,311.23999,309.85001,310.95999
2019-11-25,311.98001,313.37000,311.98001,313.37000
2019-11-26,313.41000,314.28000,313.059998,314.079987
2019-11-27,314.60999,315.48001,314.37000,315.48001
2019-11-29,314.85999,315.13000,314.059998,314.31000
2019-12-02,314.59000,314.66000,311.17001,311.64001
2019-12-03,308.64999,309.64001,307.13000,309.54999
2019-12-04,310.70001,312.12000,310.32001,311.45999
2019-12-05,312.23001,312.25,310.57999,312.019989
2019-12-06,314.12000,315.31000,314.10999,314.87000
2019-12-09,314.44000,315.17999,313.79999,313.88000
2019-12-10,313.82001,314.54999,312.81000,313.53000
2019-12-11,314.029999,314.70001,313.44000,314.42001
2019-12-12,314.42999,317.98999,314.17001,317.13000
2019-12-13,316.87000,318.67001,316.019989,317.32001
2019-12-16,319.22000,320.14999,317.25,319.5
2019-12-17,319.92001,320.25,319.48001,319.57001
2019-12-18,320,320.25,319.53000,319.59000
2019-12-19,319.79999,320.98001,319.51999,320.89999
2019-12-20,320.45999,321.97000,319.39001,320.73001
2019-12-23,321.59000,321.64999,321.059998,321.22000
2019-12-24,321.47000,321.51999,320.89999,321.23001
2019-12-26,321.64999,322.95001,321.64001,322.94000
2019-12-27,323.73999,323.79999,322.28000,322.85999
2019-12-30,322.95001,323.10001,320.54999,321.079987
2019-12-31,320.53000,322.13000,320.14999,321.85999
2020-01-02,323.54001,324.89001,322.53000,324.87000
2020-01-03,321.16000,323.64001,321.10001,322.41000
2020-01-06,320.48999,323.73001,320.35999,323.64001
2020-01-07,323.019989,323.54001,322.23999,322.73001
2020-01-08,322.94000,325.78000,322.67001,324.45001
2020-01-09,326.16000,326.73001,325.51999,326.64999
2020-01-10,327.29001,327.45999,325.20001,325.70999
2020-01-13,326.39001,327.95999,325.92001,327.95001
2020-01-14,327.47000,328.62000,326.84000,327.45001
2020-01-15,327.35001,329.019989,327.26001,328.19000
2020-01-16,329.70001,330.92001,329.45001,330.92001
2020-01-17,331.70001,332.17999,330.85001,331.95001
2020-01-21,330.89999,332.17999,330.82001,331.29999
2020-01-22,332.23999,332.95001,331.17001,331.34000
2020-01-23,330.63000,332.17001,329.41000,331.72000
2020-01-24,332.44000,332.53000,327.35999,328.76999
2020-01-27,323.029999,325.12000,322.66000,323.5
2020-01-28,325.059998,327.85001,323.60001,326.89001
2020-01-29,328.38000,328.63000,326.39999,326.62000
2020-01-30,324.35999,327.91000,323.54001,327.67999
2020-01-31,327,327.17001,320.73001,321.73001
2020-02-03,323.35001,326.16000,323.22000,324.12000
2020-02-04,328.070007,330.010010,327.72000,329.059998
2020-02-05,332.26999,333.089996,330.67001,332.85999
2020-02-06,333.91000,334.19000,332.79999,333.98001
2020-02-07,332.82001,333.98999,331.60001,332.20001
2020-02-10,331.23001,334.75,331.19000,334.67999
2020-02-11,336.16000,337.019989,334.67999,335.26001
2020-02-12,336.82999,337.64999,336.42999,337.42001
2020-02-13,335.85999,338.12000,335.56000,337.059998
2020-02-14,337.51001,337.73001,336.20001,337.60001
2020-02-18,336.51001,337.67001,335.20999,336.73001
2020-02-19,337.79001,339.079987,337.48001,338.34000
2020-02-20,337.73999,338.64001,333.67999,336.95001
2020-02-21,335.47000,335.81000,332.57999,333.48001
2020-02-24,323.14001,333.56000,321.23999,322.42001
2020-02-25,323.94000,324.60999,311.69000,312.64999
2020-02-26,314.17999,318.10999,310.70001,311.5
2020-02-27,305.45999,311.56000,297.51001,297.51001
2020-02-28,288.70001,297.89001,285.54001,296.26001
2020-03-02,298.20999,309.16000,294.45999,309.089996
2020-03-03,309.5,313.84000,297.57001,300.23999
2020-03-04,306.12000,313.10001,303.32999,312.85999
2020-03-05,304.98001,308.47000,300.010010,302.45999
2020-03-06,293.14999,298.78000,290.23001,297.45999
2020-03-09,275.29999,284.19000,273.45001,274.23001
2020-03-10,284.64001,288.51999,273.5,288.42001
2020-03-11,280.70001,281.94000,270.88000,274.35999
2020-03-12,256,266.66000,247.67999,248.11000
2020-03-13,263.089996,271.48001,248.52000,269.32001
2020-03-16,241.17999,256.89999,237.36000,239.85001
2020-03-17,245.039993,256.17001,237.070007,252.80000
2020-03-18,236.25,248.37000,228.020004,240
2020-03-19,239.25,247.38000,232.22000,240.50999
2020-03-20,242.53000,244.47000,228.5,228.80000
2020-03-23,228.19000,229.67999,218.25999,222.95000
2020-03-24,234.42000,244.10001,233.80000,243.14999
2020-03-25,244.87000,256.35001,239.75,246.78999
2020-03-26,249.52000,262.79999,249.050003,261.20001
2020-03-27,253.27000,260.81000,251.050003,253.42000
2020-03-30,255.70000,262.42999,253.53000,261.64999
2020-03-31,260.56000,263.32999,256.22000,257.75
2020-04-01,247.98000,257.66000,243.89999,246.14999
2020-04-02,245.19000,252.67999,244.59000,251.83000
2020-04-03,250.75999,253.32001,245.22000,248.19000
2020-04-06,257.84000,267,248.17000,264.85999
2020-04-07,274.20999,275.029999,264.89001,265.13000
2020-04-08,267.95999,276,265.25,274.029999
2020-04-09,277.57999,281.20001,275.47000,278.20001
2020-04-13,277.14001,277.51001,271.41000,275.66000
2020-04-14,280.98001,284.89999,275.51001,283.79001
2020-04-15,277.57001,283.94000,275.45999,277.76001
2020-04-16,279.14999,280.029999,275.76001,279.10001
2020-04-17,285.38000,287.29999,282.39999,286.64001
2020-04-20,282.60999,286.79001,281.35001,281.59000
2020-04-21,276.73001,278.040009,272.019989,273.040009
2020-04-22,278.35001,281,276.91000,279.10001
2020-04-23,280.48999,283.94000,278.75,279.079987
2020-04-24,280.73001,283.70001,278.5,282.97000
2020-04-27,285.12000,288.26999,284.62000,287.049988
2020-04-28,291.019989,291.39999,285.39999,285.73001
2020-04-29,291.53000,294.88000,290.41000,293.20999
2020-04-30,291.70999,293.32001,288.59000,290.48001
2020-05-01,285.31000,290.66000,281.51999,282.79001
2020-05-04,280.73999,283.89999,279.13000,283.57001
2020-05-05,286.64001,289.25,283.70999,286.19000
2020-05-06,288.040009,288.45999,283.78000,284.25
2020-05-07,287.75,289.78000,287.13000,287.67999
2020-05-08,291.089996,292.95001,289.85999,292.44000
2020-05-11,290.34000,294,289.88000,292.5
2020-05-12,293.79001,294.23999,286.51999,286.67001
2020-05-13,286.059998,287.19000,278.95999,281.60001
2020-05-14,278.95001,285.10999,272.98999,284.97000
2020-05-15,282.37000,286.32999,281.34000,286.28000
2020-05-18,293.049988,296.75,292.70001,295
2020-05-19,294.35001,296.20999,291.95001,291.97000
2020-05-20,295.82001,297.87000,295.57001,296.92999
2020-05-21,296.79001,297.67001,293.69000,294.88000
2020-05-22,294.57001,295.63000,293.22000,295.44000
2020-05-26,301.92999,302.19000,295.45999,299.079987
2020-05-27,302.12000,303.57001,296.87000,303.53000
2020-05-28,304.64999,306.84000,302.23999,302.97000
2020-05-29,302.45999,304.95999,299.47000,304.32001
2020-06-01,303.62000,306.20999,303.059998,305.54999
2020-06-02,306.54999,308.13000,305.10001,308.079987
2020-06-03,310.23999,313.22000,309.94000,312.17999
2020-06-04,311.10999,313,309.079987,311.35999
2020-06-05,317.23001,321.26999,317.16000,319.34000
2020-06-08,320.22000,323.41000,319.63000,323.20001
2020-06-09,320.29999,323.28000,319.35999,320.79001
2020-06-10,321.42001,322.39001,318.22000,319
2020-06-11,311.45999,312.14999,300.010010,300.60999
2020-06-12,308.23999,309.079987,298.60001,304.20999
2020-06-15,298.019989,308.28000,296.73999,307.049988
2020-06-16,315.48001,315.64001,307.67001,312.95999
2020-06-17,314.070007,314.39001,310.85999,311.66000
2020-06-18,310.010010,312.29999,309.51001,311.78000
2020-06-19,314.17001,314.38000,306.53000,308.64001
2020-06-22,307.98999,311.049988,306.75,310.62000
2020-06-23,313.48999,314.5,311.60999,312.049988
2020-06-24,309.84000,310.51001,302.10001,304.089996
2020-06-25,303.47000,307.64001,301.28000,307.35001
2020-06-26,306.16000,306.39001,299.42001,300.049988
2020-06-29,301.41000,304.60999,298.92999,304.45999
2020-06-30,303.98999,310.20001,303.82001,308.35999
2020-07-01,309.57001,311.89001,309.070007,310.51999
2020-07-02,314.23999,315.70001,311.51001,312.23001
2020-07-06,316.37000,317.67999,315.56000,317.049988
2020-07-07,315.38000,317.51999,313.37000,313.78000
2020-07-08,314.60999,316.29999,312.70001,316.17999
2020-07-09,316.84000,317.10001,310.67999,314.38000
2020-07-10,314.31000,317.88000,312.76001,317.59000
2020-07-13,320.13000,322.70999,314.13000,314.84000
2020-07-14,313.29999,319.76001,312,318.92001
2020-07-15,322.41000,323.040009,319.26999,321.85001
2020-07-16,319.79001,321.28000,319.089996,320.79001
2020-07-17,321.88000,322.57001,319.73999,321.72000
2020-07-20,321.42999,325.13000,320.62000,324.32001
2020-07-21,326.45001,326.92999,323.94000,325.010010
2020-07-22,324.62000,327.20001,324.5,326.85999
2020-07-23,326.47000,327.23001,321.48001,322.95999
2020-07-24,320.95001,321.98999,319.25,320.88000
2020-07-27,321.63000,323.41000,320.76999,323.22000
2020-07-28,322.42999,323.64001,320.85001,321.17001
2020-07-29,322.12000,325.73001,322.079987,325.12000
2020-07-30,321.89999,324.41000,319.64001,323.95999
2020-07-31,325.89999,326.63000,321.32999,326.51999
2020-08-03,328.32001,329.62000,327.73001,328.79001
2020-08-04,327.85999,330.059998,327.85999,330.059998
2020-08-05,331.47000,332.39001,331.17999,332.10999
2020-08-06,331.48001,334.45999,331.13000,334.32999
2020-08-07,333.28000,334.88000,332.29999,334.57001
2020-08-10,335.059998,335.76999,332.95999,335.57001
2020-08-11,336.85001,337.54001,332.010010,332.79999
2020-08-12,335.44000,338.28000,335.41000,337.44000
2020-08-13,336.60999,338.25,335.82999,336.82999
2020-08-14,336.41000,337.42001,335.62000,336.84000
2020-08-17,337.94000,338.34000,336.85001,337.91000
2020-08-18,338.34000,339.10001,336.60999,338.64001
2020-08-19,339.049988,339.60999,336.62000,337.23001
2020-08-20,335.35999,338.79999,335.22000,338.28000
2020-08-21,337.92001,339.72000,337.54999,339.48001
2020-08-24,342.12000,343,339.45001,342.92001
2020-08-25,343.53000,344.20999,342.26999,344.12000
2020-08-26,344.76001,347.85999,344.17001,347.57001
2020-08-27,348.51001,349.89999,346.53000,348.32999
2020-08-28,349.44000,350.72000,348.14999,350.57999
2020-08-31,350.35001,351.29999,349.059998,349.31000
2020-09-01,350.20999,352.70999,349.23999,352.60001
2020-09-02,354.67001,358.75,353.42999,357.70001
2020-09-03,355.87000,356.38000,342.59000,345.39001
2020-09-04,346.13000,347.82999,334.87000,342.57001
2020-09-08,336.70999,342.64001,332.88000,333.20999
2020-09-09,337.54999,342.45999,336.60999,339.79001
2020-09-10,341.82001,342.53000,332.85001,333.89001
2020-09-11,335.82001,336.97000,331,334.059998
2020-09-14,337.48999,340.38000,334.22000,338.45999
2020-09-15,341.12000,342.019989,338.47000,340.17001
2020-09-16,341.51001,343.059998,338.51999,338.82001
2020-09-17,333.56000,337.70001,332.98999,335.84000
2020-09-18,335.37000,335.48999,327.97000,330.64999
2020-09-21,325.70001,327.13000,321.73001,326.97000
2020-09-22,328.57001,330.89999,325.85999,330.29999
2020-09-23,330.89999,331.20001,322.10001,322.64001
2020-09-24,321.22000,326.79999,319.79999,323.5
2020-09-25,322.57999,329.57999,321.64001,328.73001
2020-09-28,333.22000,334.95999,332.14999,334.19000
2020-09-29,333.97000,334.76999,331.62000,332.37000
2020-09-30,333.089996,338.29001,332.88000,334.89001
2020-10-01,337.69000,338.73999,335.010010,337.040009
2020-10-02,331.70001,337.010010,331.19000,333.84000
2020-10-05,336.059998,339.95999,336.010010,339.76001
2020-10-06,339.91000,342.17001,334.38000,334.92999
2020-10-07,338.12000,341.63000,338.089996,340.76001
2020-10-08,342.85001,343.85001,341.85999,343.78000
2020-10-09,345.56000,347.35001,344.89001,346.85001
2020-10-12,349.59000,354.019989,349.059998,352.42999
2020-10-13,352.28000,352.47000,349.089996,350.13000
2020-10-14,350.75,351.92999,347.14001,347.92999
2020-10-15,343.70999,348.019989,343.13000,347.5
2020-10-16,348.95999,350.75,347.10001,347.29001
2020-10-19,348.64999,349.32999,341.040009,342.010010
2020-10-20,343.45999,346.88000,342.64001,343.38000
2020-10-21,343.32999,345.67001,342.39999,342.73001
2020-10-22,342.95999,345.23999,340.64999,344.60999
2020-10-23,345.92999,345.98999,343.13000,345.78000
2020-10-26,342.13000,342.98001,335.62000,339.39001
2020-10-27,339.76001,340.12000,337.98999,338.22000
2020-10-28,332.10001,338.25,326.13000,326.66000
2020-10-29,326.91000,333.39999,325.089996,329.98001
2020-10-30,328.28000,329.69000,322.60001,326.54001
2020-11-02,330.20001,332.35999,327.23999,330.20001
2020-11-03,333.69000,338.25,330.29001,336.029999
2020-11-04,340.85999,347.94000,339.59000,343.54001
2020-11-05,349.23999,352.19000,348.85999,350.23999
2020-11-06,349.92999,351.51001,347.64999,350.16000
2020-11-09,363.97000,364.38000,354.059998,354.56000
2020-11-10,353.48999,355.17999,350.51001,354.040009
2020-11-11,356.39999,357.56000,355.059998,356.67001
2020-11-12,355.57999,356.72000,351.26001,353.20999
2020-11-13,355.26999,358.89999,354.70999,358.10001
2020-11-16,360.98001,362.78000,359.59000,362.57001
2020-11-17,359.97000,361.92001,358.34000,360.62000
2020-11-18,360.91000,361.5,356.23999,356.28000
2020-11-19,355.60001,358.17999,354.14999,357.78000
2020-11-20,357.5,357.72000,355.25,355.32999
2020-11-23,357.28000,358.82001,354.87000,357.45999
2020-11-24,360.20999,363.81000,359.29001,363.22000
2020-11-25,363.13000,363.16000,361.48001,362.66000
2020-11-27,363.84000,364.17999,362.57999,363.67001
2020-11-30,362.82999,363.12000,359.17001,362.059998
2020-12-01,365.57001,367.67999,364.92999,366.019989
2020-12-02,364.82001,366.95999,364.20001,366.79001
2020-12-03,366.67999,368.19000,365.5,366.69000
2020-12-04,367.32001,369.85001,367.22000,369.85001
2020-12-07,369.019989,369.62000,367.72000,369.089996
2020-12-08,367.72000,370.78000,367.67001,370.17001
2020-12-09,370.88000,371.049988,365.95001,366.85001
2020-12-10,365.37000,367.85999,364.42999,366.73001
2020-12-11,364.89999,366.73999,363.26001,366.29999
2020-12-14,368.64001,369.79999,364.47000,364.66000
2020-12-15,367.39999,369.59000,365.92001,369.59000
2020-12-16,369.82001,371.16000,368.87000,370.17001
2020-12-17,371.94000,372.45999,371.049988,372.23999
2020-12-18,370.97000,371.14999,367.019989,369.17999
2020-12-21,364.97000,378.45999,362.029999,367.85999
2020-12-22,368.20999,368.32999,366.029999,367.23999
2020-12-23,368.28000,369.62000,367.22000,367.57001
2020-12-24,368.079987,369.029999,367.45001,369
2020-12-28,371.73999,372.59000,371.070007,372.17001
2020-12-29,373.81000,374,370.82999,371.45999
2020-12-30,372.34000,373.10001,371.57001,371.98999
2020-12-31,371.78000,374.66000,371.23001,373.88000
2021-01-04,375.31000,375.45001,364.82001,368.79001
2021-01-05,368.10001,372.5,368.049988,371.32999
2021-01-06,369.70999,376.98001,369.12000,373.54999
2021-01-07,376.10001,379.89999,375.91000,379.10001
2021-01-08,380.59000,381.48999,377.10001,381.26001
2021-01-11,377.85001,380.57999,377.72000,378.69000
2021-01-12,378.89001,379.85999,376.35999,378.76999
2021-01-13,378.69000,380.85999,377.85001,379.79001
2021-01-14,380.59000,381.13000,378.10001,378.45999
2021-01-15,376.72000,377.57999,373.70001,375.70001
2021-01-19,378.34000,379.23001,376.75,378.64999
2021-01-20,381.10999,384.79001,380.69000,383.89001
2021-01-21,384.48999,384.95001,383.25,384.23999
2021-01-22,382.25,384.13000,381.84000,382.88000
2021-01-25,383.67001,384.76999,378.45999,384.39001
2021-01-26,385.41000,385.85001,383.54001,383.79001
2021-01-27,380.22000,380.32001,372.010010,374.41000
2021-01-28,376.35999,381.92999,375.89001,377.63000
2021-01-29,375.63000,376.67001,368.26999,370.070007
2021-02-01,373.72000,377.34000,370.38000,376.23001
2021-02-02,379.64999,383.22000,376.32001,381.54999
2021-02-03,382.44000,383.70001,380.48001,381.85001
2021-02-04,382.95999,386.23999,381.97000,386.19000
2021-02-05,388.20001,388.47000,386.14001,387.70999
2021-02-08,389.26999,390.56000,388.35001,390.51001
2021-02-09,389.60999,390.89001,389.17001,390.25
2021-02-10,392.12000,392.28000,387.5,390.079987
2021-02-11,391.23999,391.69000,388.10001,390.70999
2021-02-12,389.85001,392.89999,389.76999,392.64001
2021-02-16,393.95999,394.17001,391.53000,392.29999
2021-02-17,390.42001,392.66000,389.32999,392.39001
2021-02-18,389.59000,391.51999,387.73999,390.72000
2021-02-19,392.070007,392.38000,389.54999,390.029999
2021-02-22,387.059998,389.62000,386.73999,387.029999
2021-02-23,384.66000,388.95001,380.20001,387.5
2021-02-24,386.32999,392.23001,385.26999,391.76999
2021-02-25,390.41000,391.88000,380.78000,382.32999
2021-02-26,384.35001,385.57999,378.23001,380.35999
2021-03-01,385.59000,390.92001,380.57001,389.57999
2021-03-02,389.82001,390.070007,386,386.54001
2021-03-03,385.79001,386.82999,381.31000,381.42001
2021-03-04,381.22000,384,371.88000,376.70001
2021-03-05,380.45999,384.76001,372.64001,383.63000
2021-03-08,384.66000,387.67999,381.42001,381.72000
2021-03-09,385.85001,389.91000,385.31000,387.17001
2021-03-10,389.69000,391.39999,388.17001,389.57999
2021-03-11,392.23001,395.64999,391.73999,393.53000
2021-03-12,392.070007,394.20999,391.20001,394.059998
2021-03-15,394.32999,396.69000,392.029999,396.41000
2021-03-16,397.070007,397.82999,395.079987,395.91000
2021-03-17,394.53000,398.12000,393.29999,397.26001
2021-03-18,394.48001,396.72000,390.75,391.48001
2021-03-19,389.88000,391.57001,387.14999,389.48001
2021-03-22,390.029999,394.070007,389.97000,392.59000
2021-03-23,391.91000,393.45999,388.66000,389.5
2021-03-24,391,392.75,387.47000,387.51999
2021-03-25,385.98001,390.54999,383.89999,389.70001
2021-03-26,390.92999,396.41000,390.29001,395.98001
2021-03-29,394.39999,396.75,392.81000,395.78000
2021-03-30,394.42001,395.45001,393.019989,394.73001
2021-03-31,395.34000,398,395.31000,396.32999
2021-04-01,398.39999,400.67001,398.17999,400.60999
2021-04-05,403.45999,406.94000,403.38000,406.35999
2021-04-06,405.76001,407.23999,405.39999,406.12000
2021-04-07,405.94000,406.95999,405.45001,406.59000
2021-04-08,407.92999,408.57999,406.92999,408.51999
2021-04-09,408.39001,411.67001,408.26001,411.48999
2021-04-12,410.85001,411.92999,410.20001,411.64001
2021-04-13,411.53000,413.53000,411.12000,412.85999
2021-04-14,412.82999,413.95999,410.87000,411.45001
2021-04-15,413.73999,416.16000,413.69000,415.87000
2021-04-16,417.25,417.91000,415.73001,417.26001
2021-04-19,416.26001,416.73999,413.79001,415.20999
2021-04-20,413.91000,415.089996,410.59000,412.17001
2021-04-21,411.51001,416.29001,411.35999,416.070007
2021-04-22,415.89001,416.78000,411.13000,412.26999
2021-04-23,412.87000,418.25,412.79001,416.73999
2021-04-26,417.44000,418.22000,416.81000,417.60999
2021-04-27,417.92999,418.14001,416.29999,417.51999
2021-04-28,417.81000,419.010010,416.89999,417.39999
2021-04-29,420.32001,420.72000,416.44000,420.059998
2021-04-30,417.63000,418.54001,416.34000,417.29999
2021-05-03,419.42999,419.84000,417.67001,418.20001
2021-05-04,416.070007,416.60001,411.67001,415.62000
2021-05-05,417.38000,417.63000,415.14999,415.75
2021-05-06,415.82999,419.20999,413.67999,419.070007
2021-05-07,419.89001,422.82001,419.16000,422.12000
2021-05-10,422.5,422.73999,417.81000,417.94000
2021-05-11,413.10001,415.26999,410.059998,414.20999
2021-05-12,411.23001,412.59000,404,405.41000
2021-05-13,407.070007,412.35001,407.019989,410.28000
2021-05-14,413.20999,417.48999,413.17999,416.57999
2021-05-17,415.39001,416.39001,413.35999,415.51999
2021-05-18,415.79999,416.059998,411.76999,411.94000
2021-05-19,406.92001,411.049988,405.32999,410.85999
2021-05-20,411.79999,416.63000,411.67001,415.28000
2021-05-21,416.87000,418.20001,414.45001,414.94000
2021-05-24,417.34000,420.32001,417.079987,419.17001
2021-05-25,420.32999,420.70999,417.62000,418.23999
2021-05-26,418.87000,419.60999,417.76001,419.070007
2021-05-27,420.17001,420.72000,418.98999,419.29001
2021-05-28,420.97000,421.25,419.79001,420.040009
2021-06-01,422.57001,422.72000,419.20001,419.67001
2021-06-02,420.37000,421.23001,419.29001,420.32999
2021-06-03,417.85001,419.98999,416.28000,418.76999
2021-06-04,420.75,422.92001,418.84000,422.60001
2021-06-07,422.59000,422.78000,421.19000,422.19000
2021-06-08,423.10999,423.20999,420.32001,422.28000
2021-06-09,423.17999,423.26001,421.41000,421.64999
2021-06-10,422.95999,424.63000,421.54999,423.60999
2021-06-11,424.20001,424.42999,422.82001,424.31000
2021-06-14,424.42999,425.37000,423.10001,425.26001
2021-06-15,425.42001,425.45999,423.54001,424.48001
2021-06-16,424.63000,424.87000,419.92001,422.10999
2021-06-17,421.67001,423.019989,419.32001,421.97000
2021-06-18,417.089996,417.82999,414.70001,414.92001
2021-06-21,416.79999,421.059998,415.92999,420.85999
2021-06-22,420.85001,424,420.079987,423.10999
2021-06-23,423.19000,424.049988,422.51001,422.60001
2021-06-24,424.89001,425.54999,424.62000,425.10001
2021-06-25,425.89999,427.089996,425.54999,426.60999
2021-06-28,427.17001,427.64999,425.89001,427.47000
2021-06-29,427.88000,428.56000,427.13000,427.70001
2021-06-30,427.20999,428.78000,427.17999,428.059998
2021-07-01,428.87000,430.60001,428.79999,430.42999
2021-07-02,431.67001,434.10001,430.51999,433.72000
2021-07-06,433.78000,434.010010,430.010010,432.92999
2021-07-07,433.66000,434.76001,431.51001,434.45999
2021-07-08,428.78000,431.73001,427.51999,430.92001
2021-07-09,432.53000,435.84000,430.70999,435.51999
2021-07-12,435.42999,437.35001,434.97000,437.079987
2021-07-13,436.23999,437.84000,435.31000,435.59000
2021-07-14,437.39999,437.92001,434.91000,436.23999
2021-07-15,434.81000,435.53000,432.72000,434.75
2021-07-16,436.010010,436.059998,430.92001,431.34000
2021-07-19,426.19000,431.41000,421.97000,424.97000
2021-07-20,425.67999,432.42001,424.82999,431.059998
2021-07-21,432.34000,434.70001,431.010010,434.54999
2021-07-22,434.73999,435.72000,433.69000,435.45999
2021-07-23,437.51999,440.29999,436.79001,439.94000
2021-07-26,439.31000,441.029999,439.26001,441.019989
2021-07-27,439.91000,439.94000,435.98999,439.010010
2021-07-28,439.67999,440.29999,437.31000,438.82999
2021-07-29,439.82001,441.79999,439.81000,440.64999
2021-07-30,437.91000,440.059998,437.76999,438.51001
2021-08-02,440.34000,440.92999,437.20999,437.59000
2021-08-03,438.44000,441.28000,436.10001,441.14999
2021-08-04,439.78000,441.12000,438.73001,438.98001
2021-08-05,440.22000,441.85001,439.88000,441.76001
2021-08-06,442.10001,442.94000,441.79999,442.48999
2021-08-09,442.45999,442.79999,441.31000,442.13000
2021-08-10,442.60999,443.44000,441.88000,442.67999
2021-08-11,443.82001,443.88000,442.62000,443.78000
2021-08-12,443.62000,445.26001,442.66000,445.10999
2021-08-13,445.59000,445.94000,445.070007,445.92001
2021-08-16,444.53000,447.10999,442.87000,446.97000
2021-08-17,444.23999,444.95999,440.85001,444.040009
2021-08-18,442.95999,444.63000,438.92001,439.17999
2021-08-19,436.26999,441.14001,436.12000,439.85999
2021-08-20,440.23001,443.70999,439.70999,443.35999
2021-08-23,445.16000,448.23001,443.44000,447.26001
2021-08-24,447.97000,448.54001,447.42001,447.97000
2021-08-25,448.17001,449.45999,447.76999,448.91000
2021-08-26,448.60999,448.85999,446.16000,446.26001
2021-08-27,447.12000,450.64999,447.059998,450.25
2021-08-30,450.97000,453.070007,450.70999,452.23001
2021-08-31,452.13000,452.48999,450.92001,451.56000
2021-09-01,452.56000,453.10999,451.54999,451.79999
2021-09-02,453.32001,454.049988,451.91000,453.19000
2021-09-03,451.98001,453.63000,451.54999,453.079987
2021-09-07,452.70999,452.81000,450.73999,451.45999
2021-09-08,450.89001,451.67001,448.85999,450.91000
2021-09-09,450.70001,452.57001,448.72000,448.98001
2021-09-10,451.040009,451.48999,445.31000,445.44000
2021-09-13,448.64001,448.92001,444.10999,446.57999
2021-09-14,448.12000,448.34000,443.22000,444.17001
2021-09-15,444.62000,448.41000,443.44000,447.88000
2021-09-16,447.32001,448.35999,444.019989,447.17001
2021-09-17,444.92001,445.37000,441.019989,441.39999
2021-09-20,434.88000,436.56000,428.85999,434.040009
2021-09-21,436.53000,437.91000,433.070007,433.63000
2021-09-22,436.049988,440.029999,433.75,437.85999
2021-09-23,439.85001,444.89001,439.60001,443.17999
2021-09-24,441.44000,444.67001,441.20999,443.91000
2021-09-27,442.81000,444.049988,441.89999,442.64001
2021-09-28,439.69000,440.040009,432.94000,433.72000
2021-09-29,435.19000,437.040009,433.85001,434.45001
2021-09-30,436.019989,436.76999,428.78000,429.14001
2021-10-01,430.98001,436.029999,427.23001,434.23999
2021-10-04,433,433.95999,426.35999,428.64001
2021-10-05,430.23999,435.48999,429.39001,433.10001
2021-10-06,429.26999,435.12000,427.54001,434.89999
2021-10-07,438.39001,441.67999,438.20001,438.66000
2021-10-08,439.48001,439.89001,437.19000,437.85999
2021-10-11,437.16000,440.26001,434.62000,434.69000
2021-10-12,435.67001,436.10001,432.78000,433.62000
2021-10-13,434.70999,436.049988,431.54001,435.17999
2021-10-14,439.079987,442.66000,438.57999,442.5
2021-10-15,444.75,446.26001,444.089996,445.87000
2021-10-18,443.97000,447.54999,443.26999,447.19000
2021-10-19,448.92001,450.70999,448.26999,450.64001
2021-10-20,451.13000,452.73001,451.010010,452.41000
2021-10-21,451.76999,453.82999,451.31000,453.59000
2021-10-22,453.13000,454.67001,451.049988,453.12000
2021-10-25,454.28000,455.89999,452.39001,455.54999
2021-10-26,457.20001,458.48999,455.56000,455.95999
2021-10-27,456.45001,457.16000,453.85999,453.94000
2021-10-28,455.45999,458.39999,455.45001,458.32001
2021-10-29,455.87000,459.56000,455.56000,459.25
2021-11-01,460.29999,460.70001,458.20001,460.040009
2021-11-02,460.22000,462.23001,460.079987,461.89999
2021-11-03,461.29999,465.14999,460.82999,464.72000
2021-11-04,465.35999,467,464.98999,466.91000
2021-11-05,469.28000,470.64999,466.92001,468.53000
2021-11-08,469.70001,470.23001,468.20001,468.92999
2021-11-09,469.32001,469.57001,465.88000,467.38000
2021-11-10,465.57999,467.38000,462.040009,463.62000
2021-11-11,465.20999,465.29001,463.75,463.76999
2021-11-12,465.12000,467.85999,464.10999,467.26999
2021-11-15,468.64001,468.81000,466.23001,467.42999
2021-11-16,467.14999,470.48999,467.070007,469.28000
2021-11-17,469,469.19000,467.48001,468.14001
2021-11-18,469.23999,470.010010,466.34000,469.73001
2021-11-19,469.60999,470.94000,468.5,468.89001
2021-11-22,470.89001,473.54001,467.35001,467.57001
2021-11-23,467.22000,469.10001,464.45001,468.19000
2021-11-24,466.059998,469.57001,465.19000,469.44000
2021-11-26,462.34000,463.89999,457.76999,458.97000
2021-11-29,464.070007,466.56000,461.73001,464.60001
2021-11-30,462,464.029999,455.29999,455.56000
2021-12-01,461.64001,464.67001,450.29001,450.5
2021-12-02,450.73001,459.070007,450.31000,457.39999
2021-12-03,459.17001,460.29999,448.92001,453.42001
2021-12-06,456.13000,460.79001,453.56000,458.79001
2021-12-07,464.41000,468.88000,458.64999,468.28000
2021-12-08,468.70001,470,466.82999,469.51999
2021-12-09,468.14999,469.63000,466.14001,466.35001
2021-12-10,469.23001,470.89999,466.51001,470.73999
2021-12-13,470.19000,470.56000,466.26999,466.57001
2021-12-14,463.089996,465.73999,460.25,463.35999
2021-12-15,463.42001,470.85999,460.73999,470.60001
2021-12-16,472.57001,472.87000,464.79999,466.45001
2021-12-17,461.54999,464.73999,458.059998,459.87000
2021-12-20,454.48001,455.39999,451.14001,454.98001
2021-12-21,458.60999,463.20999,456.31000,463.059998
2021-12-22,462.79001,467.81000,462.57999,467.69000
2021-12-23,468.75,472.19000,468.64001,470.60001
2021-12-27,472.059998,477.31000,472.010010,477.26001
2021-12-28,477.72000,478.81000,476.059998,476.87000
2021-12-29,476.98001,478.56000,475.92001,477.48001
2021-12-30,477.92999,479,475.67001,476.16000
2021-12-31,475.64001,476.85999,474.67001,474.95999
2022-01-03,476.29999,477.85001,473.85001,477.70999
2022-01-04,479.22000,479.98001,475.57999,477.54999
2022-01-05,477.16000,477.98001,468.28000,468.38000
2022-01-06,467.89001,470.82001,465.42999,467.94000
2022-01-07,467.95001,469.20001,464.64999,466.089996
2022-01-10,462.70001,465.73999,456.60001,465.51001
2022-01-11,465.23001,469.85001,462.049988,469.75
2022-01-12,471.59000,473.20001,468.94000,471.019989
2022-01-13,472.19000,472.88000,463.44000,464.53000
2022-01-14,461.19000,465.089996,459.89999,464.72000
2022-01-18,459.73999,459.95999,455.31000,456.48999
2022-01-19,458.13000,459.60999,451.45999,451.75
2022-01-20,453.75,458.73999,444.5,446.75
2022-01-21,445.56000,448.059998,437.95001,437.98001
2022-01-24,432.029999,440.38000,420.76001,439.84000
2022-01-25,433.059998,439.72000,427.14999,434.47000
2022-01-26,440.72000,444.040009,428.85999,433.38000
2022-01-27,438.26001,441.59000,429.45001,431.23999
2022-01-28,432.67999,442,427.82001,441.95001
2022-01-31,441.23999,450.28000,439.81000,449.91000
2022-02-01,450.67999,453.63000,446.94000,452.95001
2022-02-02,455.5,458.12000,453.049988,457.35001
2022-02-03,450.95001,452.97000,445.70999,446.60001
2022-02-04,446.35001,452.78000,443.82999,448.70001
2022-02-07,449.51001,450.98999,445.85001,447.26001
2022-02-08,446.73001,451.92001,445.22000,450.94000
2022-02-09,455.22000,457.88000,455.010010,457.54001
2022-02-10,451.34000,457.70999,447.20001,449.32001
2022-02-11,449.41000,451.60999,438.94000,440.45999
2022-02-14,439.92001,441.60001,435.34000,439.019989
2022-02-15,443.73001,446.28000,443.17999,446.10001
2022-02-16,443.92999,448.059998,441.94000,446.60001
2022-02-17,443.22000,446.57001,436.42001,437.059998
2022-02-18,437.32999,438.66000,431.82001,434.23001
2022-02-22,431.89001,435.5,425.85999,429.57001
2022-02-23,432.66000,433.26001,421.35001,421.95001
2022-02-24,411.019989,428.76001,410.64001,428.29999
2022-02-25,429.60999,437.84000,427.85999,437.75
2022-02-28,432.029999,438.20001,430.70001,436.63000
2022-03-01,435.040009,437.17001,427.10999,429.98001
2022-03-02,432.37000,439.72000,431.57001,437.89001
2022-03-03,440.47000,441.10999,433.79999,435.70999
2022-03-04,431.75,433.37000,427.88000,432.17001
2022-03-07,431.54999,432.29999,419.35999,419.42999
2022-03-08,419.62000,427.20999,415.12000,416.25
2022-03-09,425.14001,429.51001,422.82001,427.41000
2022-03-10,422.51999,426.42999,420.44000,425.48001
2022-03-11,428.12000,428.76999,419.53000,420.070007
2022-03-14,420.89001,424.54999,415.79001,417
2022-03-15,419.76999,426.84000,418.42001,426.17001
2022-03-16,429.89001,435.67999,424.79999,435.62000
2022-03-17,433.59000,441.070007,433.19000,441.070007
2022-03-18,438,444.85999,437.22000,444.51999
2022-03-21,444.34000,446.45999,440.67999,444.39001
2022-03-22,445.85999,450.57999,445.85999,449.59000
2022-03-23,446.91000,448.48999,443.70999,443.79999
2022-03-24,445.94000,450.5,444.76001,450.48999
2022-03-25,451.16000,452.98001,448.42999,452.69000
2022-03-28,452.059998,455.91000,450.059998,455.91000
2022-03-29,460.019989,462.070007,457.17999,461.54999
2022-03-30,460.34000,461.20001,456.47000,458.70001
2022-03-31,457.89001,458.76001,451.16000,451.64001
2022-04-01,453.31000,453.45999,449.14001,452.92001
2022-04-04,453.13000,456.91000,452.26001,456.79999
2022-04-05,455.22000,457.82999,449.82001,451.029999
2022-04-06,446.89001,448.92999,443.47000,446.51999
2022-04-07,445.59000,450.69000,443.53000,448.76999
2022-04-08,447.97000,450.63000,445.94000,447.57001
2022-04-11,444.10999,445,439.39001,439.92001
2022-04-12,443.079987,445.75,436.64999,438.29001
2022-04-13,438.029999,444.10999,437.84000,443.31000
2022-04-14,443.54999,444.73001,437.67999,437.79001
2022-04-18,436.81000,439.75,435.60999,437.97000
2022-04-19,437.85999,445.79999,437.67999,445.040009
2022-04-20,446.92001,447.57001,443.48001,444.70999
2022-04-21,448.54001,450.010010,437.10001,438.059998
2022-04-22,436.91000,438.079987,425.44000,426.040009
2022-04-25,423.67001,428.69000,418.84000,428.51001
2022-04-26,425.82999,426.040009,416.070007,416.10001
2022-04-27,417.23999,422.92001,415.010010,417.26999
2022-04-28,422.29001,429.64001,417.60001,427.81000
2022-04-29,423.59000,425.87000,411.20999,412
2022-05-02,412.070007,415.92001,405.019989,414.48001
2022-05-03,415.010010,418.92999,413.35999,416.38000
2022-05-04,417.079987,429.66000,413.70999,429.059998
2022-05-05,424.54999,425,409.44000,413.81000
2022-05-06,411.10001,414.79999,405.73001,411.34000
2022-05-09,405.10001,406.41000,396.5,398.17001
2022-05-10,404.48999,406.079987,394.82001,399.089996
2022-05-11,398.070007,404.040009,391.95999,392.75
2022-05-12,389.37000,395.79999,385.14999,392.34000
2022-05-13,396.70999,403.17999,395.60999,401.72000
2022-05-16,399.98001,403.97000,397.60001,400.089996
2022-05-17,406.53000,408.57001,402.57999,408.32001
2022-05-18,403.5,403.79999,390.54999,391.85999
2022-05-19,388.62000,394.14001,387.10999,389.45999
2022-05-20,393.25,397.029999,380.54001,389.63000
2022-05-23,392.82999,397.73001,390.38000,396.92001
2022-05-24,392.56000,395.14999,386.95999,393.89001
2022-05-25,392.31000,399.45001,391.89001,397.37000
2022-05-26,398.67001,407.040009,398.45001,405.31000
2022-05-27,407.91000,415.38000,407.70001,415.26001
2022-05-31,413.54999,416.45999,410.029999,412.92999
2022-06-01,415.17001,416.23999,406.92999,409.59000
2022-06-02,409.42001,417.44000,407.040009,417.39001
2022-06-03,412.39999,414.040009,409.51001,410.54001
2022-06-06,414.78000,416.60999,410.54999,411.79001
2022-06-07,408.10001,416.22000,407.60999,415.73999
2022-06-08,413.92999,415.82001,410.38000,411.22000
2022-06-09,409.34000,411.73999,401.44000,401.44000
2022-06-10,394.88000,395.78000,389.75,389.79999
2022-06-13,379.85001,381.81000,373.29999,375
2022-06-14,376.85001,377.94000,370.59000,373.87000
2022-06-15,377.35999,383.89999,372.12000,379.20001
2022-06-16,370.51001,370.94000,364.079987,366.64999
2022-06-17,365.51001,369.38000,362.17001,365.85999
2022-06-21,371.89001,376.53000,371.81000,375.070007
2022-06-22,370.62000,378.72000,370.17999,374.39001
2022-06-23,376.64001,378.82999,372.89001,378.059998
2022-06-24,381.39999,390.089996,381.37000,390.079987
2022-06-27,391.049988,391.35999,387.44000,388.59000
2022-06-28,390.23001,393.16000,380.53000,380.64999
2022-06-29,381.23001,382.26999,378.42001,380.34000
2022-06-30,376.23999,380.66000,372.56000,377.25
2022-07-01,376.56000,381.70001,373.79999,381.23999
2022-07-05,375.88000,381.98001,372.89999,381.95999
2022-07-06,382.10999,385.87000,379.60001,383.25
2022-07-07,385.12000,389.82999,383.26999,388.98999
2022-07-08,387.26999,390.64001,385.66000,388.67001
2022-07-11,385.85001,386.87000,383.5,384.23001
2022-07-12,383.64999,386.16000,378.98999,380.82999
2022-07-13,375.10001,381.92001,374.66000,378.82999
2022-07-14,373.60999,379.049988,371.040009,377.91000
2022-07-15,382.54999,385.25,380.54001,385.13000
2022-07-18,388.38000,389.089996,380.66000,381.95001
2022-07-19,386.079987,392.87000,385.39001,392.26999
2022-07-20,392.47000,396.26001,391.029999,394.76999
2022-07-21,394.16000,398.84000,391.63000,398.79001
2022-07-22,398.92001,400.17999,392.75,395.089996
2022-07-25,395.75,396.47000,393.20999,395.57001
2022-07-26,393.84000,394.059998,389.95001,390.89001
2022-07-27,394.35999,402.88000,394.049988,401.040009
2022-07-28,401.89001,406.79999,398.14999,406.070007
2022-07-29,407.57999,413.029999,406.76999,411.98999
2022-08-01,409.14999,413.41000,408.39999,410.76999
2022-08-02,409.12000,413,406.82001,408.059998
2022-08-03,410.29999,415.67999,410,414.45001
2022-08-04,414.37000,415.089996,412.44000,414.17001
2022-08-05,409.66000,414.14999,409.60001,413.47000
2022-08-08,415.25,417.62000,411.82999,412.98999
2022-08-09,412.22000,412.75,410.22000,411.35001
2022-08-10,418.78000,420.14001,416.72000,419.98999
2022-08-11,422.98999,424.95001,419.20999,419.98999
2022-08-12,422.029999,427.20999,421.029999,427.10001
2022-08-15,424.76999,429.41000,424.70999,428.85999
2022-08-16,427.73001,431.73001,426.88000,429.70001
2022-08-17,425.91000,429.5,424.54001,426.64999
2022-08-18,426.85999,428.60999,425.5,427.89001
2022-08-19,424.98001,425.26001,421.22000,422.14001
2022-08-22,417.049988,417.23001,412.39999,413.35001
2022-08-23,412.89999,415.42001,411.76999,412.35001
2022-08-24,412.10999,415.10999,411.39001,413.67001
2022-08-25,415.23999,419.56000,414.089996,419.51001
2022-08-26,419.39001,419.95999,405.25,405.31000
2022-08-29,402.20001,405.84000,401.20001,402.63000
2022-08-30,403.85001,404.10001,396,398.20999
2022-08-31,399.92999,401.23999,395.040009,395.17999
2022-09-01,392.89001,396.78000,390.040009,396.42001
2022-09-02,400.28000,401.56000,390.32999,392.23999
2022-09-06,393.13000,394.12000,388.42001,390.76001
2022-09-07,390.42999,398.59000,390.20001,397.78000
2022-09-08,395.39001,400.85999,394.12000,400.38000
2022-09-09,402.73999,407.51001,402.45999,406.60001
2022-09-12,408.78000,411.73001,408.45999,410.97000
2022-09-13,401.82999,403.10001,391.92001,393.10001
2022-09-14,394.47000,396.20001,391.12000,394.60001
2022-09-15,392.95999,395.95999,388.78000,390.12000
2022-09-16,384.14001,386.25,382.10999,385.56000
2022-09-19,382.26001,388.54999,382.17999,388.54999
2022-09-20,385.059998,386.12000,381.20001,384.089996
2022-09-21,386.10999,389.31000,377.38000,377.39001
2022-09-22,376.57999,378.29999,373.44000,374.22000
2022-09-23,370.57999,370.62000,363.29001,367.95001
2022-09-26,366.41000,370.20999,363.029999,364.31000
2022-09-27,368.019989,370.39999,360.87000,363.38000
2022-09-28,364.38000,372.29999,362.60001,370.53000
2022-09-29,366.81000,367.10999,359.70001,362.79001
2022-09-30,361.79999,365.91000,357.040009,357.17999
2022-10-03,361.079987,368.54999,359.20999,366.60999
2022-10-04,372.39999,378,366.57001,377.97000
2022-10-05,373.39001,379.45999,370.95001,377.089996
2022-10-06,375.62000,378.72000,372.67999,373.20001
2022-10-07,368.97000,373.29001,360.94000,362.79001
2022-10-10,363.95999,364.20999,357.67001,360.019989
2022-10-11,358.23999,363.029999,355.70999,357.73999
2022-10-12,358.17001,359.82001,356.29999,356.56000
2022-10-13,349.20999,367.51001,348.10999,365.97000
2022-10-14,368.54999,370.26001,356.95999,357.63000
2022-10-17,364.010010,367.98001,357.28000,366.82001
2022-10-18,375.13000,375.45001,367.51999,371.13000
2022-10-19,368.98999,371.85001,365.54999,368.5
2022-10-20,368.029999,372.67001,364.60999,365.41000
2022-10-21,365.12000,374.79999,363.54001,374.29001
2022-10-24,375.89001,380.059998,373.10999,378.87000
2022-10-25,378.79001,385.25,378.67001,384.92001
2022-10-26,381.62000,387.57999,381.35001,382.019989
2022-10-27,383.070007,385,379.32999,379.98001
2022-10-28,379.87000,389.51999,379.67999,389.019989
2022-10-31,386.44000,388.39999,385.26001,386.20999
2022-11-01,390.14001,390.39001,383.29001,384.51999
2022-11-02,383.89999,388.63000,374.76001,374.87000
2022-11-03,371.47000,374.20001,368.79001,371.010010
2022-11-04,377,378.87000,370,376.35001
2022-11-07,377.70999,380.57001,375.53000,379.95001
2022-11-08,381.10999,385.12000,377.72000,382
2022-11-09,379.92999,381.14001,373.60999,374.13000
2022-11-10,388.049988,395.040009,385.64001,394.69000
2022-11-11,395.59000,399.35001,393.60999,398.51001
2022-11-14,396.66000,400.17999,394.82999,395.12000
2022-11-15,401.14999,402.31000,394.48999,398.48999
2022-11-16,396.78000,397.78000,394.79001,395.45001
2022-11-17,390.45999,394.95001,390.14001,394.23999
2022-11-18,397.73999,397.81000,393.040009,396.029999
2022-11-21,394.64001,395.82001,392.66000,394.59000
2022-11-22,396.63000,400.070007,395.14999,399.89999
2022-11-23,399.54999,402.92999,399.31000,402.42001
2022-11-25,401.82999,402.91000,401.54001,402.32999
2022-11-28,399.089996,400.81000,395.10999,395.91000
2022-11-29,396.049988,397.29999,393.29999,395.23001
2022-11-30,395.48999,407.67999,393.48001,407.67999
2022-12-01,408.76999,410,404.75,407.38000
2022-12-02,402.25,407.85999,402.14001,406.91000
2022-12-05,403.95001,404.92999,398.17001,399.59000
2022-12-06,399.42001,399.98999,391.64001,393.82999
2022-12-07,392.94000,395.64001,391.97000,393.16000
2022-12-08,395.14001,397.35999,393.26999,396.23999
2022-12-09,394.94000,397.62000,393.14999,393.28000
2022-12-12,394.10999,398.95001,393.41000,398.95001
2022-12-13,410.22000,410.48999,399.070007,401.97000
2022-12-14,401.60999,405.5,396.31000,399.39999
2022-12-15,394.29999,395.25,387.89001,389.63000
2022-12-16,385.17999,386.57999,381.040009,383.26999
2022-12-19,383.47000,383.82001,378.28000,380.019989
2022-12-20,379.23001,382.23001,377.85001,380.54001
2022-12-21,383.25,387.41000,382.69000,386.23001
2022-12-22,383.049988,386.20999,374.76999,380.72000
2022-12-23,379.64999,383.059998,378.029999,382.91000
2022-12-27,382.79001,383.14999,379.64999,381.39999
2022-12-28,381.32999,383.39001,376.42001,376.66000
2022-12-29,379.63000,384.35001,379.079987,383.44000
2022-12-30,380.64001,382.57999,378.42999,382.42999
2023-01-03,384.37000,386.42999,377.82999,380.82001
2023-01-04,383.17999,385.88000,380,383.76001
2023-01-05,381.72000,381.84000,378.76001,379.38000
2023-01-06,382.60999,389.25,379.41000,388.079987
2023-01-09,390.37000,393.70001,387.67001,387.85999
2023-01-10,387.25,390.64999,386.26999,390.57999
2023-01-11,392.23001,395.60001,391.38000,395.51999
2023-01-12,396.67001,398.48999,392.42001,396.95999
2023-01-13,393.62000,399.10001,393.34000,398.5
2023-01-17,398.48001,400.23001,397.059998,397.76999
2023-01-18,399.010010,400.12000,391.28000,391.48999
2023-01-19,389.35999,391.079987,387.26001,388.64001
2023-01-20,390.10001,396.040009,388.38000,395.88000
2023-01-23,396.72000,402.64999,395.72000,400.63000
2023-01-24,398.88000,401.14999,397.64001,400.20001
2023-01-25,395.95001,400.70001,393.56000,400.35001
2023-01-26,403.13000,404.92001,400.029999,404.75
2023-01-27,403.66000,408.16000,403.44000,405.67999
2023-01-30,402.79999,405.13000,400.28000,400.59000
2023-01-31,401.13000,406.53000,400.76999,406.48001
2023-02-01,405.20999,413.67001,402.35001,410.79999
2023-02-02,414.85999,418.31000,412.88000,416.78000
2023-02-03,411.59000,416.97000,411.089996,412.35001
2023-02-06,409.79001,411.29001,408.10001,409.82999
2023-02-07,408.87000,416.48999,407.57001,415.19000
2023-02-08,413.13000,414.53000,409.92999,410.64999
2023-02-09,414.41000,414.57001,405.81000,407.089996
2023-02-10,405.85999,408.44000,405.010010,408.040009
2023-02-13,408.72000,412.97000,408.23999,412.82999
2023-02-14,411.23999,415.049988,408.51001,412.64001
2023-02-15,410.35001,414.059998,409.47000,413.98001
2023-02-16,408.79001,412.91000,408.14001,408.28000
2023-02-17,406.059998,407.51001,404.049988,407.26001
2023-02-21,403.059998,404.16000,398.82001,399.089996
2023-02-22,399.51999,401.13000,397.019989,398.54001
2023-02-23,401.56000,402.20001,396.25,400.66000
2023-02-24,395.42001,397.25,393.64001,396.38000
2023-02-27,399.87000,401.29001,396.75,397.73001
2023-02-28,397.23001,399.28000,396.14999,396.26001
2023-03-01,395.41000,396.69000,393.38000,394.73999
2023-03-02,392.67999,398.69000,392.32999,397.81000
2023-03-03,399.70999,404.45001,399.029999,404.19000
2023-03-06,405.049988,407.45001,404.010010,404.47000
2023-03-07,404.42001,404.67001,397.63000,398.26999
2023-03-08,398.39001,399.70999,396.59000,398.92001
2023-03-09,399.73999,401.48001,390.53000,391.56000
2023-03-10,390.98999,393.16000,384.32001,385.91000
2023-03-13,381.81000,390.39001,380.64999,385.35999
2023-03-14,390.5,393.45001,387.049988,391.73001
2023-03-15,385.89001,389.48999,383.70999,389.28000
2023-03-16,386.82001,396.47000,386.29001,396.10999
2023-03-17,393.22000,394.39999,388.54999,389.98999
2023-03-20,390.79999,394.17001,390.070007,393.73999
2023-03-21,397.23999,399.41000,395.57999,398.91000
2023-03-22,398.73001,402.48999,392.070007,392.10999
2023-03-23,395.089996,399.29001,390.35001,393.17001
2023-03-24,391.84000,395.84000,389.39999,395.75
2023-03-27,398.12000,398.92001,395.56000,396.48999
2023-03-28,395.76999,396.48999,393.69000,395.60001
2023-03-29,399.92999,401.60001,398.67999,401.35001
2023-03-30,404.089996,404.35001,401.76001,403.70001
2023-03-31,404.66000,409.70001,404.54999,409.39001
2023-04-03,408.85001,411.37000,408.44000,410.95001
2023-04-04,411.62000,411.92001,407.23999,408.67001
2023-04-05,407.91000,408.70001,405.88000,407.60001
2023-04-06,406.76999,409.48001,405.67999,409.19000
2023-04-10,406.60999,409.69000,405.97000,409.60999
2023-04-11,410.26001,411.17999,408.92001,409.72000
2023-04-12,411.87000,412.17001,407.44000,408.049988
2023-04-13,409.17999,413.84000,407.98999,413.47000
2023-04-14,412.81000,415.089996,410.059998,412.45999
2023-04-17,412.37000,413.95999,411.089996,413.94000
2023-04-18,415.57999,415.72000,412.78000,414.20999
2023-04-19,412.22000,415.079987,412.16000,414.14001
2023-04-20,411.20999,413.70001,410.26999,411.88000
2023-04-21,412.19000,412.67999,410.17001,412.20001
2023-04-24,411.98999,413.070007,410.60001,412.63000
2023-04-25,410.57999,411.16000,406.019989,406.079987
2023-04-26,406.72000,407.84000,403.78000,404.35999
2023-04-27,407,412.69000,406.73999,412.41000
2023-04-28,411.48999,415.94000,411.42999,415.92999
2023-05-01,415.47000,417.62000,415.26999,415.51001
2023-05-02,414.76999,414.82001,407.82001,410.84000
2023-05-03,411.35999,413.87000,407.76999,408.019989
2023-05-04,406.92999,407.26999,403.73999,405.13000
2023-05-05,408.91000,413.72000,408.64001,412.63000
2023-05-08,412.97000,413.23999,411.28000,412.73999
2023-05-09,411.13000,412.089996,410.69000,410.92999
2023-05-10,413.88000,414.54001,408.87000,412.85001
2023-05-11,411.95001,412.42999,409.97000,412.13000
2023-05-12,413.42001,413.64001,409.070007,411.59000
2023-05-15,412.22000,413.42999,410.23001,413.010010
2023-05-16,411.85999,412.82001,410.23999,410.25
2023-05-17,412.35001,415.85999,410.64001,415.23001
2023-05-18,414.89999,419.67001,414.67001,419.23001
2023-05-19,420.17001,420.72000,417.35001,418.62000
2023-05-22,418.64001,420.39001,417.35001,418.79001
2023-05-23,417.079987,418.72000,413.67999,414.089996
2023-05-24,412.42001,412.82001,409.88000,411.089996
2023-05-25,414.73999,416.16000,412.41000,414.64999
2023-05-26,415.32999,420.76999,415.25,420.019989
2023-05-30,422.029999,422.57999,418.73999,420.17999
2023-05-31,418.28000,419.22000,416.22000,417.85001
2023-06-01,418.089996,422.92001,416.79001,421.82001
2023-06-02,424.5,428.73999,423.95001,427.92001
2023-06-05,428.28000,429.62000,426.37000,427.10001
2023-06-06,426.67001,428.57999,425.98999,428.029999
2023-06-07,428.44000,429.62000,426.10999,426.54999
2023-06-08,426.62000,429.60001,425.82001,429.13000
2023-06-09,429.95999,431.98999,428.87000,429.89999
2023-06-12,430.92001,433.88000,430.17001,433.79999
2023-06-13,435.32001,437.32999,434.63000,436.66000
2023-06-14,437.010010,439.059998,433.59000,437.17999
2023-06-15,436.32999,443.89999,436.23001,442.60001
2023-06-16,443.019989,443.60999,438.97000,439.45999
2023-06-20,437.45001,438.37000,435.029999,437.17999
2023-06-21,436.16000,436.98999,434.32999,434.94000
2023-06-22,433.95001,436.62000,433.60001,436.51001
2023-06-23,432.92999,435.059998,432.47000,433.20999
2023-06-26,432.62000,434.60999,431.19000,431.44000
2023-06-27,432.35001,436.81000,431.88000,436.17001
2023-06-28,435.049988,437.44000,434.41000,436.39001
2023-06-29,435.95999,438.28000,435.54001,438.10999
2023-06-30,441.44000,444.29999,441.10999,443.28000
2023-07-03,442.92001,444.079987,442.63000,443.79001
2023-07-05,441.91000,443.89001,441.89999,443.13000
2023-07-06,439.42001,440.10001,437.059998,439.66000
2023-07-07,438.63000,442.64001,438.29999,438.54999
2023-07-10,438.17999,439.84000,437.59000,439.66000
2023-07-11,440.45001,442.97000,439.44000,442.45999
2023-07-12,446.39001,447.48001,444.91000,446.019989
2023-07-13,447.89999,450.38000,447.45001,449.56000
2023-07-14,450.48001,451.35999,448.48999,449.28000
2023-07-17,449.13000,451.92999,449.079987,450.84000
2023-07-18,450.5,454.85999,450.049988,454.19000
2023-07-19,455.010010,456.42999,454.10999,455.20001
2023-07-20,454.17001,455.10001,451.44000,452.17999
2023-07-21,453.95999,454.17001,452.17001,452.17999
2023-07-24,453.37000,455.040009,452.29999,454.20001
2023-07-25,453.92001,456.73999,453.87000,455.44000
2023-07-26,454.47000,456.98999,453.38000,455.51001
2023-07-27,459.019989,459.44000,451.54999,452.48999
2023-07-28,455.88000,457.78000,452.48999,456.92001
2023-07-31,457.41000,458.16000,456.049988,457.79001
2023-08-01,456.26999,457.25,455.48999,456.48001
2023-08-02,453.25,453.51999,449.35001,450.13000
2023-08-03,448.040009,450.79001,447.37000,448.84000
2023-08-04,450.72000,452.89999,446.26999,446.81000
2023-08-07,448.70999,450.87000,447.98999,450.70999
2023-08-08,448.079987,450.70001,445.26999,448.75
2023-08-09,449.029999,449.20001,444.95999,445.75
2023-08-10,448.19000,451.70001,444.70001,445.91000
2023-08-11,443.97000,446.70001,443.35001,445.64999
2023-08-14,444.70001,448.10999,444.38000,448.10999
2023-08-15,446.26999,446.64001,442.29999,442.89001
2023-08-16,442.45999,444.17999,439.53000,439.64001
2023-08-17,441.16000,441.42999,435.75,436.29001
2023-08-18,433.37000,437.57001,433.010010,436.5
2023-08-21,437.54999,440.10999,435.32001,439.34000
2023-08-22,441.17999,441.17999,437.57001,438.14999
2023-08-23,439.25,443.67001,439.10001,443.029999
2023-08-24,444.69000,445.22000,436.85999,436.89001
2023-08-25,438.67999,441.29999,435,439.97000
2023-08-28,442.23999,443.39999,439.97000,442.76001
2023-08-29,442.64999,449.45001,442.45999,449.16000
2023-08-30,449.51001,451.67001,448.78000,451.010010
2023-08-31,451.64999,452.82999,450.16000,450.35001
2023-09-01,453.17001,453.67001,449.67999,451.19000
2023-09-05,450.73001,451.059998,449.17001,449.23999
2023-09-06,448.39999,448.51001,443.81000,446.22000
2023-09-07,443.10999,445.54999,442.75,444.85001
2023-09-08,444.89999,447.10999,444.53000,445.51999
2023-09-11,448.23999,448.76999,446.47000,448.45001
2023-09-12,446.95001,448.53000,445.39001,445.98999
2023-09-13,446.22000,447.70999,445.079987,446.51001
2023-09-14,449.070007,451.079987,447.72000,450.35999
2023-09-15,447.14001,447.48001,442.92001,443.37000
2023-09-18,443.049988,444.97000,442.56000,443.63000
2023-09-19,442.67999,443.29001,439.94000,442.70999
2023-09-20,444.010010,444.44000,438.42999,438.64001
2023-09-21,435.70001,435.97000,431.23001,431.39001
2023-09-22,432.45001,434.10001,429.98999,430.42001
2023-09-25,429.17001,432.26999,428.72000,432.23001
2023-09-26,429.089996,429.82001,425.019989,425.88000
2023-09-27,427.089996,427.67001,422.29001,426.049988
2023-09-28,425.48001,430.25,424.87000,428.51999
2023-09-29,431.67001,431.85001,425.91000,427.48001
2023-10-02,426.62000,428.60001,424.45999,427.31000
2023-10-03,425.059998,427.37000,420.17999,421.59000
2023-10-04,422.070007,425.42999,420.56000,424.66000
2023-10-05,424.35999,425.37000,421.17001,424.5
2023-10-06,421.97000,431.13000,420.60001,429.54001
2023-10-09,427.57999,432.88000,427.010010,432.29001
2023-10-10,432.94000,437.22000,432.53000,434.54001
2023-10-11,435.64001,436.57999,433.17999,436.32001
2023-10-12,436.95001,437.34000,431.23001,433.66000
2023-10-13,435.20999,436.45001,429.88000,431.5
2023-10-16,433.82001,437.14001,433.57001,436.040009
2023-10-17,432.81000,438.14001,432.45001,436.019989
2023-10-18,434.19000,435.17999,429.089996,430.20999
2023-10-19,430.95001,432.82001,425.73001,426.42999
2023-10-20,425.98001,426.54001,421.079987,421.19000
2023-10-23,419.60999,424.45001,417.79999,420.45999
2023-10-24,422.64999,424.82001,420.73999,423.63000
2023-10-25,421.89001,421.92001,417.019989,417.54999
2023-10-26,416.45001,417.32999,411.60001,412.54999
2023-10-27,414.19000,414.60001,409.20999,410.67999
2023-10-30,413.56000,416.67999,412.22000,415.59000
2023-10-31,416.17999,418.53000,414.20999,418.20001
2023-11-01,419.20001,423.5,418.64999,422.66000
2023-11-02,426.57999,430.92001,426.56000,430.76001
2023-11-03,433.14001,436.29001,433.010010,434.69000
2023-11-06,435.47000,436.14999,433.67999,435.69000
2023-11-07,435.69000,437.59000,434.51001,436.92999
2023-11-08,437.54999,438.089996,434.87000,437.25
2023-11-09,438.42999,438.47000,433.39999,433.84000
2023-11-10,435.98001,440.92999,433.82999,440.60999
2023-11-13,439.23001,441.32999,438.42001,440.19000
2023-11-14,446.32001,450.059998,446.089996,448.73001
2023-11-15,450.10999,451.38000,448.79999,449.67999
2023-11-16,449.22000,450.56000,448.12000,450.23001
2023-11-17,450.23999,451.42001,449.29001,450.79001
2023-11-20,450.53000,455.13000,450.51999,454.26001
2023-11-21,453.17999,454.13000,451.95999,453.26999
2023-11-22,454.98001,456.38000,453.89001,455.019989
2023-11-24,455.070007,455.5,454.73001,455.29999
2023-11-27,454.64999,455.48999,454.079987,454.48001
2023-11-28,454.079987,456.26999,453.5,454.92999
2023-11-29,457.14999,458.32001,454.20001,454.60999
2023-11-30,455.48001,456.76001,453.34000,456.39999
2023-12-01,455.76999,459.64999,455.16000,459.10001
2023-12-04,455.60001,459.12000,454.34000,456.69000
2023-12-05,455.26001,457.59000,454.87000,456.60001
2023-12-06,458.81000,458.84000,454.31000,454.76001
2023-12-07,456.91000,458.89999,456.29001,458.23001
2023-12-08,457.45999,460.75,457.20999,460.20001
2023-12-11,459.69000,462.17001,459.47000,461.98999
2023-12-12,461.63000,464.20001,460.60001,464.10001
2023-12-13,464.48999,470.76001,464.12000,470.5
2023-12-14,472.5,473.73001,469.25,472.010010
2023-12-15,469.48999,470.70001,467.42999,469.32999
2023-12-18,470.98001,472.98001,469.89001,471.97000
2023-12-19,472.53000,474.92001,472.45001,474.84000
2023-12-20,473.95999,475.89999,467.82001,468.26001
2023-12-21,471.32999,472.98001,468.84000,472.70001
2023-12-22,473.85999,475.38000,471.70001,473.64999
2023-12-26,474.070007,476.57999,473.98999,475.64999
2023-12-27,475.44000,476.66000,474.89001,476.51001
2023-12-28,476.88000,477.54999,476.26001,476.69000
2023-12-29,476.48999,477.029999,473.29999,475.31000
2024-01-02,472.16000,473.67001,470.48999,472.64999
2024-01-03,470.42999,471.19000,468.17001,468.79001
2024-01-04,468.29999,470.95999,467.049988,467.28000
2024-01-05,467.48999,470.44000,466.42999,467.92001
2024-01-08,468.42999,474.75,468.29999,474.60001
2024-01-09,471.87000,474.92999,471.35001,473.88000
2024-01-10,474.16000,477.45001,473.87000,476.56000
2024-01-11,477.59000,478.12000,472.26001,476.35001
2024-01-12,477.84000,478.60001,475.23001,476.67999
2024-01-16,475.26001,476.60999,473.059998,474.92999
2024-01-17,471.82001,472.79001,469.87000,472.29001
2024-01-18,474.010010,477.059998,472.42001,476.48999
2024-01-19,477.64999,482.72000,476.54001,482.42999
2024-01-22,484.010010,485.22000,482.78000,483.45001
2024-01-23,484.010010,485.10999,482.89001,484.85999
2024-01-24,487.81000,488.76999,484.88000,485.39001
2024-01-25,487.57999,488.31000,485.39001,488.029999
2024-01-26,487.59000,489.12000,486.54001,487.41000
2024-01-29,487.73001,491.42001,487.17001,491.26999
2024-01-30,490.56000,491.62000,490.10999,490.89001
2024-01-31,488.62000,489.079987,482.85999,482.88000
2024-02-01,484.63000,489.23001,483.79999,489.20001
2024-02-02,489.64999,496.049988,489.29999,494.35001
2024-02-05,493.70001,494.38000,490.23001,492.54999
2024-02-06,493.51999,494.32001,492.049988,493.98001
2024-02-07,496.29001,498.53000,495.35999,498.10001
2024-02-08,498.10001,498.70999,497.26001,498.32001
2024-02-09,498.84000,501.64999,498.48999,501.20001
2024-02-12,501.17001,503.5,500.23999,500.98001
2024-02-13,494.53000,497.089996,490.72000,494.079987
2024-02-14,496.79001,499.070007,494.39999,498.57001
2024-02-15,499.29001,502.20001,498.79999,502.010010
2024-02-16,501.70001,502.87000,498.75,499.51001
2024-02-20,497.72000,498.41000,494.45001,496.76001
2024-02-21,495.42001,497.37000,493.56000,497.20999
2024-02-22,504.010010,508.48999,503.019989,507.5
2024-02-23,509.26999,510.13000,507.10001,507.85001
2024-02-26,508.29999,508.75,505.85999,505.98999
2024-02-27,506.70001,507.16000,504.75,506.92999
2024-02-28,505.32999,506.85999,504.95999,506.26001
2024-02-29,508.070007,509.73999,505.35001,508.079987
2024-03-01,508.98001,513.28998,508.56000,512.84998
2024-03-04,512.030029,514.20001,512,512.29999
2024-03-05,510.23999,510.70001,504.91000,507.17999
2024-03-06,510.54999,512.070007,508.42001,509.75
2024-03-07,513.14001,515.89001,509.81000,514.81000
2024-03-08,515.46002,518.21997,511.13000,511.72000
2024-03-11,510.48001,511.88000,508.5,511.28000
2024-03-12,513.45001,517.38000,510.85999,516.78003
2024-03-13,517.10999,517.28998,514.48999,515.96997
2024-03-14,516.96997,517.13000,511.82001,514.95001
2024-03-15,510.20999,511.70001,508.12000,509.82999
2024-03-18,514,515.47998,512.44000,512.85999
2024-03-19,512.15002,516,511.12000,515.71002
2024-03-20,515.77002,520.62000,515.080017,520.47998
2024-03-21,523.39001,524.10999,521.90997,522.20001
2024-03-22,522.10999,522.60999,520.96997,521.21002
2024-03-25,519.79999,520.95001,519.60999,519.77002
2024-03-26,521.22998,521.58002,518.40002,518.81000
2024-03-27,521.71002,523.21002,519.48999,523.16998
2024-03-28,523.21002,524.60999,522.78003,523.070007
2024-04-01,523.83002,524.38000,520.96997,522.15997
2024-04-02,518.23999,518.97998,516.47998,518.84003
2024-04-03,517.71997,520.95001,517.66998,519.40997
2024-04-04,523.52002,523.87000,512.76001,513.070007
2024-04-05,514.46002,520.44000,514.010010,518.42999
2024-04-08,519.15002,520.17999,517.89001,518.71997
2024-04-09,520.5,520.75,514.34998,519.32001
2024-04-10,513.47998,516.15997,512.090027,514.12000
2024-04-11,515.67999,519.47998,512.080017,518
2024-04-12,514.37000,515.82001,509.079987,510.85001
2024-04-15,515.13000,515.29999,503.57999,504.45001
2024-04-16,504.94000,506.5,502.20999,503.53000
2024-04-17,506.049988,506.22000,499.12000,500.54999
2024-04-18,501.98001,504.13000,498.56000,499.51999
2024-04-19,499.44000,500.45999,493.85999,495.16000
2024-04-22,497.82999,502.38000,495.42999,499.72000
2024-04-23,501.78000,506.089996,499.53000,505.64999
2024-04-24,506.56000,507.37000,503.13000,505.41000
2024-04-25,499.17999,504.26999,497.48999,503.48999
2024-04-26,506.35001,509.88000,505.70001,508.26001
2024-04-29,510.089996,510.75,507.25,510.059998
2024-04-30,508.56000,509.56000,501.98001,501.98001
2024-05-01,501.38000,508.19000,499.87000,500.35001
2024-05-02,504.14999,505.89001,499.54999,505.029999
2024-05-03,511.16000,512.54999,508.56000,511.29001
2024-05-06,513.75,516.60999,513.29999,516.57001
2024-05-07,517.56000,518.57001,516.45001,517.14001
2024-05-08,515.26001,517.73999,515.14001,517.19000
2024-05-09,517.38000,520.21002,516.71002,520.16998
2024-05-10,521.81000,522.64001,519.59003,520.84003
2024-05-13,522.56000,522.66998,519.73999,520.90997
2024-05-14,521.10999,523.83002,520.56000,523.29999
2024-05-15,525.83002,530.080017,525.17999,529.78003
2024-05-16,529.88000,531.52002,528.53998,528.69000
2024-05-17,528.81000,529.52002,527.32001,529.45001
2024-05-20,529.57001,531.56000,529.16998,530.059998
2024-05-21,529.28003,531.52002,529.070007,531.35999
2024-05-22,530.65002,531.38000,527.59998,529.83002
2024-05-23,532.96002,533.070007,524.71997,525.96002
2024-05-24,527.84998,530.27002,526.88000,529.44000
2024-05-28,530.27002,530.51001,527.10999,529.81000
2024-05-29,525.67999,527.31000,525.37000,526.099976
2024-05-30,524.52002,525.20001,521.33002,522.60999
2024-05-31,523.59003,527.5,518.35999,527.37000
2024-06-03,529.020020,529.31000,522.59998,527.79999
2024-06-04,526.46002,529.15002,524.96002,528.39001
2024-06-05,530.77002,534.69000,528.72998,534.66998
2024-06-06,534.97998,535.41998,532.67999,534.65997
2024-06-07,533.65997,536.89001,532.53998,534.010010
2024-06-10,533.17999,535.98999,532.57001,535.65997
2024-06-11,534.070007,537.010010,532.049988,536.95001
2024-06-12,541.63000,544.12000,540.29999,541.35999
2024-06-13,543.15002,543.33002,539.59003,542.45001
2024-06-14,540.88000,542.81000,539.84998,542.78003
2024-06-17,542.080017,548.53003,541.60999,547.099976
2024-06-18,547.15997,548.62000,546.72998,548.48999
2024-06-20,549.44000,550.12000,545.17999,547
2024-06-21,544.40002,545.65002,543.020020,544.51001
2024-06-24,544.33002,546.95001,542.62000,542.73999
2024-06-25,543.98999,545.20001,542.44000,544.83002
2024-06-26,543.69000,546.23999,543.030029,545.51001
2024-06-27,545.37000,546.96002,544.60999,546.37000
2024-06-28,547.15997,550.28003,542.95001,544.21997
2024-07-01,545.63000,545.88000,542.52002,545.34003
2024-07-02,543.70001,549.010010,543.65002,549.010010
2024-07-03,548.69000,551.83002,548.65002,551.46002
2024-07-05,551.77002,555.049988,551.12000,554.64001
2024-07-08,555.44000,556.25,554.19000,555.28003
2024-07-09,556.26001,557.17999,555.52002,555.82001
2024-07-10,557.070007,561.66998,556.77002,561.32001
2024-07-11,561.44000,562.33002,555.83002,556.47998
2024-07-12,557.63000,563.66998,557.15002,559.98999
2024-07-15,562.030029,564.84003,559.63000,561.53003
2024-07-16,562.87000,565.15997,562.099976,564.85999
2024-07-17,558.79999,560.51001,556.60999,556.94000
2024-07-18,558.51001,559.52002,550.42999,552.65997
2024-07-19,552.41998,554.080017,547.90997,548.98999
2024-07-22,553,555.27002,551.020020,554.65002
2024-07-23,554.53998,556.73999,553.28003,553.78003
2024-07-24,548.85999,549.16998,540.28998,541.22998
2024-07-25,541.34998,547.46002,537.45001,538.40997
2024-07-26,542.28003,547.19000,541.48999,544.44000
2024-07-29,546.020020,547.049988,542.71997,544.76001
2024-07-30,546.26001,547.34003,538.52002,542
2024-07-31,548.97998,553.5,547.58002,550.81000
2024-08-01,552.57001,554.87000,539.42999,543.010010
2024-08-02,535.75,536.98999,528.59998,532.90002
2024-08-05,511.64001,523.58002,510.26999,517.38000
2024-08-06,519.21997,529.75,517.87000,522.15002
2024-08-07,528.46997,531.59003,518.049988,518.65997
2024-08-08,523.90997,531.28998,521.84003,530.65002
2024-08-09,529.81000,534.51001,528.56000,532.98999
2024-08-12,534.21002,535.72998,530.95001,533.27002
2024-08-13,536.53003,542.28003,536.28003,542.039978
2024-08-14,542.84998,544.96002,540.12000,543.75
2024-08-15,549.5,553.35999,548.88000,553.070007
2024-08-16,551.41998,555.020020,551.26001,554.31000
2024-08-19,554.72998,559.60999,553.85999,559.60999
2024-08-20,559.15002,560.84003,557.33002,558.70001
2024-08-21,559.77002,562.10999,554.72998,560.62000
2024-08-22,562.56000,563.17999,554.97998,556.21997
2024-08-23,559.53003,563.090027,557.28998,562.13000
2024-08-26,563.17999,563.90997,559.049988,560.78998
2024-08-27,559.48999,562.059998,558.32001,561.56000
2024-08-28,561.21002,561.65002,555.039978,558.29999
2024-08-29,560.31000,563.67999,557.17999,558.34998
2024-08-30,560.77002,564.20001,557.14001,563.67999
2024-09-03,560.46997,560.81000,549.51001,552.080017
2024-09-04,550.20001,554.42999,549.46002,550.95001
2024-09-05,550.89001,553.79999,547.099976,549.60999
2024-09-06,549.94000,551.59998,539.44000,540.35999
2024-09-09,544.65002,547.71002,542.67999,546.40997
2024-09-10,548.35999,549.15002,543.38000,548.78998
2024-09-11,548.70001,555.35999,539.96002,554.41998
2024-09-12,555.010010,559.40002,552.73999,559.090027
2024-09-13,559.71002,563.030029,559.45001,562.010010
2024-09-16,561.73999,563.10999,559.90002,562.84003
2024-09-17,565.099976,566.58002,560.78998,563.070007
2024-09-18,563.73999,568.69000,560.83002,561.40002
2024-09-19,571.010010,572.88000,568.080017,570.97998
2024-09-20,567.84003,569.31000,565.16998,568.25
2024-09-23,569.34003,570.33002,568.099976,569.66998
2024-09-24,570.47998,571.35999,567.59998,571.29999
2024-09-25,571.14001,571.89001,568.90997,570.039978
2024-09-26,574.38000,574.71002,569.90002,572.29999
2024-09-27,573.39001,574.21997,570.41998,571.46997
2024-09-30,570.41998,574.38000,568.080017,573.76001
2024-10-01,573.40002,574.059998,566,568.62000
2024-10-02,567.71002,569.90002,565.27002,568.85999
2024-10-03,567.35999,569.79999,565.48999,567.82001
2024-10-04,572.34998,573.35999,568.099976,572.97998
2024-10-07,571.29999,571.96002,566.63000,567.79999
2024-10-08,570.41998,573.78003,569.53003,573.16998
2024-10-09,573.15997,577.71002,572.54999,577.14001
2024-10-10,575.77002,577.58002,574.48999,576.13000
2024-10-11,576.049988,580.33002,575.90997,579.58002
2024-10-14,581.21997,585.27002,580.72998,584.32001
2024-10-15,584.59003,584.90002,578.53998,579.78003
2024-10-16,579.78003,582.83002,578.96002,582.29999
2024-10-17,585.90997,586.12000,582.15997,582.34998
2024-10-18,584.070007,585.39001,582.58002,584.59003
2024-10-21,583.84998,584.84998,580.59998,583.63000
2024-10-22,581.049988,584.5,580.38000,583.32001
2024-10-23,581.26001,581.71002,574.41998,577.98999
2024-10-24,579.97998,580.059998,576.57001,579.23999
2024-10-25,581.51001,584.46002,578.080017,579.039978
2024-10-28,582.58002,582.71002,580.52002,580.83002
2024-10-29,579.84998,582.90997,578.42999,581.77002
2024-10-30,581.28998,583.32001,579.28998,580.010010
2024-10-31,575.56000,575.63000,568.44000,568.64001
2024-11-01,571.32001,575.54999,570.62000,571.039978
2024-11-04,571.17999,572.5,567.89001,569.81000
2024-11-05,570.73999,576.73999,570.52002,576.70001
2024-11-06,589.20001,591.92999,585.39001,591.039978
2024-11-07,593.080017,596.65002,593,595.60999
2024-11-08,596.16998,599.64001,596.16998,598.19000
2024-11-11,599.81000,600.16998,597,598.76001
2024-11-12,598.67999,599.28998,594.37000,596.90002
2024-11-13,597.37000,599.22998,594.96002,597.19000
2024-11-14,597.32001,597.81000,592.65002,593.34998
2024-11-15,589.71997,590.20001,583.85999,585.75
2024-11-18,586.21997,589.48999,585.34003,588.15002
2024-11-19,584.71002,591.039978,584.030029,590.29999
2024-11-20,590.38000,590.78998,584.63000,590.5
2024-11-21,593.40002,595.12000,587.45001,593.66998
2024-11-22,593.65997,596.15002,593.15002,595.51001
2024-11-25,599.52002,600.85999,595.20001,597.53003
2024-11-26,598.79999,601.33002,598.070007,600.65002
2024-11-27,600.46002,600.84998,597.28003,598.83002
2024-11-29,599.65997,603.34998,599.38000,602.54999
2024-12-02,602.96997,604.32001,602.46997,603.63000
2024-12-03,603.39001,604.15997,602.34003,603.90997
2024-12-04,605.63000,607.90997,604.95001,607.65997
2024-12-05,607.65997,608.47998,606.29999,606.65997
2024-12-06,607.44000,609.070007,607.020020,607.81000
2024-12-09,607.69000,607.85999,604.080017,604.67999
2024-12-10,605.37000,605.79999,602.13000,602.79999
2024-12-11,605.78003,608.42999,605.5,607.46002
2024-12-12,606.58002,607.15997,604.33002,604.33002
2024-12-13,606.40002,607.13000,602.81000,604.21002
2024-12-16,606,607.78003,605.21002,606.78998
2024-12-17,604.19000,605.16998,602.89001,604.28998
2024-12-18,603.97998,606.40997,585.89001,586.28003
2024-12-19,591.35999,593,585.84998,586.099976
2024-12-20,581.77002,595.75,580.90997,591.15002
2024-12-23,590.89001,595.29999,587.65997,594.69000
2024-12-24,596.059998,601.34003,595.46997,601.29999
2024-12-26,599.5,602.47998,598.080017,601.34003
2024-12-27,597.53998,597.78003,590.76001,595.010010
2024-12-30,587.89001,591.73999,584.40997,588.21997
2024-12-31,589.90997,590.64001,584.41998,586.080017
2025-01-02,589.39001,591.13000,580.5,584.64001
2025-01-03,587.53003,592.59998,586.42999,591.95001
2025-01-06,596.27002,599.70001,593.59998,595.35999
2025-01-07,597.41998,597.75,586.78003,588.63000
2025-01-08,588.70001,590.58002,585.20001,589.48999
2025-01-10,585.88000,585.95001,578.54999,580.48999
2025-01-13,575.77002,581.75,575.34998,581.39001
2025-01-14,584.35999,585,578.34998,582.19000
2025-01-15,590.33002,593.94000,589.20001,592.78003
2025-01-16,594.16998,594.34998,590.92999,591.64001
2025-01-17,596.96002,599.35999,595.60999,597.58002
2025-01-21,600.66998,603.059998,598.66998,603.049988
2025-01-22,605.91998,607.82001,605.35999,606.44000
2025-01-23,605.79999,609.75,605.52002,609.75
2025-01-24,609.81000,610.78003,606.79999,607.96997
2025-01-27,594.81000,599.69000,594.64001,599.37000
2025-01-28,600.62000,605.37000,597.25,604.52002
2025-01-29,603.71997,604.13000,599.21997,601.81000
2025-01-30,603.96002,606.59998,600.71997,605.039978
2025-01-31,607.5,609.96002,601.049988,601.82001
2025-02-03,592.66998,600.28998,590.48999,597.77002
2025-02-04,597.83002,602.29999,597.28003,601.78003
2025-02-05,600.64001,604.37000,598.58002,604.21997
2025-02-06,605.98999,606.45001,602.63000,606.32001
2025-02-07,606.89001,608.13000,600.049988,600.77002
2025-02-10,604.030029,605.5,602.73999,604.84998
2025-02-11,602.54999,605.85999,602.42999,605.31000
2025-02-12,599.20001,604.54999,598.51001,603.35999
2025-02-13,604.47998,609.94000,603.20001,609.72998
2025-02-14,609.94000,610.98999,609.070007,609.70001
2025-02-18,610.88000,611.48999,608.38000,611.48999
2025-02-19,610.080017,613.22998,609.56000,612.92999
2025-02-20,611.53998,611.67999,607.020020,610.38000
2025-02-21,610.15997,610.29999,599.46997,599.94000
2025-02-24,602.020020,603.030029,596.48999,597.21002
2025-02-25,597.15002,597.89001,589.56000,594.23999
2025-02-26,595.92999,599.58002,591.85999,594.53998
2025-02-27,596.84998,598.020020,584.65002,585.049988
2025-02-28,585.56000,594.71997,582.44000,594.17999
2025-03-03,596.17999,597.34003,579.90002,583.77002
2025-03-04,579.71002,585.39001,572.25,576.85999
2025-03-05,576.69000,584.88000,573.080017,583.059998
2025-03-06,575.47998,580.16998,570.12000,572.71002
2025-03-07,570.90002,577.39001,565.63000,575.91998
2025-03-10,567.59003,569.53998,555.59003,560.58002
2025-03-11,559.40002,564.020020,552.020020,555.91998
2025-03-12,562.16998,563.10999,553.69000,558.87000
2025-03-13,558.48999,559.10999,549.67999,551.41998
2025-03-14,556.10999,563.83002,551.48999,562.81000
2025-03-17,562.78998,569.71002,562.34998,567.15002
2025-03-18,564.79999,565.020020,559.059998,561.020020
2025-03-19,562.83002,570.95001,561.63000,567.13000
2025-03-20,563.33002,570.57001,562.59998,565.48999
2025-03-21,559.28003,564.89001,558.030029,563.97998
2025-03-24,570.79999,575.15002,570.20001,574.080017
2025-03-25,575.29999,576.40997,573.69000,575.46002
2025-03-26,575.19000,576.33002,567.19000,568.59003
2025-03-27,567.17999,570.90002,564.94000,567.080017
2025-03-28,565.53003,566.27002,555.070007,555.65997
2025-03-31,549.83002,560.71002,546.87000,559.39001
2025-04-01,557.45001,562.94000,553.67999,560.96997
2025-04-02,555.049988,567.41998,554.81000,564.52002
2025-04-03,545.10999,547.96997,536.70001,536.70001
2025-04-04,523.66998,525.87000,505.059998,505.28000
2025-04-07,489.19000,523.16998,481.79999,504.38000
2025-04-08,521.85999,524.97998,489.16000,496.48001
2025-04-09,493.44000,548.62000,493.049988,548.62000
2025-04-10,532.16998,533.5,509.32001,524.58002
2025-04-11,523.010010,536.42999,520.070007,533.94000
2025-04-14,544.049988,544.28003,533.85999,539.12000
2025-04-15,539.66998,543.22998,536.81000,537.60999
2025-04-16,531.67999,537.89001,520.28998,525.65997
2025-04-17,527.64001,531.16998,523.90997,526.40997
2025-04-21,521.15997,521.70001,508.45999,513.88000
2025-04-22,520.14001,529.29999,519.19000,527.25
2025-04-23,540.42999,545.42999,533.88000,535.41998
2025-04-24,536.71997,547.42999,535.45001,546.69000
2025-04-25,546.65002,551.049988,543.69000,550.64001
2025-04-28,551.39001,553.54999,545.020020,550.84998
2025-04-29,548.90997,555.45001,548.54999,554.32001
2025-04-30,547.57001,556.52002,541.52002,554.53998
2025-05-01,560.37000,564.070007,557.85999,558.46997
2025-05-02,564.72998,568.38000,562.38000,566.76001
2025-05-05,562.57001,566.65002,561.70001,563.51001
2025-05-06,557.92999,563.34998,556.96002,558.79999
2025-05-07,560.15002,563.82001,556.039978,561.15002
2025-05-08,565.23999,570.31000,561.70001,565.059998
2025-05-09,566.47998,567.5,562.76001,564.34003
2025-05-12,581.46997,583,577.039978,582.98999
2025-05-13,583.40997,589.080017,582.84003,586.84003
2025-05-14,587.81000,588.97998,585.53998,587.59003
2025-05-15,585.56000,590.96997,585.099976,590.46002
2025-05-16,591.25,594.5,589.28003,594.20001
2025-05-19,588.099976,595.53998,588.099976,594.84998
2025-05-20,593.090027,594.049988,589.59998,592.84998
2025-05-21,588.44000,592.58002,581.82001,582.85999
2025-05-22,582.65997,586.62000,581.40997,583.090027
2025-05-23,575.97998,581.81000,575.59998,579.10999
2025-05-27,586.070007,591.31000,578.42999,591.15002
2025-05-28,591.56000,592.77002,586.98999,587.72998
2025-05-29,593.059998,593.20001,586.070007,590.049988
2025-05-30,588.92999,591.13000,583.23999,589.39001
2025-06-02,587.76001,592.78998,585.059998,592.71002
2025-06-03,592.34003,597.080017,591.84998,596.090027
2025-06-04,596.96002,597.95001,595.48999,595.92999
2025-06-05,597.63000,599,591.049988,593.049988
2025-06-06,598.65997,600.83002,596.85999,599.14001
2025-06-09,599.71997,601.25,598.48999,599.67999
2025-06-10,600.21997,603.46997,599.090027,603.080017
2025-06-11,604.19000,605.059998,599.27002,601.35999
2025-06-12,600.010010,603.75,599.52002,603.75
2025-06-13,598.5,601.84998,595.47998,597
2025-06-16,600.40002,604.45001,600.21997,602.67999
2025-06-17,600.21002,601.75,596.76001,597.53003
2025-06-18,598.44000,601.21997,596.46997,597.44000
2025-06-20,598.38000,599.46002,592.85999,594.28003
2025-06-23,595.039978,600.53998,591.89001,600.15002
2025-06-24,604.33002,607.84998,603.40997,606.78003
2025-06-25,607.90997,608.60999,605.53998,607.12000
2025-06-26,608.98999,612.31000,608.37000,611.87000
2025-06-27,612.88000,616.39001,610.83002,614.90997
2025-06-30,617.38000,619.21997,615.039978,617.84998
2025-07-01,616.35999,618.83002,615.52002,617.65002
2025-07-02,617.23999,620.48999,616.60999,620.45001
2025-07-03,622.45001,626.28003,622.42999,625.34003
2025-07-07,623.35999,624.030029,617.87000,620.67999
2025-07-08,621.34998,622.10999,619.52002,620.34003
2025-07-09,622.77002,624.71997,620.90997,624.059998
2025-07-10,624.20001,626.87000,623.010010,625.82001
2025-07-11,622.73999,624.85999,621.53003,623.62000
2025-07-14,623.15997,625.15997,621.79999,624.81000
2025-07-15,627.52002,627.85999,622.059998,622.14001
2025-07-16,623.73999,624.72998,618.049988,624.21997
2025-07-17,624.40002,628.40002,624.17999,628.039978
2025-07-18,629.29999,629.46997,626.46002,627.58002
2025-07-21,628.77002,631.53998,628.34003,628.77002
2025-07-22,629.099976,629.72998,626.19000,628.85999
2025-07-23,631.54999,634.21002,629.72998,634.21002
2025-07-24,634.59998,636.15002,633.98999,634.41998
2025-07-25,635.090027,637.58002,634.84003,637.099976
2025-07-28,637.47998,638.039978,635.53998,636.94000
2025-07-29,638.34998,638.66998,634.34003,635.26001
2025-07-30,635.91998,637.67999,631.53998,634.46002
2025-07-31,639.46002,639.84998,630.77002,632.080017
2025-08-01,626.29999,626.34003,619.28998,621.71997
2025-08-04,625.66998,631.21997,625.58002,631.16998
2025-08-05,631.78998,632.60999,627.039978,627.96997
2025-08-06,629.049988,633.44000,628.13000,632.78003
2025-08-07,636.23999,636.97998,629.10999,632.25
2025-08-08,634.059998,637.65002,633.73999,637.17999
2025-08-11,637.46002,638.95001,634.65997,635.91998
2025-08-12,638.28998,642.84998,636.78998,642.69000
2025-08-13,644.90997,646.19000,642.67999,644.89001
2025-08-14,642.78998,645.62000,642.34003,644.95001
2025-08-15,645.98999,646.090027,642.52002,643.44000
2025-08-18,642.85999,644,642.17999,643.29999
2025-08-19,643.12000,644.10999,638.47998,639.81000
2025-08-20,639.40002,639.65997,632.95001,638.10999
2025-08-21,636.28003,637.96997,633.81000,635.54999
2025-08-22,637.76001,646.5,637.25,645.31000
2025-08-25,644.039978,645.28998,642.34998,642.46997
2025-08-26,642.20001,645.51001,641.57001,645.15997
2025-08-27,644.57001,647.37000,644.41998,646.63000
2025-08-28,647.23999,649.47998,645.34003,648.91998
2025-08-29,647.46997,647.84003,643.14001,645.049988
2025-09-02,637.5,640.48999,634.91998,640.27002
2025-09-03,642.66998,644.21002,640.46002,643.73999
2025-09-04,644.41998,649.15002,643.51001,649.12000
2025-09-05,651.47998,652.21002,643.33002,647.23999
2025-09-08,648.62000,649.84003,647.22998,648.83002
2025-09-09,648.96997,650.85999,647.21997,650.33002
2025-09-10,653.62000,654.54999,650.63000,652.21002
2025-09-11,654.17999,658.33002,653.59003,657.63000
2025-09-12,657.59998,659.10999,656.90002,657.40997
2025-09-15,659.64001,661.039978,659.34003,660.90997
2025-09-16,661.46997,661.78003,659.21002,660
2025-09-17,660.010010,661.71997,654.29999,659.17999
2025-09-18,661.89001,664.89001,660.27002,662.26001
2025-09-19,662.33002,664.54999,660.37000,663.70001
2025-09-22,662.20001,667.28998,662.16998,666.84003
2025-09-23,666.71997,667.34003,661.97998,663.21002
2025-09-24,664.51001,664.60999,659.66998,661.099976
2025-09-25,657.94000,659.40997,654.40997,658.049988
2025-09-26,659.51001,662.37000,657.88000,661.82001
2025-09-29,664.35999,665.28003,661.85999,663.67999
2025-09-30,662.92999,666.65002,661.60999,666.17999
2025-10-01,663.16998,669.37000,663.059998,668.45001
2025-10-02,670.45001,670.57001,666.78003,669.21997
2025-10-03,669.98999,672.67999,668.15997,669.21002
2025-10-06,671.62000,672.51001,669.46002,671.60999
2025-10-07,672.53998,672.98999,667.66998,669.12000
2025-10-08,670.25,673.21002,669.41998,673.10999
2025-10-09,673.53003,673.94000,669.21002,671.15997
2025-10-10,672.13000,673.95001,652.84003,653.020020
2025-10-13,660.65002,665.13000,659.77002,663.039978
2025-10-14,657.16998,665.83002,653.16998,662.22998
2025-10-15,666.82001,670.22998,658.92999,665.16998
2025-10-16,666.82001,668.71002,657.10999,660.64001
2025-10-17,659.5,665.76001,658.14001,664.39001
2025-10-20,667.32001,672.21002,667.27002,671.29999
2025-10-21,671.44000,672.98999,669.97998,671.28998
2025-10-22,672,672,663.29999,667.79999
2025-10-23,668.12000,672.71002,667.79999,671.76001
2025-10-24,676.46002,678.46997,675.65002,677.25
2025-10-27,682.72998,685.53998,682.12000,685.23999
2025-10-28,687.049988,688.90997,684.83002,687.059998
2025-10-29,688.71997,689.70001,682.87000,687.39001
2025-10-30,683.90002,685.94000,679.83002,679.83002
2025-10-31,685.039978,685.080017,679.23999,682.059998
2025-11-03,685.66998,685.79999,679.94000,683.34003
2025-11-04,676.10999,679.96002,674.58002,675.23999
2025-11-05,674.97998,680.85999,674.16998,677.58002
2025-11-06,676.46997,677.38000,668.71997,670.31000
2025-11-07,667.90997,671.080017,661.21002,670.96997
2025-11-10,677.23999,682.17999,675.030029,681.44000
2025-11-11,679.95001,683.57001,678.72998,683
2025-11-12,684.78998,684.96002,680.95001,683.38000
2025-11-13,680.5,680.85999,670.52002,672.039978
2025-11-14,665.38000,675.65997,663.27002,671.92999
2025-11-17,669.70001,673.71002,662.16998,665.66998
2025-11-18,662.099976,665.12000,655.85999,660.080017
2025-11-19,660.78003,667.34003,658.75,662.63000
2025-11-20,672.90997,675.56000,651.89001,652.53003
2025-11-21,655.049988,664.54999,650.84998,659.030029
2025-11-24,662.69000,670.059998,661.59003,668.72998
2025-11-25,668.63000,676.21002,664.47998,675.020020
2025-11-26,677.63000,681.70001,676.71997,679.67999
2025-11-28,680.85999,683.66998,680.5,683.39001
2025-12-01,678.81000,682.98999,678.73999,680.27002
2025-12-02,681.91998,683.82001,679.33002,681.53003
2025-12-03,680.57001,684.90997,679.69000,683.89001
2025-12-04,685.29999,685.37000,681.34003,684.39001
2025-12-05,685.46997,688.39001,684.58002,685.69000
2025-12-08,686.59003,686.64001,681.57001,683.63000
2025-12-09,683.15002,685.39001,682.59003,683.039978
2025-12-10,682.56000,688.96997,681.31000,687.57001
2025-12-11,685.14001,689.25,682.16998,689.16998
2025-12-12,688.16998,688.88000,679.16998,681.76001
2025-12-15,685.73999,685.76001,679.25,680.72998
2025-12-16,679.22998,681.080017,674.97998,678.87000
2025-12-17,679.89001,680.44000,671.20001,671.40002
2025-12-18,677.59998,680.73999,674.90002,676.46997
2025-12-19,676.59003,681.090027,676.46997,680.59003
2025-12-22,683.94000,685.35999,680.59003,684.83002
2025-12-23,683.91998,688.20001,683.87000,687.96002
2025-12-24,687.95001,690.83002,687.79999,690.38000
2025-12-26,690.64001,691.65997,689.27002,690.31000
2025-12-29,687.53998,689.20001,686.070007,687.84998
2025-12-30,687.45001,688.56000,686.58002,687.010010
2025-12-31,687.14001,687.35999,681.71002,681.91998
2026-01-02,685.71002,686.87000,679.82001,683.16998
2026-01-05,686.53998,689.42999,686.38000,687.71997
2026-01-06,687.92999,692.32001,687.78003,691.81000
2026-01-07,692.19000,693.96002,689.32001,689.58002
2026-01-08,688.82001,690.62000,687.48999,689.51001
2026-01-09,690.63000,695.31000,689.17999,694.070007
2026-01-12,690.67999,696.090027,690.63000,695.15997
2026-01-13,695.48999,696.090027,691.34998,693.77002
2026-01-14,691,691.71997,686.039978,690.35999
2026-01-15,694.57001,695.45001,691.25,692.23999
2026-01-16,693.65997,694.25,690.099976,691.65997
2026-01-20,681.48999,684.77002,676.57001,677.58002
2026-01-21,679.65002,688.73999,678.13000,685.40002
2026-01-22,689.84998,691.13000,686.91998,688.97998
2026-01-23,688.15002,690.96002,687.15997,689.22998
2026-01-26,690.48999,694.13000,689.91998,692.72998
2026-01-27,694.17999,696.53003,693.57001,695.48999
2026-01-28,697.049988,697.84003,693.94000,695.41998
2026-01-29,696.39001,697.059998,684.83002,694.039978
2026-01-30,691.78998,694.21002,687.12000,691.96997
2026-02-02,689.58002,696.92999,689.41998,695.40997
2026-02-03,696.21002,696.96002,684.030029,689.53003
2026-02-04,690.34998,691.45001,681.76001,686.19000
2026-02-05,680.94000,683.69000,675.78998,677.62000
2026-02-06,681.46002,692.31000,680.84998,690.62000
2026-02-09,689.41998,695.87000,688.34003,693.95001
2026-02-10,694.95001,696.53998,691.65997,692.12000
2026-02-11,696.39001,697.14001,689.17999,691.96002
2026-02-12,694.23999,695.34998,680.37000,681.27002
2026-02-13,681.69000,686.28003,677.52002,681.75
2026-02-17,680.14001,684.94000,675.78003,682.84998
2026-02-18,684.020020,689.15002,682.83002,686.28998
2026-02-19,683.84003,686.17999,681.54999,684.47998
2026-02-20,682.32001,690.059998,681.72998,689.42999
2026-02-23,687.83002,690,680.37000,682.39001
2026-02-24,681.90002,688.34998,680,687.34998
2026-02-25,690.17999,693.67999,690.099976,693.15002
2026-02-26,693.28003,693.29999,684.34998,689.29999
2026-02-27,683.090027,686.85999,681.64001,685.98999
2026-03-02,678.70001,688.62000,678.020020,686.38000
2026-03-03,675.059998,682.60999,669.65997,680.33002
2026-03-04,681.63000,687.090027,679.62000,685.13000
2026-03-05,682.080017,685.53003,675.60999,681.31000
2026-03-06,673.40997,676.10999,669.76001,672.38000
2026-03-09,666.39001,679.91998,662.39001,678.27002
2026-03-10,677.71997,683.35999,674.76001,677.17999
2026-03-11,677.58002,680.080017,673.34003,676.33002
2026-03-12,671.15997,671.65002,665.87000,666.059998
2026-03-13,669.27002,672.34003,661.35999,662.28998
2026-03-16,668.38000,672.070007,667.12000,669.030029
2026-03-17,672.39001,674.44000,669.70001,670.78998
2026-03-18,668.35999,669.71997,661.19000,661.42999
2026-03-19,656.96997,662.97998,655.16998,659.79999
2026-03-20,656.51001,656.69000,644.71997,648.57001
2026-03-23,658.070007,662.62000,653.94000,655.38000
2026-03-24,651.32001,657.030029,649.88000,653.17999
2026-03-25,658.66998,660.89001,654.23999,656.82001
2026-03-26,652.059998,654.84998,644.82001,645.090027
2026-03-27,642.5,642.65997,633.10999,634.090027
2026-03-30,640.10999,640.37000,629.28003,631.96997
2026-03-31,638.94000,651.53998,637.97998,650.34003
2026-04-01,653.90002,658.52002,653,655.23999
2026-04-02,646.41998,658.20001,645.10999,655.83002
2026-04-06,655.85999,659.71997,655.52002,658.92999
2026-04-07,656.65002,659.60999,651.059998,659.21997
2026-04-08,676.39001,677.080017,671.46002,676.010010
2026-04-09,674.84003,681.15997,673.77002,679.90997
2026-04-10,681.32001,682.030029,678.45001,679.46002
2026-04-13,677.40997,686.29999,676.58002,686.099976
2026-04-14,687.69000,694.58002,687.65997,694.46002
2026-04-15,695.26001,700.28003,694.20001,699.94000
2026-04-16,701.059998,702.78003,698.53003,701.65997
2026-04-17,706.14001,712.39001,705.76001,710.14001
2026-04-20,708.78003,709.90997,706.14001,708.71997
2026-04-21,710.28003,711.28003,702.64001,704.080017
2026-04-22,709.15002,711.45001,708.21997,711.21002
2026-04-23,709.5,712.35999,702.28003,708.45001
2026-04-24,710.75,714.46997,709.010010,713.94000
2026-04-27,713.16998,715.63000,712.29999,715.16998
2026-04-28,711.82001,712.88000,709.25,711.69000
2026-04-29,711,712.20001,708.37000,711.58002
2026-04-30,714.63000,719.78998,710.45001,718.65997
2026-05-01,721.25,724.87000,720.46997,720.65002
2026-05-04,720.070007,722.12000,714.98999,718.010010
2026-05-05,721.77002,725.039978,721.48999,723.77002
2026-05-06,728.15997,734.59003,727.82001,733.83002
2026-05-07,735.049988,736.13000,729.75,731.58002
2026-05-08,734.92999,738.080017,734.57001,737.62000
2026-05-11,736.45001,740.78998,736.45001,739.29999
2026-05-12,736.89001,738.84003,731.83002,738.17999
2026-05-13,738.46997,743.90997,735.46997,742.31000
2026-05-14,743.65002,749.53003,743.56000,748.16998
2026-05-15,741.78998,743.46002,737.96002,739.16998
2026-05-18,739.83002,741.41998,733.39001,738.65002
2026-05-19,734.78003,737.65002,731.53003,733.72998
2026-05-20,735.71002,741.87000,733.89001,741.25
2026-05-21,738.64001,744.87000,737.030029,742.71997
2026-05-22,746.23999,748.94000,744.47998,745.64001
2026-05-26,750.010010,752.13000,748.37000,750.59003
2026-05-27,750.88000,751.38000,748.21997,750.46002
2026-05-28,750.25,755.15002,749.22998,754.59998
2026-05-29,755.90002,758.080017,754.69000,756.47998
2026-06-01,755.35999,760.28003,754.69000,758.53998
2026-06-02,757.030029,760.40002,756.75,759.57001
2026-06-03,758.15002,758.79999,753.57001,754.23999
2026-06-04,752.099976,758.31000,751.46997,757.090027
2026-06-05,752.31000,752.82001,735.53003,737.54999
2026-06-08,743.35999,745.34003,738.19000,739.21997
2026-06-09,743.63000,746.90002,722.59003,737.049988
2026-06-10,733.39001,738.38000,725.33002,725.42999
2026-06-11,728.76001,740,724.40997,737.76001
2026-06-12,740.71002,744.44000,735.030029,741.75
2026-06-15,751.84998,756.67999,751.76001,754.83002
2026-06-16,754.54999,755.44000,749.88000,750.33002
2026-06-17,751.28998,752.15002,739.21997,740.96002
2026-06-18,747.76001,748.22998,743.85999,746.73999
2026-06-22,747.70001,750.17999,743.13000,744.39001
2026-06-23,733.81000,739.63000,732.29999,733.58002
2026-06-24,735.16998,739.95001,730.84003,733.23999
2026-06-25,738.90997,739.37000,729.59998,734.29999
2026-06-26,728.95001,736.53003,716.58002,728.98999
2026-06-29,736.53003,741.56000,732.090027,741
2026-06-30,741.28998,748.020020,740.89001,746.77002
2026-07-01,745,749.44000,742.38000,745.76001
2026-07-02,747.40002,751.31000,740.030029,744.78003
2026-07-06,748.73999,752.40997,747.40997,751.28003
2026-07-07,750.21997,750.96002,745.21002,747.71002
2026-07-08,743.15997,746.15002,739.51001,745.40002
2026-07-09,747.34998,751.96997,745.59003,751.71002
2026-07-10,752.049988,755.41998,748.099976,754.95001
2026-07-13,752.46997,753.90997,748,749.16998
2026-07-14,750.90997,753.34003,748.65997,751.83002
2026-07-15,754.23999,755.58002,750.20001,754.81000
2026-07-16,752.76001,754.57001,747.88000,750.71997
2026-07-17,742.080017,747.28998,740.79999,743.28998
2026-07-20,747.059998,748.72998,741.51001,742.090027
2026-07-21,746.28998,749.039978,744.17999,748.28003
2026-07-22,746.62000,750.020020,746.37000,747.40997
2026-07-23,739.37000,742.56000,735.21002,738.17999
2026-07-24,738.51001,743.71997,737.28998,738.92999
2026-07-27,744.90997,745.53003,735.87000,739.090027
2026-07-28,739.19000,742.78998,735.97998,740.85999
2026-07-29,739.96997,742.67999,729.099976,729.46002
2026-07-30,736.049988,742.45001,734.59003,741.69000
2026-07-31,744.67999,748.90002,737.67999,747.030029
2026-08-03,749.44000,758.58002,748.79999,757.66998
2026-08-04,760.63000,773.40997,760.52002,771.33002
2026-08-05,775.84998,776.84998,769.51001,769.78998
2026-08-06,770.21002,771.82001,767.46002,768.56000
2026-08-07,771.020020,773.91998,769.60999,773.26001
2026-08-10,772.59998,775.049988,771.62000,773.030029
2026-08-11,774.53003,774.60999,769.20001,770.56000
2026-08-12,774.71002,774.90002,771.28003,772.48999
2026-08-13,774.87000,779.37000,774.10999,777.88000
2026-08-14,778.53998,778.79999,775.42999,776.34003
2026-08-17,776.17999,776.78003,772.51001,772.66998
2026-08-18,768.70001,769.5,766.91998,767.45001
2026-08-19,770.35999,772.46997,768.099976,769.059998
2026-08-20,765.96002,768.15002,762.039978,762.59998
2026-08-21,766.049988,767.84998,764.16998,765.71997
2026-08-24,764.78003,765.21997,762.080017,763.46997
2026-08-25,766.15997,766.78003,763.049988,765.90997
2026-08-26,764.72998,767.34998,763.92999,766.080017
2026-08-27,768.5,772.35999,767.15997,771.099976
2026-08-28,771.76001,775.29999,768.31000,769.34998
2026-08-31,767.33002,768,764.71997,767.049988
2026-09-01,762.010010,764.66998,759.47998,761.78003
2026-09-02,762.45001,766.42999,761.72998,765.15997
2026-09-03,767.90002,774.030029,767.45001,773.16998
2026-09-04,772.010010,772.87000,769,770.19000
