time,open,high,low,close
2026-07-20 22:45:00,4007.70065,4015.00123,4007.69477,4010.37329
2026-07-20 23:00:00,4009.82157,4013.16318,4006.95335,4010.49781
2026-07-20 23:15:00,4010.33555,4012.19708,4007.8554,4009.90705
2026-07-20 23:30:00,4010.20674,4016.54818,4007.13059,4014.22041
2026-07-20 23:45:00,4014.42414,4014.87851,4007.56169,4007.89942
2026-07-21 00:00:00,4008.44979,4008.44979,3999.20016,4000.9564
2026-07-21 00:15:00,4000.83363,4005.76831,3998.72041,4005.31393
2026-07-21 00:30:00,4005.23085,4010.10547,4005.06277,4008.57837
2026-07-21 00:45:00,4008.91664,4012.84109,4006.33949,4006.84781
2026-07-21 01:00:00,4006.6758,4019.13106,4005.15545,4014.01829
2026-07-21 01:15:00,4013.7763,4016.02539,4011.59951,4015.93836
2026-07-21 01:30:00,4015.81702,4016.26955,4010.90967,4011.62229
2026-07-21 01:45:00,4011.08437,4015.8302,4011.08437,4013.22536
2026-07-21 02:00:00,4013.27952,4018.48503,4011.51374,4013.94461
2026-07-21 02:15:00,4015.16628,4015.16628,4011.71421,4012.26035
2026-07-21 02:30:00,4012.30729,4012.77847,4005.52854,4009.32654
2026-07-21 02:45:00,4008.83735,4010.23887,4007.69477,4010.01187
2026-07-21 03:00:00,4009.75295,4012.71084,4008.48866,4010.60373
2026-07-21 03:15:00,4010.9055,4013.32424,4009.46233,4011.66397
2026-07-21 03:30:00,4011.8419,4012.84109,4008.90499,4009.19722
2026-07-21 03:45:00,4009.56635,4009.99649,4003.84369,4004.77693
2026-07-21 04:00:00,4004.65207,4011.06046,4002.12251,4009.43956
2026-07-21 04:15:00,4009.24918,4013.79985,4004.32467,4006.91231
2026-07-21 04:30:00,4006.21494,4007.53416,4004.48502,4006.84386
2026-07-21 04:45:00,4006.47653,4008.49802,4005.92877,4006.64812
2026-07-21 05:00:00,4006.87549,4007.99787,4004.59496,4004.77646
2026-07-21 05:15:00,4004.9938,4011.14476,4004.20282,4008.31924
2026-07-21 05:30:00,4007.33207,4016.54818,4005.70795,4007.94421
2026-07-21 05:45:00,4010.33772,4010.33772,4005.28698,4006.72388
2026-07-21 06:00:00,4006.98049,4009.14084,4005.76831,4007.40373
2026-07-21 06:15:00,4007.01036,4009.14084,4007.01036,4008.95107
2026-07-21 06:30:00,4008.82766,4009.53296,4008.33734,4008.85745
2026-07-21 06:45:00,4008.91531,4008.91531,4007.53416,4008.3034
2026-07-21 07:00:00,4008.18295,4008.44682,4007.69477,4008.25066
2026-07-21 07:15:00,4008.16243,4008.45312,4008.1542,4008.33055
2026-07-21 07:30:00,4008.23256,4008.66688,4006.41026,4006.61735
2026-07-21 07:45:00,4006.99121,4006.99121,4005.92877,4006.48828
2026-07-21 08:00:00,4006.43273,4011.39235,4004.82907,4006.27699
2026-07-21 08:15:00,4006.49739,4010.27887,4005.44741,4009.50318
2026-07-21 08:30:00,4009.15026,4009.94466,4003.04231,4004.5566
2026-07-21 08:45:00,4004.19667,4005.12656,3999.73871,4001.40174
2026-07-21 09:00:00,4001.19571,4009.6231,3999.8857,4003.3494
2026-07-21 09:15:00,4003.2427,4007.53416,4002.00266,4004.35607
2026-07-21 09:30:00,4004.3255,4008.01603,4002.73449,4007.52851
2026-07-21 09:45:00,4007.03506,4009.37359,4005.44741,4009.17417
2026-07-21 10:00:00,4008.90482,4011.83054,4004.28643,4011.08401
2026-07-21 10:15:00,4009.93315,4017.67778,4008.50784,4017.32126
2026-07-21 10:30:00,4017.12603,4024.30681,4014.61319,4021.98911
2026-07-21 10:45:00,4022.17087,4027.70487,4021.7734,4024.52544
2026-07-21 11:00:00,4024.39212,4029.49324,4018.96954,4028.5774
2026-07-21 11:15:00,4027.57668,4034.8612,4027.38623,4029.6043
2026-07-21 11:30:00,4029.77016,4030.47164,4023.65912,4025.87028
2026-07-21 11:45:00,4025.71761,4028.54337,4022.36435,4022.48982
2026-07-21 12:00:00,4022.75592,4026.73754,4022.48355,4024.26155
2026-07-21 12:15:00,4024.9859,4029.09691,4022.04078,4028.42757
2026-07-21 12:30:00,4026.77256,4040.73056,4026.77256,4037.02367
2026-07-21 12:45:00,4037.6671,4038.11985,4031.44527,4037.92339
2026-07-21 13:00:00,4037.40336,4041.5471,4036.58506,4039.05066
2026-07-21 13:15:00,4039.60274,4049.8947,4037.3047,4045.269
2026-07-21 13:30:00,4045.8026,4049.07479,4042.20057,4042.32846
2026-07-21 13:45:00,4042.54997,4046.9384,4042.20057,4046.78657
2026-07-21 14:00:00,4046.56069,4051.20726,4045.4711,4046.54961
2026-07-21 14:15:00,4046.34406,4047.32877,4043.05334,4044.6386
2026-07-21 14:30:00,4044.42444,4047.92746,4044.22349,4047.66921
2026-07-21 14:45:00,4047.13045,4048.96502,4045.79844,4048.90574
2026-07-21 15:00:00,4048.8062,4051.41507,4047.0168,4051.02985
2026-07-21 15:15:00,4050.36063,4056.46601,4048.17481,4053.98184
2026-07-21 15:30:00,4054.12855,4066.1977,4051.75574,4066.04311
2026-07-21 15:45:00,4065.66994,4067.85177,4061.90341,4062.03827
2026-07-21 16:00:00,4062.25592,4071.40634,4061.73842,4071.20575
2026-07-21 16:15:00,4070.93204,4073.81757,4069.17599,4072.2973
2026-07-21 16:30:00,4072.19525,4081.46606,4071.82766,4077.1604
2026-07-21 16:45:00,4077.69689,4085.13447,4077.5401,4078.94312
2026-07-21 17:00:00,4079.22185,4079.80479,4072.15865,4072.24257
2026-07-21 17:15:00,4072.4587,4072.84586,4068.84485,4069.98826
2026-07-21 17:30:00,4069.71162,4074.81358,4067.23059,4072.29956
2026-07-21 17:45:00,4072.84984,4072.84984,4070.16973,4070.80117
2026-07-21 18:00:00,4070.41815,4073.03463,4066.1977,4068.04023
2026-07-21 18:15:00,4067.37507,4068.51377,4063.38887,4064.27582
2026-07-21 18:30:00,4064.02977,4065.08932,4061.57345,4062.74149
2026-07-21 18:45:00,4062.8457,4063.38887,4058.48986,4061.8255
2026-07-21 19:00:00,4062.31221,4067.02456,4062.31221,4065.35737
2026-07-21 19:15:00,4065.37637,4068.3923,4063.89508,4064.16185
2026-07-21 19:30:00,4064.57855,4064.71019,4061.4085,4061.45143
2026-07-21 19:45:00,4061.61861,4069.83843,4061.61861,4067.36391
2026-07-21 20:00:00,4067.63022,4069.55442,4061.90341,4066.85759
2026-07-21 20:15:00,4066.87618,4069.17599,4065.98895,4067.4112
2026-07-21 20:30:00,4067.97421,4070.00407,4066.85916,4067.74542
2026-07-21 20:45:00,4067.79413,4067.85438,4062.72853,4062.91701
2026-07-21 21:00:00,4063.24147,4063.24147,4055.57243,4058.73564
2026-07-21 21:15:00,4058.62001,4060.08932,4056.46601,4059.92336
2026-07-21 21:30:00,4059.50625,4060.91371,4055.80792,4056.03445
2026-07-21 21:45:00,4056.14598,4058.82504,4054.128,4055.62957
2026-07-21 22:00:00,4055.80974,4061.07862,4055.80792,4059.29948
2026-07-21 22:15:00,4059.00739,4064.71019,4054.85259,4061.21441
2026-07-21 22:30:00,4061.38206,4063.22376,4053.23598,4053.78781
2026-07-21 22:45:00,4054.80927,4061.73842,4052.52067,4054.76949
2026-07-21 23:00:00,4054.63366,4059.92449,4054.37854,4057.67532
2026-07-21 23:15:00,4057.59559,4061.07862,4051.14158,4051.53674
2026-07-21 23:30:00,4052.35223,4056.95971,4046.69801,4047.47981
2026-07-21 23:45:00,4048.80039,4052.58234,4044.48998,4052.03711
2026-07-22 00:00:00,4051.18074,4064.71019,4051.18074,4064.47429
2026-07-22 00:15:00,4063.84662,4067.66749,4062.23342,4067.41729
2026-07-22 00:30:00,4066.97305,4072.65619,4063.22376,4066.29867
2026-07-22 00:45:00,4065.51895,4070.00407,4065.51895,4069.97768
2026-07-22 01:00:00,4069.78841,4072.65619,4066.3353,4072.26133
2026-07-22 01:15:00,4072.00695,4077.80451,4071.75031,4077.27552
2026-07-22 01:30:00,4077.17194,4082.84483,4076.97326,4077.4929
2026-07-22 01:45:00,4077.95049,4078.37832,4073.9943,4074.79723
2026-07-22 02:00:00,4075.04681,4078.80246,4074.05823,4078.65801
2026-07-22 02:15:00,4078.28755,4078.80246,4074.48152,4075.32547
2026-07-22 02:30:00,4074.9203,4076.19257,4071.49546,4072.36751
2026-07-22 02:45:00,4072.68273,4073.48568,4070.3354,4071.53533
2026-07-22 03:00:00,4071.5814,4071.99283,4069.6728,4071.78342
2026-07-22 03:15:00,4071.63019,4072.32448,4069.28853,4071.35826
2026-07-22 03:30:00,4071.43828,4072.32448,4066.85916,4067.85949
2026-07-22 03:45:00,4067.22722,4068.93722,4066.85916,4067.85856
2026-07-22 04:00:00,4067.33864,4072.32448,4066.9659,4071.91074
2026-07-22 04:15:00,4071.98587,4086.6367,4071.50904,4084.30895
2026-07-22 04:30:00,4084.60114,4086.05241,4081.63265,4083.39115
2026-07-22 04:45:00,4083.22318,4083.46605,4079.80091,4082.05484
2026-07-22 05:00:00,4082.22167,4085.60315,4080.30031,4080.70755
2026-07-22 05:15:00,4080.85506,4085.1342,4080.66711,4084.51748
2026-07-22 05:30:00,4084.73227,4084.80046,4081.83545,4083.40868
2026-07-22 05:45:00,4083.61282,4085.1342,4083.15157,4085.04691
2026-07-22 06:00:00,4084.8827,4086.91226,4083.96635,4084.07153
2026-07-22 06:15:00,4084.16151,4085.15074,4082.46581,4082.73742
2026-07-22 06:30:00,4082.77903,4084.85749,4080.96637,4081.02081
2026-07-22 06:45:00,4081.04401,4081.14293,4076.8335,4077.82773
2026-07-22 07:00:00,4077.84891,4078.12194,4077.47197,4078.02891
2026-07-22 07:15:00,4077.93022,4078.12693,4077.88404,4078.03016
2026-07-22 07:30:00,4077.94419,4078.20759,4077.80451,4077.98218
2026-07-22 07:45:00,4077.92119,4078.47413,4076.5295,4078.30843
2026-07-22 08:00:00,4078.18552,4081.29949,4075.31176,4078.23308
2026-07-22 08:15:00,4078.30322,4082.62409,4077.80828,4081.95539
2026-07-22 08:30:00,4082.1123,4085.30109,4082.1123,4084.69182
2026-07-22 08:45:00,4084.65947,4084.65947,4078.80246,4081.02072
2026-07-22 09:00:00,4080.93959,4081.79926,4079.43087,4081.60215
2026-07-22 09:15:00,4081.52296,4082.79917,4081.29949,4081.97469
2026-07-22 09:30:00,4082.00438,4082.6334,4079.63446,4079.75485
2026-07-22 09:45:00,4080.01834,4082.13251,4079.80091,4080.48317
2026-07-22 10:00:00,4079.96427,4092.07136,4076.64085,4091.89222
2026-07-22 10:15:00,4091.35989,4099.18717,4091.11192,4098.19217
2026-07-22 10:30:00,4097.98664,4100.88169,4090.64878,4093.20847
2026-07-22 10:45:00,4093.49952,4097.85682,4092.3228,4096.42423
2026-07-22 11:00:00,4095.64207,4119.44812,4095.64207,4118.68599
2026-07-22 11:15:00,4117.30483,4120.48292,4112.34939,4115.98661
2026-07-22 11:30:00,4115.53471,4122.86127,4113.36432,4122.677
2026-07-22 11:45:00,4122.29601,4123.75596,4118.04952,4121.80557
2026-07-22 12:00:00,4121.42109,4123.03125,4119.63418,4120.69534
2026-07-22 12:15:00,4121.4334,4125.92318,4119.71193,4125.82665
2026-07-22 12:30:00,4125.57556,4130.35397,4123.37127,4125.91636
2026-07-22 12:45:00,4125.89815,4129.88181,4125.89815,4129.10479
2026-07-22 13:00:00,4128.41645,4140.27243,4128.41645,4137.26984
2026-07-22 13:15:00,4136.80787,4140.78675,4136.80787,4138.15359
2026-07-22 13:30:00,4138.59319,4138.59319,4132.42649,4133.33191
2026-07-22 13:45:00,4133.29847,4133.93964,4130.92009,4131.36101
2026-07-22 14:00:00,4131.29502,4131.29502,4125.74572,4127.07343
2026-07-22 14:15:00,4127.11689,4129.50116,4126.23205,4128.42556
2026-07-22 14:30:00,4128.22495,4128.94162,4125.58274,4127.00792
2026-07-22 14:45:00,4127.03427,4127.38378,4125.24236,4126.9772
2026-07-22 15:00:00,4126.883,4130.0128,4125.11199,4128.42334
2026-07-22 15:15:00,4128.43943,4128.4869,4123.20125,4124.37765
2026-07-22 15:30:00,4124.63325,4133.59788,4122.19154,4132.36093
2026-07-22 15:45:00,4131.86046,4133.14448,4128.43335,4128.6622
2026-07-22 16:00:00,4129.31748,4134.79429,4129.31748,4130.52312
2026-07-22 16:15:00,4131.37522,4131.93166,4115.3957,4116.35894
2026-07-22 16:30:00,4116.40125,4120.48292,4115.05699,4119.51505
2026-07-22 16:45:00,4119.01608,4120.31314,4114.71835,4114.93717
2026-07-22 17:00:00,4114.96624,4116.58159,4112.68764,4116.20573
2026-07-22 17:15:00,4115.77214,4122.01154,4115.20029,4120.0465
2026-07-22 17:30:00,4119.84094,4122.52133,4111.67304,4111.94803
2026-07-22 17:45:00,4112.20129,4114.82971,4109.81424,4110.21163
2026-07-22 18:00:00,4110.97569,4115.73445,4109.14544,4115.44103
2026-07-22 18:15:00,4114.93574,4118.3179,4114.04122,4116.96893
2026-07-22 18:30:00,4116.47324,4118.78578,4115.08301,4115.36585
2026-07-22 18:45:00,4115.86346,4119.63418,4113.19513,4118.6392
2026-07-22 19:00:00,4118.61493,4121.84164,4118.27999,4121.79667
2026-07-22 19:15:00,4121.68361,4122.60734,4119.08983,4119.42624
2026-07-22 19:30:00,4120.11344,4120.11344,4115.05699,4118.81929
2026-07-22 19:45:00,4118.70047,4118.70047,4112.65172,4114.27953
2026-07-22 20:00:00,4114.99591,4119.08844,4113.60556,4117.90446
2026-07-22 20:15:00,4117.58932,4121.67175,4117.42908,4119.4758
2026-07-22 20:30:00,4119.76614,4119.76614,4116.58159,4117.24688
2026-07-22 20:45:00,4117.12632,4120.14338,4116.28874,4117.81648
2026-07-22 21:00:00,4117.56361,4120.82252,4115.22634,4119.45365
2026-07-22 21:15:00,4119.80143,4123.37127,4116.82637,4118.62895
2026-07-22 21:30:00,4118.34154,4120.48317,4114.04122,4114.35235
2026-07-22 21:45:00,4114.93688,4122.86127,4114.86703,4122.81229
2026-07-22 22:00:00,4122.63096,4126.43394,4121.16819,4126.27241
2026-07-22 22:15:00,4125.84733,4133.25618,4125.75295,4132.80593
2026-07-22 22:30:00,4131.81397,4133.76876,4124.57235,4127.77174
2026-07-22 22:45:00,4127.29675,4129.05891,4109.64534,4114.72956
2026-07-22 23:00:00,4114.03932,4124.73189,4113.19513,4124.17448
2026-07-22 23:15:00,4123.93968,4134.13422,4123.93968,4133.92523
2026-07-22 23:30:00,4133.73239,4144.56233,4129.77614,4142.53054
2026-07-22 23:45:00,4142.67747,4149.8824,4141.32283,4148.82111
2026-07-23 00:00:00,4147.09317,4162.85072,4147.09317,4157.56746
2026-07-23 00:15:00,4157.36928,4157.54718,4146.10888,4146.22388
2026-07-23 00:30:00,4146.40467,4152.30661,4145.96584,4151.2263
2026-07-23 00:45:00,4150.85026,4152.7455,4145.12269,4148.94485
2026-07-23 01:00:00,4148.31227,4157.79392,4148.31227,4157.49399
2026-07-23 01:15:00,4156.90272,4161.81122,4154.20405,4158.06666
2026-07-23 01:30:00,4158.45193,4160.59913,4156.44873,4160.13009
2026-07-23 01:45:00,4160.05293,4165.68194,4158.69583,4159.86927
2026-07-23 02:00:00,4159.765,4159.765,4154.03149,4154.16829
2026-07-23 02:15:00,4154.38044,4155.56023,4148.68901,4149.07198
2026-07-23 02:30:00,4149.24449,4151.39121,4145.24954,4148.18568
2026-07-23 02:45:00,4148.99958,4149.54717,4145.24954,4149.23868
2026-07-23 03:00:00,4148.70344,4148.70344,4143.70364,4145.46441
2026-07-23 03:15:00,4145.21451,4146.14776,4143.1886,4146.02985
2026-07-23 03:30:00,4145.64633,4147.78469,4138.90154,4140.92891
2026-07-23 03:45:00,4140.68349,4143.70364,4140.68349,4143.36648
2026-07-23 04:00:00,4143.18467,4144.74193,4136.51473,4138.56039
2026-07-23 04:15:00,4138.55962,4140.62691,4134.58682,4135.64296
2026-07-23 04:30:00,4135.89501,4136.79946,4132.74373,4135.75455
2026-07-23 04:45:00,4135.2703,4138.73024,4134.98946,4136.58515
2026-07-23 05:00:00,4137.37957,4137.37957,4133.08535,4134.69071
2026-07-23 05:15:00,4135.21898,4135.56966,4131.25466,4134.0539
2026-07-23 05:30:00,4133.81661,4136.27197,4132.32967,4135.46964
2026-07-23 05:45:00,4135.39692,4135.91582,4129.50116,4131.98345
2026-07-23 06:00:00,4131.47703,4134.62334,4131.01961,4134.11215
2026-07-23 06:15:00,4133.13304,4137.87396,4133.13304,4137.77564
2026-07-23 06:30:00,4137.51255,4137.8723,4130.86583,4131.1122
2026-07-23 06:45:00,4131.53346,4131.53875,4128.82304,4130.28998
2026-07-23 07:00:00,4130.23041,4130.7394,4129.2872,4130.60338
2026-07-23 07:15:00,4130.54943,4130.88788,4130.48255,4130.77869
2026-07-23 07:30:00,4130.62915,4130.84703,4130.49422,4130.52574
2026-07-23 07:45:00,4130.56043,4130.81641,4130.47593,4130.69826
2026-07-23 08:00:00,4130.6133,4130.98953,4117.8653,4122.25723
2026-07-23 08:15:00,4122.11981,4128.13738,4119.91174,4127.7955
2026-07-23 08:30:00,4127.69469,4129.84224,4119.97363,4122.46063
2026-07-23 08:45:00,4123.14756,4127.72916,4121.16217,4123.65999
2026-07-23 09:00:00,4123.41128,4124.97773,4114.00879,4123.12006
2026-07-23 09:15:00,4121.35468,4124.56177,4119.1251,4119.36975
2026-07-23 09:30:00,4119.82648,4123.86245,4119.49918,4123.59641
2026-07-23 09:45:00,4123.25158,4133.25618,4123.25158,4133.11138
2026-07-23 10:00:00,4132.86457,4134.18909,4126.77451,4126.94399
2026-07-23 10:15:00,4126.98603,4133.83294,4126.60422,4131.43712
2026-07-23 10:30:00,4132.54106,4133.07915,4127.79658,4127.8795
2026-07-23 10:45:00,4127.95042,4131.88113,4125.07219,4131.05388
2026-07-23 11:00:00,4128.98187,4138.90154,4127.40772,4136.76302
2026-07-23 11:15:00,4136.52072,4141.06315,4134.06935,4137.5023
2026-07-23 11:30:00,4138.01272,4139.46541,4123.82654,4125.05774
2026-07-23 11:45:00,4125.2663,4127.00845,4114.76621,4117.48579
2026-07-23 12:00:00,4116.37504,4118.61614,4112.73283,4117.86182
2026-07-23 12:15:00,4117.6957,4119.10511,4114.37976,4116.36438
2026-07-23 12:30:00,4116.2125,4121.77432,4114.6064,4121.48141
2026-07-23 12:45:00,4120.67599,4128.30781,4120.35857,4128.13922
2026-07-23 13:00:00,4127.80526,4128.30781,4124.90203,4125.27747
2026-07-23 13:15:00,4125.30663,4132.74373,4125.30663,4130.09639
2026-07-23 13:30:00,4130.1604,4130.6952,4126.26367,4126.50014
2026-07-23 13:45:00,4126.58264,4128.98964,4124.73706,4125.95761
2026-07-23 14:00:00,4125.62506,4127.28548,4122.63077,4127.01084
2026-07-23 14:15:00,4126.5754,4129.16013,4125.07219,4128.42268
2026-07-23 14:30:00,4128.62485,4130.12929,4123.5413,4124.01853
2026-07-23 14:45:00,4123.95108,4124.48234,4120.06451,4121.3255
2026-07-23 15:00:00,4121.12226,4124.74946,4119.8039,4124.6814
2026-07-23 15:15:00,4124.4172,4124.90203,4120.14338,4123.8539
2026-07-23 15:30:00,4123.39437,4128.47824,4120.98057,4125.20371
2026-07-23 15:45:00,4125.74967,4130.18338,4120.65271,4122.75166
2026-07-23 16:00:00,4122.19557,4127.45584,4121.50188,4123.60441
2026-07-23 16:15:00,4123.43847,4128.08674,4121.92009,4123.64395
2026-07-23 16:30:00,4123.08424,4123.20125,4117.25955,4120.44762
2026-07-23 16:45:00,4119.66342,4122.52133,4118.27691,4118.45002
2026-07-23 17:00:00,4118.7622,4119.04189,4101.7614,4102.30108
2026-07-23 17:15:00,4103.32284,4111.84211,4103.32284,4108.66067
2026-07-23 17:30:00,4108.93734,4110.82085,4092.15534,4092.77328
2026-07-23 17:45:00,4094.01123,4096.51387,4091.48562,4094.0472
2026-07-23 18:00:00,4094.35043,4098.92355,4089.47777,4092.54993
2026-07-23 18:15:00,4093.48539,4093.48539,4089.25726,4091.47548
2026-07-23 18:30:00,4091.37077,4093.49544,4089.14332,4092.21295
2026-07-23 18:45:00,4091.63414,4094.66874,4088.39628,4094.30708
2026-07-23 19:00:00,4094.16574,4098.86461,4092.75917,4097.10892
2026-07-23 19:15:00,4097.25532,4098.15293,4089.47777,4091.19906
2026-07-23 19:30:00,4090.99324,4092.49574,4087.46845,4092.46489
2026-07-23 19:45:00,4092.34459,4094.44493,4089.10568,4089.25259
2026-07-23 20:00:00,4089.4997,4091.65303,4087.80152,4090.63128
2026-07-23 20:15:00,4090.57037,4092.11399,4086.60852,4088.5368
2026-07-23 20:30:00,4088.78483,4092.3228,4086.80371,4088.9806
2026-07-23 20:45:00,4089.00856,4095.0041,4086.59148,4092.7374
2026-07-23 21:00:00,4092.85674,4093.62368,4087.4719,4087.63659
2026-07-23 21:15:00,4087.90263,4089.55391,4082.29915,4082.59884
2026-07-23 21:30:00,4082.87288,4084.56404,4073.81757,4078.03122
2026-07-23 21:45:00,4077.37308,4085.96878,4077.37308,4085.48588
2026-07-23 22:00:00,4084.74424,4086.4697,4081.60374,4082.17478
2026-07-23 22:15:00,4083.06469,4083.06469,4071.16395,4076.51283
2026-07-23 22:30:00,4076.27333,4076.44504,4064.94528,4066.82236
2026-07-23 22:45:00,4067.9383,4073.21339,4062.76609,4063.71004
2026-07-23 23:00:00,4064.9536,4064.9536,4041.5471,4043.58342
2026-07-23 23:15:00,4043.18582,4057.94749,4041.22045,4057.47606
2026-07-23 23:30:00,4056.39664,4066.5284,4053.52545,4060.89869
2026-07-23 23:45:00,4060.07554,4061.75023,4045.1438,4045.74581
2026-07-24 00:00:00,4046.83027,4049.73069,4041.38377,4048.50716
2026-07-24 00:15:00,4047.61463,4054.21257,4042.03719,4053.98748
2026-07-24 00:30:00,4053.68573,4058.97551,4053.01342,4057.38015
2026-07-24 00:45:00,4057.519,4061.4085,4055.43798,4058.69958
2026-07-24 01:00:00,4058.59171,4058.66184,4048.583,4053.40074
2026-07-24 01:15:00,4052.78409,4056.72578,4047.10834,4048.82889
2026-07-24 01:30:00,4048.95366,4052.35645,4043.40923,4051.801
2026-07-24 01:45:00,4051.97845,4051.97845,4046.94456,4047.52112
2026-07-24 02:00:00,4047.50814,4050.96629,4046.6881,4049.46601
2026-07-24 02:15:00,4049.97168,4050.91362,4046.49795,4050.62452
2026-07-24 02:30:00,4050.40055,4051.20726,4047.0577,4050.6798
2026-07-24 02:45:00,4050.54216,4051.66715,4048.583,4051.55323
2026-07-24 03:00:00,4051.39477,4054.90257,4047.27214,4048.11245
2026-07-24 03:15:00,4048.00711,4050.88761,4046.28955,4047.96737
2026-07-24 03:30:00,4047.91945,4048.91084,4043.12382,4045.42368
2026-07-24 03:45:00,4045.1404,4045.1404,4042.15925,4043.09202
2026-07-24 04:00:00,4042.81299,4043.91663,4041.05714,4042.93353
2026-07-24 04:15:00,4043.14547,4044.93903,4040.2681,4044.81907
2026-07-24 04:30:00,4044.44488,4047.76361,4044.21849,4046.24845
2026-07-24 04:45:00,4046.14023,4048.41909,4045.06729,4045.16898
2026-07-24 05:00:00,4045.45382,4048.74691,4043.01771,4043.1392
2026-07-24 05:15:00,4043.36016,4048.91084,4042.66587,4047.93644
2026-07-24 05:30:00,4047.90807,4050.16949,4046.63068,4046.7428
2026-07-24 05:45:00,4046.898,4050.71876,4044.43429,4050.67866
2026-07-24 06:00:00,4050.57949,4050.57949,4048.583,4049.23344
2026-07-24 06:15:00,4049.3267,4050.71495,4047.18616,4050.58637
2026-07-24 06:30:00,4050.33899,4050.59505,4049.23874,4049.62416
2026-07-24 06:45:00,4049.3298,4050.11058,4047.38566,4049.51576
2026-07-24 07:00:00,4049.28375,4052.32916,4044.98018,4048.84945
2026-07-24 07:15:00,4048.78789,4048.97151,4048.73258,4048.76991
2026-07-24 07:30:00,4048.78953,4048.97168,4048.72882,4048.78217
2026-07-24 07:45:00,4048.78953,4048.96834,4048.56159,4048.89386
2026-07-24 08:00:00,4048.8155,4050.22276,4047.8432,4049.29788
2026-07-24 08:15:00,4049.36325,4050.33844,4049.23874,4049.4449
2026-07-24 08:30:00,4049.56603,4050.38681,4049.23874,4049.31627
2026-07-24 08:45:00,4049.43466,4050.79554,4049.07479,4049.70998
2026-07-24 09:00:00,4049.57662,4050.092,4047.59977,4048.13081
2026-07-24 09:15:00,4047.63091,4049.73069,4047.14431,4049.51073
2026-07-24 09:30:00,4049.3973,4050.47039,4047.27214,4047.83709
2026-07-24 09:45:00,4047.94925,4049.9834,4046.95051,4048.12535
2026-07-24 10:00:00,4048.02849,4049.72523,4042.57222,4044.16548
2026-07-24 10:15:00,4044.13836,4047.27214,4041.5471,4044.97233
2026-07-24 10:30:00,4045.14266,4050.22276,4045.14266,4050.04701
2026-07-24 10:45:00,4049.72151,4050.38681,4048.57989,4050.35203
2026-07-24 11:00:00,4050.18834,4050.46945,4040.89385,4041.85227
2026-07-24 11:15:00,4041.55845,4045.4711,4041.55845,4045.08831
2026-07-24 11:30:00,4044.79474,4049.35973,4041.6576,4048.659
2026-07-24 11:45:00,4047.74523,4050.22276,4041.87381,4042.11243
2026-07-24 12:00:00,4042.44289,4045.76912,4041.38377,4045.61854
2026-07-24 12:15:00,4045.41687,4049.08487,4043.46339,4048.66116
2026-07-24 12:30:00,4047.94625,4047.94625,4041.5471,4041.67951
2026-07-24 12:45:00,4041.93854,4042.49591,4023.81048,4024.22131
2026-07-24 13:00:00,4024.89677,4032.09548,4022.1065,4031.82605
2026-07-24 13:15:00,4031.24646,4033.02236,4027.54148,4030.6477
2026-07-24 13:30:00,4030.51958,4032.98103,4028.28668,4031.40375
2026-07-24 13:45:00,4031.61584,4032.92573,4028.40326,4029.40087
2026-07-24 14:00:00,4029.04422,4030.14549,4027.38623,4028.91974
2026-07-24 14:15:00,4028.73791,4030.2454,4028.03512,4030.19544
2026-07-24 14:30:00,4030.05956,4030.30792,4026.51776,4027.01893
2026-07-24 14:45:00,4026.9143,4028.35965,4025.92697,4028.05877
2026-07-24 15:00:00,4028.02514,4032.96233,4026.08906,4029.20367
2026-07-24 15:15:00,4029.81571,4029.81571,4022.84979,4025.93792
2026-07-24 15:30:00,4026.27091,4030.97082,4024.63074,4024.9824
2026-07-24 15:45:00,4025.57238,4030.07286,4022.20256,4022.53918
2026-07-24 16:00:00,4022.59471,4031.44527,4022.09051,4031.20519
2026-07-24 16:15:00,4030.6712,4037.95679,4028.3128,4035.52316
2026-07-24 16:30:00,4036.09424,4036.48987,4033.87288,4034.48115
2026-07-24 16:45:00,4035.372,4037.81847,4031.77035,4037.62127
2026-07-24 17:00:00,4037.24081,4047.59977,4036.97873,4046.42659
2026-07-24 17:15:00,4046.34107,4050.56564,4044.48938,4050.4146
2026-07-24 17:30:00,4050.17531,4053.34198,4046.28955,4046.41839
2026-07-24 17:45:00,4046.3416,4049.40271,4046.3416,4048.87456
2026-07-24 18:00:00,4048.9782,4049.36048,4045.1438,4046.3821
2026-07-24 18:15:00,4046.50818,4050.67512,4044.56265,4050.03503
2026-07-24 18:30:00,4048.80289,4055.05515,4048.80289,4054.91469
2026-07-24 18:45:00,4054.55865,4057.97551,4052.00469,4057.62641
2026-07-24 19:00:00,4056.7881,4059.59485,4053.50628,4053.76394
2026-07-24 19:15:00,4054.00786,4056.33632,4053.34198,4054.23344
2026-07-24 19:30:00,4054.68887,4055.97242,4052.19224,4055.52795
2026-07-24 19:45:00,4055.62828,4059.59485,4053.92679,4059.54427
2026-07-24 20:00:00,4059.33471,4060.91371,4058.44156,4058.61859
2026-07-24 20:15:00,4058.75284,4064.54497,4057.94749,4064.18629
2026-07-24 20:30:00,4063.49696,4064.73079,4058.96517,4059.06092
2026-07-24 20:45:00,4059.20507,4060.41904,4057.78283,4060.2983
2026-07-24 21:00:00,4059.98602,4063.05867,4058.89711,4060.73355
2026-07-24 21:15:00,4060.84673,4062.28139,4059.43006,4059.88831
2026-07-24 21:30:00,4059.79996,4060.64287,4055.80792,4055.97586
2026-07-24 21:45:00,4056.25606,4058.69671,4051.69969,4056.71947
2026-07-24 22:00:00,4052.15746,4061.4085,4052.15746,4056.18127
2026-07-24 22:15:00,4056.23921,4060.25417,4054.54582,4058.88359
2026-07-24 22:30:00,4059.22832,4060.58855,4052.19224,4053.93178
2026-07-24 22:45:00,4052.88826,4056.30146,4051.20726,4053.86688
2026-07-24 23:00:00,4052.57313,4058.44156,4045.79844,4048.07295
2026-07-24 23:15:00,4048.08735,4048.91084,4045.1438,4048.1742
2026-07-24 23:30:00,4047.8892,4055.97242,4045.61171,4052.46484
2026-07-24 23:45:00,4052.59643,4066.91471,4050.63901,4064.94942
2026-07-25 00:00:00,4060.27437,4069.50718,4057.61818,4060.08035
2026-07-25 00:15:00,4060.36628,4068.52091,4056.35799,4065.40215
2026-07-25 00:30:00,4065.77304,4067.18998,4060.7488,4060.77948
2026-07-25 00:45:00,4060.7362,4066.69378,4059.59485,4064.89724
2026-07-25 01:00:00,4065.14481,4074.31551,4061.89634,4066.31982
2026-07-25 01:15:00,4067.9778,4080.69327,4066.8939,4075.48065
2026-07-25 01:30:00,4075.11546,4079.65122,4073.23525,4073.68114
2026-07-25 01:45:00,4074.51344,4077.18165,4071.82703,4076.91471
2026-07-25 02:00:00,4076.52053,4077.38132,4074.64754,4074.793
2026-07-25 02:15:00,4075.07072,4078.17791,4073.7058,4074.77454
2026-07-25 02:30:00,4075.4094,4075.4094,4067.18998,4067.98069
2026-07-25 02:45:00,4067.88144,4068.69765,4064.09022,4067.37724
2026-07-25 03:00:00,4067.07741,4068.18274,4063.55398,4063.76228
2026-07-25 03:15:00,4063.82472,4069.50718,4063.82472,4068.26446
2026-07-25 03:30:00,4068.40847,4069.93399,4066.92911,4067.16742
2026-07-25 03:45:00,4067.54018,4068.53655,4063.22376,4064.98988
2026-07-25 04:00:00,4064.88103,4065.65946,4061.0756,4062.71259
2026-07-25 04:15:00,4062.58951,4062.89359,4055.71591,4055.90331
2026-07-25 04:30:00,4056.15989,4056.46601,4051.97968,4052.10629
2026-07-25 04:45:00,4052.31065,4055.80792,4051.38016,4055.39138
2026-07-25 05:00:00,4055.21253,4056.13694,4052.52067,4053.18707
2026-07-25 05:15:00,4053.8951,4053.8951,4049.40271,4051.50725
2026-07-25 05:30:00,4051.00669,4057.93481,4051.00669,4057.76488
2026-07-25 05:45:00,4057.46464,4057.46464,4052.6849,4053.80079
2026-07-25 06:00:00,4053.30694,4055.31449,4052.69543,4053.61021
2026-07-25 06:15:00,4053.36045,4054.78353,4051.89825,4053.67709
2026-07-25 06:30:00,4053.66268,4055.88425,4052.02804,4055.64356
2026-07-25 06:45:00,4055.13333,4057.07211,4052.52067,4053.47211
2026-07-25 07:00:00,4053.37645,4056.07961,4053.34198,4055.96426
2026-07-25 07:15:00,4055.92322,4056.11101,4055.86934,4055.90012
2026-07-25 07:30:00,4055.92965,4056.11118,4055.8706,4055.99812
2026-07-25 07:45:00,4055.92965,4056.10906,4055.86923,4056.02086
2026-07-25 08:00:00,4055.92965,4056.11207,4055.86881,4055.96171
2026-07-25 08:15:00,4055.92965,4056.11202,4055.87292,4055.89949
2026-07-25 08:30:00,4055.92965,4056.11102,4055.86934,4056.01223
2026-07-25 08:45:00,4055.92965,4056.11117,4055.87081,4056.01936
2026-07-25 09:00:00,4055.92965,4056.11207,4055.86924,4055.97759
2026-07-25 09:15:00,4055.92965,4056.10654,4055.86881,4055.9031
2026-07-25 09:30:00,4055.92965,4056.11202,4055.86933,4056.02407
2026-07-25 09:45:00,4055.92965,4056.11102,4055.87062,4056.01372
2026-07-25 10:00:00,4055.92965,4056.11117,4055.86924,4055.99225
2026-07-25 10:15:00,4055.92965,4056.11207,4055.87321,4055.91068
2026-07-25 10:30:00,4055.92965,4056.11202,4055.86881,4055.92134
2026-07-25 10:45:00,4055.92965,4056.10931,4055.86933,4056.00432
2026-07-25 11:00:00,4055.92965,4056.11116,4055.87062,4056.00466
2026-07-25 11:15:00,4055.92965,4056.10909,4055.86924,4055.92172
2026-07-25 11:30:00,4055.92965,4056.11207,4055.86881,4055.9104
2026-07-25 11:45:00,4055.92965,4056.11203,4055.87295,4055.99183
2026-07-25 12:00:00,4055.92965,4056.11104,4055.86933,4056.01395
2026-07-25 12:15:00,4055.92965,4056.11115,4055.87079,4055.97967
2026-07-25 12:30:00,4055.92965,4056.11207,4055.86925,4055.90293
2026-07-25 12:45:00,4055.92965,4056.10651,4055.86881,4055.98783
2026-07-25 13:00:00,4055.92965,4056.11203,4055.86932,4056.01947
2026-07-25 13:15:00,4055.92965,4056.11104,4055.87064,4055.96417
2026-07-25 13:30:00,4055.92965,4056.11115,4055.87078,4055.89945
2026-07-25 13:45:00,4055.92965,4056.11206,4055.86925,4056.00292
2026-07-25 14:00:00,4055.92965,4056.10649,4055.86881,4056.02084
2026-07-25 14:15:00,4055.92965,4056.11203,4055.86932,4055.96697
2026-07-25 14:30:00,4055.92965,4056.11105,4055.87065,4055.90021
2026-07-25 14:45:00,4055.92965,4056.11114,4055.86925,4056.01639
2026-07-25 15:00:00,4055.92965,4056.11206,4055.87316,4056.01796
2026-07-25 15:15:00,4055.92965,4056.11203,4055.86881,4055.98257
2026-07-25 15:30:00,4055.92965,4056.10927,4055.86931,4055.90516
2026-07-25 15:45:00,4055.92965,4056.11114,4055.87065,4056.02731
2026-07-25 16:00:00,4055.92965,4056.10913,4055.86926,4056.01103
2026-07-25 16:15:00,4055.92965,4056.11206,4055.86881,4055.99659
2026-07-25 16:30:00,4055.92965,4056.11203,4055.873,4055.91394
2026-07-25 16:45:00,4055.92965,4056.11106,4055.86931,4055.91743
2026-07-25 17:00:00,4055.92965,4056.11113,4055.87076,4056.00054
2026-07-25 17:15:00,4055.92965,4056.11206,4055.86926,4056.00807
2026-07-25 17:30:00,4055.92965,4056.10645,4055.86881,4055.92595
2026-07-25 17:45:00,4055.92965,4056.11204,4055.86931,4055.90754
2026-07-25 18:00:00,4055.92965,4056.11106,4055.87067,4055.98723
2026-07-25 18:15:00,4055.92965,4056.11113,4055.86927,4056.01619
2026-07-25 18:30:00,4055.92965,4056.11206,4055.87313,4055.97455
2026-07-25 18:45:00,4055.92965,4056.11204,4055.86881,4055.90133
2026-07-25 19:00:00,4055.92965,4056.10924,4055.8693,4055.99287
2026-07-25 19:15:00,4055.92965,4056.11107,4055.87068,4056.02038
2026-07-25 19:30:00,4055.92965,4056.11112,4055.86927,4055.95929
2026-07-25 19:45:00,4055.92965,4056.11205,4055.87312,4055.89923
2026-07-25 20:00:00,4055.92965,4056.11204,4055.86881,4056.00754
2026-07-25 20:15:00,4055.92965,4056.10923,4055.8693,4056.02036
2026-07-25 20:30:00,4055.92965,4056.11108,4055.85622,4055.96915
2026-07-25 20:45:00,4055.91992,4056.09579,4055.86092,4055.88835
2026-07-25 21:00:00,4055.91744,4056.10716,4055.8606,4056.00658
2026-07-25 21:15:00,4055.91637,4056.10707,4055.86631,4056.00112
2026-07-25 21:30:00,4055.91363,4056.10272,4055.86116,4055.97959
2026-07-25 21:45:00,4055.92142,4056.10301,4055.86268,4055.89966
2026-07-25 22:00:00,4055.92142,4056.10386,4055.86097,4055.91718
2026-07-25 22:15:00,4055.92142,4056.09847,4055.86059,4055.99943
2026-07-25 22:30:00,4055.92142,4056.10377,4055.86116,4055.99281
2026-07-25 22:45:00,4055.92142,4056.10273,4055.8623,4055.90968
2026-07-25 23:00:00,4055.92142,4056.103,4055.86097,4055.90529
2026-07-25 23:15:00,4055.92142,4056.10386,4055.86512,4055.98784
2026-07-25 23:30:00,4055.92142,4056.10377,4055.86059,4056.00317
2026-07-25 23:45:00,4055.92142,4056.10119,4055.86115,4055.97639
2026-07-26 00:00:00,4055.92142,4056.103,4055.86231,4055.89665
2026-07-26 00:15:00,4055.92142,4056.10075,4055.86098,4055.97468
2026-07-26 00:30:00,4055.92142,4056.10386,4055.86059,4056.00993
2026-07-26 00:45:00,4055.92142,4056.10377,4055.86459,4055.96077
2026-07-26 01:00:00,4055.92142,4056.10274,4055.86115,4055.89187
2026-07-26 01:15:00,4055.92142,4056.10299,4055.86232,4055.99005
2026-07-26 01:30:00,4055.92142,4056.10076,4055.86098,4056.01264
2026-07-26 01:45:00,4055.92142,4056.10386,4055.86059,4055.95366
2026-07-26 02:00:00,4055.92142,4056.10378,4055.8646,4055.89128
2026-07-26 02:15:00,4055.92142,4056.10274,4055.86115,4056.00414
2026-07-26 02:30:00,4055.92142,4056.10299,4055.86265,4056.0111
2026-07-26 02:45:00,4055.92142,4056.10386,4055.86098,4055.96953
2026-07-26 03:00:00,4055.92142,4056.09842,4055.86059,4055.89493
2026-07-26 03:15:00,4055.92142,4056.10378,4055.86114,4056.01596
2026-07-26 03:30:00,4055.92142,4056.10275,4055.86233,4056.00541
2026-07-26 03:45:00,4055.92142,4056.10298,4055.86099,4055.98417
2026-07-26 04:00:00,4055.92142,4056.10386,4055.86508,4055.90256
2026-07-26 04:15:00,4055.92142,4056.10378,4055.86059,4055.91298
2026-07-26 04:30:00,4055.92142,4056.10116,4055.86114,4055.99598
2026-07-26 04:45:00,4055.92142,4056.10298,4055.86234,4055.99655
2026-07-26 05:00:00,4055.92142,4056.10079,4055.86099,4055.91363
2026-07-26 05:15:00,4055.92142,4056.10386,4055.86059,4055.90207
2026-07-26 05:30:00,4055.92142,4056.10378,4055.86464,4055.98346
2026-07-26 05:45:00,4055.92142,4056.10276,4055.86113,4056.0058
2026-07-26 06:00:00,4055.92142,4056.10297,4055.86263,4055.97128
2026-07-26 06:15:00,4055.92142,4056.10385,4055.86099,4055.89464
2026-07-26 06:30:00,4055.92142,4056.09838,4055.86059,4055.97977
2026-07-26 06:45:00,4055.92142,4056.10379,4055.86113,4056.01128
2026-07-26 07:00:00,4055.92142,4056.10277,4055.86236,4055.95578
2026-07-26 07:15:00,4055.92142,4056.10297,4055.86262,4055.89121
2026-07-26 07:30:00,4055.92142,4056.10385,4055.861,4055.99484
2026-07-26 07:45:00,4055.92142,4056.09837,4055.86059,4056.01425
2026-07-26 08:00:00,4055.92307,4056.10544,4055.86275,4055.96045
2026-07-26 08:15:00,4055.92307,4056.10445,4055.86404,4055.89364
2026-07-26 08:30:00,4055.92307,4056.10458,4055.86266,4056.00986
2026-07-26 08:45:00,4055.92307,4056.10549,4055.86662,4056.01136
2026-07-26 09:00:00,4055.92307,4056.10544,4055.86223,4055.97605
2026-07-26 09:15:00,4055.92307,4056.10272,4055.86275,4055.89861
2026-07-26 09:30:00,4055.92307,4056.10457,4055.86405,4056.02077
2026-07-26 09:45:00,4055.92307,4056.10252,4055.86267,4056.00441
2026-07-26 10:00:00,4055.92307,4056.10549,4055.86223,4055.99007
2026-07-26 10:15:00,4055.92307,4056.10545,4055.86638,4055.90741
2026-07-26 10:30:00,4055.92307,4056.10446,4055.86274,4055.9108
2026-07-26 10:45:00,4055.92307,4056.10457,4055.8642,4055.99391
2026-07-26 11:00:00,4055.92307,4056.10548,4055.86267,4056.00153
2026-07-26 11:15:00,4055.92307,4056.09991,4055.86223,4055.91943
2026-07-26 11:30:00,4055.92307,4056.10545,4055.86274,4055.90093
2026-07-26 11:45:00,4055.92307,4056.10447,4055.86406,4055.98058
2026-07-26 12:00:00,4055.92307,4056.10456,4055.86267,4056.00963
2026-07-26 12:15:00,4055.92307,4056.10548,4055.86658,4055.9679
2026-07-26 12:30:00,4055.92307,4056.10545,4055.86223,4055.89473
2026-07-26 12:45:00,4055.92307,4056.10269,4055.86273,4055.98636
2026-07-26 13:00:00,4055.92307,4056.10447,4055.86407,4056.01381
2026-07-26 13:15:00,4055.92307,4056.10456,4055.86268,4055.95265
2026-07-26 13:30:00,4055.92307,4056.10548,4055.86657,4055.89265
2026-07-26 13:45:00,4055.92307,4056.10545,4055.86223,4056.00102
2026-07-26 14:00:00,4055.92307,4056.10268,4055.86273,4056.01377
2026-07-26 14:15:00,4055.92307,4056.10455,4055.86408,4055.96566
2026-07-26 14:30:00,4055.92307,4056.10256,4055.86268,4055.89481
2026-07-26 14:45:00,4055.92307,4056.10548,4055.86223,4056.01374
2026-07-26 15:00:00,4055.92307,4056.10546,4055.86643,4056.00952
2026-07-26 15:15:00,4055.92307,4056.10448,4055.86273,4055.98085
2026-07-26 15:30:00,4055.92307,4056.10455,4055.86417,4055.90108
2026-07-26 15:45:00,4055.92307,4056.10548,4055.86268,4055.91918
2026-07-26 16:00:00,4055.92307,4056.09986,4055.86223,4056.00135
2026-07-26 16:15:00,4055.92307,4056.10546,4055.86272,4055.99414
2026-07-26 16:30:00,4055.92307,4056.10449,4055.8641,4055.91101
2026-07-26 16:45:00,4055.92307,4056.10454,4055.86269,4055.90721
2026-07-26 17:00:00,4055.92307,4056.10547,4055.86654,4055.98983
2026-07-26 17:15:00,4055.92307,4056.10546,4055.86223,4056.00458
2026-07-26 17:30:00,4055.92307,4056.10265,4055.86272,4055.97845
2026-07-26 17:45:00,4055.92307,4056.10453,4055.8641,4055.89848
2026-07-26 18:00:00,4055.92307,4056.10259,4055.86269,4055.9759
2026-07-26 18:15:00,4055.92307,4056.10547,4055.86223,4056.01145
2026-07-26 18:30:00,4055.92307,4056.10546,4055.86646,4055.96283
2026-07-26 18:45:00,4055.92307,4056.1045,4055.86271,4055.89359
2026-07-26 19:00:00,4055.92307,4056.10453,4055.86411,4055.9913
2026-07-26 19:15:00,4055.92307,4056.1026,4055.8627,4056.01427
2026-07-26 19:30:00,4055.92307,4056.10547,4055.86223,4055.95487
2026-07-26 19:45:00,4055.92307,4056.10546,4055.86647,4055.89289
2026-07-26 20:00:00,4055.92307,4056.10451,4055.86271,4056.00544
2026-07-26 20:15:00,4055.92307,4056.10452,4055.86414,4056.01284
2026-07-26 20:30:00,4055.92307,4056.10547,4055.8627,4055.97076
2026-07-26 20:45:00,4055.92307,4056.09981,4055.86223,4055.89643
2026-07-26 21:00:00,4055.92307,4056.10547,4055.86271,4056.01733
2026-07-26 21:15:00,4055.92307,4056.10451,4055.86413,4056.00726
2026-07-26 21:30:00,4055.92307,4056.10452,4055.8627,4055.98545
2026-07-26 21:45:00,4055.92307,4056.10547,4055.86649,4055.90395
2026-07-26 22:00:00,4055.92307,4056.10547,4055.86223,4055.91496
2026-07-26 22:15:00,4055.92307,4056.10262,4055.8627,4055.99792
2026-07-26 22:30:00,4055.92307,4056.10452,4055.86412,4055.9979
2026-07-26 22:45:00,4055.92307,4056.10263,4055.86271,4055.91494
2026-07-26 23:00:00,4055.92307,4056.10546,4055.86223,4055.90397
2026-07-26 23:15:00,4055.92307,4056.10547,4055.86651,4055.98547
2026-07-26 23:30:00,4055.92307,4056.10452,4055.8627,4056.00724
2026-07-26 23:45:00,4055.92307,4056.10451,4055.86412,4055.97334
2026-07-27 00:00:00,4055.92307,4056.10546,4055.86271,4055.89644
2026-07-27 00:15:00,4055.92307,4056.09982,4055.86223,4055.981
2026-07-27 00:30:00,4055.92307,4056.10547,4055.8627,4056.01283
2026-07-27 00:45:00,4055.92307,4056.10453,4055.86415,4055.95783
2026-07-27 01:00:00,4055.92307,4056.1045,4055.86411,4055.89289
2026-07-27 01:15:00,4055.92307,4056.10546,4055.86272,4055.9961
2026-07-27 01:30:00,4055.92307,4056.09984,4055.86223,4056.01427
2026-07-27 01:45:00,4055.92307,4056.10547,4055.86269,4055.96013
2026-07-27 02:00:00,4055.92307,4056.10454,4055.86416,4055.89358
2026-07-27 02:15:00,4055.92307,4056.10449,4055.86272,4056.00961
2026-07-27 02:30:00,4055.92307,4056.10546,4055.86645,4056.01146
2026-07-27 02:45:00,4055.92307,4056.10547,4055.86223,4055.97574
2026-07-27 03:00:00,4055.92307,4056.10258,4055.86269,4055.89846
2026-07-27 03:15:00,4055.92307,4056.10454,4055.86409,4056.02058
2026-07-27 03:30:00,4055.92307,4056.10267,4055.86272,4056.00459
2026-07-27 03:45:00,4055.92307,4056.10546,4055.86223,4055.98981
2026-07-27 04:00:00,4055.92307,4056.08728,4055.8479,4055.89771
2026-07-27 04:15:00,4055.9132,4056.10586,4055.86239,4055.90932
2026-07-27 04:30:00,4055.92142,4056.10297,4055.8559,4055.98586
2026-07-27 04:45:00,4055.91396,4056.10548,4055.861,4056.00157
2026-07-27 05:00:00,4055.92411,4057.12431,4055.76439,4056.99277
2026-07-27 05:15:00,4056.69989,4056.69989,4055.86111,4055.89925
2026-07-27 05:30:00,4055.92057,4057.61818,4055.08427,4055.98755
2026-07-27 05:45:00,4055.93009,4056.10944,4055.85952,4056.01616
2026-07-27 06:00:00,4055.93147,4056.10051,4055.86806,4055.96229
2026-07-27 06:15:00,4055.91659,4056.10879,4055.85565,4055.89981
2026-07-27 06:30:00,4055.92769,4056.09952,4055.78455,4055.96151
2026-07-27 06:45:00,4055.91107,4056.09444,4055.64343,4056.01212
2026-07-27 07:00:00,4055.9211,4056.10612,4055.80792,4055.96422
2026-07-27 07:15:00,4055.92314,4056.25672,4055.69221,4055.99
2026-07-27 07:30:00,4056.03429,4056.16776,4055.80792,4055.99275
2026-07-27 07:45:00,4055.91806,4056.11218,4055.78354,4056.00718
2026-07-27 08:00:00,4055.91649,4116.24269,4012.26194,4087.17774
2026-07-27 08:15:00,4087.22482,4089.97955,4084.01518,4086.0431
2026-07-27 08:30:00,4086.15186,4092.9928,4085.76368,4090.58123
2026-07-27 08:45:00,4090.80585,4093.16033,4089.14332,4090.79485
2026-07-27 09:00:00,4090.75602,4090.90891,4085.44418,4086.05723
2026-07-27 09:15:00,4085.8876,4086.49132,4084.29995,4084.75517
2026-07-27 09:30:00,4084.92792,4089.14332,4084.19098,4088.9916
2026-07-27 09:45:00,4088.73205,4096.40637,4088.42675,4095.19246
2026-07-27 10:00:00,4094.64624,4116.41214,4092.89508,4115.44935
2026-07-27 10:15:00,4115.26932,4116.42784,4090.81612,4091.11856
2026-07-27 10:30:00,4091.95241,4102.22751,4091.95241,4101.26682
2026-07-27 10:45:00,4101.00117,4108.63224,4099.3687,4102.20248
2026-07-27 11:00:00,4104.8633,4113.98775,4095.69545,4107.10754
2026-07-27 11:15:00,4107.65385,4109.28625,4097.18523,4100.06777
2026-07-27 11:30:00,4099.7919,4104.45868,4098.08797,4102.65391
2026-07-27 11:45:00,4102.72539,4109.06881,4102.10644,4108.61103
2026-07-27 12:00:00,4107.79101,4110.15208,4104.2479,4104.90661
2026-07-27 12:15:00,4104.94352,4106.79026,4101.60315,4103.47099
2026-07-27 12:30:00,4103.52609,4103.97296,4095.67497,4095.88961
2026-07-27 12:45:00,4096.07122,4097.97902,4094.83641,4096.16123
2026-07-27 13:00:00,4095.89991,4095.89991,4090.14684,4091.92989
2026-07-27 13:15:00,4091.80052,4093.49544,4085.91034,4086.49602
2026-07-27 13:30:00,4087.81512,4090.64878,4085.1342,4090.62641
2026-07-27 13:45:00,4090.49982,4091.31822,4088.59927,4091.1567
2026-07-27 14:00:00,4090.83272,4092.49028,4089.14332,4090.38656
2026-07-27 14:15:00,4090.24678,4091.82839,4087.13778,4087.97871
2026-07-27 14:30:00,4088.17757,4092.4754,4088.17757,4091.1563
2026-07-27 14:45:00,4091.86186,4091.86186,4089.47777,4090.63644
2026-07-27 15:00:00,4090.48688,4094.66874,4088.44287,4094.50238
2026-07-27 15:15:00,4094.02201,4094.83641,4086.14794,4088.03261
2026-07-27 15:30:00,4087.79519,4089.64502,4086.45549,4088.36216
2026-07-27 15:45:00,4088.07281,4093.32788,4084.14467,4092.99326
2026-07-27 16:00:00,4092.43118,4096.17827,4092.19142,4094.09066
2026-07-27 16:15:00,4094.67618,4096.43565,4091.65303,4095.48577
2026-07-27 16:30:00,4095.6539,4099.16575,4094.33344,4096.90699
2026-07-27 16:45:00,4096.71564,4098.69661,4094.83641,4097.40446
2026-07-27 17:00:00,4097.19212,4101.20291,4095.5029,4100.98047
2026-07-27 17:15:00,4100.33482,4105.59593,4100.33482,4103.45412
2026-07-27 17:30:00,4103.55137,4104.07392,4096.01049,4096.23639
2026-07-27 17:45:00,4096.50061,4099.20066,4090.79851,4091.20831
2026-07-27 18:00:00,4092.07299,4092.1677,4088.41798,4091.90229
2026-07-27 18:15:00,4091.71823,4092.3228,4089.64502,4091.56737
2026-07-27 18:30:00,4091.68805,4092.82528,4087.4719,4091.1598
2026-07-27 18:45:00,4091.36851,4096.90233,4091.31424,4096.79104
2026-07-27 19:00:00,4096.57079,4098.96264,4093.9982,4095.99224
2026-07-27 19:15:00,4095.42765,4096.41298,4092.06281,4092.83694
2026-07-27 19:30:00,4094.27808,4094.4075,4090.9451,4094.02771
2026-07-27 19:45:00,4093.47216,4100.37723,4093.47216,4097.58599
2026-07-27 20:00:00,4098.58365,4098.58365,4087.80607,4090.67739
2026-07-27 20:15:00,4090.12843,4094.33344,4089.99719,4093.08595
2026-07-27 20:30:00,4093.1867,4102.22751,4092.8221,4101.91697
2026-07-27 20:45:00,4101.28737,4102.3958,4099.66071,4099.84925
2026-07-27 21:00:00,4100.11423,4104.2479,4097.60092,4102.63332
2026-07-27 21:15:00,4103.37735,4103.37735,4100.041,4100.30709
2026-07-27 21:30:00,4100.20062,4100.37723,4096.17827,4096.34813
2026-07-27 21:45:00,4096.62405,4096.99677,4094.16581,4094.65665
2026-07-27 22:00:00,4094.46538,4097.6889,4087.63898,4087.94199
2026-07-27 22:15:00,4088.44097,4089.41005,4082.96587,4088.66645
2026-07-27 22:30:00,4088.39535,4088.39535,4083.46605,4086.74611
2026-07-27 22:45:00,4085.99948,4087.80607,4081.96587,4085.16371
2026-07-27 23:00:00,4084.85005,4088.56303,4081.7849,4087.08104
2026-07-27 23:15:00,4086.60324,4086.6367,4077.14875,4078.59898
2026-07-27 23:30:00,4081.4956,4088.64175,4075.64395,4086.22397
2026-07-27 23:45:00,4086.67136,4089.33304,4071.99283,4072.39119
2026-07-28 00:00:00,4073.07587,4078.6361,4072.26015,4076.36368
2026-07-28 00:15:00,4075.78011,4078.69426,4069.49822,4070.30006
2026-07-28 00:30:00,4072.11717,4072.11717,4064.73676,4065.35173
2026-07-28 00:45:00,4065.98042,4075.04539,4065.98042,4074.80995
2026-07-28 01:00:00,4074.41251,4075.64395,4072.82206,4074.62124
2026-07-28 01:15:00,4073.90946,4078.75858,4073.90946,4075.95158
2026-07-28 01:30:00,4075.7948,4077.87164,4072.98794,4074.93492
2026-07-28 01:45:00,4075.00474,4078.97685,4074.98174,4078.89051
2026-07-28 02:00:00,4078.82353,4084.63361,4078.01057,4081.59433
2026-07-28 02:15:00,4081.87204,4086.97074,4078.65747,4086.77927
2026-07-28 02:30:00,4086.31683,4094.60524,4083.96635,4088.31753
2026-07-28 02:45:00,4088.92149,4088.92149,4081.2075,4082.13877
2026-07-28 03:00:00,4082.12489,4082.50097,4070.50108,4073.52169
2026-07-28 03:15:00,4072.75357,4076.88013,4072.75357,4074.8711
2026-07-28 03:30:00,4074.98603,4075.81007,4072.65619,4073.91423
2026-07-28 03:45:00,4074.0456,4076.8244,4074.03777,4076.75807
2026-07-28 04:00:00,4076.66263,4078.99062,4076.44442,4076.96038
2026-07-28 04:15:00,4076.99166,4077.47197,4074.05095,4076.56824
2026-07-28 04:30:00,4076.49975,4079.13522,4073.15384,4076.9462
2026-07-28 04:45:00,4077.17683,4079.469,4074.96491,4077.74729
2026-07-28 05:00:00,4077.95847,4081.79926,4076.3085,4080.15025
2026-07-28 05:15:00,4080.45151,4088.97612,4079.64916,4084.92538
2026-07-28 05:30:00,4084.22743,4087.30483,4084.13314,4085.13161
2026-07-28 05:45:00,4085.78294,4089.80554,4082.46581,4082.80335
2026-07-28 06:00:00,4083.42639,4083.79957,4081.59089,4081.97306
2026-07-28 06:15:00,4082.06934,4082.33828,4079.1846,4079.99394
2026-07-28 06:30:00,4079.98621,4079.98621,4076.14234,4077.19532
2026-07-28 06:45:00,4077.12807,4077.55934,4075.81007,4076.96247
2026-07-28 07:00:00,4076.90987,4077.13948,4076.47466,4076.69688
2026-07-28 07:15:00,4076.6249,4076.97326,4076.47466,4076.95354
2026-07-28 07:30:00,4076.8746,4076.88552,4076.49179,4076.71583
2026-07-28 07:45:00,4076.63882,4076.84394,4076.47448,4076.69468
2026-07-28 08:00:00,4076.66245,4081.46606,4076.66152,4077.59722
2026-07-28 08:15:00,4077.51908,4078.11348,4070.99821,4072.30299
2026-07-28 08:30:00,4072.35612,4074.97963,4071.2602,4074.87574
2026-07-28 08:45:00,4074.77463,4074.84678,4073.71045,4074.16776
2026-07-28 09:00:00,4074.21564,4074.81358,4071.99283,4074.58268
2026-07-28 09:15:00,4074.36266,4074.81358,4071.92389,4072.93619
2026-07-28 09:30:00,4072.73064,4073.65162,4072.03178,4072.51918
2026-07-28 09:45:00,4072.47544,4073.00201,4070.10839,4072.87644
2026-07-28 10:00:00,4072.69503,4073.30747,4062.39844,4066.64003
2026-07-28 10:15:00,4066.72843,4067.27778,4058.59629,4062.63917
2026-07-28 10:30:00,4062.15119,4065.86705,4061.05624,4065.76716
2026-07-28 10:45:00,4065.54243,4066.3759,4058.44156,4059.05246
2026-07-28 11:00:00,4059.84612,4059.92449,4054.65677,4056.48886
2026-07-28 11:15:00,4056.68891,4058.97131,4047.66079,4049.30468
2026-07-28 11:30:00,4048.95513,4050.70827,4044.48938,4047.86369
2026-07-28 11:45:00,4048.02378,4049.12911,4042.49891,4045.08006
2026-07-28 12:00:00,4044.87602,4047.63059,4042.85426,4046.38151
2026-07-28 12:15:00,4046.5152,4049.06795,4045.788,4046.32344
2026-07-28 12:30:00,4046.3773,4047.59977,4041.76562,4042.05559
2026-07-28 12:45:00,4042.81682,4045.15486,4040.73056,4043.42602
2026-07-28 13:00:00,4042.92783,4047.43595,4041.05636,4046.49316
2026-07-28 13:15:00,4046.56865,4049.40271,4045.56858,4047.90179
2026-07-28 13:30:00,4047.75891,4050.87904,4047.36719,4047.97551
2026-07-28 13:45:00,4048.02137,4050.90449,4047.72448,4048.26765
2026-07-28 14:00:00,4048.73374,4049.5667,4044.01371,4044.23901
2026-07-28 14:15:00,4044.66675,4047.89573,4043.83517,4046.29927
2026-07-28 14:30:00,4046.43147,4047.27214,4043.83517,4047.0236
2026-07-28 14:45:00,4046.8619,4048.09132,4042.52357,4042.611
2026-07-28 15:00:00,4042.71192,4043.56036,4040.34907,4041.71455
2026-07-28 15:15:00,4041.8763,4043.67165,4040.5673,4041.62543
2026-07-28 15:30:00,4041.48541,4043.43571,4036.04074,4042.11166
2026-07-28 15:45:00,4041.61629,4046.28955,4039.66577,4046.10673
2026-07-28 16:00:00,4045.63715,4047.27214,4043.67165,4045.74874
2026-07-28 16:15:00,4045.439,4047.93289,4043.65644,4047.78975
2026-07-28 16:30:00,4047.43419,4051.69969,4047.20548,4051.59582
2026-07-28 16:45:00,4051.30755,4052.41609,4048.41253,4048.48748
2026-07-28 17:00:00,4048.59446,4050.71495,4047.57611,4049.26748
2026-07-28 17:15:00,4049.59186,4052.19224,4049.06024,4051.8531
2026-07-28 17:30:00,4051.78263,4051.78263,4049.37325,4049.53103
2026-07-28 17:45:00,4049.73796,4050.05873,4046.78079,4046.96283
2026-07-28 18:00:00,4047.24168,4054.56028,4043.50815,4044.78949
2026-07-28 18:15:00,4044.68033,4051.37139,4042.78949,4049.74235
2026-07-28 18:30:00,4049.56604,4049.56604,4042.69082,4042.75283
2026-07-28 18:45:00,4043.02148,4045.63476,4042.21763,4044.19307
2026-07-28 19:00:00,4043.68018,4046.51752,4041.56277,4042.80674
2026-07-28 19:15:00,4042.50001,4044.16225,4040.24411,4040.61072
2026-07-28 19:30:00,4041.0812,4041.20525,4032.09548,4033.77557
2026-07-28 19:45:00,4033.49381,4035.83621,4018.00064,4019.11394
2026-07-28 20:00:00,4020.92688,4027.72567,4020.92688,4023.47897
2026-07-28 20:15:00,4023.03585,4026.10906,4017.67784,4020.05947
2026-07-28 20:30:00,4019.46196,4023.73205,4016.74475,4022.46064
2026-07-28 20:45:00,4022.27244,4029.28235,4022.16724,4028.8896
2026-07-28 21:00:00,4028.19086,4028.73164,4024.16344,4024.51696
2026-07-28 21:15:00,4025.0053,4031.44527,4023.49722,4027.13547
2026-07-28 21:30:00,4027.37335,4031.12025,4026.33328,4027.66755
2026-07-28 21:45:00,4027.90431,4028.26055,4023.65912,4027.20663
2026-07-28 22:00:00,4026.29616,4028.19738,4023.04716,4027.56935
2026-07-28 22:15:00,4026.82285,4034.38642,4025.86737,4034.27656
2026-07-28 22:30:00,4034.12207,4034.81835,4028.03512,4033.90999
2026-07-28 22:45:00,4033.69647,4037.3047,4028.84654,4029.10709
2026-07-28 23:00:00,4029.53001,4035.34966,4027.93797,4033.60761
2026-07-28 23:15:00,4033.3953,4035.86136,4029.84735,4030.24695
2026-07-28 23:30:00,4030.86383,4032.25806,4021.51347,4022.27806
2026-07-28 23:45:00,4022.38436,4027.54843,4022.37197,4022.62237
2026-07-29 00:00:00,4023.10856,4031.22714,4021.12495,4028.08274
2026-07-29 00:15:00,4030.01055,4030.01055,4012.44894,4020.11108
2026-07-29 00:30:00,4019.45786,4024.46877,4019.45786,4021.54359
2026-07-29 00:45:00,4021.29116,4028.52194,4021.29116,4026.09191
2026-07-29 01:00:00,4026.24116,4033.39652,4022.35583,4032.29134
2026-07-29 01:15:00,4032.0492,4040.2408,4032.0492,4037.51373
2026-07-29 01:30:00,4038.31069,4041.42554,4033.88463,4041.05232
2026-07-29 01:45:00,4040.48864,4046.78079,4040.48864,4046.66413
2026-07-29 02:00:00,4046.43713,4046.8378,4042.52739,4044.43902
2026-07-29 02:15:00,4044.65991,4045.63476,4042.76813,4043.47902
2026-07-29 02:30:00,4043.30275,4044.05793,4040.89385,4041.94474
2026-07-29 02:45:00,4041.72847,4041.92902,4036.97873,4037.01457
2026-07-29 03:00:00,4037.03356,4041.22045,4035.83824,4036.03269
2026-07-29 03:15:00,4036.38476,4040.89385,4035.67537,4038.51827
2026-07-29 03:30:00,4038.55529,4038.77221,4028.19738,4028.40059
2026-07-29 03:45:00,4028.69576,4029.64081,4026.41327,4027.95494
2026-07-29 04:00:00,4027.69222,4030.14549,4027.57019,4028.80243
2026-07-29 04:15:00,4028.58698,4030.14549,4026.08906,4026.88269
2026-07-29 04:30:00,4026.37839,4028.00294,4023.26901,4024.76237
2026-07-29 04:45:00,4024.65457,4026.31061,4021.27995,4022.59441
2026-07-29 05:00:00,4022.68214,4025.92697,4022.52615,4024.38511
2026-07-29 05:15:00,4024.28179,4024.95472,4021.79613,4023.13358
2026-07-29 05:30:00,4022.81761,4027.71065,4022.81761,4025.03009
2026-07-29 05:45:00,4025.01398,4027.87288,4024.11534,4027.65454
2026-07-29 06:00:00,4027.4325,4027.74892,4022.84979,4024.25512
2026-07-29 06:15:00,4024.02622,4027.87288,4024.02622,4027.75981
2026-07-29 06:30:00,4027.44689,4030.30792,4027.23542,4030.15954
2026-07-29 06:45:00,4029.90857,4030.47036,4026.5754,4028.58082
2026-07-29 07:00:00,4028.68301,4029.49591,4028.4055,4028.79124
2026-07-29 07:15:00,4028.70501,4028.93993,4028.35965,4028.81627
2026-07-29 07:30:00,4028.75021,4028.8983,4028.35965,4028.70401
2026-07-29 07:45:00,4028.75752,4028.98698,4028.46512,4028.56155
2026-07-29 08:00:00,4028.67948,4029.33355,4025.55416,4026.04959
2026-07-29 08:15:00,4026.44615,4026.44615,4017.35497,4020.45516
2026-07-29 08:30:00,4019.85669,4021.52758,4013.93883,4018.61483
2026-07-29 08:45:00,4018.53684,4020.04889,4014.96701,4019.85146
2026-07-29 09:00:00,4019.51908,4022.56836,4016.54818,4022.44861
2026-07-29 09:15:00,4022.1356,4022.99158,4015.54127,4018.23618
2026-07-29 09:30:00,4018.51146,4022.03111,4016.70151,4021.06333
2026-07-29 09:45:00,4019.14001,4026.25116,4018.98194,4026.09803
2026-07-29 10:00:00,4025.76084,4026.2778,4018.00064,4021.28181
2026-07-29 10:15:00,4021.11321,4027.54843,4021.11321,4022.93659
2026-07-29 10:30:00,4023.53379,4027.22403,4022.04078,4025.65518
2026-07-29 10:45:00,4025.42421,4026.04966,4020.90873,4021.76694
2026-07-29 11:00:00,4021.47326,4024.04886,4009.78989,4013.06013
2026-07-29 11:15:00,4013.52475,4018.9374,4012.35806,4018.67919
2026-07-29 11:30:00,4018.32997,4029.65828,4015.90298,4027.23084
2026-07-29 11:45:00,4027.41027,4027.87288,4022.64505,4025.38218
2026-07-29 12:00:00,4025.1075,4028.84654,4022.84979,4028.03079
2026-07-29 12:15:00,4027.77772,4034.76676,4026.44911,4031.18932
2026-07-29 12:30:00,4031.70818,4037.95679,4030.95776,4034.68936
2026-07-29 12:45:00,4034.9087,4035.02401,4029.33476,4030.93109
2026-07-29 13:00:00,4031.68917,4032.25806,4027.99888,4028.12995
2026-07-29 13:15:00,4028.28784,4028.68423,4025.95085,4026.95244
2026-07-29 13:30:00,4027.0586,4029.33355,4025.11673,4025.57208
2026-07-29 13:45:00,4025.65409,4026.79587,4023.49722,4023.53011
2026-07-29 14:00:00,4023.58498,4023.65912,4021.78837,4022.8908
2026-07-29 14:15:00,4022.61889,4025.53657,4020.90873,4025.14234
2026-07-29 14:30:00,4024.92759,4027.12711,4023.17348,4026.1756
2026-07-29 14:45:00,4026.32832,4028.43012,4022.73837,4026.47127
2026-07-29 15:00:00,4026.39184,4032.18651,4026.39184,4031.91394
2026-07-29 15:15:00,4031.44139,4031.44527,4027.01631,4030.57446
2026-07-29 15:30:00,4030.46392,4036.87135,4027.49814,4036.40687
2026-07-29 15:45:00,4035.71218,4039.09847,4032.42066,4033.89322
2026-07-29 16:00:00,4033.0193,4038.11985,4033.0193,4036.42927
2026-07-29 16:15:00,4036.44769,4042.03719,4035.20343,4041.26524
2026-07-29 16:30:00,4041.2236,4044.16225,4041.16465,4042.69855
2026-07-29 16:45:00,4042.53632,4042.85426,4040.2408,4041.94494
2026-07-29 17:00:00,4041.75014,4046.28955,4040.89385,4046.00829
2026-07-29 17:15:00,4045.91308,4047.76361,4044.65297,4045.07731
2026-07-29 17:30:00,4045.25939,4047.51484,4045.10288,4046.69059
2026-07-29 17:45:00,4046.90467,4047.10794,4042.84499,4043.64549
2026-07-29 18:00:00,4043.71881,4044.22541,4039.26162,4040.38996
2026-07-29 18:15:00,4040.34653,4041.87381,4036.00619,4037.79932
2026-07-29 18:30:00,4037.43933,4039.09847,4035.79265,4038.98438
2026-07-29 18:45:00,4038.81021,4039.75115,4037.63072,4037.91849
2026-07-29 19:00:00,4038.26985,4038.26985,4036.00113,4036.2278
2026-07-29 19:15:00,4036.33623,4038.18085,4033.55921,4033.75103
2026-07-29 19:30:00,4033.8543,4034.8612,4031.24455,4034.69492
2026-07-29 19:45:00,4034.63423,4036.32694,4032.58327,4033.1117
2026-07-29 20:00:00,4033.06851,4033.55921,4031.60781,4031.70815
2026-07-29 20:15:00,4031.85326,4032.90853,4030.41474,4032.59507
2026-07-29 20:30:00,4032.2452,4034.20979,4027.06186,4027.20501
2026-07-29 20:45:00,4027.47461,4028.79492,4025.92697,4027.02247
2026-07-29 21:00:00,4026.89221,4029.33355,4025.44079,4029.22214
2026-07-29 21:15:00,4028.9976,4033.23385,4027.35383,4032.87335
2026-07-29 21:30:00,4032.5723,4033.23385,4030.30792,4031.51038
2026-07-29 21:45:00,4031.80644,4035.79926,4030.95776,4031.43542
2026-07-29 22:00:00,4031.88884,4032.58327,4027.58725,4027.89782
2026-07-29 22:15:00,4028.52944,4029.12236,4015.09676,4015.41536
2026-07-29 22:30:00,4015.68728,4021.39382,4010.58795,4020.80859
2026-07-29 22:45:00,4020.51554,4023.33535,4019.35991,4022.05859
2026-07-29 23:00:00,4022.34351,4025.44079,4015.41921,4015.60886
2026-07-29 23:15:00,4015.91164,4022.84979,4014.93556,4017.38868
2026-07-29 23:30:00,4018.41569,4019.28236,4011.98709,4014.7259
2026-07-29 23:45:00,4014.55865,4015.52947,4004.96616,4005.05123
2026-07-30 00:00:00,4005.37829,4006.99326,3996.32338,3996.69894
2026-07-30 00:15:00,3997.3779,4010.82921,3997.3779,4004.36404
2026-07-30 00:30:00,4004.88079,4008.6587,4000.82119,4001.34345
2026-07-30 00:45:00,4002.36184,4005.12656,3999.64414,4003.80684
2026-07-30 01:00:00,4003.8815,4008.82772,4003.66079,4006.82804
2026-07-30 01:15:00,4006.98754,4010.61162,4003.23067,4010.41058
2026-07-30 01:30:00,4010.14703,4013.39857,4008.01603,4008.43899
2026-07-30 01:45:00,4008.8925,4013.66741,4008.8925,4009.11848
2026-07-30 02:00:00,4009.30043,4016.06426,4008.01603,4010.85057
2026-07-30 02:15:00,4011.01494,4016.74431,4008.33734,4016.50943
2026-07-30 02:30:00,4016.19606,4019.22337,4014.60283,4016.44685
2026-07-30 02:45:00,4016.55762,4031.60781,4015.90298,4028.01696
2026-07-30 03:00:00,4028.81066,4049.8947,4026.73754,4049.02155
2026-07-30 03:15:00,4047.34919,4049.61418,4038.61644,4039.61584
2026-07-30 03:30:00,4041.77754,4046.14657,4036.65281,4045.76561
2026-07-30 03:45:00,4045.15118,4047.76361,4042.20057,4042.26289
2026-07-30 04:00:00,4042.22297,4086.4697,4034.02762,4080.98685
2026-07-30 04:15:00,4082.65124,4083.13258,4064.00533,4065.93093
2026-07-30 04:30:00,4065.66612,4085.23214,4051.69969,4083.28374
2026-07-30 04:45:00,4080.74066,4108.98797,4080.43116,4108.25897
2026-07-30 05:00:00,4106.83651,4114.04122,4092.9928,4100.86719
2026-07-30 05:15:00,4100.17911,4104.41635,4081.79926,4084.08945
2026-07-30 05:30:00,4083.52224,4087.54547,4066.36304,4069.90829
2026-07-30 05:45:00,4071.66498,4071.66498,4046.50268,4047.97756
2026-07-30 06:00:00,4049.91172,4056.82531,4040.72178,4056.08115
2026-07-30 06:15:00,4054.67124,4055.7296,4045.1438,4054.36116
2026-07-30 06:30:00,4052.60789,4068.31112,4052.60789,4067.93665
2026-07-30 06:45:00,4067.30472,4071.82987,4064.04942,4066.93415
2026-07-30 07:00:00,4066.17292,4068.55761,4065.70174,4066.30452
2026-07-30 07:15:00,4066.24009,4066.47495,4066.03237,4066.29657
2026-07-30 07:30:00,4066.21412,4066.39213,4065.37117,4066.31255
2026-07-30 07:45:00,4066.21584,4066.44847,4064.77066,4065.84109
2026-07-30 08:00:00,4066.06402,4077.47197,4064.54497,4077.07005
2026-07-30 08:15:00,4076.30841,4077.47197,4072.68972,4073.515
2026-07-30 08:30:00,4073.68735,4080.07973,4073.68735,4079.70996
2026-07-30 08:45:00,4079.23997,4090.64878,4079.23997,4087.01395
2026-07-30 09:00:00,4087.51378,4099.3687,4086.10926,4091.79598
2026-07-30 09:15:00,4093.21965,4094.80438,4090.31414,4093.11126
2026-07-30 09:30:00,4093.4735,4095.29816,4090.16162,4090.49835
2026-07-30 09:45:00,4091.19551,4092.55859,4085.29297,4085.42413
2026-07-30 10:00:00,4085.58152,4086.2954,4079.16181,4082.43288
2026-07-30 10:15:00,4082.06506,4083.48316,4073.31976,4074.17145
2026-07-30 10:30:00,4074.49591,4076.85751,4065.95037,4066.44908
2026-07-30 10:45:00,4067.48255,4071.51666,4065.04065,4071.0237
2026-07-30 11:00:00,4070.19925,4093.31423,4070.19925,4078.48592
2026-07-30 11:15:00,4079.19735,4083.96635,4073.65162,4083.8432
2026-07-30 11:30:00,4083.38412,4089.97955,4080.30031,4088.62814
2026-07-30 11:45:00,4088.74537,4089.97955,4084.46677,4085.30117
2026-07-30 12:00:00,4085.79498,4089.81228,4083.59474,4083.89274
2026-07-30 12:15:00,4084.30319,4085.06005,4079.93984,4082.24333
2026-07-30 12:30:00,4081.68035,4083.80157,4073.33167,4073.88985
2026-07-30 12:45:00,4074.90963,4076.97326,4065.84121,4066.24464
2026-07-30 13:00:00,4066.9253,4069.82503,4060.91371,4061.09248
2026-07-30 13:15:00,4061.07463,4063.8349,4052.84915,4053.23895
2026-07-30 13:30:00,4053.91544,4054.9856,4050.65593,4053.61466
2026-07-30 13:45:00,4053.309,4059.64184,4051.27782,4057.07295
2026-07-30 14:00:00,4057.3985,4060.57271,4053.17769,4054.33502
2026-07-30 14:15:00,4054.21223,4055.31449,4051.86386,4053.96313
2026-07-30 14:30:00,4054.16449,4054.16449,4047.59977,4049.30997
2026-07-30 14:45:00,4048.67475,4051.04314,4045.79844,4045.92137
2026-07-30 15:00:00,4046.04247,4047.10834,4042.52739,4045.25828
2026-07-30 15:15:00,4045.10245,4046.94456,4038.28292,4046.68781
2026-07-30 15:30:00,4046.26761,4051.69969,4029.82067,4035.91556
2026-07-30 15:45:00,4035.59529,4037.63072,4030.32798,4032.99485
2026-07-30 16:00:00,4033.28733,4039.42479,4031.77035,4031.9815
2026-07-30 16:15:00,4032.2656,4039.65532,4029.1712,4029.79429
2026-07-30 16:30:00,4031.05705,4037.1417,4031.05705,4036.96298
2026-07-30 16:45:00,4036.91816,4040.89385,4035.00817,4035.86226
2026-07-30 17:00:00,4035.95156,4047.43595,4035.95156,4047.30052
2026-07-30 17:15:00,4047.09518,4051.02981,4043.67165,4044.38916
2026-07-30 17:30:00,4044.81897,4046.3071,4037.61661,4045.34508
2026-07-30 17:45:00,4043.5732,4047.59977,4038.44601,4038.96472
2026-07-30 18:00:00,4038.7194,4054.49238,4038.08636,4054.07917
2026-07-30 18:15:00,4053.88713,4067.35541,4053.47613,4065.37594
2026-07-30 18:30:00,4065.75182,4072.65619,4062.051,4065.56037
2026-07-30 18:45:00,4064.74903,4070.66678,4059.54774,4061.34024
2026-07-30 19:00:00,4060.96414,4068.18274,4060.96414,4065.22931
2026-07-30 19:15:00,4065.87368,4072.43941,4065.2059,4070.88914
2026-07-30 19:30:00,4071.18905,4071.18905,4060.27162,4065.62853
2026-07-30 19:45:00,4065.47557,4072.49033,4063.90194,4064.35922
2026-07-30 20:00:00,4065.12585,4077.35073,4062.26269,4067.37165
2026-07-30 20:15:00,4066.67118,4077.47197,4066.67118,4076.40897
2026-07-30 20:30:00,4076.13827,4081.63265,4076.13827,4081.14302
2026-07-30 20:45:00,4080.7554,4083.05003,4078.6361,4079.52049
2026-07-30 21:00:00,4079.34113,4082.74734,4078.01978,4079.30663
2026-07-30 21:15:00,4079.94448,4082.12048,4076.47466,4077.0364
2026-07-30 21:30:00,4077.11869,4079.13522,4076.97326,4079.04772
2026-07-30 21:45:00,4078.81695,4080.30031,4076.3085,4077.3533
2026-07-30 22:00:00,4077.71508,4082.68574,4074.81358,4077.5699
2026-07-30 22:15:00,4076.21408,4081.17105,4072.32448,4078.67896
2026-07-30 22:30:00,4079.33409,4087.95633,4072.49033,4076.35526
2026-07-30 22:45:00,4077.15291,4079.39531,4068.01725,4073.11716
2026-07-30 23:00:00,4072.35882,4076.3085,4062.78838,4075.54938
2026-07-30 23:15:00,4074.83959,4083.29931,4073.0175,4075.69457
2026-07-30 23:30:00,4075.96605,4097.85682,4075.47785,4093.63626
2026-07-30 23:45:00,4093.30834,4109.92491,4088.30744,4107.91581
2026-07-31 00:00:00,4103.34053,4117.93774,4092.3228,4097.98129
2026-07-31 00:15:00,4098.54081,4099.44002,4087.25785,4095.08657
2026-07-31 00:30:00,4093.67583,4109.67247,4093.67583,4109.02756
2026-07-31 00:45:00,4108.20881,4110.48997,4097.35311,4099.30837
2026-07-31 01:00:00,4098.6825,4100.041,4083.6328,4083.94619
2026-07-31 01:15:00,4084.36962,4096.51387,4081.24046,4094.26034
2026-07-31 01:30:00,4094.18835,4101.89603,4092.9928,4101.5825
2026-07-31 01:45:00,4100.99612,4109.47645,4097.19944,4108.13816
2026-07-31 02:00:00,4108.29996,4116.07327,4107.61963,4115.58107
2026-07-31 02:15:00,4114.62204,4119.46447,4113.87198,4116.46047
2026-07-31 02:30:00,4116.6744,4117.08399,4109.00083,4109.32869
2026-07-31 02:45:00,4109.83982,4110.99692,4106.94484,4109.17571
2026-07-31 03:00:00,4109.45777,4111.07569,4106.28305,4106.61582
2026-07-31 03:15:00,4107.09325,4108.98169,4101.49525,4102.76765
2026-07-31 03:30:00,4105.48704,4108.29465,4099.53675,4103.84823
2026-07-31 03:45:00,4104.52466,4108.80105,4102.22751,4102.66525
2026-07-31 04:00:00,4102.85985,4106.77618,4102.73242,4106.58929
2026-07-31 04:15:00,4106.53971,4106.74695,4100.71352,4102.87027
2026-07-31 04:30:00,4101.99049,4107.09364,4101.99049,4104.74597
2026-07-31 04:45:00,4104.51544,4105.25884,4099.03263,4099.16782
2026-07-31 05:00:00,4099.2736,4105.59593,4099.15967,4105.39205
2026-07-31 05:15:00,4104.90669,4114.88766,4103.57421,4114.16848
2026-07-31 05:30:00,4113.89019,4115.05699,4111.50399,4113.23674
2026-07-31 05:45:00,4112.85246,4113.53353,4109.64534,4111.91463
2026-07-31 06:00:00,4110.52359,4116.75793,4109.71877,4113.91419
2026-07-31 06:15:00,4113.96801,4114.71835,4112.51851,4112.65695
2026-07-31 06:30:00,4112.87523,4114.58525,4102.90075,4103.33019
2026-07-31 06:45:00,4104.07703,4104.07703,4099.20066,4103.49754
2026-07-31 07:00:00,4103.37557,4103.73826,4103.16403,4103.64173
2026-07-31 07:15:00,4103.58263,4103.94939,4103.30116,4103.69871
2026-07-31 07:30:00,4103.61118,4103.94962,4103.36249,4103.61979
2026-07-31 07:45:00,4103.58115,4103.76929,4103.40583,4103.55714
2026-07-31 08:00:00,4103.58768,4107.23086,4102.22751,4106.88598
2026-07-31 08:15:00,4106.35143,4108.29465,4106.35143,4107.65213
2026-07-31 08:30:00,4107.71271,4110.48997,4107.45092,4110.29959
2026-07-31 08:45:00,4110.23716,4111.68859,4109.47645,4109.68321
2026-07-31 09:00:00,4109.75098,4112.01118,4106.94484,4107.05054
2026-07-31 09:15:00,4107.23152,4107.51284,4104.62723,4104.8408
2026-07-31 09:30:00,4105.23863,4107.45092,4103.23745,4105.08971
2026-07-31 09:45:00,4105.51829,4110.15208,4105.51829,4106.29518
2026-07-31 10:00:00,4106.71503,4106.71503,4101.04987,4101.57866
2026-07-31 10:15:00,4101.61752,4104.09421,4096.56152,4097.1886
2026-07-31 10:30:00,4098.42221,4098.42221,4090.81612,4091.87971
2026-07-31 10:45:00,4092.02771,4095.17505,4090.92094,4093.69405
2026-07-31 11:00:00,4093.40878,4101.21806,4090.74082,4091.78373
2026-07-31 11:15:00,4093.34699,4094.83641,4088.30744,4094.05573
2026-07-31 11:30:00,4094.41438,4094.41438,4084.29995,4086.03715
2026-07-31 11:45:00,4086.2823,4090.98755,4082.33207,4086.20253
2026-07-31 12:00:00,4086.28907,4089.64502,4081.96587,4089.26352
2026-07-31 12:15:00,4089.41775,4089.41775,4081.79926,4082.76204
2026-07-31 12:30:00,4082.63332,4083.79957,4076.27254,4076.54011
2026-07-31 12:45:00,4076.98306,4078.16899,4073.87457,4077.93559
2026-07-31 13:00:00,4077.57182,4077.57182,4072.9132,4073.02589
2026-07-31 13:15:00,4073.18566,4075.24042,4072.49033,4074.85962
2026-07-31 13:30:00,4074.1751,4079.46804,4074.1751,4075.71833
2026-07-31 13:45:00,4075.98688,4077.67959,4074.5706,4074.67355
2026-07-31 14:00:00,4074.84001,4076.37508,4073.9242,4075.78276
2026-07-31 14:15:00,4074.4528,4079.96736,4073.02641,4079.84579
2026-07-31 14:30:00,4079.54074,4081.46606,4078.94665,4079.72767
2026-07-31 14:45:00,4080.09375,4080.09375,4074.48152,4079.38138
2026-07-31 15:00:00,4078.97774,4082.83011,4078.97774,4079.84336
2026-07-31 15:15:00,4080.20657,4082.63248,4079.68687,4081.27722
2026-07-31 15:30:00,4081.1597,4081.29949,4076.9528,4077.27155
2026-07-31 15:45:00,4077.78903,4077.78903,4073.55754,4074.73353
2026-07-31 16:00:00,4074.49697,4082.63248,4073.15384,4081.70999
2026-07-31 16:15:00,4081.65837,4088.52621,4081.46606,4086.27105
2026-07-31 16:30:00,4085.85023,4085.85023,4077.62959,4078.085
2026-07-31 16:45:00,4078.20133,4081.63265,4076.40558,4079.01362
2026-07-31 17:00:00,4078.85183,4078.85183,4075.08301,4077.16951
2026-07-31 17:15:00,4077.00548,4079.42146,4074.38094,4074.62694
2026-07-31 17:30:00,4075.1017,4075.1017,4068.51377,4073.7039
2026-07-31 17:45:00,4073.3791,4073.65162,4069.83843,4070.4629
2026-07-31 18:00:00,4070.51518,4070.81363,4061.24355,4061.47008
2026-07-31 18:15:00,4061.85284,4067.35541,4058.60627,4059.11195
2026-07-31 18:30:00,4059.13633,4060.71149,4055.47895,4059.99015
2026-07-31 18:45:00,4059.77739,4064.11302,4058.11217,4063.94295
2026-07-31 19:00:00,4063.72802,4064.09033,4056.46601,4057.69372
2026-07-31 19:15:00,4057.40673,4057.40673,4052.02804,4052.29326
2026-07-31 19:30:00,4052.40122,4053.50628,4050.32851,4052.67188
2026-07-31 19:45:00,4052.36997,4056.79513,4052.30941,4053.99402
2026-07-31 20:00:00,4054.23189,4057.94749,4053.83493,4056.90584
2026-07-31 20:15:00,4056.74048,4056.74048,4052.6849,4052.97491
2026-07-31 20:30:00,4053.05212,4056.46601,4053.01342,4054.71703
2026-07-31 20:45:00,4054.2764,4057.12431,4053.86495,4054.32586
2026-07-31 21:00:00,4054.5264,4058.93575,4052.35645,4057.55259
2026-07-31 21:15:00,4058.09719,4060.67965,4054.328,4058.94132
2026-07-31 21:30:00,4059.41055,4059.41055,4051.38838,4051.4647
2026-07-31 21:45:00,4051.70201,4055.59741,4051.53664,4055.43147
2026-07-31 22:00:00,4055.1924,4058.94503,4052.57943,4058.40706
2026-07-31 22:15:00,4057.82604,4060.42099,4049.80008,4050.00104
2026-07-31 22:30:00,4050.36432,4050.92343,4042.52739,4042.73574
2026-07-31 22:45:00,4042.94921,4046.28955,4041.2066,4041.52452
2026-07-31 23:00:00,4042.17359,4043.18427,4035.85845,4036.06259
2026-07-31 23:15:00,4036.37681,4044.99383,4035.34966,4042.77662
2026-07-31 23:30:00,4042.39853,4043.01771,4022.52615,4023.20989
2026-07-31 23:45:00,4024.30582,4031.9609,4023.82102,4028.85385
2026-08-01 00:00:00,4030.39643,4031.77035,4021.07041,4030.06639
2026-08-01 00:15:00,4029.53931,4039.91435,4029.53931,4039.32522
2026-08-01 00:30:00,4039.16573,4042.52739,4037.79375,4041.64712
2026-08-01 00:45:00,4041.80849,4049.73069,4040.67722,4049.47086
2026-08-01 01:00:00,4048.8852,4049.73069,4043.83517,4045.868
2026-08-01 01:15:00,4045.12101,4051.60436,4041.93964,4042.13079
2026-08-01 01:30:00,4042.37293,4043.18786,4037.63072,4041.03619
2026-08-01 01:45:00,4041.4032,4046.45328,4039.88871,4045.72025
2026-08-01 02:00:00,4045.5834,4046.43931,4041.46505,4046.18023
2026-08-01 02:15:00,4045.51373,4048.74691,4043.18117,4046.18377
2026-08-01 02:30:00,4046.64037,4050.25153,4042.36397,4042.61568
2026-08-01 02:45:00,4042.93092,4045.28731,4042.20057,4043.59633
2026-08-01 03:00:00,4043.37403,4045.983,4041.71045,4044.13272
2026-08-01 03:15:00,4043.15724,4050.39974,4043.15724,4049.5241
2026-08-01 03:30:00,4047.99429,4052.84915,4047.99429,4051.23008
2026-08-01 03:45:00,4050.82168,4054.49238,4050.82168,4053.54071
2026-08-01 04:00:00,4053.58704,4054.49238,4047.90609,4048.02328
2026-08-01 04:15:00,4048.18926,4051.60782,4047.698,4050.8013
2026-08-01 04:30:00,4050.60658,4051.48153,4048.2552,4051.33433
2026-08-01 04:45:00,4051.0619,4051.20726,4048.17458,4049.7796
2026-08-01 05:00:00,4049.75513,4052.52019,4047.27214,4048.08528
2026-08-01 05:15:00,4047.9884,4050.55387,4047.26287,4049.7476
2026-08-01 05:30:00,4050.05554,4053.65467,4049.23874,4052.84717
2026-08-01 05:45:00,4051.76172,4055.64343,4050.22276,4052.30418
2026-08-01 06:00:00,4052.20325,4052.86075,4045.4711,4047.33885
2026-08-01 06:15:00,4047.007,4048.65514,4046.42479,4047.24616
2026-08-01 06:30:00,4047.12354,4052.6849,4046.80976,4051.33735
2026-08-01 06:45:00,4051.74178,4055.12765,4043.34465,4045.25141
2026-08-01 07:00:00,4044.91865,4044.91865,4042.03719,4042.75959
2026-08-01 07:15:00,4042.67774,4042.86044,4042.61945,4042.73601
2026-08-01 07:30:00,4042.68249,4042.86214,4042.61191,4042.65447
2026-08-01 07:45:00,4042.67967,4042.86116,4042.62397,4042.73765
2026-08-01 08:00:00,4042.68428,4042.87431,4042.62528,4042.77256
2026-08-01 08:15:00,4042.68397,4042.86762,4042.62753,4042.72045
2026-08-01 08:30:00,4042.68257,4042.86655,4042.6259,4042.65479
2026-08-01 08:45:00,4042.6846,4042.86531,4042.6253,4042.75341
2026-08-01 09:00:00,4042.68594,4042.86121,4042.62234,4042.7752
2026-08-01 09:15:00,4042.68395,4042.86613,4042.62365,4042.71834
2026-08-01 09:30:00,4042.68592,4042.87261,4042.63096,4042.65587
2026-08-01 09:45:00,4042.68656,4042.86843,4042.62361,4042.76542
2026-08-01 10:00:00,4042.68264,4042.8735,4042.62574,4042.77861
2026-08-01 10:15:00,4042.68854,4042.87429,4042.63221,4042.7405
2026-08-01 10:30:00,4042.69274,4042.86354,4042.62691,4042.65795
2026-08-01 10:45:00,4042.68458,4042.86826,4042.62755,4042.78437
2026-08-01 11:00:00,4042.69218,4042.87318,4042.63035,4042.77284
2026-08-01 11:15:00,4042.68947,4042.8653,4042.62401,4042.74871
2026-08-01 11:30:00,4042.68609,4042.86613,4042.62991,4042.66711
2026-08-01 11:45:00,4042.68644,4042.86734,4042.62528,4042.67556
2026-08-01 12:00:00,4042.68407,4042.86519,4042.62423,4042.75845
2026-08-01 12:15:00,4042.68404,4042.87344,4042.62692,4042.7674
2026-08-01 12:30:00,4042.69317,4042.86642,4042.62729,4042.67644
2026-08-01 12:45:00,4042.6851,4042.87103,4042.62855,4042.66978
2026-08-01 13:00:00,4042.68864,4042.87256,4042.62936,4042.74774
2026-08-01 13:15:00,4042.68557,4042.86655,4042.62533,4042.77015
2026-08-01 13:30:00,4042.6862,4042.86529,4042.62742,4042.7347
2026-08-01 13:45:00,4042.68441,4042.86613,4042.62401,4042.65912
2026-08-01 14:00:00,4042.6856,4042.86497,4042.62527,4042.74557
2026-08-01 14:15:00,4042.68228,4042.87259,4042.62101,4042.77068
2026-08-01 14:30:00,4042.68101,4042.865,4042.62857,4042.7203
2026-08-01 14:45:00,4042.68437,4042.86694,4042.6257,4042.65577
2026-08-01 15:00:00,4042.68559,4042.86451,4042.62503,4042.75619
2026-08-01 15:15:00,4042.68264,4042.85925,4042.62202,4042.77023
2026-08-01 15:30:00,4042.67937,4042.86108,4042.62101,4042.71877
2026-08-01 15:45:00,4042.68097,4042.86163,4042.62198,4042.65179
2026-08-01 16:00:00,4042.68101,4042.86205,4042.61906,4042.76642
2026-08-01 16:15:00,4042.67937,4042.86613,4042.62987,4042.77049
2026-08-01 16:30:00,4042.68264,4042.86274,4042.62038,4042.73429
2026-08-01 16:45:00,4042.68089,4042.86033,4042.62098,4042.65848
2026-08-01 17:00:00,4042.68264,4042.86529,4042.62365,4042.68269
2026-08-01 17:15:00,4042.68264,4042.86133,4042.62236,4042.76176
2026-08-01 17:30:00,4042.68101,4042.8645,4042.62038,4042.74819
2026-08-01 17:45:00,4042.68081,4042.86436,4042.62425,4042.66743
2026-08-01 18:00:00,4042.6824,4042.86164,4042.61936,4042.66835
2026-08-01 18:15:00,4042.68101,4042.86207,4042.62256,4042.75117
2026-08-01 18:30:00,4042.68101,4042.86124,4042.62071,4042.75801
2026-08-01 18:45:00,4042.67937,4042.85927,4042.62038,4042.67943
2026-08-01 19:00:00,4042.68264,4042.86438,4042.61938,4042.65696
2026-08-01 19:15:00,4042.67937,4042.86165,4042.62363,4042.73943
2026-08-01 19:30:00,4042.68279,4042.86045,4042.61907,4042.76592
2026-08-01 19:45:00,4042.67937,4042.86613,4042.62656,4042.72754
2026-08-01 20:00:00,4042.68417,4042.86109,4042.62365,4042.65096
2026-08-01 20:15:00,4042.67937,4042.8603,4042.62099,4042.74312
2026-08-01 20:30:00,4042.67937,4042.85999,4042.62034,4042.76991
2026-08-01 20:45:00,4042.67937,4042.86045,4042.62072,4042.70995
2026-08-01 21:00:00,4042.68101,4042.8645,4042.62655,4042.65396
2026-08-01 21:15:00,4042.6846,4042.86109,4042.62255,4042.75767
2026-08-01 21:30:00,4042.67937,4042.8587,4042.61937,4042.76968
2026-08-01 21:45:00,4042.67937,4042.86044,4042.62034,4042.72251
2026-08-01 22:00:00,4042.67937,4042.85796,4042.61907,4042.6514
2026-08-01 22:15:00,4042.67937,4042.86124,4042.61875,4042.77025
2026-08-01 22:30:00,4042.67937,4042.86109,4042.62256,4042.76527
2026-08-01 22:45:00,4042.67937,4042.86,4042.61937,4042.73759
2026-08-01 23:00:00,4042.67937,4042.86044,4042.62093,4042.65782
2026-08-01 23:15:00,4042.67937,4042.86124,4042.61908,4042.67492
2026-08-01 23:30:00,4042.67937,4042.85601,4042.61875,4042.75696
2026-08-01 23:45:00,4042.67937,4042.8611,4042.61936,4042.75073
2026-08-02 00:00:00,4042.67937,4042.86001,4042.62036,4042.66786
2026-08-02 00:15:00,4042.67937,4042.86043,4042.61908,4042.66312
2026-08-02 00:30:00,4042.67937,4042.86124,4042.62341,4042.74535
2026-08-02 00:45:00,4042.67937,4042.8611,4042.61874,4042.761
2026-08-02 01:00:00,4042.67937,4042.85867,4042.61936,4042.7339
2026-08-02 01:15:00,4042.67937,4042.86042,4042.62037,4042.65457
2026-08-02 01:30:00,4042.67937,4042.85799,4042.61908,4042.73271
2026-08-02 01:45:00,4042.67937,4042.86124,4042.61874,4042.76768
2026-08-02 02:00:00,4042.67937,4042.8611,4042.62259,4042.71834
2026-08-02 02:15:00,4042.67937,4042.86002,4042.61935,4042.64987
2026-08-02 02:30:00,4042.67937,4042.86042,4042.62037,4042.74803
2026-08-02 02:45:00,4042.67937,4042.858,4042.61909,4042.7703
2026-08-02 03:00:00,4042.67937,4042.86124,4042.61874,4042.71178
2026-08-02 03:15:00,4042.67937,4042.8611,4042.62261,4042.64936
2026-08-02 03:30:00,4042.67937,4042.86003,4042.61935,4042.76205
2026-08-02 03:45:00,4042.67937,4042.86041,4042.62089,4042.76869
2026-08-02 04:00:00,4042.67937,4042.86123,4042.61909,4042.72759
2026-08-02 04:15:00,4042.67937,4042.85596,4042.61874,4042.65307
2026-08-02 04:30:00,4042.67937,4042.86111,4042.61934,4042.77378
2026-08-02 04:45:00,4042.67937,4042.86003,4042.62039,4042.76296
2026-08-02 05:00:00,4042.67937,4042.86041,4042.61909,4042.74215
2026-08-02 05:15:00,4042.67937,4042.86123,4042.62336,4042.66073
2026-08-02 05:30:00,4042.67937,4042.86111,4042.61874,4042.67076
2026-08-02 05:45:00,4042.67937,4042.85864,4042.61934,4042.7535
2026-08-02 06:00:00,4042.67937,4042.8604,4042.62039,4042.75444
2026-08-02 06:15:00,4042.67937,4042.85803,4042.6191,4042.67182
2026-08-02 06:30:00,4042.67937,4042.86123,4042.61874,4042.65993
2026-08-02 06:45:00,4042.67937,4042.86111,4042.62264,4042.74098
2026-08-02 07:00:00,4042.67937,4042.86005,4042.61933,4042.7636
2026-08-02 07:15:00,4042.67937,4042.8604,4042.62087,4042.7288
2026-08-02 07:30:00,4042.67937,4042.86123,4042.6191,4042.65259
2026-08-02 07:45:00,4042.67937,4042.85592,4042.61874,4042.73779
2026-08-02 08:00:00,4042.67937,4042.86111,4042.61933,4042.769
2026-08-02 08:15:00,4042.67937,4042.86005,4042.62041,4042.71337
2026-08-02 08:30:00,4042.67937,4042.86039,4042.62086,4042.64924
2026-08-02 08:45:00,4042.67937,4042.86123,4042.6191,4042.7528
2026-08-02 09:00:00,4042.67937,4042.8559,4042.61874,4042.77024
2026-08-02 09:15:00,4042.67937,4042.86112,4042.61933,4042.71701
2026-08-02 09:30:00,4042.67937,4042.86006,4042.62042,4042.65011
2026-08-02 09:45:00,4042.67937,4042.86039,4042.61911,4042.76617
2026-08-02 10:00:00,4042.67937,4042.86123,4042.62331,4042.76726
2026-08-02 10:15:00,4042.67937,4042.86112,4042.61874,4042.73253
2026-08-02 10:30:00,4042.67937,4042.8586,4042.61932,4042.65515
2026-08-02 10:45:00,4042.67937,4042.86038,4042.62042,4042.77697
2026-08-02 11:00:00,4042.67937,4042.85807,4042.61911,4042.76025
2026-08-02 11:15:00,4042.67937,4042.86123,4042.61874,4042.74645
2026-08-02 11:30:00,4042.67937,4042.86112,4042.62268,4042.66401
2026-08-02 11:45:00,4042.67937,4042.86007,4042.61932,4042.66688
2026-08-02 12:00:00,4042.67937,4042.86038,4042.62084,4042.74971
2026-08-02 12:15:00,4042.67937,4042.86122,4042.61911,4042.75781
2026-08-02 12:30:00,4042.67937,4042.85587,4042.61874,4042.67606
2026-08-02 12:45:00,4042.67937,4042.86112,4042.61931,4042.65712
2026-08-02 13:00:00,4042.67937,4042.86008,4042.62044,4042.73637
2026-08-02 13:15:00,4042.67937,4042.86037,4042.61912,4042.7658
2026-08-02 13:30:00,4042.67937,4042.86122,4042.62328,4042.7237
2026-08-02 13:45:00,4042.67937,4042.86113,4042.61874,4042.65104
2026-08-02 14:00:00,4042.67937,4042.85857,4042.61931,4042.74281
2026-08-02 14:15:00,4042.67937,4042.86008,4042.62045,4042.76987
2026-08-02 14:30:00,4042.67937,4042.86037,4042.61912,4042.70852
2026-08-02 14:45:00,4042.67937,4042.86122,4042.62326,4042.64906
2026-08-02 15:00:00,4042.67937,4042.86113,4042.61874,4042.75739
2026-08-02 15:15:00,4042.67937,4042.85856,4042.6193,4042.76973
2026-08-02 15:30:00,4042.67937,4042.86036,4042.62045,4042.72219
2026-08-02 15:45:00,4042.67937,4042.85811,4042.61912,4042.65131
2026-08-02 16:00:00,4042.67937,4042.86122,4042.61874,4042.77002
2026-08-02 16:15:00,4042.67937,4042.86113,4042.62273,4042.7654
2026-08-02 16:30:00,4042.67937,4042.8601,4042.6193,4042.7373
2026-08-02 16:45:00,4042.67937,4042.86036,4042.6208,4042.65765
2026-08-02 17:00:00,4042.67937,4042.86122,4042.61913,4042.67519
2026-08-02 17:15:00,4042.67937,4042.85581,4042.61874,4042.75717
2026-08-02 17:30:00,4042.67937,4042.86113,4042.6193,4042.75049
2026-08-02 17:45:00,4042.67937,4042.8601,4042.62047,4042.66763
2026-08-02 18:00:00,4042.67937,4042.86035,4042.61913,4042.66333
2026-08-02 18:15:00,4042.67937,4042.86122,4042.62323,4042.74562
2026-08-02 18:30:00,4042.67937,4042.86114,4042.61874,4042.76082
2026-08-02 18:45:00,4042.67937,4042.85854,4042.61929,4042.73422
2026-08-02 19:00:00,4042.67937,4042.86034,4042.62048,4042.65471
2026-08-02 19:15:00,4042.67937,4042.85814,4042.61913,4042.7324
2026-08-02 19:30:00,4042.67937,4042.86121,4042.61874,4042.76758
2026-08-02 19:45:00,4042.67937,4042.86114,4042.62276,4042.71865
2026-08-02 20:00:00,4042.67937,4042.86011,4042.61929,4042.64993
2026-08-02 20:15:00,4042.67937,4042.86034,4042.62048,4042.74773
2026-08-02 20:30:00,4042.67937,4042.85815,4042.61914,4042.77029
2026-08-02 20:45:00,4042.67937,4042.86121,4042.61874,4042.71145
2026-08-02 21:00:00,4042.67937,4042.86114,4042.62277,4042.64933
2026-08-02 21:15:00,4042.67937,4042.86012,4042.61928,4042.76177
2026-08-02 21:30:00,4042.67937,4042.86033,4042.62077,4042.76877
2026-08-02 21:45:00,4042.67937,4042.86121,4042.61914,4042.72727
2026-08-02 22:00:00,4042.67937,4042.85576,4042.61874,4042.65295
2026-08-02 22:15:00,4042.67937,4042.86114,4042.61928,4042.77357
2026-08-02 22:30:00,4042.67937,4042.86013,4042.6205,4042.76311
2026-08-02 22:45:00,4042.67937,4042.86033,4042.61915,4042.74187
2026-08-02 23:00:00,4042.67937,4042.86121,4042.62318,4042.66054
2026-08-02 23:15:00,4042.67937,4042.86114,4042.61874,4042.67101
2026-08-02 23:30:00,4042.67937,4042.8585,4042.61928,4042.75373
2026-08-02 23:45:00,4042.67937,4042.86032,4042.62051,4042.75421
2026-08-03 00:00:00,4042.67937,4042.85818,4042.61915,4042.67156
2026-08-03 00:15:00,4042.67937,4042.86121,4042.61874,4042.66012
2026-08-03 00:30:00,4042.67937,4042.86115,4042.62281,4042.74126
2026-08-03 00:45:00,4042.67937,4042.86014,4042.61927,4042.76345
2026-08-03 01:00:00,4042.67937,4042.86032,4042.62075,4042.72912
2026-08-03 01:15:00,4042.67937,4042.86121,4042.61915,4042.6527
2026-08-03 01:30:00,4042.67937,4042.85572,4042.61874,4042.73748
2026-08-03 01:45:00,4042.67937,4042.86115,4042.61927,4042.76893
2026-08-03 02:00:00,4042.67937,4042.86015,4042.62052,4042.71368
2026-08-03 02:15:00,4042.67937,4042.86031,4042.62074,4042.64927
2026-08-03 02:30:00,4042.67937,4042.8612,4042.61916,4042.75251
2026-08-03 02:45:00,4042.67937,4042.85571,4042.61874,4042.77026
2026-08-03 03:00:00,4042.67937,4042.86115,4042.61926,4042.71668
2026-08-03 03:15:00,4042.67937,4042.86015,4042.62053,4042.65005
2026-08-03 03:30:00,4042.67937,4042.86031,4042.61916,4042.76592
2026-08-03 03:45:00,4042.67937,4042.8612,4042.62313,4042.76736
2026-08-03 04:00:00,4042.67937,4042.87265,4042.62527,4042.74302
2026-08-03 04:15:00,4042.69082,4042.86005,4042.62088,4042.65342
2026-08-03 04:30:00,4042.67774,4042.85869,4042.61887,4042.77521
2026-08-03 04:45:00,4042.67774,4042.85654,4042.61751,4042.75869
2026-08-03 05:00:00,4042.67801,4043.50815,4042.61991,4042.75887
2026-08-03 05:15:00,4042.69303,4042.84648,4042.60769,4042.64483
2026-08-03 05:30:00,4042.66025,4042.85176,4042.6073,4042.65369
2026-08-03 05:45:00,4042.66699,4042.86351,4042.62388,4042.75359
2026-08-03 06:00:00,4042.68199,4042.86163,4042.36397,4042.55934
2026-08-03 06:15:00,4042.46404,4042.80847,4042.20057,4042.69282
2026-08-03 06:30:00,4042.69932,4042.88569,4042.6225,4042.66061
2026-08-03 06:45:00,4042.68236,4043.18117,4042.35989,4042.7451
2026-08-03 07:00:00,4042.68784,4042.8634,4042.52739,4042.73347
2026-08-03 07:15:00,4042.64456,4043.99871,4041.38377,4042.69722
2026-08-03 07:30:00,4042.69844,4042.86692,4042.51669,4042.64288
2026-08-03 07:45:00,4042.67184,4043.99871,4042.47299,4043.20594
2026-08-03 08:00:00,4043.13867,4088.47459,4022.31329,4077.015
2026-08-03 08:15:00,4076.81523,4079.16155,4064.04942,4065.62329
2026-08-03 08:30:00,4065.15396,4067.18998,4064.04942,4067.13553
2026-08-03 08:45:00,4067.01789,4067.01789,4063.55398,4063.98869
2026-08-03 09:00:00,4064.12722,4065.74575,4062.39844,4065.404
2026-08-03 09:15:00,4064.89657,4071.21146,4064.89657,4071.13746
2026-08-03 09:30:00,4070.97485,4071.16395,4067.35541,4068.20364
2026-08-03 09:45:00,4067.93591,4073.32628,4066.85916,4072.0959
2026-08-03 10:00:00,4072.61578,4078.71416,4070.16973,4070.29229
2026-08-03 10:15:00,4070.64179,4072.12088,4061.98463,4065.3291
2026-08-03 10:30:00,4064.60968,4069.85967,4057.28892,4057.47163
2026-08-03 10:45:00,4057.78087,4060.27646,4056.13694,4056.35969
2026-08-03 11:00:00,4056.75851,4061.4782,4052.52634,4053.40545
2026-08-03 11:15:00,4053.90739,4054.9856,4047.93559,4053.42424
2026-08-03 11:30:00,4053.53163,4056.9536,4047.92746,4048.20798
2026-08-03 11:45:00,4048.60051,4056.46601,4048.60051,4055.72557
2026-08-03 12:00:00,4054.72257,4060.41904,4053.6706,4054.94761
2026-08-03 12:15:00,4054.76295,4060.25417,4052.52067,4058.57403
2026-08-03 12:30:00,4057.91555,4059.75966,4051.557,4059.58168
2026-08-03 12:45:00,4059.10215,4065.70174,4058.05866,4062.88456
2026-08-03 13:00:00,4062.83258,4064.37978,4061.07862,4063.86627
2026-08-03 13:15:00,4063.7718,4066.85916,4061.57345,4063.03983
2026-08-03 13:30:00,4063.32692,4064.21459,4060.85553,4061.74881
2026-08-03 13:45:00,4061.77636,4066.36304,4059.43006,4064.47766
2026-08-03 14:00:00,4064.37979,4067.85177,4063.63652,4065.92178
2026-08-03 14:15:00,4065.73479,4070.52811,4065.61538,4067.61301
2026-08-03 14:30:00,4067.65898,4070.53612,4066.75221,4068.85723
2026-08-03 14:45:00,4068.89054,4071.66124,4064.88641,4065.18093
2026-08-03 15:00:00,4065.77708,4065.77708,4056.30146,4057.14753
2026-08-03 15:15:00,4057.04606,4060.91371,4054.49238,4059.71897
2026-08-03 15:30:00,4059.9056,4063.63322,4054.78221,4063.25295
2026-08-03 15:45:00,4062.76359,4069.23493,4059.26527,4068.71028
2026-08-03 16:00:00,4067.90581,4069.6728,4066.17404,4066.22806
2026-08-03 16:15:00,4066.29353,4070.99821,4064.61922,4068.25776
2026-08-03 16:30:00,4067.41161,4069.01042,4062.06841,4064.93885
2026-08-03 16:45:00,4065.15022,4066.69238,4062.56348,4065.8129
2026-08-03 17:00:00,4065.41199,4065.41199,4059.66841,4063.23824
2026-08-03 17:15:00,4063.00891,4063.24761,4052.84915,4058.27154
2026-08-03 17:30:00,4058.31162,4060.91371,4055.51044,4058.82887
2026-08-03 17:45:00,4058.58391,4063.28275,4057.68618,4061.51378
2026-08-03 18:00:00,4061.51322,4061.85544,4059.22471,4060.15721
2026-08-03 18:15:00,4060.87935,4062.06841,4055.61632,4056.01559
2026-08-03 18:30:00,4056.83933,4060.15426,4055.31449,4059.86716
2026-08-03 18:45:00,4059.60153,4060.6627,4058.11217,4058.77361
2026-08-03 19:00:00,4058.93993,4061.90341,4057.2295,4061.68891
2026-08-03 19:15:00,4061.35276,4062.21195,4052.52067,4052.59515
2026-08-03 19:30:00,4052.79889,4054.10486,4045.56467,4051.23108
2026-08-03 19:45:00,4052.19117,4057.99494,4052.19117,4055.85168
2026-08-03 20:00:00,4056.88545,4056.95971,4053.64019,4056.85553
2026-08-03 20:15:00,4056.62063,4056.62063,4052.6849,4054.22359
2026-08-03 20:30:00,4054.02519,4054.27424,4049.17855,4049.32449
2026-08-03 20:45:00,4049.55838,4050.22276,4046.04716,4047.9521
2026-08-03 21:00:00,4047.45628,4052.84915,4047.22776,4048.38955
2026-08-03 21:15:00,4048.93083,4050.03854,4045.78323,4049.55522
2026-08-03 21:30:00,4049.46568,4055.15004,4048.2552,4054.95867
2026-08-03 21:45:00,4054.5753,4062.72853,4053.01342,4062.36448
2026-08-03 22:00:00,4062.07967,4064.21459,4055.31449,4055.64429
2026-08-03 22:15:00,4056.10485,4056.29729,4047.57433,4052.62903
2026-08-03 22:30:00,4052.22406,4053.18934,4043.01771,4043.2903
2026-08-03 22:45:00,4043.33232,4048.65813,4042.80435,4048.52703
2026-08-03 23:00:00,4048.27683,4051.53553,4040.09758,4040.75361
2026-08-03 23:15:00,4042.23939,4042.23939,4032.25806,4033.15221
2026-08-03 23:30:00,4033.48476,4034.8612,4022.04078,4032.76416
2026-08-03 23:45:00,4032.81145,4034.36439,4028.19738,4032.21434
2026-08-04 00:00:00,4031.9135,4035.51251,4027.38623,4031.75685
2026-08-04 00:15:00,4030.03328,4035.67537,4030.03328,4034.75404
2026-08-04 00:30:00,4034.88245,4037.95679,4032.25806,4036.87763
2026-08-04 00:45:00,4036.80698,4038.77221,4034.69841,4037.0648
2026-08-04 01:00:00,4037.94783,4037.94783,4030.46641,4032.93454
2026-08-04 01:15:00,4033.19497,4039.74759,4031.44527,4031.87993
2026-08-04 01:30:00,4032.69059,4038.07245,4030.6256,4037.95003
2026-08-04 01:45:00,4037.54451,4039.75115,4035.83824,4037.22433
2026-08-04 02:00:00,4036.96789,4037.63072,4035.02401,4036.33901
2026-08-04 02:15:00,4036.2551,4038.6091,4035.10828,4037.49738
2026-08-04 02:30:00,4037.54139,4038.93534,4036.22436,4038.47448
2026-08-04 02:45:00,4038.40168,4039.26162,4035.95216,4037.17526
2026-08-04 03:00:00,4036.68133,4037.79375,4033.55921,4034.60331
2026-08-04 03:15:00,4034.51988,4037.4677,4033.86558,4034.72074
2026-08-04 03:30:00,4035.03567,4036.67407,4034.35353,4035.59886
2026-08-04 03:45:00,4035.79281,4036.32694,4030.61437,4031.21233
2026-08-04 04:00:00,4031.02941,4038.77221,4029.79402,4036.84424
2026-08-04 04:15:00,4036.61042,4038.77221,4035.34966,4036.9547
2026-08-04 04:30:00,4037.23265,4039.79322,4036.65281,4039.56655
2026-08-04 04:45:00,4039.05668,4044.65297,4039.05668,4043.431
2026-08-04 05:00:00,4043.77754,4048.74691,4041.96527,4046.84902
2026-08-04 05:15:00,4047.17975,4054.61557,4046.44807,4053.16243
2026-08-04 05:30:00,4053.93743,4055.80792,4050.70481,4053.22384
2026-08-04 05:45:00,4053.33757,4055.73811,4052.02804,4052.25382
2026-08-04 06:00:00,4052.35143,4053.0401,4050.38681,4052.77239
2026-08-04 06:15:00,4052.5271,4055.97242,4050.55327,4054.34773
2026-08-04 06:30:00,4054.52789,4057.94749,4053.91924,4056.7003
2026-08-04 06:45:00,4056.78282,4057.01359,4054.37214,4055.3131
2026-08-04 07:00:00,4055.25693,4055.27787,4053.34198,4053.52444
2026-08-04 07:15:00,4053.45535,4053.65531,4053.17769,4053.50082
2026-08-04 07:30:00,4053.39226,4053.65266,4053.17769,4053.55094
2026-08-04 07:45:00,4053.51841,4053.7875,4053.10741,4053.26607
2026-08-04 08:00:00,4053.29434,4054.49238,4049.40271,4051.10165
2026-08-04 08:15:00,4051.20807,4053.01366,4050.48056,4052.13717
2026-08-04 08:30:00,4051.88639,4053.50628,4051.63591,4053.41765
2026-08-04 08:45:00,4053.26735,4053.50628,4050.65192,4053.4173
2026-08-04 09:00:00,4053.22317,4055.00573,4050.71495,4051.56459
2026-08-04 09:15:00,4051.66635,4054.05471,4051.04314,4052.28706
2026-08-04 09:30:00,4052.08989,4052.52067,4051.04317,4052.2515
2026-08-04 09:45:00,4051.96565,4054.40637,4051.67614,4053.32326
2026-08-04 10:00:00,4053.13634,4069.34158,4053.13634,4064.5172
2026-08-04 10:15:00,4065.34368,4065.34368,4058.44156,4060.9819
2026-08-04 10:30:00,4060.57497,4060.7488,4056.13694,4056.23935
2026-08-04 10:45:00,4056.29436,4058.39936,4049.84213,4050.49752
2026-08-04 11:00:00,4051.77759,4051.77759,4042.61423,4048.47695
2026-08-04 11:15:00,4048.13817,4050.55516,4046.78079,4049.76234
2026-08-04 11:30:00,4049.63023,4059.46291,4048.11187,4058.60894
2026-08-04 11:45:00,4056.45928,4061.57345,4056.45928,4059.91879
2026-08-04 12:00:00,4059.90327,4059.90327,4056.07309,4058.48151
2026-08-04 12:15:00,4058.25715,4059.43006,4056.30146,4056.41507
2026-08-04 12:30:00,4056.79225,4065.04065,4055.97242,4061.24451
2026-08-04 12:45:00,4061.57183,4063.9954,4058.81644,4059.06043
2026-08-04 13:00:00,4059.5292,4060.58391,4056.79513,4058.26952
2026-08-04 13:15:00,4058.53154,4061.90653,4057.5541,4058.73937
2026-08-04 13:30:00,4058.67553,4059.89208,4053.05696,4053.28473
2026-08-04 13:45:00,4053.71456,4055.31449,4052.84915,4053.24424
2026-08-04 14:00:00,4053.7758,4055.45424,4051.53553,4055.13552
2026-08-04 14:15:00,4054.49757,4061.12897,4054.49757,4061.00901
2026-08-04 14:30:00,4060.62652,4064.57501,4060.54209,4062.97392
2026-08-04 14:45:00,4062.97506,4066.28922,4061.90688,4065.8081
2026-08-04 15:00:00,4064.93627,4064.93627,4057.61818,4057.75029
2026-08-04 15:15:00,4057.92011,4064.37978,4057.61171,4063.13696
2026-08-04 15:30:00,4062.96218,4067.02456,4059.70781,4062.29785
2026-08-04 15:45:00,4061.89107,4063.97811,4058.60627,4061.60119
2026-08-04 16:00:00,4060.95253,4066.58882,4060.95253,4064.17224
2026-08-04 16:15:00,4063.9659,4065.04065,4060.49885,4060.9812
2026-08-04 16:30:00,4061.84937,4061.84937,4056.63056,4059.04648
2026-08-04 16:45:00,4058.9235,4062.72853,4058.771,4062.00585
2026-08-04 17:00:00,4061.3658,4065.8301,4061.3658,4061.75994
2026-08-04 17:15:00,4062.24218,4065.53645,4060.7488,4063.45351
2026-08-04 17:30:00,4063.52274,4066.50667,4061.90341,4062.56057
2026-08-04 17:45:00,4062.84752,4065.53645,4062.72853,4065.50262
2026-08-04 18:00:00,4065.35699,4072.65619,4064.22702,4069.38871
2026-08-04 18:15:00,4069.72164,4069.72164,4060.7488,4062.41627
2026-08-04 18:30:00,4061.12872,4064.37978,4058.771,4058.968
2026-08-04 18:45:00,4059.09334,4059.48256,4054.9856,4055.44756
2026-08-04 19:00:00,4055.36481,4055.36481,4048.2552,4050.29204
2026-08-04 19:15:00,4049.80731,4051.69969,4049.33271,4051.18008
2026-08-04 19:30:00,4051.07348,4051.20726,4046.48706,4049.82654
2026-08-04 19:45:00,4049.54236,4051.18498,4047.65,4049.54053
2026-08-04 20:00:00,4049.35514,4050.2152,4046.91725,4048.88516
2026-08-04 20:15:00,4048.5784,4049.73069,4046.28955,4049.59681
2026-08-04 20:30:00,4049.51876,4051.53553,4047.76361,4047.99149
2026-08-04 20:45:00,4048.12678,4060.41904,4045.56485,4053.93407
2026-08-04 21:00:00,4053.96032,4058.20612,4052.89129,4057.85593
2026-08-04 21:15:00,4056.95173,4060.91371,4055.17473,4060.69303
2026-08-04 21:30:00,4060.36843,4065.77012,4060.04899,4064.46119
2026-08-04 21:45:00,4062.58801,4084.01032,4062.58801,4072.76497
2026-08-04 22:00:00,4070.88083,4077.33294,4061.90341,4062.01981
2026-08-04 22:15:00,4062.2176,4069.01042,4061.90341,4067.59207
2026-08-04 22:30:00,4067.72661,4084.01137,4067.64586,4083.1447
2026-08-04 22:45:00,4081.40795,4081.40795,4070.60897,4070.9014
2026-08-04 23:00:00,4071.28831,4071.53287,4062.50782,4063.62545
2026-08-04 23:15:00,4063.75206,4087.30483,4063.22376,4078.68524
2026-08-04 23:30:00,4079.04613,4089.85805,4076.14234,4086.61149
2026-08-04 23:45:00,4087.91021,4093.66301,4079.86994,4084.75837
2026-08-05 00:00:00,4084.95314,4090.75003,4083.72213,4090.66913
2026-08-05 00:15:00,4090.49714,4091.14949,4081.63265,4085.79592
2026-08-05 00:30:00,4085.43461,4088.45903,4076.3085,4077.21506
2026-08-05 00:45:00,4077.96577,4084.36627,4077.96577,4084.18787
2026-08-05 01:00:00,4083.89592,4085.96878,4080.79984,4084.97697
2026-08-05 01:15:00,4084.86846,4086.69636,4075.9762,4077.43863
2026-08-05 01:30:00,4077.24776,4086.6367,4076.6586,4084.36297
2026-08-05 01:45:00,4084.45751,4088.47459,4082.7483,4087.8135
2026-08-05 02:00:00,4087.75988,4087.75988,4084.80046,4086.73463
2026-08-05 02:15:00,4086.42134,4089.64502,4083.40065,4089.55533
2026-08-05 02:30:00,4089.35908,4089.35908,4084.93151,4088.73478
2026-08-05 02:45:00,4088.02132,4093.74217,4088.02132,4093.62954
2026-08-05 03:00:00,4093.40369,4105.94294,4091.72927,4099.94056
2026-08-05 03:15:00,4100.1045,4101.92794,4095.49519,4096.14447
2026-08-05 03:30:00,4097.4998,4097.4998,4092.3228,4095.16639
2026-08-05 03:45:00,4094.52506,4096.35931,4087.09702,4087.40955
2026-08-05 04:00:00,4088.04835,4088.79349,4085.37829,4088.1716
2026-08-05 04:15:00,4087.97095,4088.30744,4084.63361,4084.80463
2026-08-05 04:30:00,4085.05042,4085.46799,4076.97326,4077.10973
2026-08-05 04:45:00,4077.29257,4081.14033,4075.86501,4080.08181
2026-08-05 05:00:00,4080.31708,4084.46677,4079.30117,4083.4477
2026-08-05 05:15:00,4083.68198,4084.63361,4079.46804,4080.41497
2026-08-05 05:30:00,4080.28511,4082.46581,4079.13522,4082.03062
2026-08-05 05:45:00,4081.96844,4082.13251,4076.47466,4079.08716
2026-08-05 06:00:00,4078.7486,4080.30031,4078.46976,4079.19006
2026-08-05 06:15:00,4079.39483,4079.39483,4074.97963,4075.74456
2026-08-05 06:30:00,4075.85999,4078.6361,4075.31176,4078.00057
2026-08-05 06:45:00,4077.9394,4078.13711,4076.3085,4077.39577
2026-08-05 07:00:00,4077.53527,4077.92031,4077.13948,4077.65022
2026-08-05 07:15:00,4077.65701,4077.89482,4077.30572,4077.73273
2026-08-05 07:30:00,4077.6634,4078.03744,4077.46756,4077.96696
2026-08-05 07:45:00,4077.87569,4077.87569,4077.5837,4077.70545
2026-08-05 08:00:00,4077.6532,4079.23281,4076.64085,4076.71293
2026-08-05 08:15:00,4076.881,4079.80091,4075.76546,4079.64916
2026-08-05 08:30:00,4079.25374,4086.05472,4079.239,4083.59216
2026-08-05 08:45:00,4084.00399,4085.57053,4076.3085,4076.59445
2026-08-05 09:00:00,4077.15309,4077.15309,4069.16569,4072.78945
2026-08-05 09:15:00,4072.4035,4074.64754,4065.90565,4067.90599
2026-08-05 09:30:00,4067.68677,4069.83843,4067.02456,4069.06377
2026-08-05 09:45:00,4069.17562,4073.07926,4068.6012,4072.94209
2026-08-05 10:00:00,4072.75749,4074.48152,4070.99821,4073.04793
2026-08-05 10:15:00,4072.75249,4078.80246,4071.07629,4078.71547
2026-08-05 10:30:00,4078.47654,4082.15064,4078.2042,4080.3968
2026-08-05 10:45:00,4080.31364,4083.29931,4078.13711,4082.03607
2026-08-05 11:00:00,4082.04942,4086.13574,4078.12536,4086.02981
2026-08-05 11:15:00,4085.61499,4088.1403,4082.58054,4082.82176
2026-08-05 11:30:00,4083.33141,4092.81984,4081.98209,4092.6435
2026-08-05 11:45:00,4092.35617,4102.05923,4092.35617,4101.8736
2026-08-05 12:00:00,4101.34543,4102.05923,4097.01737,4099.56544
2026-08-05 12:15:00,4099.46312,4107.61963,4096.41207,4102.90961
2026-08-05 12:30:00,4103.52484,4128.81916,4103.40583,4126.20648
2026-08-05 12:45:00,4126.49523,4135.36861,4126.09341,4130.94473
2026-08-05 13:00:00,4131.61954,4135.6493,4127.45584,4134.76152
2026-08-05 13:15:00,4135.02161,4135.82034,4130.56766,4132.34316
2026-08-05 13:30:00,4132.24112,4132.24112,4127.79658,4128.28157
2026-08-05 13:45:00,4128.04883,4130.18338,4127.45251,4128.86085
2026-08-05 14:00:00,4128.90558,4141.3012,4128.90558,4139.53047
2026-08-05 14:15:00,4140.72598,4140.81991,4138.21643,4138.51372
2026-08-05 14:30:00,4138.71491,4138.71491,4133.19225,4135.94584
2026-08-05 14:45:00,4135.75523,4135.75523,4132.98936,4134.85877
2026-08-05 15:00:00,4134.91838,4138.21984,4134.91838,4137.78219
2026-08-05 15:15:00,4137.57853,4142.80516,4136.33355,4138.47327
2026-08-05 15:30:00,4138.67083,4156.38695,4138.67083,4151.21286
2026-08-05 15:45:00,4152.7522,4172.22964,4152.7522,4163.61832
2026-08-05 16:00:00,4164.93596,4173.9139,4160.59913,4173.68778
2026-08-05 16:15:00,4173.38874,4174.48647,4163.89074,4167.15452
2026-08-05 16:30:00,4166.32956,4178.02668,4166.32956,4173.86524
2026-08-05 16:45:00,4174.29349,4177.98203,4171.75918,4177.67399
2026-08-05 17:00:00,4176.90168,4179.30077,4166.49306,4166.78632
2026-08-05 17:15:00,4167.2817,4169.39297,4164.35881,4165.41576
2026-08-05 17:30:00,4165.3621,4166.40142,4162.57354,4166.24466
2026-08-05 17:45:00,4165.91057,4171.51989,4164.06413,4171.25667
2026-08-05 18:00:00,4170.65389,4172.01389,4168.22975,4168.86011
2026-08-05 18:15:00,4168.6317,4170.31762,4162.50416,4163.74003
2026-08-05 18:30:00,4163.72057,4166.1459,4162.33091,4165.90498
2026-08-05 18:45:00,4165.48432,4166.92531,4160.07987,4160.16279
2026-08-05 19:00:00,4160.20114,4166.84029,4159.17125,4163.14306
2026-08-05 19:15:00,4163.33862,4163.33862,4155.58511,4157.47771
2026-08-05 19:30:00,4157.01479,4159.04176,4154.91009,4157.28799
2026-08-05 19:45:00,4156.87786,4159.04176,4152.38315,4158.57495
2026-08-05 20:00:00,4157.77575,4158.96979,4151.27236,4151.40366
2026-08-05 20:15:00,4151.61717,4158.17706,4150.27668,4156.43671
2026-08-05 20:30:00,4156.60195,4158.24219,4153.4626,4155.06036
2026-08-05 20:45:00,4155.67705,4161.81122,4154.25277,4161.57112
2026-08-05 21:00:00,4161.06535,4170.06348,4159.96208,4168.09253
2026-08-05 21:15:00,4168.90605,4180.07775,4168.90605,4179.41077
2026-08-05 21:30:00,4178.43019,4187.78006,4175.19101,4187.60378
2026-08-05 21:45:00,4187.27687,4192.51393,4183.22527,4192.23189
2026-08-05 22:00:00,4191.54952,4199.38689,4189.53454,4199.30796
2026-08-05 22:15:00,4199.13308,4212.47736,4198.50533,4206.77944
2026-08-05 22:30:00,4208.39759,4211.96182,4194.0338,4194.328
2026-08-05 22:45:00,4194.91703,4195.85062,4183.83989,4184.10763
2026-08-05 23:00:00,4184.38768,4196.21501,4183.16763,4188.29635
2026-08-05 23:15:00,4188.53265,4197.80035,4186.90337,4196.4612
2026-08-05 23:30:00,4195.83594,4202.05658,4193.92719,4199.22103
2026-08-05 23:45:00,4199.53345,4204.37258,4186.18319,4203.94021
2026-08-06 00:00:00,4203.04279,4234.05877,4203.04279,4226.00567
2026-08-06 00:15:00,4226.95357,4238.54533,4226.95357,4237.52109
2026-08-06 00:30:00,4236.89174,4241.33868,4230.65533,4240.36431
2026-08-06 00:45:00,4239.07867,4248.05408,4235.49343,4243.81868
2026-08-06 01:00:00,4243.79968,4260.03238,4243.50256,4258.62078
2026-08-06 01:15:00,4258.67684,4267.13964,4250.87872,4258.32511
2026-08-06 01:30:00,4259.54584,4259.54584,4254.77599,4254.90616
2026-08-06 01:45:00,4255.09366,4255.80263,4234.23805,4234.42576
2026-08-06 02:00:00,4234.83156,4237.2187,4225.7867,4233.71501
2026-08-06 02:15:00,4233.55534,4241.67062,4233.52102,4241.24128
2026-08-06 02:30:00,4241.01108,4247.00586,4239.56089,4244.6684
2026-08-06 02:45:00,4244.93373,4247.07774,4237.82684,4240.74209
2026-08-06 03:00:00,4240.0459,4243.40151,4239.44378,4242.04215
2026-08-06 03:15:00,4242.61396,4244.80185,4235.79107,4244.19546
2026-08-06 03:30:00,4243.36884,4250.7564,4241.51355,4249.97166
2026-08-06 03:45:00,4249.62086,4252.42388,4247.32139,4251.05209
2026-08-06 04:00:00,4251.78143,4257.23769,4249.31528,4255.41678
2026-08-06 04:15:00,4256.35425,4265.11985,4252.60472,4262.71659
2026-08-06 04:30:00,4262.88683,4263.16114,4255.50023,4259.99662
2026-08-06 04:45:00,4259.81595,4263.11975,4257.85574,4261.60403
2026-08-06 05:00:00,4261.81634,4261.81634,4256.58707,4258.49363
2026-08-06 05:15:00,4258.32523,4259.12339,4250.62121,4253.21418
2026-08-06 05:30:00,4253.53664,4255.6951,4249.17141,4253.59247
2026-08-06 05:45:00,4253.11222,4253.90822,4246.8255,4247.01607
2026-08-06 06:00:00,4247.35423,4249.89375,4245.8228,4249.01994
2026-08-06 06:15:00,4248.50347,4250.49177,4245.74364,4245.8802
2026-08-06 06:30:00,4246.02907,4250.14427,4245.56491,4245.82485
2026-08-06 06:45:00,4246.31061,4247.25534,4243.58158,4246.99711
2026-08-06 07:00:00,4246.60064,4247.54704,4246.55902,4246.83152
2026-08-06 07:15:00,4247.01166,4247.36992,4246.64515,4247.10315
2026-08-06 07:30:00,4247.03824,4247.5071,4246.69869,4247.13821
2026-08-06 07:45:00,4247.04268,4247.23477,4246.98303,4247.07951
2026-08-06 08:00:00,4247.04554,4254.05198,4245.95111,4246.98186
2026-08-06 08:15:00,4247.30276,4248.99086,4247.30276,4248.05512
2026-08-06 08:30:00,4247.83622,4250.25502,4247.37185,4248.55458
2026-08-06 08:45:00,4248.84414,4249.74069,4248.04344,4249.45655
2026-08-06 09:00:00,4249.0283,4256.76826,4249.0283,4254.7335
2026-08-06 09:15:00,4254.91439,4263.48327,4254.83402,4262.75985
2026-08-06 09:30:00,4262.01569,4282.28845,4254.61382,4281.9181
2026-08-06 09:45:00,4281.20922,4281.20922,4273.13905,4277.9627
2026-08-06 10:00:00,4276.31551,4279.90584,4263.41684,4264.88127
2026-08-06 10:15:00,4265.64492,4284.12304,4265.64492,4275.42902
2026-08-06 10:30:00,4277.13556,4291.66693,4272.86889,4285.26864
2026-08-06 10:45:00,4285.54847,4299.15389,4284.95589,4295.86705
2026-08-06 11:00:00,4295.38811,4302.01401,4280.82192,4281.48907
2026-08-06 11:15:00,4281.79912,4286.55928,4273.86956,4276.67449
2026-08-06 11:30:00,4279.38349,4296.55665,4271.80614,4288.87832
2026-08-06 11:45:00,4289.12035,4296.92094,4285.40819,4287.15635
2026-08-06 12:00:00,4286.71454,4304.07478,4284.67372,4297.88775
2026-08-06 12:15:00,4297.6034,4300.33374,4292.10871,4294.50373
2026-08-06 12:30:00,4294.16043,4294.16043,4281.08445,4281.79865
2026-08-06 12:45:00,4282.71055,4285.86429,4274.9658,4278.89432
2026-08-06 13:00:00,4278.65596,4280.82192,4274.60032,4275.11081
2026-08-06 13:15:00,4276.03318,4276.10429,4261.4847,4263.77132
2026-08-06 13:30:00,4262.71811,4267.01907,4262.21124,4263.31037
2026-08-06 13:45:00,4263.04648,4265.61746,4260.78847,4265.30629
2026-08-06 14:00:00,4264.45304,4266.75769,4262.39291,4264.26795
2026-08-06 14:15:00,4265.53944,4265.53944,4254.8648,4256.05598
2026-08-06 14:30:00,4258.16306,4260.93996,4253.32823,4259.04726
2026-08-06 14:45:00,4259.71836,4263.91599,4257.67446,4262.56053
2026-08-06 15:00:00,4262.52598,4264.93795,4257.49319,4258.32877
2026-08-06 15:15:00,4257.92706,4259.28941,4253.88141,4254.79567
2026-08-06 15:30:00,4254.87885,4264.93795,4244.1349,4263.84239
2026-08-06 15:45:00,4264.0827,4267.87901,4262.32947,4266.82197
2026-08-06 16:00:00,4266.47414,4268.03244,4257.31193,4257.61857
2026-08-06 16:15:00,4258.03971,4261.4847,4254.77599,4256.17506
2026-08-06 16:30:00,4256.15037,4258.88714,4250.43567,4255.21403
2026-08-06 16:45:00,4253.77977,4257.67446,4252.24306,4255.19041
2026-08-06 17:00:00,4254.10084,4263.84684,4253.50915,4263.64985
2026-08-06 17:15:00,4263.22898,4264.2393,4258.58104,4261.8606
2026-08-06 17:30:00,4262.17513,4262.24045,4255.63203,4256.03072
2026-08-06 17:45:00,4256.87432,4262.02958,4252.38662,4261.7703
2026-08-06 18:00:00,4261.22887,4268.94344,4260.75841,4268.74316
2026-08-06 18:15:00,4268.45538,4270.47825,4264.93795,4268.74123
2026-08-06 18:30:00,4268.30241,4275.35005,4268.30241,4272.46535
2026-08-06 18:45:00,4271.7044,4278.16156,4271.7044,4277.6147
2026-08-06 19:00:00,4276.61763,4284.71091,4276.35476,4277.26089
2026-08-06 19:15:00,4277.1819,4284.96,4275.63083,4281.74241
2026-08-06 19:30:00,4280.58157,4284.36576,4273.07325,4273.64062
2026-08-06 19:45:00,4274.53793,4275.87976,4272.04375,4272.74766
2026-08-06 20:00:00,4272.40442,4274.46938,4269.12568,4269.68199
2026-08-06 20:15:00,4269.60599,4271.31386,4267.85028,4269.92149
2026-08-06 20:30:00,4269.67632,4269.85482,4266.2116,4266.91743
2026-08-06 20:45:00,4266.79273,4271.31386,4264.85804,4270.35644
2026-08-06 21:00:00,4270.65555,4273.09588,4267.12183,4268.38197
2026-08-06 21:15:00,4268.21098,4271.29836,4260.75841,4264.1987
2026-08-06 21:30:00,4263.8128,4266.93975,4259.84483,4260.06702
2026-08-06 21:45:00,4260.53584,4262.7563,4252.16492,4262.25505
2026-08-06 22:00:00,4261.84719,4265.48371,4256.76826,4257.74234
2026-08-06 22:15:00,4257.55246,4261.84794,4251.62617,4260.54216
2026-08-06 22:30:00,4260.1316,4270.949,4256.66368,4267.36721
2026-08-06 22:45:00,4267.66919,4267.66919,4249.89375,4250.97314
2026-08-06 23:00:00,4250.88557,4256.14913,4231.37139,4239.11879
2026-08-06 23:15:00,4238.29819,4248.08836,4236.85805,4246.96371
2026-08-06 23:30:00,4246.47583,4272.7484,4246.47583,4272.01709
2026-08-06 23:45:00,4271.09227,4277.07167,4263.21242,4267.7922
2026-08-07 00:00:00,4267.73098,4276.91558,4264.93795,4271.15847
2026-08-07 00:15:00,4272.80423,4273.57545,4261.45915,4266.05079
2026-08-07 00:30:00,4264.83204,4275.33134,4264.83204,4274.09769
2026-08-07 00:45:00,4273.88483,4276.14572,4263.11975,4269.79144
2026-08-07 01:00:00,4269.2892,4274.41761,4263.3015,4263.72531
2026-08-07 01:15:00,4263.84214,4263.84214,4250.97772,4254.52531
2026-08-07 01:30:00,4255.4734,4256.8031,4248.08836,4249.44232
2026-08-07 01:45:00,4249.65965,4251.51992,4232.44593,4238.4254
2026-08-07 02:00:00,4236.78748,4242.17611,4232.06758,4233.28533
2026-08-07 02:15:00,4235.08978,4235.08978,4224.22648,4227.70321
2026-08-07 02:30:00,4227.65316,4235.85225,4227.65316,4233.26149
2026-08-07 02:45:00,4234.07357,4242.48786,4231.82206,4240.99314
2026-08-07 03:00:00,4241.19154,4244.99521,4240.70226,4243.65692
2026-08-07 03:15:00,4243.21731,4243.21731,4237.8136,4240.46065
2026-08-07 03:30:00,4240.98759,4243.40151,4239.98304,4242.98165
2026-08-07 03:45:00,4242.80838,4248.44932,4240.8821,4247.11993
2026-08-07 04:00:00,4246.94938,4248.99086,4243.9601,4247.30184
2026-08-07 04:15:00,4247.35128,4249.53255,4246.8255,4246.92219
2026-08-07 04:30:00,4247.04999,4248.32313,4240.70226,4241.70706
2026-08-07 04:45:00,4241.49529,4245.38315,4240.94209,4242.88918
2026-08-07 05:00:00,4242.50511,4251.01246,4242.21072,4248.59768
2026-08-07 05:15:00,4249.62343,4249.62343,4237.09799,4238.0224
2026-08-07 05:30:00,4237.98728,4239.26406,4234.05877,4234.14409
2026-08-07 05:45:00,4234.21318,4251.88146,4232.86878,4248.28142
2026-08-07 06:00:00,4247.72377,4249.35197,4243.5978,4244.07219
2026-08-07 06:15:00,4245.10894,4245.38315,4240.34262,4241.42164
2026-08-07 06:30:00,4240.84012,4242.89574,4235.67284,4235.82318
2026-08-07 06:45:00,4236.08014,4241.60163,4235.01312,4240.8196
2026-08-07 07:00:00,4240.67481,4240.70226,4240.16282,4240.4082
2026-08-07 07:15:00,4240.43864,4240.8821,4240.34262,4240.51374
2026-08-07 07:30:00,4240.43054,4240.67265,4240.3355,4240.50604
2026-08-07 07:45:00,4240.41448,4240.64426,4239.98304,4240.34418
2026-08-07 08:00:00,4240.28508,4240.34262,4236.21113,4238.63327
2026-08-07 08:15:00,4238.24538,4243.04141,4238.24538,4242.26796
2026-08-07 08:30:00,4242.53624,4243.22145,4239.85847,4240.0526
2026-08-07 08:45:00,4240.39685,4242.86139,4239.62218,4241.05535
2026-08-07 09:00:00,4241.11125,4245.74364,4238.84193,4244.73199
2026-08-07 09:15:00,4244.52079,4246.19546,4243.94177,4244.12593
2026-08-07 09:30:00,4244.44821,4248.08836,4244.22011,4246.26333
2026-08-07 09:45:00,4246.86226,4252.78557,4245.56339,4252.5991
2026-08-07 10:00:00,4252.50007,4252.50007,4244.21547,4244.4768
2026-08-07 10:15:00,4244.98349,4246.33478,4239.26406,4243.1213
2026-08-07 10:30:00,4242.37741,4243.40151,4231.37139,4231.98044
2026-08-07 10:45:00,4232.64295,4236.92907,4230.65533,4232.01982
2026-08-07 11:00:00,4231.79789,4246.64515,4230.24215,4243.76773
2026-08-07 11:15:00,4243.04798,4248.62982,4238.23588,4245.68067
2026-08-07 11:30:00,4245.30138,4255.95099,4240.16282,4254.91086
2026-08-07 11:45:00,4252.95814,4260.16477,4252.78557,4258.66396
2026-08-07 12:00:00,4258.1045,4261.84794,4256.7334,4259.15544
2026-08-07 12:15:00,4259.11179,4261.30311,4257.49319,4259.87781
2026-08-07 12:30:00,4260.12462,4260.8054,4250.43567,4250.7279
2026-08-07 12:45:00,4251.2462,4255.86245,4246.0541,4250.60061
2026-08-07 13:00:00,4251.15804,4260.03238,4249.53289,4256.57728
2026-08-07 13:15:00,4256.19555,4257.49319,4253.20103,4257.06792
2026-08-07 13:30:00,4256.88562,4260.93996,4255.34827,4260.83362
2026-08-07 13:45:00,4260.72456,4265.05298,4259.30658,4264.59374
2026-08-07 14:00:00,4263.54255,4269.71926,4262.39291,4264.8781
2026-08-07 14:15:00,4265.46855,4267.78154,4261.91461,4266.54068
2026-08-07 14:30:00,4266.19786,4268.1429,4259.13877,4266.21975
2026-08-07 14:45:00,4265.09494,4268.00597,4262.3271,4265.9398
2026-08-07 15:00:00,4266.93245,4271.31386,4262.11014,4268.62963
2026-08-07 15:15:00,4268.904,4270.67834,4265.41456,4265.49063
2026-08-07 15:30:00,4265.7348,4277.15997,4265.7348,4271.74013
2026-08-07 15:45:00,4271.66382,4281.00518,4271.49631,4279.83373
2026-08-07 16:00:00,4279.60288,4290.00429,4278.50331,4287.17036
2026-08-07 16:15:00,4287.50345,4290.3724,4282.50983,4284.25156
2026-08-07 16:30:00,4284.69107,4295.09828,4281.18846,4294.74999
2026-08-07 16:45:00,4294.20988,4298.30217,4289.08428,4298.09852
2026-08-07 17:00:00,4297.60965,4297.74798,4290.3724,4291.18821
2026-08-07 17:15:00,4291.113,4292.39816,4285.22455,4285.49944
2026-08-07 17:30:00,4285.87194,4288.53246,4284.49015,4285.20737
2026-08-07 17:45:00,4285.48123,4290.75005,4283.5725,4290.41231
2026-08-07 18:00:00,4289.73716,4300.15051,4289.73716,4299.67801
2026-08-07 18:15:00,4299.04602,4301.26937,4294.15796,4296.11139
2026-08-07 18:30:00,4295.42801,4319.28127,4287.56698,4309.71499
2026-08-07 18:45:00,4309.51193,4310.75205,4303.66672,4303.81895
2026-08-07 19:00:00,4303.98955,4307.51794,4303.98955,4306.85008
2026-08-07 19:15:00,4306.51253,4310.34483,4305.46766,4306.77307
2026-08-07 19:30:00,4307.43786,4318.02005,4302.18292,4317.21135
2026-08-07 19:45:00,4315.58287,4320.22978,4314.4824,4314.75235
2026-08-07 20:00:00,4315.26494,4318.90818,4309.09672,4309.4144
2026-08-07 20:15:00,4310.0349,4313.91523,4308.48649,4313.7112
2026-08-07 20:30:00,4313.19039,4317.97573,4313.19039,4317.86424
2026-08-07 20:45:00,4317.64049,4320.74477,4316.67098,4317.06364
2026-08-07 21:00:00,4317.18739,4326.19511,4316.20924,4322.371
2026-08-07 21:15:00,4324.22319,4326.75666,4316.93102,4325.30882
2026-08-07 21:30:00,4325.52651,4327.69291,4320.94414,4323.43549
2026-08-07 21:45:00,4323.6159,4326.60151,4320.96098,4321.5482
2026-08-07 22:00:00,4322.61851,4327.35651,4316.29834,4317.67262
2026-08-07 22:15:00,4319.8302,4319.8302,4310.53063,4313.86482
2026-08-07 22:30:00,4312.85904,4369.06291,4303.7292,4368.38202
2026-08-07 22:45:00,4367.02388,4371.01145,4356.34938,4357.1706
2026-08-07 23:00:00,4357.766,4361.23785,4346.88111,4348.40432
2026-08-07 23:15:00,4348.16116,4357.48834,4338.49994,4354.89803
2026-08-07 23:30:00,4355.36566,4367.35724,4351.2314,4363.37849
2026-08-07 23:45:00,4364.8896,4364.8896,4343.10532,4344.60952
2026-08-08 00:00:00,4345.06197,4351.76503,4328.62956,4331.75626
2026-08-08 00:15:00,4331.80665,4351.98886,4330.5079,4351.72655
2026-08-08 00:30:00,4351.01897,4352.0899,4343.89233,4346.308
2026-08-08 00:45:00,4348.0305,4348.0305,4339.75794,4342.52471
2026-08-08 01:00:00,4342.85808,4352.44836,4341.97386,4351.7623
2026-08-08 01:15:00,4350.88136,4357.3118,4350.88136,4354.25339
2026-08-08 01:30:00,4355.48756,4355.48756,4348.01513,4350.29767
2026-08-08 01:45:00,4350.5081,4351.04207,4340.46617,4342.56365
2026-08-08 02:00:00,4343.37473,4349.3389,4338.97677,4346.94981
2026-08-08 02:15:00,4346.52602,4347.44805,4335.00954,4337.24267
2026-08-08 02:30:00,4336.89306,4342.1624,4332.71885,4338.1768
2026-08-08 02:45:00,4338.43947,4341.59684,4328.96671,4329.28519
2026-08-08 03:00:00,4329.80834,4338.20659,4326.71361,4336.10947
2026-08-08 03:15:00,4336.01133,4341.40835,4334.63372,4341.18955
2026-08-08 03:30:00,4340.74375,4340.74375,4329.94155,4337.79399
2026-08-08 03:45:00,4337.59713,4343.1846,4335.94936,4341.08548
2026-08-08 04:00:00,4341.7327,4343.24855,4336.94478,4337.94066
2026-08-08 04:15:00,4340.23056,4340.23056,4332.38021,4333.74904
2026-08-08 04:30:00,4334.03454,4338.95952,4333.13112,4335.11699
2026-08-08 04:45:00,4336.24504,4338.01839,4333.9374,4334.19335
2026-08-08 05:00:00,4334.6684,4346.12543,4332.47805,4343.80346
2026-08-08 05:15:00,4343.93381,4349.74444,4343.29395,4348.05008
2026-08-08 05:30:00,4347.98329,4348.20419,4344.64959,4347.77883
2026-08-08 05:45:00,4347.37989,4349.79584,4338.70533,4344.0159
2026-08-08 06:00:00,4342.32336,4345.55884,4338.95952,4341.91455
2026-08-08 06:15:00,4341.49368,4341.97386,4337.07768,4338.65035
2026-08-08 06:30:00,4338.35526,4342.71399,4335.76136,4340.46677
2026-08-08 06:45:00,4340.64039,4342.7281,4339.33608,4342.63347
2026-08-08 07:00:00,4342.38579,4342.9167,4341.59684,4342.35543
2026-08-08 07:15:00,4342.2529,4342.45409,4342.1624,4342.34958
2026-08-08 07:30:00,4342.26044,4342.57458,4341.97386,4342.34253
2026-08-08 07:45:00,4342.25794,4342.61884,4342.08169,4342.24845
2026-08-08 08:00:00,4342.26798,4342.46356,4342.19886,4342.25019
2026-08-08 08:15:00,4342.26044,4342.45351,4342.19625,4342.34748
2026-08-08 08:30:00,4342.26259,4342.45704,4342.19861,4342.34375
2026-08-08 08:45:00,4342.26233,4342.4536,4342.19553,4342.25524
2026-08-08 09:00:00,4342.2621,4342.45959,4342.201,4342.24475
2026-08-08 09:15:00,4342.26641,4342.46122,4342.20847,4342.34545
2026-08-08 09:30:00,4342.27025,4342.46279,4342.20176,4342.35688
2026-08-08 09:45:00,4342.26542,4342.46452,4342.20353,4342.3252
2026-08-08 10:00:00,4342.26958,4342.46525,4342.20503,4342.2371
2026-08-08 10:15:00,4342.26681,4342.45613,4342.20478,4342.33988
2026-08-08 10:30:00,4342.27007,4342.46496,4342.20483,4342.3625
2026-08-08 10:45:00,4342.26536,4342.45891,4342.19673,4342.32847
2026-08-08 11:00:00,4342.26233,4342.55321,4342.22046,4342.23367
2026-08-08 11:15:00,4342.26647,4342.46147,4342.20124,4342.34682
2026-08-08 11:30:00,4342.26987,4342.46002,4342.20099,4342.35986
2026-08-08 11:45:00,4342.26233,4342.45739,4342.19809,4342.33453
2026-08-08 12:00:00,4342.26238,4342.45416,4342.19859,4342.2292
2026-08-08 12:15:00,4342.26155,4342.457,4342.20172,4342.3593
2026-08-08 12:30:00,4342.26778,4342.45583,4342.20096,4342.35442
2026-08-08 12:45:00,4342.26044,4342.45739,4342.19725,4342.32052
2026-08-08 13:00:00,4342.26233,4342.45531,4342.19808,4342.23496
2026-08-08 13:15:00,4342.26078,4342.46167,4342.20063,4342.37075
2026-08-08 13:30:00,4342.2676,4342.45942,4342.19936,4342.35251
2026-08-08 13:45:00,4342.26579,4342.46147,4342.201,4342.34739
2026-08-08 14:00:00,4342.26822,4342.46121,4342.20663,4342.24817
2026-08-08 14:15:00,4342.26506,4342.46275,4342.1986,4342.24799
2026-08-08 14:30:00,4342.26206,4342.46262,4342.20354,4342.34748
2026-08-08 14:45:00,4342.26585,4342.46337,4342.20312,4342.35287
2026-08-08 15:00:00,4342.26859,4342.45426,4342.20289,4342.26133
2026-08-08 15:15:00,4342.26462,4342.46307,4342.19804,4342.23778
2026-08-08 15:30:00,4342.262,4342.45602,4342.19676,4342.34032
2026-08-08 15:45:00,4342.26028,4342.45944,4342.19937,4342.36121
2026-08-08 16:00:00,4342.26869,4342.45958,4342.20832,4342.32503
2026-08-08 16:15:00,4342.26444,4342.45934,4342.19911,4342.23729
2026-08-08 16:30:00,4342.26725,4342.45533,4342.19618,4342.33109
2026-08-08 16:45:00,4342.26038,4342.45419,4342.19862,4342.36531
2026-08-08 17:00:00,4342.26873,4342.46263,4342.20311,4342.33096
2026-08-08 17:15:00,4342.26425,4342.46336,4342.1624,4342.18335
2026-08-08 17:30:00,4342.25516,4342.45171,4342.1624,4342.34536
2026-08-08 17:45:00,4342.26044,4342.45339,4342.19809,4342.35918
2026-08-08 18:00:00,4342.2627,4342.45604,4342.1624,4342.33462
2026-08-08 18:15:00,4342.25676,4342.44603,4342.1624,4342.22882
2026-08-08 18:30:00,4342.25856,4342.45583,4342.19536,4342.35872
2026-08-08 18:45:00,4342.26044,4342.4555,4342.19895,4342.35231
2026-08-08 19:00:00,4342.26044,4342.45531,4342.1624,4342.3186
2026-08-08 19:15:00,4342.25497,4342.45335,4342.1624,4342.23779
2026-08-08 19:30:00,4342.26044,4342.45018,4342.1624,4342.19334
2026-08-08 19:45:00,4342.25645,4342.44714,4342.1624,4342.33736
2026-08-08 20:00:00,4342.2545,4342.45358,4342.1624,4342.33779
2026-08-08 20:15:00,4342.26044,4342.45032,4342.1624,4342.19071
2026-08-08 20:30:00,4342.25504,4342.45143,4342.1624,4342.18899
2026-08-08 20:45:00,4342.25638,4342.45207,4342.1624,4342.32467
2026-08-08 21:00:00,4342.25457,4342.45551,4342.1624,4342.34862
2026-08-08 21:15:00,4342.26044,4342.4553,4342.19616,4342.32078
2026-08-08 21:30:00,4342.26215,4342.45698,4342.19868,4342.23534
2026-08-08 21:45:00,4342.26233,4342.45379,4342.19745,4342.32044
2026-08-08 22:00:00,4342.26233,4342.45771,4342.19724,4342.35741
2026-08-08 22:15:00,4342.26233,4342.45742,4342.20093,4342.30338
2026-08-08 22:30:00,4342.26233,4342.45611,4342.19804,4342.23051
2026-08-08 22:45:00,4342.26233,4342.45698,4342.19869,4342.33684
2026-08-08 23:00:00,4342.26233,4342.4538,4342.19745,4342.36002
2026-08-08 23:15:00,4342.26233,4342.45771,4342.19723,4342.29796
2026-08-08 23:30:00,4342.26233,4342.45742,4342.20094,4342.23018
2026-08-08 23:45:00,4342.26233,4342.45612,4342.19803,4342.3518
2026-08-09 00:00:00,4342.26233,4342.45697,4342.19984,4342.35807
2026-08-09 00:15:00,4342.26233,4342.45771,4342.19746,4342.31491
2026-08-09 00:30:00,4342.26233,4342.45247,4342.19723,4342.23437
2026-08-09 00:45:00,4342.26233,4342.45742,4342.19803,4342.36426
2026-08-09 01:00:00,4342.26233,4342.45612,4342.1987,4342.3517
2026-08-09 01:15:00,4342.26233,4342.45697,4342.19746,4342.33045
2026-08-09 01:30:00,4342.26233,4342.45771,4342.20263,4342.2428
2026-08-09 01:45:00,4342.26233,4342.45743,4342.19723,4342.25243
2026-08-09 02:00:00,4342.26233,4342.45521,4342.19802,4342.34136
2026-08-09 02:15:00,4342.26233,4342.45696,4342.19871,4342.34351
2026-08-09 02:30:00,4342.26233,4342.45383,4342.19746,4342.25487
2026-08-09 02:45:00,4342.26233,4342.4577,4342.19723,4342.24097
2026-08-09 03:00:00,4342.26233,4342.45743,4342.20098,4342.32778
2026-08-09 03:15:00,4342.26233,4342.45614,4342.19802,4342.35317
2026-08-09 03:30:00,4342.26233,4342.45696,4342.19981,4342.31461
2026-08-09 03:45:00,4342.26233,4342.4577,4342.19747,4342.23328
2026-08-09 04:00:00,4342.26233,4342.45243,4342.19723,4342.32588
2026-08-09 04:15:00,4342.26233,4342.45743,4342.19801,4342.35876
2026-08-09 04:30:00,4342.26233,4342.45615,4342.19873,4342.29806
2026-08-09 04:45:00,4342.26233,4342.45695,4342.1998,4342.2299
2026-08-09 05:00:00,4342.26233,4342.4577,4342.19747,4342.34194
2026-08-09 05:15:00,4342.26233,4342.45242,4342.19723,4342.35988
2026-08-09 05:30:00,4342.26233,4342.45744,4342.198,4342.30358
2026-08-09 05:45:00,4342.26233,4342.45615,4342.19873,4342.23106
2026-08-09 06:00:00,4342.26233,4342.45695,4342.19747,4342.35619
2026-08-09 06:15:00,4342.26233,4342.4577,4342.20257,4342.35646
2026-08-09 06:30:00,4342.26233,4342.45744,4342.19723,4342.32019
2026-08-09 06:45:00,4342.26233,4342.45517,4342.198,4342.23668
2026-08-09 07:00:00,4342.26233,4342.45694,4342.19874,4342.26188
2026-08-09 07:15:00,4342.26233,4342.45388,4342.19748,4342.34873
2026-08-09 07:30:00,4342.26233,4342.4577,4342.19723,4342.33504
2026-08-09 07:45:00,4342.26233,4342.45744,4342.20102,4342.24457
2026-08-09 08:00:00,4342.26044,4342.45424,4342.19614,4342.24635
2026-08-09 08:15:00,4342.26044,4342.45508,4342.19794,4342.33526
2026-08-09 08:30:00,4342.26044,4342.45582,4342.19558,4342.34527
2026-08-09 08:45:00,4342.26044,4342.45057,4342.19535,4342.25768
2026-08-09 09:00:00,4342.26044,4342.45554,4342.19613,4342.23607
2026-08-09 09:15:00,4342.26044,4342.45425,4342.19683,4342.3208
2026-08-09 09:30:00,4342.26044,4342.45507,4342.19558,4342.35363
2026-08-09 09:45:00,4342.26044,4342.45582,4342.20072,4342.30713
2026-08-09 10:00:00,4342.26044,4342.45555,4342.19534,4342.22977
2026-08-09 10:15:00,4342.26044,4342.45331,4342.19613,4342.32949
2026-08-09 10:30:00,4342.26044,4342.45426,4342.19684,4342.35775
2026-08-09 10:45:00,4342.26044,4342.45507,4342.19558,4342.29088
2026-08-09 11:00:00,4342.26044,4342.45582,4342.20071,4342.22789
2026-08-09 11:15:00,4342.26044,4342.45555,4342.19534,4342.34506
2026-08-09 11:30:00,4342.26044,4342.4533,4342.19612,4342.35735
2026-08-09 11:45:00,4342.26044,4342.45506,4342.19685,4342.30736
2026-08-09 12:00:00,4342.26044,4342.45198,4342.19559,4342.23057
2026-08-09 12:15:00,4342.26044,4342.45582,4342.19534,4342.35847
2026-08-09 12:30:00,4342.26044,4342.45555,4342.19912,4342.35245
2026-08-09 12:45:00,4342.26044,4342.45427,4342.19611,4342.32351
2026-08-09 13:00:00,4342.26044,4342.45506,4342.1979,4342.23761
2026-08-09 13:15:00,4342.26044,4342.45582,4342.19559,4342.25516
2026-08-09 13:30:00,4342.26044,4342.45051,4342.19534,4342.3434
2026-08-09 13:45:00,4342.26044,4342.45556,4342.19611,4342.33753
2026-08-09 14:00:00,4342.26044,4342.45428,4342.19686,4342.24852
2026-08-09 14:15:00,4342.26044,4342.45505,4342.19559,4342.24259
2026-08-09 14:30:00,4342.26044,4342.45581,4342.20067,4342.33082
2026-08-09 14:45:00,4342.26044,4342.45556,4342.19534,4342.34843
2026-08-09 15:00:00,4342.26044,4342.45327,4342.1961,4342.31843
2026-08-09 15:15:00,4342.26044,4342.45505,4342.19687,4342.23355
2026-08-09 15:30:00,4342.26044,4342.45201,4342.1956,4342.31832
2026-08-09 15:45:00,4342.26044,4342.45581,4342.19534,4342.35546
2026-08-09 16:00:00,4342.26044,4342.45556,4342.19916,4342.30171
2026-08-09 16:15:00,4342.26044,4342.45429,4342.1961,4342.22866
2026-08-09 16:30:00,4342.26044,4342.45504,4342.19688,4342.33474
2026-08-09 16:45:00,4342.26044,4342.45202,4342.1956,4342.35813
2026-08-09 17:00:00,4342.26044,4342.45581,4342.19534,4342.29585
2026-08-09 17:15:00,4342.26044,4342.45556,4342.19917,4342.22827
2026-08-09 17:30:00,4342.26044,4342.4543,4342.19609,4342.34973
2026-08-09 17:45:00,4342.26044,4342.45504,4342.19786,4342.35624
2026-08-09 18:00:00,4342.26044,4342.45581,4342.1956,4342.3128
2026-08-09 18:15:00,4342.26044,4342.45046,4342.19534,4342.2324
2026-08-09 18:30:00,4342.26044,4342.45557,4342.19609,4342.36223
2026-08-09 18:45:00,4342.26044,4342.45431,4342.19689,4342.34993
2026-08-09 19:00:00,4342.26044,4342.45503,4342.19561,4342.32837
2026-08-09 19:15:00,4342.26044,4342.45581,4342.20061,4342.24078
2026-08-09 19:30:00,4342.26044,4342.45557,4342.19534,4342.25072
2026-08-09 19:45:00,4342.26044,4342.45323,4342.19608,4342.33964
2026-08-09 20:00:00,4342.26044,4342.45503,4342.1969,4342.34147
2026-08-09 20:15:00,4342.26044,4342.45206,4342.19561,4342.2528
2026-08-09 20:30:00,4342.26044,4342.45581,4342.19534,4342.23922
2026-08-09 20:45:00,4342.26044,4342.45557,4342.1992,4342.32609
2026-08-09 21:00:00,4342.26044,4342.45432,4342.19608,4342.35118
2026-08-09 21:15:00,4342.26044,4342.45502,4342.19783,4342.31294
2026-08-09 21:30:00,4342.26044,4342.45581,4342.19561,4342.23147
2026-08-09 21:45:00,4342.26044,4342.45042,4342.19533,4342.32378
2026-08-09 22:00:00,4342.26044,4342.45558,4342.19607,4342.35683
2026-08-09 22:15:00,4342.26044,4342.45433,4342.19691,4342.29639
2026-08-09 22:30:00,4342.26044,4342.45502,4342.19782,4342.22803
2026-08-09 22:45:00,4342.26044,4342.45581,4342.19562,4342.33985
2026-08-09 23:00:00,4342.26044,4342.4504,4342.19533,4342.35801
2026-08-09 23:15:00,4342.26044,4342.45558,4342.19607,4342.30146
2026-08-09 23:30:00,4342.26044,4342.45434,4342.19692,4342.22913
2026-08-09 23:45:00,4342.26044,4342.45501,4342.19562,4342.35413
2026-08-10 00:00:00,4342.26044,4342.45581,4342.20056,4342.35465
2026-08-10 00:15:00,4342.26044,4342.45558,4342.19533,4342.3181
2026-08-10 00:30:00,4342.26044,4342.4532,4342.19606,4342.23469
2026-08-10 00:45:00,4342.26044,4342.45501,4342.19693,4342.2602
2026-08-10 01:00:00,4342.26044,4342.4521,4342.19562,4342.34698
2026-08-10 01:15:00,4342.26044,4342.4558,4342.19533,4342.33297
2026-08-10 01:30:00,4342.26044,4342.45559,4342.19925,4342.24434
2026-08-10 01:45:00,4342.26044,4342.45435,4342.19606,4342.2466
2026-08-10 02:00:00,4342.26044,4342.455,4342.1978,4342.33553
2026-08-10 02:15:00,4342.26044,4342.4558,4342.19563,4342.34505
2026-08-10 02:30:00,4342.26044,4342.45036,4342.19533,4342.25738
2026-08-10 02:45:00,4342.26044,4342.45559,4342.19605,4342.23624
2026-08-10 03:00:00,4342.26044,4342.45436,4342.19694,4342.32112
2026-08-10 03:15:00,4342.26044,4342.455,4342.19563,4342.3535
2026-08-10 03:30:00,4342.26044,4342.4558,4342.20052,4342.30747
2026-08-10 03:45:00,4342.26044,4342.45559,4342.19533,4342.22986
2026-08-10 04:00:00,4342.26044,4342.45133,4342.1624,4342.31853
2026-08-10 04:15:00,4342.24913,4342.44483,4342.1624,4342.35213
2026-08-10 04:30:00,4342.25554,4342.44947,4342.1624,4342.28358
2026-08-10 04:45:00,4342.25105,4342.45392,4342.1624,4342.22789
2026-08-10 05:00:00,4342.26044,4342.7281,4342.19533,4342.71138
2026-08-10 05:15:00,4342.64183,4342.64183,4342.1624,4342.35548
2026-08-10 05:30:00,4342.25893,4342.4531,4342.1624,4342.33491
2026-08-10 05:45:00,4342.25848,4342.45209,4342.19375,4342.23784
2026-08-10 06:00:00,4342.26835,4342.55572,4342.16245,4342.36056
2026-08-10 06:15:00,4342.26408,4342.45558,4342.1624,4342.3527
2026-08-10 06:30:00,4342.25975,4342.4563,4342.1624,4342.34186
2026-08-10 06:45:00,4342.26233,4342.7281,4342.16142,4342.18657
2026-08-10 07:00:00,4342.28568,4342.7281,4342.1624,4342.26905
2026-08-10 07:15:00,4342.273,4342.7281,4342.07634,4342.37425
2026-08-10 07:30:00,4342.29357,4344.06425,4341.6818,4343.73354
2026-08-10 07:45:00,4343.74511,4343.95088,4343.4826,4343.62261
2026-08-10 08:00:00,4343.64486,4355.9871,4335.00954,4345.95175
2026-08-10 08:15:00,4345.50754,4345.50754,4338.95952,4343.27985
2026-08-10 08:30:00,4343.48336,4344.9924,4340.84299,4341.23016
2026-08-10 08:45:00,4341.75214,4344.23737,4339.99942,4342.46
2026-08-10 09:00:00,4342.32391,4347.82609,4341.50901,4346.91071
2026-08-10 09:15:00,4346.50435,4349.72182,4344.23737,4349.46476
2026-08-10 09:30:00,4348.83657,4348.83657,4340.37901,4341.91098
2026-08-10 09:45:00,4341.80312,4342.7281,4333.41507,4333.87088
2026-08-10 10:00:00,4334.80988,4346.12543,4332.60222,4345.5813
2026-08-10 10:15:00,4344.26616,4348.22368,4337.83022,4338.32681
2026-08-10 10:30:00,4339.11711,4339.11711,4333.71966,4334.97893
2026-08-10 10:45:00,4335.34163,4338.02936,4331.25433,4332.14584
2026-08-10 11:00:00,4331.95814,4338.95952,4320.95902,4324.74399
2026-08-10 11:15:00,4324.24032,4327.50563,4320.96098,4322.1185
2026-08-10 11:30:00,4322.22261,4327.69446,4313.50559,4316.78663
2026-08-10 11:45:00,4315.72762,4322.642,4315.72762,4316.86293
2026-08-10 12:00:00,4318.19741,4325.85525,4318.19741,4322.56684
2026-08-10 12:15:00,4323.64325,4331.28977,4323.64325,4330.88172
2026-08-10 12:30:00,4329.83852,4334.86314,4323.95036,4329.07975
2026-08-10 12:45:00,4328.48343,4328.85082,4319.09472,4322.37614
2026-08-10 13:00:00,4321.4286,4321.4286,4317.97573,4318.43798
2026-08-10 13:15:00,4318.64137,4327.07477,4318.64137,4326.56885
2026-08-10 13:30:00,4325.55058,4329.19174,4324.97179,4325.69189
2026-08-10 13:45:00,4325.58368,4327.8802,4325.07244,4327.24387
2026-08-10 14:00:00,4326.9562,4332.24138,4323.45383,4332.0545
2026-08-10 14:15:00,4331.68677,4337.07768,4330.69161,4334.41231
2026-08-10 14:30:00,4334.66938,4337.08883,4330.31655,4331.4381
2026-08-10 14:45:00,4330.6105,4339.06144,4330.6105,4337.37602
2026-08-10 15:00:00,4337.83472,4339.60831,4334.07013,4335.35405
2026-08-10 15:15:00,4335.12394,4336.13737,4333.13112,4334.43369
2026-08-10 15:30:00,4334.37862,4343.67127,4332.94337,4340.08281
2026-08-10 15:45:00,4340.83272,4352.17827,4340.83272,4349.11933
2026-08-10 16:00:00,4348.83189,4349.71727,4342.1624,4349.65053
2026-08-10 16:15:00,4349.53934,4350.73561,4342.9167,4347.01145
2026-08-10 16:30:00,4346.42946,4354.50205,4346.42946,4353.4201
2026-08-10 16:45:00,4351.58765,4359.57799,4351.58765,4359.44924
2026-08-10 17:00:00,4359.12755,4359.33222,4351.07886,4351.32419
2026-08-10 17:15:00,4351.67324,4359.00789,4350.31042,4354.08404
2026-08-10 17:30:00,4353.8411,4359.38794,4352.75913,4358.56291
2026-08-10 17:45:00,4358.23661,4361.48225,4355.19614,4356.03981
2026-08-10 18:00:00,4355.93208,4356.48018,4352.36769,4353.81142
2026-08-10 18:15:00,4353.45832,4355.93762,4352.36769,4355.60476
2026-08-10 18:30:00,4355.14512,4356.59242,4346.12543,4346.51376
2026-08-10 18:45:00,4346.58246,4349.14974,4345.37001,4347.2738
2026-08-10 19:00:00,4346.88484,4349.50335,4345.74769,4349.36057
2026-08-10 19:15:00,4349.10539,4349.71727,4345.93655,4346.15815
2026-08-10 19:30:00,4346.46751,4348.21674,4341.59493,4344.13589
2026-08-10 19:45:00,4344.00644,4344.55893,4341.21988,4341.87718
2026-08-10 20:00:00,4341.97026,4342.26055,4339.71271,4340.7791
2026-08-10 20:15:00,4340.58359,4344.4261,4338.91612,4342.38348
2026-08-10 20:30:00,4342.75937,4343.85995,4338.13278,4339.27638
2026-08-10 20:45:00,4338.92142,4340.31658,4335.88955,4336.40975
2026-08-10 21:00:00,4337.43459,4337.43459,4330.69161,4330.99112
2026-08-10 21:15:00,4331.5273,4336.55764,4328.98052,4334.35256
2026-08-10 21:30:00,4334.39132,4339.71271,4334.39132,4336.82168
2026-08-10 21:45:00,4336.99895,4338.33262,4332.56791,4335.92898
2026-08-10 22:00:00,4335.46537,4335.94988,4331.86975,4332.0946
2026-08-10 22:15:00,4332.42801,4332.42801,4325.82082,4327.43535
2026-08-10 22:30:00,4326.9757,4332.16137,4326.9757,4330.67121
2026-08-10 22:45:00,4331.21379,4336.51344,4328.67694,4334.66577
2026-08-10 23:00:00,4334.54036,4337.07768,4327.31836,4335.55356
2026-08-10 23:15:00,4335.62944,4337.45391,4329.00433,4333.05627
2026-08-10 23:30:00,4333.0574,4338.58302,4331.85314,4333.50622
2026-08-10 23:45:00,4335.58647,4335.58647,4318.19137,4318.97671
2026-08-11 00:00:00,4320.6466,4330.16656,4317.12328,4329.23689
2026-08-11 00:15:00,4326.91501,4347.63706,4326.91501,4346.16493
2026-08-11 00:30:00,4346.13388,4349.52808,4345.84335,4349.4446
2026-08-11 00:45:00,4349.25561,4350.28494,4343.29395,4344.77577
2026-08-11 01:00:00,4344.59106,4351.42074,4342.7281,4346.80069
2026-08-11 01:15:00,4346.55681,4351.18308,4346.55681,4349.58288
2026-08-11 01:30:00,4349.26754,4351.94399,4348.56754,4350.82596
2026-08-11 01:45:00,4350.75533,4358.42602,4350.0957,4358.12712
2026-08-11 02:00:00,4357.44972,4364.71564,4357.44972,4361.83005
2026-08-11 02:15:00,4362.49797,4364.34346,4361.47941,4363.36849
2026-08-11 02:30:00,4363.28318,4363.28318,4351.42074,4351.93897
2026-08-11 02:45:00,4352.15904,4356.32938,4351.20296,4355.92157
2026-08-11 03:00:00,4355.08366,4357.86813,4352.93606,4357.76177
2026-08-11 03:15:00,4357.52348,4360.33836,4356.52347,4360.25976
2026-08-11 03:30:00,4359.99656,4364.90615,4359.33286,4360.86573
2026-08-11 03:45:00,4361.71559,4361.71559,4357.73843,4359.52632
2026-08-11 04:00:00,4359.28349,4365.28724,4359.28349,4363.4873
2026-08-11 04:15:00,4363.7548,4367.00726,4361.90018,4366.86617
2026-08-11 04:30:00,4366.56433,4383.37202,4365.28724,4381.3625
2026-08-11 04:45:00,4381.72934,4383.71101,4374.07051,4378.99177
2026-08-11 05:00:00,4378.87004,4382.8892,4378.64066,4382.68622
2026-08-11 05:15:00,4382.56022,4390.62854,4381.92893,4390.42947
2026-08-11 05:30:00,4390.12131,4393.35803,4386.23136,4389.13924
2026-08-11 05:45:00,4389.80247,4395.6044,4387.88943,4389.70661
2026-08-11 06:00:00,4389.22345,4390.97216,4386.54209,4390.72741
2026-08-11 06:15:00,4390.24005,4391.50619,4387.11942,4391.13474
2026-08-11 06:30:00,4390.47173,4391.9364,4390.20107,4390.45046
2026-08-11 06:45:00,4390.81471,4391.00838,4389.02452,4389.993
2026-08-11 07:00:00,4389.83451,4390.00834,4387.31189,4387.67288
2026-08-11 07:15:00,4387.57167,4387.66555,4387.31189,4387.53363
2026-08-11 07:30:00,4387.44226,4389.30011,4387.27137,4388.91199
2026-08-11 07:45:00,4389.01576,4389.23759,4388.90018,4389.03059
2026-08-11 08:00:00,4388.96596,4392.62089,4388.39839,4391.85076
2026-08-11 08:15:00,4391.92131,4393.3507,4391.19939,4392.48381
2026-08-11 08:30:00,4392.47309,4396.32395,4392.22761,4396.02938
2026-08-11 08:45:00,4395.56411,4400.47991,4395.56411,4399.51915
2026-08-11 09:00:00,4399.75928,4401.86975,4396.18411,4397.27149
2026-08-11 09:15:00,4396.97594,4397.73077,4394.99006,4395.33896
2026-08-11 09:30:00,4395.29754,4398.91287,4395.12239,4398.83344
2026-08-11 09:45:00,4398.744,4402.3249,4396.7515,4402.0834
2026-08-11 10:00:00,4401.5307,4408.29449,4396.37739,4404.8877
2026-08-11 10:15:00,4405.27902,4414.42635,4403.47879,4413.19544
2026-08-11 10:30:00,4413.39455,4415.01104,4407.22785,4411.63607
2026-08-11 10:45:00,4410.28626,4422.79946,4408.78229,4410.25099
2026-08-11 11:00:00,4411.64976,4415.40092,4392.55003,4413.09506
2026-08-11 11:15:00,4413.41398,4420.28025,4413.41398,4417.57179
2026-08-11 11:30:00,4416.25612,4421.06194,4416.25612,4420.77565
2026-08-11 11:45:00,4420.39398,4432.42764,4417.54649,4430.57525
2026-08-11 12:00:00,4430.75816,4433.71073,4422.93991,4432.6762
2026-08-11 12:15:00,4430.1116,4434.78647,4427.12945,4429.64476
2026-08-11 12:30:00,4429.50013,4430.54679,4413.84181,4419.10145
2026-08-11 12:45:00,4419.3965,4420.24791,4409.71229,4411.97389
2026-08-11 13:00:00,4411.71515,4414.62123,4411.27082,4413.63563
2026-08-11 13:15:00,4413.97005,4421.06194,4413.06267,4419.05271
2026-08-11 13:30:00,4419.21027,4421.25741,4416.96113,4417.23667
2026-08-11 13:45:00,4417.72068,4417.93682,4414.05663,4417.818
2026-08-11 14:00:00,4417.55213,4419.69416,4412.86792,4413.4696
2026-08-11 14:15:00,4413.33264,4416.33269,4410.92144,4414.71657
2026-08-11 14:30:00,4413.60882,4420.64933,4408.58793,4409.31332
2026-08-11 14:45:00,4409.69756,4411.11601,4404.31623,4406.92213
2026-08-11 15:00:00,4406.34773,4408.58793,4400.24641,4402.13536
2026-08-11 15:15:00,4401.96938,4402.18348,4390.77936,4392.36558
2026-08-11 15:30:00,4392.64378,4399.39119,4373.49661,4373.78784
2026-08-11 15:45:00,4374.80103,4378.85887,4368.52912,4374.14702
2026-08-11 16:00:00,4373.48361,4382.31298,4372.54045,4376.7759
2026-08-11 16:15:00,4378.41014,4378.41014,4364.56508,4366.27679
2026-08-11 16:30:00,4370.29888,4370.29888,4360.71865,4365.67864
2026-08-11 16:45:00,4366.5541,4368.1948,4360.5285,4364.78252
2026-08-11 17:00:00,4364.40859,4367.00293,4361.66042,4363.77396
2026-08-11 17:15:00,4363.45093,4365.4778,4357.86813,4363.77529
2026-08-11 17:30:00,4364.32735,4366.69138,4357.26681,4358.00369
2026-08-11 17:45:00,4357.67982,4361.66965,4357.42737,4357.57737
2026-08-11 18:00:00,4357.80034,4366.40389,4356.48594,4364.47545
2026-08-11 18:15:00,4364.61571,4369.11974,4360.04369,4367.53685
2026-08-11 18:30:00,4368.20164,4376.32196,4368.20164,4376.11609
2026-08-11 18:45:00,4375.74676,4376.36761,4370.25965,4370.4767
2026-08-11 19:00:00,4370.80666,4372.64038,4366.97202,4372.41243
2026-08-11 19:15:00,4371.75159,4375.9846,4371.20252,4375.67967
2026-08-11 19:30:00,4374.96702,4374.96702,4371.44367,4371.95117
2026-08-11 19:45:00,4372.23441,4374.90507,4370.24736,4372.83373
2026-08-11 20:00:00,4372.63306,4375.41019,4370.75714,4373.30361
2026-08-11 20:15:00,4373.56563,4380.77715,4372.38991,4380.59806
2026-08-11 20:30:00,4380.38837,4380.58525,4377.51707,4377.56887
2026-08-11 20:45:00,4377.625,4381.73692,4377.57065,4379.13876
2026-08-11 21:00:00,4379.24595,4392.74512,4379.24595,4392.47227
2026-08-11 21:15:00,4391.9715,4391.9715,4385.66274,4387.17342
2026-08-11 21:30:00,4387.33555,4388.45555,4381.88843,4385.53029
2026-08-11 21:45:00,4385.18686,4389.04494,4385.03335,4388.61588
2026-08-11 22:00:00,4388.38174,4397.15065,4382.97149,4396.73341
2026-08-11 22:15:00,4396.03619,4399.27852,4388.27453,4390.9933
2026-08-11 22:30:00,4390.87024,4396.37739,4387.35284,4394.77656
2026-08-11 22:45:00,4394.72831,4400.24641,4392.94498,4394.61516
2026-08-11 23:00:00,4394.05368,4401.04793,4392.46414,4397.06528
2026-08-11 23:15:00,4398.16392,4400.82736,4390.97216,4399.38268
2026-08-11 23:30:00,4399.37912,4400.89624,4387.40039,4399.93971
2026-08-11 23:45:00,4400.0859,4407.93875,4384.61876,4389.87291
2026-08-12 00:00:00,4390.7037,4390.7037,4381.35912,4386.50098
2026-08-12 00:15:00,4385.96698,4389.81563,4380.36847,4386.87473
2026-08-12 00:30:00,4386.60576,4395.02483,4385.00329,4394.90149
2026-08-12 00:45:00,4394.54599,4397.73077,4391.73774,4393.37616
2026-08-12 01:00:00,4393.81663,4398.31105,4389.69033,4395.47455
2026-08-12 01:15:00,4395.11495,4395.11495,4382.50504,4386.97919
2026-08-12 01:30:00,4386.27087,4386.54209,4370.25762,4374.82704
2026-08-12 01:45:00,4373.90539,4382.44587,4373.90539,4380.04955
2026-08-12 02:00:00,4380.32852,4384.61876,4378.66713,4378.88636
2026-08-12 02:15:00,4379.23968,4383.65772,4378.24607,4383.43615
2026-08-12 02:30:00,4382.91243,4385.00329,4380.19812,4384.88798
2026-08-12 02:45:00,4384.79623,4385.51315,4381.00205,4384.11668
2026-08-12 03:00:00,4384.2809,4385.00329,4381.73692,4381.85853
2026-08-12 03:15:00,4381.99194,4384.04209,4379.43418,4379.53248
2026-08-12 03:30:00,4379.88588,4382.50504,4374.45319,4377.30361
2026-08-12 03:45:00,4377.45051,4377.71388,4369.48353,4371.91971
2026-08-12 04:00:00,4371.50867,4371.50867,4361.2892,4363.26771
2026-08-12 04:15:00,4363.31553,4368.58909,4362.16919,4363.20948
2026-08-12 04:30:00,4363.68198,4371.40454,4361.2892,4370.95217
2026-08-12 04:45:00,4369.9111,4372.6332,4369.9111,4371.38532
2026-08-12 05:00:00,4371.27865,4372.81129,4363.64287,4366.02482
2026-08-12 05:15:00,4365.89293,4370.43835,4361.8599,4370.28141
2026-08-12 05:30:00,4370.05754,4374.79549,4367.36512,4367.7505
2026-08-12 05:45:00,4368.51359,4373.11409,4365.54005,4372.69971
2026-08-12 06:00:00,4372.60911,4372.62815,4368.91083,4370.81647
2026-08-12 06:15:00,4370.75793,4370.8204,4367.95667,4370.15316
2026-08-12 06:30:00,4370.45694,4370.48128,4367.75193,4367.84455
2026-08-12 06:45:00,4367.97792,4368.75593,4367.25423,4367.71611
2026-08-12 07:00:00,4368.15364,4369.29915,4368.15364,4368.56007
2026-08-12 07:15:00,4368.47339,4368.67843,4368.33828,4368.57398
2026-08-12 07:30:00,4368.47759,4368.72204,4368.14747,4368.19804
2026-08-12 07:45:00,4368.26853,4368.67349,4368.26853,4368.44713
2026-08-12 08:00:00,4368.4795,4375.25411,4368.47546,4375.15399
2026-08-12 08:15:00,4375.05164,4376.94227,4373.68789,4376.85987
2026-08-12 08:30:00,4376.68768,4377.81682,4375.79311,4375.82483
2026-08-12 08:45:00,4375.87829,4378.26115,4367.76589,4370.27316
2026-08-12 09:00:00,4369.94859,4370.25154,4363.38249,4368.53597
2026-08-12 09:15:00,4367.98693,4373.87919,4364.71977,4372.5131
2026-08-12 09:30:00,4371.52367,4373.68789,4367.19364,4367.8687
2026-08-12 09:45:00,4367.96957,4371.3936,4366.73737,4371.35495
2026-08-12 10:00:00,4371.17037,4377.65337,4366.30522,4376.9845
2026-08-12 10:15:00,4375.38779,4380.58525,4374.64456,4380.00953
2026-08-12 10:30:00,4379.56814,4383.77641,4379.22746,4381.31405
2026-08-12 10:45:00,4381.61462,4382.8892,4378.18302,4380.61545
2026-08-12 11:00:00,4380.35025,4390.77936,4378.36336,4390.29619
2026-08-12 11:15:00,4390.21756,4394.05923,4386.77054,4391.16347
2026-08-12 11:30:00,4391.10147,4392.62355,4385.18353,4391.79644
2026-08-12 11:45:00,4389.78159,4397.83795,4389.78159,4396.11284
2026-08-12 12:00:00,4395.36451,4402.83362,4394.83168,4401.99692
2026-08-12 12:15:00,4399.88876,4403.73437,4399.8592,4402.48168
2026-08-12 12:30:00,4402.33671,4408.19925,4397.48415,4407.73437
2026-08-12 12:45:00,4406.93008,4414.42635,4405.01157,4412.26969
2026-08-12 13:00:00,4412.20362,4415.01104,4408.27078,4413.03188
2026-08-12 13:15:00,4413.69721,4414.63296,4405.56251,4407.44393
2026-08-12 13:30:00,4407.28419,4407.75639,4401.9897,4402.17511
2026-08-12 13:45:00,4402.55833,4403.46224,4401.55838,4402.31001
2026-08-12 14:00:00,4402.19293,4403.15266,4396.76398,4396.94351
2026-08-12 14:15:00,4397.19095,4398.99133,4395.39795,4397.84871
2026-08-12 14:30:00,4398.33416,4399.84007,4395.79762,4399.3963
2026-08-12 14:45:00,4398.23156,4401.95975,4398.23156,4400.88689
2026-08-12 15:00:00,4400.75155,4405.08837,4400.47751,4402.38116
2026-08-12 15:15:00,4403.5017,4403.5017,4392.7081,4393.79719
2026-08-12 15:30:00,4394.28889,4396.76398,4388.22804,4389.74129
2026-08-12 15:45:00,4389.94275,4394.33323,4385.0347,4393.89672
2026-08-12 16:00:00,4393.19014,4393.19014,4385.19558,4387.40273
2026-08-12 16:15:00,4387.04972,4390.62745,4385.84465,4389.17686
2026-08-12 16:30:00,4388.25599,4397.73077,4388.11768,4395.85351
2026-08-12 16:45:00,4396.33755,4405.86862,4394.89352,4403.69312
2026-08-12 17:00:00,4404.05376,4405.86862,4400.55465,4405.77663
2026-08-12 17:15:00,4405.75618,4405.75618,4398.58522,4402.59524
2026-08-12 17:30:00,4402.13269,4408.60561,4401.79593,4408.49746
2026-08-12 17:45:00,4408.2959,4409.94884,4404.89825,4405.57256
2026-08-12 18:00:00,4405.31611,4410.14333,4404.49473,4408.8257
2026-08-12 18:15:00,4408.79751,4409.36549,4406.25688,4406.33244
2026-08-12 18:30:00,4406.49239,4407.03363,4404.8618,4405.53409
2026-08-12 18:45:00,4405.6125,4405.67451,4401.9897,4402.05648
2026-08-12 19:00:00,4402.24767,4412.41693,4402.05582,4411.16742
2026-08-12 19:15:00,4411.31707,4423.40868,4409.77988,4415.37225
2026-08-12 19:30:00,4416.09989,4416.96113,4412.86792,4414.53441
2026-08-12 19:45:00,4415.16379,4416.18089,4411.01101,4415.84387
2026-08-12 20:00:00,4415.28846,4419.10822,4415.17352,4419.03558
2026-08-12 20:15:00,4418.89041,4420.67106,4417.93682,4420.58275
2026-08-12 20:30:00,4420.39034,4420.41269,4412.86792,4414.26494
2026-08-12 20:45:00,4413.75469,4415.79087,4408.00494,4412.20584
2026-08-12 21:00:00,4411.49936,4414.61788,4408.61414,4411.24346
2026-08-12 21:15:00,4410.18724,4415.02325,4407.61636,4414.29432
2026-08-12 21:30:00,4412.70191,4415.79087,4410.18764,4412.38523
2026-08-12 21:45:00,4412.55454,4415.6584,4412.55454,4413.40502
2026-08-12 22:00:00,4413.17286,4413.647,4406.72615,4407.65895
2026-08-12 22:15:00,4408.02488,4416.52101,4404.31816,4415.40598
2026-08-12 22:30:00,4412.63454,4438.32941,4381.60221,4437.32284
2026-08-12 22:45:00,4435.73783,4435.77005,4419.30352,4435.24642
2026-08-12 23:00:00,4434.37883,4441.22288,4423.01738,4423.64633
2026-08-12 23:15:00,4424.91421,4428.30573,4415.20597,4417.30785
2026-08-12 23:30:00,4417.52355,4419.10822,4409.55993,4417.51641
2026-08-12 23:45:00,4416.37726,4434.5898,4414.91804,4430.93949
2026-08-13 00:00:00,4430.6817,4434.5898,4423.01738,4434.16966
2026-08-13 00:15:00,4433.99691,4439.2306,4431.44554,4438.094
2026-08-13 00:30:00,4435.52199,4435.52199,4415.79087,4422.44507
2026-08-13 00:45:00,4420.80998,4434.8193,4417.35136,4421.4094
2026-08-13 01:00:00,4420.88677,4429.09026,4415.40092,4428.71915
2026-08-13 01:15:00,4428.08703,4431.44291,4421.33356,4421.80867
2026-08-13 01:30:00,4422.58835,4425.17037,4416.7728,4420.82499
2026-08-13 01:45:00,4420.71062,4421.42404,4411.93449,4421.23548
2026-08-13 02:00:00,4420.78422,4425.75791,4417.35136,4422.9491
2026-08-13 02:15:00,4421.8968,4425.75791,4421.8968,4423.39846
2026-08-13 02:30:00,4423.30581,4424.28855,4411.05799,4411.895
2026-08-13 02:45:00,4413.48881,4413.48881,4397.73077,4401.78156
2026-08-13 03:00:00,4400.19398,4407.4221,4400.19398,4404.41479
2026-08-13 03:15:00,4404.6281,4409.36549,4402.33801,4407.08033
2026-08-13 03:30:00,4407.21035,4410.99157,4402.35776,4402.91723
2026-08-13 03:45:00,4404.04492,4406.12272,4399.27852,4399.84161
2026-08-13 04:00:00,4400.31322,4406.25688,4396.76398,4405.71895
2026-08-13 04:15:00,4405.74428,4410.89191,4404.33464,4407.89795
2026-08-13 04:30:00,4408.386,4413.05553,4408.00494,4412.72057
2026-08-13 04:45:00,4412.29384,4418.52245,4412.29384,4413.23668
2026-08-13 05:00:00,4413.22982,4418.71432,4413.19602,4416.64614
2026-08-13 05:15:00,4416.36057,4417.96926,4415.87013,4415.96618
2026-08-13 05:30:00,4416.1139,4416.57097,4411.50521,4411.98917
2026-08-13 05:45:00,4412.22358,4415.03224,4408.78229,4411.32445
2026-08-13 06:00:00,4412.03462,4413.4522,4408.97668,4409.05239
2026-08-13 06:15:00,4409.21326,4410.18996,4407.02927,4408.02568
2026-08-13 06:30:00,4407.67885,4408.70347,4407.03363,4407.62554
2026-08-13 06:45:00,4407.67567,4409.17108,4406.52929,4409.04752
2026-08-13 07:00:00,4408.74155,4409.02288,4408.39358,4408.77128
2026-08-13 07:15:00,4408.69289,4409.05681,4408.58434,4408.63913
2026-08-13 07:30:00,4408.72465,4408.97668,4408.5458,4408.85345
2026-08-13 07:45:00,4408.78279,4408.92199,4408.63497,4408.82443
2026-08-13 08:00:00,4408.74865,4409.94884,4403.13669,4403.44205
2026-08-13 08:15:00,4403.40904,4403.40904,4398.31105,4399.64639
2026-08-13 08:30:00,4399.13772,4401.6796,4398.69799,4400.321
2026-08-13 08:45:00,4400.29414,4402.5711,4399.93659,4402.08306
2026-08-13 09:00:00,4402.17047,4405.94767,4402.17047,4405.87847
2026-08-13 09:15:00,4405.84799,4409.75438,4405.57237,4409.35018
2026-08-13 09:30:00,4409.26737,4410.14333,4407.61341,4409.03879
2026-08-13 09:45:00,4408.80689,4413.37002,4407.53054,4412.80577
2026-08-13 10:00:00,4412.07221,4422.69135,4412.07221,4420.22029
2026-08-13 10:15:00,4420.44348,4436.36041,4418.93947,4427.9257
2026-08-13 10:30:00,4428.28033,4449.78419,4424.23644,4439.64536
2026-08-13 10:45:00,4439.30927,4441.66976,4427.12945,4427.36963
2026-08-13 11:00:00,4427.70384,4434.98315,4423.99575,4430.41352
2026-08-13 11:15:00,4430.91834,4436.23856,4419.89061,4420.46907
2026-08-13 11:30:00,4421.76126,4429.09026,4419.10822,4420.55322
2026-08-13 11:45:00,4420.91882,4421.17912,4407.4221,4407.90568
2026-08-13 12:00:00,4408.72581,4413.4522,4405.52731,4411.46065
2026-08-13 12:15:00,4411.77226,4412.47849,4406.83941,4407.55199
2026-08-13 12:30:00,4408.0181,4408.39358,4399.8592,4407.84855
2026-08-13 12:45:00,4407.40596,4410.3782,4406.64522,4407.32056
2026-08-13 13:00:00,4407.60411,4412.5607,4405.09229,4406.60702
2026-08-13 13:15:00,4406.17604,4409.60138,4405.4017,4409.29857
2026-08-13 13:30:00,4408.80916,4410.24276,4406.12541,4406.48338
2026-08-13 13:45:00,4407.22552,4407.22552,4399.60273,4399.7957
2026-08-13 14:00:00,4400.13561,4400.13561,4392.90107,4394.68829
2026-08-13 14:15:00,4394.2572,4398.73324,4393.09406,4397.73691
2026-08-13 14:30:00,4398.14044,4399.91032,4396.76398,4396.98133
2026-08-13 14:45:00,4397.25759,4398.31105,4395.41119,4398.26874
2026-08-13 15:00:00,4398.06126,4403.73919,4393.7272,4402.82814
2026-08-13 15:15:00,4400.54448,4406.95274,4400.44004,4406.76464
2026-08-13 15:30:00,4406.34262,4407.03363,4388.51448,4389.32759
2026-08-13 15:45:00,4391.16092,4391.16092,4382.36352,4383.23749
2026-08-13 16:00:00,4384.53217,4384.53217,4375.60165,4376.3544
2026-08-13 16:15:00,4376.95072,4378.09203,4374.83594,4375.67438
2026-08-13 16:30:00,4375.68223,4378.53475,4369.39835,4373.98804
2026-08-13 16:45:00,4373.80038,4381.46895,4373.30534,4380.12659
2026-08-13 17:00:00,4380.22082,4380.96907,4376.1761,4376.33523
2026-08-13 17:15:00,4376.63609,4376.94227,4373.87919,4376.31682
2026-08-13 17:30:00,4375.97819,4377.94597,4372.09801,4377.21744
2026-08-13 17:45:00,4377.14753,4378.56974,4369.48353,4370.49126
2026-08-13 18:00:00,4370.36596,4371.64149,4364.90615,4366.27809
2026-08-13 18:15:00,4365.75718,4372.83005,4365.51967,4372.44174
2026-08-13 18:30:00,4371.71495,4375.41019,4371.71495,4375.03808
2026-08-13 18:45:00,4374.89881,4379.62598,4373.68789,4375.53737
2026-08-13 19:00:00,4375.71907,4378.09203,4373.49661,4377.75455
2026-08-13 19:15:00,4377.7264,4381.73692,4376.31799,4380.79521
2026-08-13 19:30:00,4380.87349,4381.98823,4379.43418,4380.65637
2026-08-13 19:45:00,4380.40739,4385.00329,4378.59412,4384.68614
2026-08-13 20:00:00,4384.07925,4385.70519,4381.73692,4381.97305
2026-08-13 20:15:00,4382.41621,4387.11942,4381.95164,4387.07347
2026-08-13 20:30:00,4386.93442,4390.28,4384.64625,4389.97741
2026-08-13 20:45:00,4389.29613,4393.91936,4388.46711,4392.33656
2026-08-13 21:00:00,4392.30901,4393.06753,4388.64875,4392.69522
2026-08-13 21:15:00,4391.74305,4397.01077,4389.64288,4390.03857
2026-08-13 21:30:00,4390.79255,4390.79255,4383.8499,4384.53654
2026-08-13 21:45:00,4384.72955,4387.50439,4383.27343,4387.29864
2026-08-13 22:00:00,4386.84556,4391.9364,4385.96491,4388.49767
2026-08-13 22:15:00,4388.98105,4390.00567,4385.00329,4385.17145
2026-08-13 22:30:00,4385.64627,4395.218,4381.54493,4391.81942
2026-08-13 22:45:00,4391.98111,4400.44004,4391.11941,4399.88013
2026-08-13 23:00:00,4398.48166,4401.02104,4392.1293,4393.24285
2026-08-13 23:15:00,4392.73703,4394.83168,4385.79277,4386.29119
2026-08-13 23:30:00,4387.36561,4387.36561,4376.23806,4381.1904
2026-08-13 23:45:00,4380.57667,4383.08131,4370.02048,4374.12906
2026-08-14 00:00:00,4374.55489,4378.47541,4365.94224,4371.23484
2026-08-14 00:15:00,4370.60361,4378.28371,4370.02681,4370.49177
2026-08-14 00:30:00,4371.10565,4380.73981,4359.22734,4380.24453
2026-08-14 00:45:00,4379.62372,4386.90994,4379.62372,4386.4237
2026-08-14 01:00:00,4386.06981,4386.06981,4369.10171,4369.19679
2026-08-14 01:15:00,4369.3399,4373.68789,4364.33466,4367.24586
2026-08-14 01:30:00,4370.2725,4371.5847,4357.67823,4369.05869
2026-08-14 01:45:00,4369.34259,4370.54888,4363.76331,4364.17999
2026-08-14 02:00:00,4364.95919,4367.63804,4355.25556,4355.80348
2026-08-14 02:15:00,4356.95679,4360.15211,4351.79947,4359.49926
2026-08-14 02:30:00,4357.97366,4366.81223,4356.5368,4365.49482
2026-08-14 02:45:00,4364.82185,4368.43322,4364.14419,4366.72968
2026-08-14 03:00:00,4366.92326,4373.11409,4365.52175,4373.08441
2026-08-14 03:15:00,4372.96113,4373.86654,4363.99406,4364.6676
2026-08-14 03:30:00,4365.5576,4365.5576,4356.91879,4357.29529
2026-08-14 03:45:00,4357.85871,4360.20904,4356.33528,4356.62539
2026-08-14 04:00:00,4356.59119,4362.62106,4356.15961,4362.45676
2026-08-14 04:15:00,4362.07082,4363.76331,4354.98025,4357.83222
2026-08-14 04:30:00,4357.50757,4359.95814,4356.77742,4358.12612
2026-08-14 04:45:00,4358.10135,4358.10135,4355.02134,4357.4776
2026-08-14 05:00:00,4357.41202,4358.6279,4347.58696,4349.26161
2026-08-14 05:15:00,4351.43686,4351.43686,4345.18119,4351.06711
2026-08-14 05:30:00,4350.77251,4353.88366,4349.90648,4352.35071
2026-08-14 05:45:00,4352.25958,4352.31752,4347.68617,4348.05694
2026-08-14 06:00:00,4348.91716,4350.67273,4346.69217,4349.59928
2026-08-14 06:15:00,4349.59388,4352.36769,4348.92314,4352.29085
2026-08-14 06:30:00,4352.11849,4352.35854,4348.39327,4350.54521
2026-08-14 06:45:00,4350.27567,4351.4161,4348.93031,4351.17522
2026-08-14 07:00:00,4350.64279,4351.75718,4350.64279,4351.47175
2026-08-14 07:15:00,4351.37755,4351.56339,4351.13545,4351.4068
2026-08-14 07:30:00,4351.36384,4351.56237,4351.2314,4351.33048
2026-08-14 07:45:00,4351.36316,4351.62476,4351.2314,4351.49926
2026-08-14 08:00:00,4351.43021,4357.10862,4351.0202,4355.18659
2026-08-14 08:15:00,4355.27637,4357.67823,4352.7907,4357.5692
2026-08-14 08:30:00,4357.31539,4362.24045,4356.53917,4360.63838
2026-08-14 08:45:00,4361.01084,4361.65684,4354.07324,4354.23876
2026-08-14 09:00:00,4354.50632,4359.57799,4348.61358,4355.00791
2026-08-14 09:15:00,4355.87812,4362.43075,4355.87812,4362.31497
2026-08-14 09:30:00,4362.01215,4363.38249,4358.71259,4359.97674
2026-08-14 09:45:00,4359.17315,4364.52514,4356.91888,4357.88648
2026-08-14 10:00:00,4358.61211,4361.91264,4351.42074,4351.60359
2026-08-14 10:15:00,4351.76317,4352.55713,4341.27113,4341.60587
2026-08-14 10:30:00,4342.03996,4348.01062,4334.9235,4338.30255
2026-08-14 10:45:00,4337.71694,4342.35095,4333.37208,4340.38305
2026-08-14 11:00:00,4340.3467,4342.3893,4322.08151,4325.14145
2026-08-14 11:15:00,4324.92136,4325.83171,4315.7395,4318.88968
2026-08-14 11:30:00,4319.16942,4321.52118,4313.63743,4320.59939
2026-08-14 11:45:00,4320.52602,4322.50564,4312.87054,4319.66153
2026-08-14 12:00:00,4318.87417,4322.19025,4312.3895,4313.2944
2026-08-14 12:15:00,4313.16575,4320.32825,4311.90719,4313.46483
2026-08-14 12:30:00,4314.42659,4322.26833,4312.31283,4318.99154
2026-08-14 12:45:00,4319.57128,4323.35568,4312.94747,4314.86584
2026-08-14 13:00:00,4313.98822,4322.82886,4313.98822,4322.45616
2026-08-14 13:15:00,4321.74482,4325.87613,4319.36335,4325.83679
2026-08-14 13:30:00,4325.74761,4327.99709,4325.60185,4325.84314
2026-08-14 13:45:00,4325.83717,4327.27336,4323.71211,4324.66885
2026-08-14 14:00:00,4324.57169,4327.12687,4323.01574,4326.88002
2026-08-14 14:15:00,4326.23776,4327.8802,4325.46489,4325.98146
2026-08-14 14:30:00,4326.78017,4326.78017,4323.7634,4325.49033
2026-08-14 14:45:00,4325.47642,4326.00796,4323.95036,4325.8294
2026-08-14 15:00:00,4325.78644,4326.74582,4320.21428,4322.18202
2026-08-14 15:15:00,4321.71624,4321.71624,4317.41646,4319.22576
2026-08-14 15:30:00,4318.91195,4324.32432,4310.61379,4319.74523
2026-08-14 15:45:00,4321.86747,4332.51473,4317.60287,4331.88806
2026-08-14 16:00:00,4331.08396,4336.70254,4330.11992,4333.05222
2026-08-14 16:15:00,4332.5971,4333.31889,4329.56661,4330.58293
2026-08-14 16:30:00,4331.03098,4332.35936,4328.81693,4331.88709
2026-08-14 16:45:00,4330.72881,4335.59066,4330.72881,4335.34953
2026-08-14 17:00:00,4334.74167,4336.17567,4331.96665,4332.35711
2026-08-14 17:15:00,4332.86176,4336.13737,4330.50407,4334.20286
2026-08-14 17:30:00,4333.72429,4339.52439,4331.55721,4338.5112
2026-08-14 17:45:00,4338.60768,4344.35123,4337.18349,4344.09988
2026-08-14 18:00:00,4343.58408,4347.42862,4342.35095,4346.60136
2026-08-14 18:15:00,4345.09353,4348.77147,4344.04865,4345.30559
2026-08-14 18:30:00,4345.11927,4348.77147,4343.57625,4345.34335
2026-08-14 18:45:00,4346.24112,4349.52808,4342.7281,4347.69693
2026-08-14 19:00:00,4347.72498,4349.76251,4346.00997,4348.95846
2026-08-14 19:15:00,4348.99005,4354.45243,4348.08183,4350.82147
2026-08-14 19:30:00,4351.07282,4354.26282,4351.07282,4352.63741
2026-08-14 19:45:00,4352.78196,4356.33565,4352.78196,4355.86653
2026-08-14 20:00:00,4354.63307,4358.33229,4354.63307,4356.52288
2026-08-14 20:15:00,4356.75252,4356.75252,4350.85277,4351.58126
2026-08-14 20:30:00,4351.4624,4351.4624,4348.58236,4350.97332
2026-08-14 20:45:00,4350.15265,4353.86826,4349.14974,4349.52464
2026-08-14 21:00:00,4349.29851,4351.42074,4349.14974,4350.91684
2026-08-14 21:15:00,4351.20751,4357.29847,4349.84955,4357.11925
2026-08-14 21:30:00,4356.82034,4363.19211,4356.82034,4363.18389
2026-08-14 21:45:00,4363.12559,4369.09673,4361.2892,4368.14185
2026-08-14 22:00:00,4366.83892,4375.41019,4366.12816,4369.93003
2026-08-14 22:15:00,4370.14182,4381.55572,4369.48353,4379.25022
2026-08-14 22:30:00,4378.46017,4385.7199,4372.92286,4373.05415
2026-08-14 22:45:00,4373.32194,4377.59813,4371.20252,4374.37563
2026-08-14 23:00:00,4374.20036,4380.96907,4370.08531,4378.35048
2026-08-14 23:15:00,4379.28028,4386.34968,4374.92395,4384.959
2026-08-14 23:30:00,4385.15268,4396.18411,4384.58331,4395.727
2026-08-14 23:45:00,4394.84668,4396.587,4383.65772,4383.7629
2026-08-15 00:00:00,4384.0846,4392.7081,4384.0846,4392.43674
2026-08-15 00:15:00,4391.88523,4393.09406,4385.58021,4391.91018
2026-08-15 00:30:00,4392.32066,4392.32066,4382.50504,4382.80998
2026-08-15 00:45:00,4382.92683,4384.39328,4379.79426,4381.06638
2026-08-15 01:00:00,4381.18352,4393.35667,4381.08897,4392.73565
2026-08-15 01:15:00,4391.16298,4394.52298,4379.24239,4383.70854
2026-08-15 01:30:00,4383.14587,4389.81563,4383.14587,4386.98471
2026-08-15 01:45:00,4387.78503,4394.83168,4387.78503,4391.92205
2026-08-15 02:00:00,4391.82063,4395.45613,4389.43025,4389.57691
2026-08-15 02:15:00,4389.70023,4393.06175,4387.31189,4387.68965
2026-08-15 02:30:00,4387.64306,4389.43025,4381.54493,4386.60341
2026-08-15 02:45:00,4386.88014,4387.0482,4385.19558,4385.33372
2026-08-15 03:00:00,4385.59525,4387.44641,4380.58525,4380.85059
2026-08-15 03:15:00,4380.77568,4385.7807,4379.45146,4380.17962
2026-08-15 03:30:00,4380.54213,4382.3844,4377.70871,4377.94802
2026-08-15 03:45:00,4378.38083,4379.24239,4376.55915,4377.7778
2026-08-15 04:00:00,4377.7012,4382.35785,4376.94227,4377.44274
2026-08-15 04:15:00,4377.62938,4380.20149,4377.13385,4378.84209
2026-08-15 04:30:00,4379.13381,4383.09699,4377.13385,4381.59619
2026-08-15 04:45:00,4382.08072,4382.08072,4372.54045,4373.34788
2026-08-15 05:00:00,4373.41843,4377.24635,4372.73165,4377.1796
2026-08-15 05:15:00,4377.03353,4377.90036,4375.21876,4376.69261
2026-08-15 05:30:00,4377.08858,4377.95479,4376.36761,4376.7217
2026-08-15 05:45:00,4376.71277,4382.44657,4374.45319,4375.04209
2026-08-15 06:00:00,4375.30467,4375.9846,4371.20252,4371.801
2026-08-15 06:15:00,4372.14006,4374.83594,4372.07143,4374.32755
2026-08-15 06:30:00,4374.34988,4376.79262,4373.8132,4375.14859
2026-08-15 06:45:00,4375.40662,4376.79162,4375.24183,4376.56187
2026-08-15 07:00:00,4376.01866,4376.94227,4375.53601,4375.68401
2026-08-15 07:15:00,4375.60003,4375.9846,4375.53653,4375.67469
2026-08-15 07:30:00,4375.59782,4375.89559,4375.5381,4375.58492
2026-08-15 07:45:00,4375.59808,4375.79923,4375.53437,4375.58851
2026-08-15 08:00:00,4375.60547,4375.79269,4375.53806,4375.6675
2026-08-15 08:15:00,4375.59613,4375.79648,4375.5341,4375.68775
2026-08-15 08:30:00,4375.59973,4375.79354,4375.53465,4375.65934
2026-08-15 08:45:00,4375.59973,4375.79927,4375.53607,4375.57899
2026-08-15 09:00:00,4375.60513,4375.80116,4375.5404,4375.66354
2026-08-15 09:15:00,4375.60533,4375.80222,4375.5341,4375.69513
2026-08-15 09:30:00,4375.59973,4375.79649,4375.53858,4375.6372
2026-08-15 09:45:00,4375.59581,4375.79737,4375.53465,4375.56984
2026-08-15 10:00:00,4375.60165,4375.79553,4375.53622,4375.67477
2026-08-15 10:15:00,4375.59969,4375.7934,4375.53649,4375.70577
2026-08-15 10:30:00,4375.60777,4375.80415,4375.5341,4375.63074
2026-08-15 10:45:00,4375.59591,4375.79072,4375.53457,4375.56147
2026-08-15 11:00:00,4375.59437,4375.79543,4375.52895,4375.68872
2026-08-15 11:15:00,4375.59973,4375.7955,4375.53813,4375.70234
2026-08-15 11:30:00,4375.60585,4375.80222,4375.54041,4375.6566
2026-08-15 11:45:00,4375.60537,4375.7961,4375.53793,4375.56539
2026-08-15 12:00:00,4375.59435,4375.79262,4375.53088,4375.69657
2026-08-15 12:15:00,4375.59574,4375.79544,4375.53609,4375.69048
2026-08-15 12:30:00,4375.59973,4375.79552,4375.53616,4375.66897
2026-08-15 12:45:00,4375.60165,4375.80605,4375.54617,4375.58664
2026-08-15 13:00:00,4375.60708,4375.79844,4375.5406,4375.59288
2026-08-15 13:15:00,4375.60165,4375.78983,4375.52894,4375.68038
2026-08-15 13:30:00,4375.59973,4375.79552,4375.5361,4375.68057
2026-08-15 13:45:00,4375.59973,4375.78752,4375.5307,4375.58745
2026-08-15 14:00:00,4375.5959,4375.79652,4375.5341,4375.57904
2026-08-15 14:15:00,4375.59973,4375.80228,4375.54649,4375.6749
2026-08-15 14:30:00,4375.60759,4375.80098,4375.53419,4375.69067
2026-08-15 14:45:00,4375.60007,4375.7936,4375.53623,4375.65261
2026-08-15 15:00:00,4375.59958,4375.80414,4375.53266,4375.57687
2026-08-15 15:15:00,4375.60583,4375.7978,4375.54176,4375.66827
2026-08-15 15:30:00,4375.6075,4375.80227,4375.54031,4375.70226
2026-08-15 15:45:00,4375.60547,4375.80127,4375.54008,4375.64319
2026-08-15 16:00:00,4375.60547,4375.79925,4375.54183,4375.57103
2026-08-15 16:15:00,4375.60394,4375.79652,4375.53682,4375.67815
2026-08-15 16:30:00,4375.59781,4375.79616,4375.53793,4375.70196
2026-08-15 16:45:00,4375.60318,4375.80036,4375.53839,4375.64536
2026-08-15 17:00:00,4375.60552,4375.79939,4375.54196,4375.57361
2026-08-15 17:15:00,4375.60585,4375.80305,4375.54174,4375.69738
2026-08-15 17:30:00,4375.60538,4375.7946,4375.53879,4375.695
2026-08-15 17:45:00,4375.6001,4375.80419,4375.53984,4375.66401
2026-08-15 18:00:00,4375.60753,4375.79532,4375.53647,4375.57878
2026-08-15 18:15:00,4375.60582,4375.80322,4375.54182,4375.70925
2026-08-15 18:30:00,4375.60529,4375.79927,4375.5385,4375.69163
2026-08-15 18:45:00,4375.60324,4375.8003,4375.53601,4375.67185
2026-08-15 19:00:00,4375.59973,4375.79649,4375.53677,4375.58437
2026-08-15 19:15:00,4375.60223,4375.7994,4375.53838,4375.59256
2026-08-15 19:30:00,4375.60521,4375.80116,4375.53985,4375.6765
2026-08-15 19:45:00,4375.59922,4375.79748,4375.53877,4375.68234
2026-08-15 20:00:00,4375.59751,4375.78855,4375.53218,4375.59915
2026-08-15 20:15:00,4375.60378,4375.79844,4375.53844,4375.57984
2026-08-15 20:30:00,4375.60323,4375.79548,4375.53615,4375.66196
2026-08-15 20:45:00,4375.59973,4375.80126,4375.53615,4375.70055
2026-08-15 21:00:00,4375.60774,4375.7946,4375.53678,4375.64626
2026-08-15 21:15:00,4375.59782,4375.79458,4375.5341,4375.56727
2026-08-15 21:30:00,4375.59782,4375.78971,4375.53082,4375.66423
2026-08-15 21:45:00,4375.5959,4375.79159,4375.53224,4375.6938
2026-08-15 22:00:00,4375.5959,4375.79171,4375.53074,4375.62776
2026-08-15 22:15:00,4375.5959,4375.7927,4375.53498,4375.56308
2026-08-15 22:30:00,4375.5959,4375.79266,4375.53027,4375.68005
2026-08-15 22:45:00,4375.5959,4375.7897,4375.53082,4375.69375
2026-08-15 23:00:00,4375.5959,4375.7917,4375.53225,4375.64189
2026-08-15 23:15:00,4375.5959,4375.78952,4375.53075,4375.56543
2026-08-15 23:30:00,4375.5959,4375.79269,4375.53027,4375.69377
2026-08-15 23:45:00,4375.5959,4375.79266,4375.53477,4375.68915
2026-08-16 00:00:00,4375.5959,4375.7916,4375.53081,4375.65828
2026-08-16 00:15:00,4375.5959,4375.7917,4375.53238,4375.57221
2026-08-16 00:30:00,4375.5959,4375.79269,4375.53075,4375.59166
2026-08-16 00:45:00,4375.5959,4375.78666,4375.53027,4375.68032
2026-08-16 01:00:00,4375.5959,4375.79266,4375.53081,4375.67261
2026-08-16 01:15:00,4375.5959,4375.79161,4375.53226,4375.58293
2026-08-16 01:30:00,4375.5959,4375.79169,4375.53076,4375.57876
2026-08-16 01:45:00,4375.5959,4375.79269,4375.53494,4375.66788
2026-08-16 02:00:00,4375.5959,4375.79266,4375.53027,4375.68386
2026-08-16 02:15:00,4375.5959,4375.78966,4375.53081,4375.65561
2026-08-16 02:30:00,4375.5959,4375.79168,4375.53227,4375.56935
2026-08-16 02:45:00,4375.5959,4375.78955,4375.53076,4375.65294
2026-08-16 03:00:00,4375.5959,4375.79269,4375.53027,4375.69126
2026-08-16 03:15:00,4375.5959,4375.79267,4375.53481,4375.63875
2026-08-16 03:30:00,4375.5959,4375.79162,4375.5308,4375.56409
2026-08-16 03:45:00,4375.5959,4375.79168,4375.53228,4375.66956
2026-08-16 04:00:00,4375.5959,4375.78956,4375.53076,4375.69429
2026-08-16 04:15:00,4375.5959,4375.79269,4375.53027,4375.63026
2026-08-16 04:30:00,4375.5959,4375.79267,4375.53482,4375.56335
2026-08-16 04:45:00,4375.5959,4375.79163,4375.5308,4375.6848
2026-08-16 05:00:00,4375.5959,4375.79167,4375.53235,4375.69274
2026-08-16 05:15:00,4375.5959,4375.79268,4375.53077,4375.6474
2026-08-16 05:30:00,4375.5959,4375.7866,4375.53027,4375.56718
2026-08-16 05:45:00,4375.5959,4375.79267,4375.53079,4375.69762
2026-08-16 06:00:00,4375.5959,4375.79163,4375.5323,4375.6867
2026-08-16 06:15:00,4375.5959,4375.79167,4375.53077,4375.66324
2026-08-16 06:30:00,4375.5959,4375.79268,4375.53489,4375.57531
2026-08-16 06:45:00,4375.5959,4375.79267,4375.53027,4375.58712
2026-08-16 07:00:00,4375.5959,4375.78962,4375.53079,4375.67662
2026-08-16 07:15:00,4375.5959,4375.79166,4375.53231,4375.67666
2026-08-16 07:30:00,4375.5959,4375.78959,4375.53078,4375.58717
2026-08-16 07:45:00,4375.5959,4375.79268,4375.53218,4375.57726
2026-08-16 08:00:00,4375.59782,4375.7946,4375.53684,4375.66521
2026-08-16 08:15:00,4375.59782,4375.7936,4375.53268,4375.68859
2026-08-16 08:30:00,4375.59782,4375.79353,4375.53419,4375.65213
2026-08-16 08:45:00,4375.59782,4375.79458,4375.53272,4375.56911
2026-08-16 09:00:00,4375.59782,4375.78855,4375.53218,4375.66024
2026-08-16 09:15:00,4375.59782,4375.7946,4375.53267,4375.69464
2026-08-16 09:30:00,4375.59782,4375.7936,4375.53428,4375.63539
2026-08-16 09:45:00,4375.59782,4375.79353,4375.53418,4375.56527
2026-08-16 10:00:00,4375.59782,4375.79458,4375.53272,4375.67654
2026-08-16 10:15:00,4375.59782,4375.78857,4375.53218,4375.69621
2026-08-16 10:30:00,4375.59782,4375.7946,4375.53267,4375.63772
2026-08-16 10:45:00,4375.59782,4375.79361,4375.53429,4375.566
2026-08-16 11:00:00,4375.59782,4375.79352,4375.53273,4375.69112
2026-08-16 11:15:00,4375.59782,4375.79458,4375.53669,4375.6932
2026-08-16 11:30:00,4375.59782,4375.79461,4375.53218,4375.65457
2026-08-16 11:45:00,4375.59782,4375.79144,4375.53266,4375.57124
2026-08-16 12:00:00,4375.59782,4375.79361,4375.53417,4375.70296
2026-08-16 12:15:00,4375.59782,4375.7916,4375.53273,4375.68581
2026-08-16 12:30:00,4375.59782,4375.79457,4375.53218,4375.66975
2026-08-16 12:45:00,4375.59782,4375.79461,4375.53689,4375.58064
2026-08-16 13:00:00,4375.59782,4375.79362,4375.53266,4375.58489
2026-08-16 13:15:00,4375.59782,4375.79351,4375.53416,4375.67457
2026-08-16 13:30:00,4375.59782,4375.79457,4375.53273,4375.6822
2026-08-16 13:45:00,4375.59782,4375.78861,4375.53218,4375.59353
2026-08-16 14:00:00,4375.59782,4375.79461,4375.53266,4375.57415
2026-08-16 14:15:00,4375.59782,4375.79363,4375.53432,4375.66025
2026-08-16 14:30:00,4375.59782,4375.7935,4375.53274,4375.69104
2026-08-16 14:45:00,4375.59782,4375.79457,4375.53665,4375.6466
2026-08-16 15:00:00,4375.59782,4375.79461,4375.53218,4375.56736
2026-08-16 15:15:00,4375.59782,4375.79141,4375.53265,4375.66569
2026-08-16 15:30:00,4375.59782,4375.79363,4375.53414,4375.69565
2026-08-16 15:45:00,4375.59782,4375.7935,4375.53274,4375.63012
2026-08-16 16:00:00,4375.59782,4375.79457,4375.53664,4375.565
2026-08-16 16:15:00,4375.59782,4375.79461,4375.53218,4375.68154
2026-08-16 16:30:00,4375.59782,4375.7914,4375.53265,4375.69573
2026-08-16 16:45:00,4375.59782,4375.79364,4375.53413,4375.64334
2026-08-16 17:00:00,4375.59782,4375.79165,4375.53275,4375.56722
2026-08-16 17:15:00,4375.59782,4375.79456,4375.53218,4375.69534
2026-08-16 17:30:00,4375.59782,4375.79462,4375.53694,4375.69125
2026-08-16 17:45:00,4375.59782,4375.79364,4375.53264,4375.65977
2026-08-16 18:00:00,4375.59782,4375.79348,4375.53413,4375.57388
2026-08-16 18:15:00,4375.59782,4375.79456,4375.53275,4375.59398
2026-08-16 18:30:00,4375.59782,4375.78867,4375.53218,4375.68253
2026-08-16 18:45:00,4375.59782,4375.79462,4375.53264,4375.67416
2026-08-16 19:00:00,4375.59782,4375.79365,4375.53435,4375.5845
2026-08-16 19:15:00,4375.59782,4375.79348,4375.53276,4375.58099
2026-08-16 19:30:00,4375.59782,4375.79456,4375.53661,4375.67019
2026-08-16 19:45:00,4375.59782,4375.79462,4375.53218,4375.68552
2026-08-16 20:00:00,4375.59782,4375.79137,4375.53264,4375.65799
2026-08-16 20:15:00,4375.59782,4375.79366,4375.53411,4375.57147
2026-08-16 20:30:00,4375.59782,4375.79168,4375.53276,4375.65508
2026-08-16 20:45:00,4375.59782,4375.79456,4375.53218,4375.69303
2026-08-16 21:00:00,4375.59782,4375.79462,4375.53698,4375.64112
2026-08-16 21:15:00,4375.59782,4375.79366,4375.53263,4375.56609
2026-08-16 21:30:00,4375.59782,4375.79346,4375.5341,4375.67103
2026-08-16 21:45:00,4375.59782,4375.79169,4375.53277,4375.69618
2026-08-16 22:00:00,4375.59782,4375.79456,4375.53218,4375.63169
2026-08-16 22:15:00,4375.59782,4375.79462,4375.53699,4375.56522
2026-08-16 22:30:00,4375.59782,4375.79367,4375.53263,4375.68632
2026-08-16 22:45:00,4375.59782,4375.79346,4375.53409,4375.69475
2026-08-16 23:00:00,4375.59782,4375.79455,4375.53277,4375.64886
2026-08-16 23:15:00,4375.59782,4375.78872,4375.53218,4375.56893
2026-08-16 23:30:00,4375.59782,4375.79463,4375.53262,4375.69922
2026-08-16 23:45:00,4375.59782,4375.79367,4375.53438,4375.68884
2026-08-17 00:00:00,4375.59782,4375.79345,4375.53277,4375.66475
2026-08-17 00:15:00,4375.59782,4375.79455,4375.53656,4375.57694
2026-08-17 00:30:00,4375.59782,4375.79463,4375.53219,4375.58941
2026-08-17 00:45:00,4375.59782,4375.79132,4375.53262,4375.67886
2026-08-17 01:00:00,4375.59782,4375.79368,4375.53408,4375.67825
2026-08-17 01:15:00,4375.59782,4375.79172,4375.53278,4375.58871
2026-08-17 01:30:00,4375.59782,4375.79455,4375.53219,4375.57746
2026-08-17 01:45:00,4375.59782,4375.79463,4375.53703,4375.66551
2026-08-17 02:00:00,4375.59782,4375.79369,4375.53262,4375.68842
2026-08-17 02:15:00,4375.59782,4375.79344,4375.53407,4375.65248
2026-08-17 02:30:00,4375.59782,4375.79455,4375.53278,4375.56924
2026-08-17 02:45:00,4375.59782,4375.78876,4375.53219,4375.6599
2026-08-17 03:00:00,4375.59782,4375.79463,4375.53261,4375.69456
2026-08-17 03:15:00,4375.59782,4375.79369,4375.53441,4375.63572
2026-08-17 03:30:00,4375.59782,4375.79343,4375.53406,4375.5653
2026-08-17 03:45:00,4375.59782,4375.79454,4375.53279,4375.67622
2026-08-17 04:00:00,4375.59782,4375.80833,4375.55328,4375.72307
2026-08-17 04:15:00,4375.62462,4375.81578,4375.54207,4375.64248
2026-08-17 04:30:00,4375.60349,4375.80345,4375.54231,4375.58113
2026-08-17 04:45:00,4375.61238,4375.80461,4375.53866,4375.69887
2026-08-17 05:00:00,4375.60373,4375.80023,4375.54404,4375.6954
2026-08-17 05:15:00,4375.59826,4375.80041,4375.53795,4375.65772
2026-08-17 05:30:00,4375.60151,4375.79691,4375.53638,4375.57295
2026-08-17 05:45:00,4375.59973,4375.80472,4375.5383,4375.60431
2026-08-17 06:00:00,4375.60739,4375.79967,4375.54247,4375.69776
2026-08-17 06:15:00,4375.60995,4375.80023,4375.53219,4375.67148
2026-08-17 06:30:00,4375.60018,4375.78312,4375.53463,4375.59149
2026-08-17 06:45:00,4375.60901,4375.84991,4375.52542,4375.54686
2026-08-17 07:00:00,4375.60522,4375.79602,4375.41019,4375.70611
2026-08-17 07:15:00,4375.6308,4375.79832,4375.53474,4375.68573
2026-08-17 07:30:00,4375.60194,4375.78606,4375.21876,4375.44625
2026-08-17 07:45:00,4375.51979,4376.73509,4375.51979,4376.62523
2026-08-17 08:00:00,4376.54,4381.54493,4372.1581,4374.69073
2026-08-17 08:15:00,4375.43576,4376.1999,4373.11409,4375.04264
2026-08-17 08:30:00,4374.8943,4378.80651,4373.15684,4377.07521
2026-08-17 08:45:00,4377.34519,4385.78783,4377.32545,4385.57681
2026-08-17 09:00:00,4385.05692,4386.15729,4381.22476,4381.49024
2026-08-17 09:15:00,4381.90178,4381.90178,4373.73555,4374.41107
2026-08-17 09:30:00,4375.63496,4375.63496,4367.39807,4369.0627
2026-08-17 09:45:00,4368.93802,4373.49661,4368.57609,4370.92175
2026-08-17 10:00:00,4371.23624,4379.05062,4368.33828,4378.92652
2026-08-17 10:15:00,4378.68237,4390.30339,4377.58467,4389.95349
2026-08-17 10:30:00,4389.3969,4394.67326,4388.51985,4393.42586
2026-08-17 10:45:00,4390.98739,4400.63369,4390.98739,4400.35207
2026-08-17 11:00:00,4399.97672,4412.08912,4399.97672,4409.57013
2026-08-17 11:15:00,4407.22365,4415.05846,4407.22365,4408.45954
2026-08-17 11:30:00,4409.17338,4409.17338,4398.17918,4401.56056
2026-08-17 11:45:00,4401.0814,4404.12226,4392.40406,4395.53409
2026-08-17 12:00:00,4395.15192,4399.12612,4392.86343,4393.56638
2026-08-17 12:15:00,4393.91887,4396.98911,4390.39382,4396.96274
2026-08-17 12:30:00,4396.97294,4397.344,4390.39382,4394.41244
2026-08-17 12:45:00,4394.24992,4394.63854,4388.39822,4392.87773
2026-08-17 13:00:00,4392.69992,4394.73942,4388.85232,4389.57978
2026-08-17 13:15:00,4389.43526,4391.73286,4388.23785,4390.92747
2026-08-17 13:30:00,4390.20138,4396.95731,4390.20138,4396.84025
2026-08-17 13:45:00,4396.55616,4397.56444,4393.22915,4397.07812
2026-08-17 14:00:00,4396.04747,4399.08499,4396.04747,4398.96665
2026-08-17 14:15:00,4398.93724,4398.93724,4391.35781,4391.59954
2026-08-17 14:30:00,4391.98691,4396.18411,4389.04494,4395.86062
2026-08-17 14:45:00,4395.27777,4397.73077,4390.84686,4391.44766
2026-08-17 15:00:00,4392.49175,4393.57387,4388.63026,4389.16417
2026-08-17 15:15:00,4389.9222,4397.8766,4386.03674,4397.64506
2026-08-17 15:30:00,4397.26286,4400.63369,4392.40869,4395.18106
2026-08-17 15:45:00,4395.43246,4397.344,4393.18087,4393.72335
2026-08-17 16:00:00,4393.83043,4398.05943,4392.00426,4392.74433
2026-08-17 16:15:00,4393.76082,4398.25032,4391.68075,4396.52518
2026-08-17 16:30:00,4396.96696,4399.08499,4394.05923,4395.00392
2026-08-17 16:45:00,4394.85941,4403.77593,4392.14978,4403.08134
2026-08-17 17:00:00,4402.96267,4403.3124,4396.8068,4397.20704
2026-08-17 17:15:00,4397.98413,4403.71565,4396.31251,4402.44931
2026-08-17 17:30:00,4399.49482,4410.92144,4399.49482,4410.80505
2026-08-17 17:45:00,4410.49038,4410.49038,4403.74089,4405.39451
2026-08-17 18:00:00,4405.12253,4405.67451,4398.11761,4402.41466
2026-08-17 18:15:00,4402.15006,4403.74346,4401.02104,4403.38659
2026-08-17 18:30:00,4402.70935,4402.70935,4397.02235,4397.28937
2026-08-17 18:45:00,4397.73958,4397.73958,4393.222,4395.4847
2026-08-17 19:00:00,4395.29904,4400.09419,4394.05923,4399.52241
2026-08-17 19:15:00,4399.66512,4399.73504,4396.37739,4396.5359
2026-08-17 19:30:00,4396.6208,4398.13004,4394.25232,4395.24235
2026-08-17 19:45:00,4395.53855,4395.79762,4393.48008,4394.30339
2026-08-17 20:00:00,4394.28703,4396.37739,4393.47042,4396.20429
2026-08-17 20:15:00,4395.90049,4398.31105,4391.74352,4395.17426
2026-08-17 20:30:00,4392.91515,4406.83165,4392.77982,4398.39773
2026-08-17 20:45:00,4398.27953,4399.47206,4396.76398,4398.75863
2026-08-17 21:00:00,4398.83945,4403.54045,4398.45065,4401.03327
2026-08-17 21:15:00,4401.43423,4404.66455,4397.73077,4404.01419
2026-08-17 21:30:00,4403.90265,4405.75411,4400.2251,4400.57655
2026-08-17 21:45:00,4401.12731,4401.12731,4395.6044,4397.11419
2026-08-17 22:00:00,4397.04878,4397.07173,4392.51515,4394.01399
2026-08-17 22:15:00,4393.60456,4397.73077,4384.42652,4389.28067
2026-08-17 22:30:00,4388.52074,4389.04494,4379.8178,4379.93447
2026-08-17 22:45:00,4380.18546,4386.15729,4377.70871,4386.04328
2026-08-17 23:00:00,4385.67094,4388.97733,4382.50504,4387.64188
2026-08-17 23:15:00,4388.65541,4388.65541,4383.27343,4386.62875
2026-08-17 23:30:00,4386.73842,4390.71063,4386.52603,4386.82244
2026-08-17 23:45:00,4386.93221,4414.62123,4385.38379,4408.32887
2026-08-18 00:00:00,4409.25569,4411.11601,4404.18399,4410.47677
2026-08-18 00:15:00,4409.27806,4427.32545,4409.27806,4417.80215
2026-08-18 00:30:00,4418.75478,4425.56205,4414.73496,4420.56812
2026-08-18 00:45:00,4420.11825,4420.69635,4414.81612,4415.37508
2026-08-18 01:00:00,4415.44234,4421.84391,4415.44234,4421.4459
2026-08-18 01:15:00,4421.39615,4425.48332,4419.8895,4425.17488
2026-08-18 01:30:00,4424.63796,4425.95379,4420.18301,4421.26065
2026-08-18 01:45:00,4421.03167,4427.32545,4418.207,4426.82975
2026-08-18 02:00:00,4426.9188,4427.91357,4423.18835,4426.5686
2026-08-18 02:15:00,4426.55551,4427.59616,4423.60435,4423.68277
2026-08-18 02:30:00,4423.65758,4426.73749,4422.88991,4426.0762
2026-08-18 02:45:00,4425.85388,4426.27322,4421.94059,4424.71751
2026-08-18 03:00:00,4424.82376,4426.49759,4421.45289,4422.60116
2026-08-18 03:15:00,4422.41492,4423.21302,4412.985,4415.78664
2026-08-18 03:30:00,4414.61431,4418.32722,4411.50521,4415.95118
2026-08-18 03:45:00,4415.29563,4420.28025,4413.67834,4413.91657
2026-08-18 04:00:00,4414.34479,4415.83312,4409.88806,4412.4796
2026-08-18 04:15:00,4411.56499,4415.79087,4406.22128,4406.61221
2026-08-18 04:30:00,4407.42865,4407.42865,4398.50451,4405.23675
2026-08-18 04:45:00,4404.27956,4407.72319,4400.82736,4406.05351
2026-08-18 05:00:00,4406.31852,4407.84055,4399.64859,4404.69856
2026-08-18 05:15:00,4405.12382,4417.15623,4405.12382,4415.39454
2026-08-18 05:30:00,4415.73821,4419.6234,4413.52849,4419.12916
2026-08-18 05:45:00,4418.4868,4421.28749,4416.71885,4420.27495
2026-08-18 06:00:00,4419.54921,4421.44012,4416.76604,4417.85067
2026-08-18 06:15:00,4417.60326,4418.13201,4415.20597,4415.24434
2026-08-18 06:30:00,4415.3207,4415.79087,4414.65896,4415.67772
2026-08-18 06:45:00,4415.58817,4417.23168,4415.30619,4416.62725
2026-08-18 07:00:00,4416.46004,4417.02394,4416.46004,4416.78065
2026-08-18 07:15:00,4416.83339,4417.03478,4416.74224,4416.83303
2026-08-18 07:30:00,4416.8367,4417.0416,4416.76604,4417.02576
2026-08-18 07:45:00,4416.93409,4417.14273,4416.76604,4417.05662
2026-08-18 08:00:00,4416.81549,4418.91295,4415.42626,4416.78583
2026-08-18 08:15:00,4416.62072,4416.99469,4412.08912,4412.39758
2026-08-18 08:30:00,4412.49266,4415.20597,4412.04857,4415.0464
2026-08-18 08:45:00,4414.81312,4415.79087,4410.92144,4411.54773
2026-08-18 09:00:00,4411.39189,4414.50738,4411.23865,4413.91136
2026-08-18 09:15:00,4413.83486,4421.45289,4413.34242,4420.30657
2026-08-18 09:30:00,4420.55158,4422.87431,4419.38727,4422.60264
2026-08-18 09:45:00,4422.07042,4425.0661,4421.69807,4423.97343
2026-08-18 10:00:00,4424.12911,4425.95379,4418.04763,4419.69725
2026-08-18 10:15:00,4419.80279,4431.20799,4419.5673,4430.91452
2026-08-18 10:30:00,4430.2798,4433.63684,4427.80395,4429.64428
2026-08-18 10:45:00,4429.38811,4433.69603,4428.20433,4432.5244
2026-08-18 11:00:00,4430.55095,4435.5801,4429.17269,4429.3932
2026-08-18 11:15:00,4429.78849,4429.87508,4421.45289,4425.26955
2026-08-18 11:30:00,4425.03571,4425.17037,4414.89148,4415.51004
2026-08-18 11:45:00,4416.37206,4417.67525,4404.70422,4408.13699
2026-08-18 12:00:00,4408.16507,4409.10609,4399.06153,4401.39732
2026-08-18 12:15:00,4400.34184,4405.86862,4400.34184,4403.11964
2026-08-18 12:30:00,4403.6032,4403.6032,4394.05923,4394.63401
2026-08-18 12:45:00,4394.66,4400.59861,4394.55135,4399.54454
2026-08-18 13:00:00,4398.9994,4405.05589,4398.7777,4400.71326
2026-08-18 13:15:00,4400.1533,4401.99969,4394.44542,4397.33039
2026-08-18 13:30:00,4397.06316,4397.88766,4394.83168,4395.22463
2026-08-18 13:45:00,4395.17107,4395.17107,4390.97216,4392.03457
2026-08-18 14:00:00,4391.54791,4392.94813,4390.00834,4392.79061
2026-08-18 14:15:00,4392.55363,4393.28706,4390.70109,4392.06121
2026-08-18 14:30:00,4392.37199,4394.25232,4389.68192,4394.15379
2026-08-18 14:45:00,4393.89465,4395.20224,4392.26319,4394.07003
2026-08-18 15:00:00,4394.37563,4394.39363,4390.97216,4391.43064
2026-08-18 15:15:00,4391.4678,4396.18518,4391.39165,4393.48775
2026-08-18 15:30:00,4394.31628,4394.95298,4385.77255,4390.01069
2026-08-18 15:45:00,4390.42233,4397.53738,4390.42233,4395.60248
2026-08-18 16:00:00,4396.07821,4396.60419,4388.46711,4394.96532
2026-08-18 16:15:00,4394.79166,4399.66563,4393.5228,4399.54303
2026-08-18 16:30:00,4399.3424,4400.13156,4395.218,4398.10049
2026-08-18 16:45:00,4397.80711,4399.05042,4397.40142,4397.83963
2026-08-18 17:00:00,4397.98554,4400.53511,4397.43427,4397.69627
2026-08-18 17:15:00,4398.19611,4402.41898,4396.649,4402.06625
2026-08-18 17:30:00,4402.05543,4403.54045,4397.53738,4400.69158
2026-08-18 17:45:00,4401.00559,4402.5711,4396.18411,4397.24876
2026-08-18 18:00:00,4396.928,4396.928,4388.54016,4394.97195
2026-08-18 18:15:00,4394.12134,4394.12134,4387.31189,4388.45433
2026-08-18 18:30:00,4388.44682,4398.65776,4388.26136,4397.35353
2026-08-18 18:45:00,4397.53819,4397.53819,4391.74352,4393.22328
2026-08-18 19:00:00,4393.15354,4393.54668,4391.40307,4392.74018
2026-08-18 19:15:00,4392.20269,4393.28706,4388.40273,4391.99843
2026-08-18 19:30:00,4390.96002,4395.5284,4387.85705,4388.12542
2026-08-18 19:45:00,4388.60505,4394.05923,4386.47555,4393.97231
2026-08-18 20:00:00,4393.86583,4395.6044,4392.29011,4393.20062
2026-08-18 20:15:00,4393.31544,4395.79762,4389.62293,4391.69096
2026-08-18 20:30:00,4391.17687,4398.50451,4391.17687,4398.39152
2026-08-18 20:45:00,4398.21331,4399.47206,4396.76398,4397.51424
2026-08-18 21:00:00,4397.344,4398.57868,4392.24874,4393.65346
2026-08-18 21:15:00,4393.3929,4394.36704,4390.20107,4390.76611
2026-08-18 21:30:00,4391.05446,4392.32222,4388.45275,4392.26762
2026-08-18 21:45:00,4392.13096,4396.37739,4390.00834,4396.02432
2026-08-18 22:00:00,4395.35018,4397.15065,4390.71329,4391.40617
2026-08-18 22:15:00,4391.38207,4400.0528,4391.16498,4393.28896
2026-08-18 22:30:00,4393.64688,4397.81598,4391.74352,4392.65238
2026-08-18 22:45:00,4392.54283,4396.76398,4390.88368,4394.50697
2026-08-18 23:00:00,4393.96118,4397.53738,4388.97379,4394.29878
2026-08-18 23:15:00,4393.78407,4394.96983,4388.6597,4391.4927
2026-08-18 23:30:00,4391.00082,4403.54045,4384.42652,4402.00195
2026-08-18 23:45:00,4402.30445,4404.32094,4390.39382,4393.5326
2026-08-19 00:00:00,4393.12541,4404.51022,4393.09406,4393.23815
2026-08-19 00:15:00,4393.29059,4404.70422,4393.29059,4394.8556
2026-08-19 00:30:00,4395.32434,4396.37739,4379.43692,4380.09577
2026-08-19 00:45:00,4381.39896,4388.27453,4366.922,4369.80762
2026-08-19 01:00:00,4373.57236,4376.63766,4361.34192,4362.75506
2026-08-19 01:15:00,4365.57456,4365.57456,4352.9562,4358.46815
2026-08-19 01:30:00,4357.51117,4362.05016,4354.64205,4357.81987
2026-08-19 01:45:00,4358.38321,4365.85898,4357.29847,4364.30928
2026-08-19 02:00:00,4363.84524,4371.5847,4362.80442,4368.87177
2026-08-19 02:15:00,4369.89464,4370.70807,4363.56317,4363.83856
2026-08-19 02:30:00,4364.31668,4368.33828,4362.83766,4366.1174
2026-08-19 02:45:00,4366.4936,4368.52912,4362.62403,4363.71052
2026-08-19 03:00:00,4363.76006,4366.75384,4363.76006,4366.44898
2026-08-19 03:15:00,4366.02735,4368.14747,4363.51563,4365.20303
2026-08-19 03:30:00,4365.40833,4366.43088,4360.47433,4360.8022
2026-08-19 03:45:00,4361.46897,4361.46897,4357.10862,4357.21854
2026-08-19 04:00:00,4357.26661,4358.07323,4352.74658,4357.15527
2026-08-19 04:15:00,4355.51073,4360.90881,4355.51073,4360.59954
2026-08-19 04:30:00,4359.89857,4360.90881,4354.63336,4355.10862
2026-08-19 04:45:00,4356.12508,4356.12508,4353.50457,4354.46488
2026-08-19 05:00:00,4354.49889,4357.67823,4354.13602,4356.04978
2026-08-19 05:15:00,4355.90747,4358.05805,4352.74658,4355.27441
2026-08-19 05:30:00,4354.86447,4357.95169,4353.19243,4354.60294
2026-08-19 05:45:00,4357.47327,4357.47327,4340.08941,4343.95947
2026-08-19 06:00:00,4341.36541,4346.88111,4341.36541,4341.82613
2026-08-19 06:15:00,4341.90909,4343.78823,4334.82162,4337.65861
2026-08-19 06:30:00,4337.35544,4339.96411,4332.55774,4333.24273
2026-08-19 06:45:00,4334.14161,4335.89696,4330.69161,4335.67938
2026-08-19 07:00:00,4335.3554,4335.3554,4333.88229,4334.55235
2026-08-19 07:15:00,4334.54483,4334.72168,4334.38859,4334.4031
2026-08-19 07:30:00,4334.45459,4334.7225,4334.25798,4334.58717
2026-08-19 07:45:00,4334.52302,4334.67625,4334.24971,4334.40384
2026-08-19 08:00:00,4334.23748,4343.35203,4331.89673,4342.39773
2026-08-19 08:15:00,4342.59537,4342.69733,4333.50667,4335.71747
2026-08-19 08:30:00,4335.44369,4337.16265,4333.50667,4333.9109
2026-08-19 08:45:00,4333.84087,4335.57338,4333.31889,4333.44852
2026-08-19 09:00:00,4333.58934,4338.39479,4333.44962,4333.91834
2026-08-19 09:15:00,4333.83729,4336.51344,4330.50407,4330.75242
2026-08-19 09:30:00,4331.19338,4333.6216,4327.50563,4329.53816
2026-08-19 09:45:00,4328.92628,4334.91192,4328.92628,4332.97222
2026-08-19 10:00:00,4332.81906,4344.32339,4332.81906,4343.67195
2026-08-19 10:15:00,4342.52761,4346.71064,4340.39903,4340.69955
2026-08-19 10:30:00,4341.38977,4347.75561,4339.17647,4344.87186
2026-08-19 10:45:00,4345.31826,4345.31826,4337.11128,4337.60619
2026-08-19 11:00:00,4338.52928,4343.10532,4325.9749,4342.69119
2026-08-19 11:15:00,4342.13398,4345.64004,4333.31889,4340.95081
2026-08-19 11:30:00,4340.40017,4356.34938,4340.40017,4354.91186
2026-08-19 11:45:00,4355.23667,4356.41595,4351.6101,4355.14314
2026-08-19 12:00:00,4354.01663,4358.76734,4352.17827,4353.78853
2026-08-19 12:15:00,4354.2182,4361.47941,4353.31505,4360.69889
2026-08-19 12:30:00,4360.47981,4362.70139,4354.07324,4356.58484
2026-08-19 12:45:00,4357.67232,4357.67232,4352.55713,4354.85802
2026-08-19 13:00:00,4354.47964,4355.78012,4352.17827,4354.88913
2026-08-19 13:15:00,4354.87191,4357.86813,4352.17827,4357.78183
2026-08-19 13:30:00,4357.55778,4359.76806,4356.53917,4357.86645
2026-08-19 13:45:00,4357.46628,4358.81789,4355.0578,4355.23104
2026-08-19 14:00:00,4355.52292,4355.96986,4353.50457,4354.31279
2026-08-19 14:15:00,4354.33649,4354.45243,4350.23716,4351.19671
2026-08-19 14:30:00,4351.02999,4352.35688,4345.37001,4345.47437
2026-08-19 14:45:00,4345.73019,4349.14974,4344.80361,4348.72367
2026-08-19 15:00:00,4347.7932,4350.28494,4339.33608,4339.56743
2026-08-19 15:15:00,4339.60296,4344.69775,4336.4178,4344.15615
2026-08-19 15:30:00,4343.02177,4344.9924,4336.00173,4342.43066
2026-08-19 15:45:00,4342.09832,4343.51957,4335.72909,4338.30765
2026-08-19 16:00:00,4338.20078,4342.17071,4333.92267,4338.6379
2026-08-19 16:15:00,4339.14653,4347.82609,4335.91941,4341.41061
2026-08-19 16:30:00,4341.8824,4344.80361,4337.44454,4342.89883
2026-08-19 16:45:00,4342.80458,4348.80401,4341.07241,4348.57942
2026-08-19 17:00:00,4347.96557,4353.74737,4347.86692,4350.7443
2026-08-19 17:15:00,4351.08519,4357.29847,4348.20419,4355.67869
2026-08-19 17:30:00,4355.87008,4362.62106,4353.89435,4354.21557
2026-08-19 17:45:00,4354.64134,4356.72897,4353.31505,4355.27663
2026-08-19 18:00:00,4355.49472,4362.62106,4351.87518,4360.88849
2026-08-19 18:15:00,4361.32859,4362.8114,4357.48834,4358.69739
2026-08-19 18:30:00,4358.57307,4362.74426,4356.04669,4362.31142
2026-08-19 18:45:00,4361.42024,4363.00175,4355.21101,4355.3359
2026-08-19 19:00:00,4355.37304,4359.3008,4355.37304,4356.31537
2026-08-19 19:15:00,4356.21412,4356.95015,4354.07324,4354.66383
2026-08-19 19:30:00,4354.91649,4361.2892,4354.91649,4358.97434
2026-08-19 19:45:00,4359.21757,4361.72924,4357.98784,4361.33948
2026-08-19 20:00:00,4360.46934,4363.86344,4359.45708,4363.50664
2026-08-19 20:15:00,4363.03558,4368.90211,4363.03558,4368.57474
2026-08-19 20:30:00,4368.15386,4369.29261,4366.32625,4367.35387
2026-08-19 20:45:00,4367.76101,4368.71997,4366.27329,4366.42093
2026-08-19 21:00:00,4366.74137,4374.26184,4366.74137,4374.12092
2026-08-19 21:15:00,4373.77887,4375.44645,4368.91083,4371.54628
2026-08-19 21:30:00,4371.99962,4371.99962,4363.38249,4363.52171
2026-08-19 21:45:00,4363.64189,4368.34772,4363.44024,4365.2094
2026-08-19 22:00:00,4365.38545,4370.05637,4362.16753,4368.1259
2026-08-19 22:15:00,4368.30429,4373.64213,4365.85898,4370.21676
2026-08-19 22:30:00,4369.72442,4418.70861,4368.91083,4407.89135
2026-08-19 22:45:00,4408.29597,4442.47001,4408.29597,4437.9365
2026-08-19 23:00:00,4438.10521,4463.28944,4423.90281,4461.33069
2026-08-19 23:15:00,4457.96873,4462.23819,4455.93084,4456.43648
2026-08-19 23:30:00,4457.3038,4465.28243,4444.44444,4460.33949
2026-08-19 23:45:00,4458.49344,4463.04779,4444.41982,4460.36158
2026-08-20 00:00:00,4459.65015,4476.07538,4455.52334,4475.48068
2026-08-20 00:15:00,4474.31396,4486.71931,4471.96609,4486.6387
2026-08-20 00:30:00,4486.42125,4496.60506,4485.56438,4496.26355
2026-08-20 00:45:00,4496.35907,4496.35907,4479.08268,4487.65123
2026-08-20 01:00:00,4487.82029,4488.97207,4479.00483,4487.69506
2026-08-20 01:15:00,4486.48164,4487.32331,4478.68148,4483.30503
2026-08-20 01:30:00,4482.98605,4491.41372,4481.29061,4490.46265
2026-08-20 01:45:00,4488.10841,4493.05426,4488.10841,4491.80575
2026-08-20 02:00:00,4491.98617,4498.2232,4491.24679,4497.92379
2026-08-20 02:15:00,4497.7882,4498.28809,4491.49179,4491.90403
2026-08-20 02:30:00,4492.61313,4496.20071,4490.95073,4495.43697
2026-08-20 02:45:00,4495.19302,4497.41399,4493.55898,4494.60203
2026-08-20 03:00:00,4494.61982,4498.62792,4488.99054,4492.65309
2026-08-20 03:15:00,4492.11886,4492.71343,4486.71931,4486.86545
2026-08-20 03:30:00,4486.93643,4491.95939,4484.50603,4490.11323
2026-08-20 03:45:00,4490.57536,4490.57536,4485.10944,4485.14016
2026-08-20 04:00:00,4485.34899,4495.518,4485.34899,4489.97787
2026-08-20 04:15:00,4489.6084,4489.6084,4474.07275,4474.50098
2026-08-20 04:30:00,4475.18692,4491.55587,4473.67244,4491.44404
2026-08-20 04:45:00,4491.18868,4496.20071,4489.64058,4495.39023
2026-08-20 05:00:00,4495.36185,4506.12833,4494.98417,4503.80477
2026-08-20 05:15:00,4504.34841,4506.89655,4502.88184,4506.62634
2026-08-20 05:30:00,4505.85857,4509.98963,4503.89587,4506.1184
2026-08-20 05:45:00,4505.5865,4512.22814,4504.63603,4509.53957
2026-08-20 06:00:00,4509.77739,4512.22814,4506.2707,4506.66626
2026-08-20 06:15:00,4507.28275,4522.22674,4505.72227,4519.16879
2026-08-20 06:30:00,4520.33651,4523.04491,4517.93621,4520.32601
2026-08-20 06:45:00,4520.18566,4524.47742,4519.21302,4523.24519
2026-08-20 07:00:00,4523.14482,4523.14482,4522.63579,4522.83202
2026-08-20 07:15:00,4522.77979,4523.10723,4522.63579,4522.78392
2026-08-20 07:30:00,4522.81702,4523.05386,4522.43126,4522.84812
2026-08-20 07:45:00,4522.71095,4523.11014,4522.69638,4522.92102
2026-08-20 08:00:00,4522.81989,4527.83263,4518.97168,4521.06286
2026-08-20 08:15:00,4520.47059,4521.61331,4519.36322,4520.3841
2026-08-20 08:30:00,4520.22411,4522.02005,4517.7321,4518.2441
2026-08-20 08:45:00,4518.24108,4521.81777,4518.14033,4519.72518
2026-08-20 09:00:00,4519.5825,4525.76298,4516.71989,4520.40939
2026-08-20 09:15:00,4520.36626,4520.4351,4516.50784,4518.33898
2026-08-20 09:30:00,4517.90537,4518.14033,4513.85027,4514.96238
2026-08-20 09:45:00,4514.67541,4516.38063,4511.27006,4512.40234
2026-08-20 10:00:00,4512.30308,4520.36706,4511.33788,4513.55706
2026-08-20 10:15:00,4513.76873,4521.85344,4510.39646,4511.43448
2026-08-20 10:30:00,4511.1664,4512.63538,4504.09873,4504.32722
2026-08-20 10:45:00,4504.55489,4510.19304,4504.55489,4509.85331
2026-08-20 11:00:00,4509.61846,4509.61846,4492.9685,4493.81803
2026-08-20 11:15:00,4494.04891,4502.88184,4493.17038,4502.04375
2026-08-20 11:30:00,4501.20625,4501.20625,4493.57419,4495.71418
2026-08-20 11:45:00,4495.56269,4495.56269,4484.10385,4487.98737
2026-08-20 12:00:00,4487.10946,4499.64003,4487.10946,4499.48531
2026-08-20 12:15:00,4499.31554,4499.31554,4489.74094,4491.81248
2026-08-20 12:30:00,4492.22697,4493.89271,4490.74906,4490.94215
2026-08-20 12:45:00,4491.28951,4494.18004,4489.94253,4491.94986
2026-08-20 13:00:00,4491.92851,4497.63676,4487.11983,4492.06129
2026-08-20 13:15:00,4491.74715,4495.79643,4491.15243,4494.14095
2026-08-20 13:30:00,4494.17597,4498.73426,4493.22869,4496.52331
2026-08-20 13:45:00,4497.03344,4500.85516,4497.03344,4498.6167
2026-08-20 14:00:00,4498.90657,4499.55859,4495.59432,4497.47768
2026-08-20 14:15:00,4497.34444,4497.34444,4491.57251,4492.351
2026-08-20 14:30:00,4493.89127,4493.89127,4486.42433,4487.60255
2026-08-20 14:45:00,4487.69961,4491.35414,4487.32331,4488.88341
2026-08-20 15:00:00,4489.12793,4493.2976,4485.58991,4486.55794
2026-08-20 15:15:00,4488.81201,4488.81201,4483.90279,4484.08209
2026-08-20 15:30:00,4484.27097,4484.79866,4478.4809,4481.79799
2026-08-20 15:45:00,4481.58993,4482.26615,4478.64714,4481.86071
2026-08-20 16:00:00,4480.96645,4492.9685,4480.28409,4492.65485
2026-08-20 16:15:00,4491.8987,4495.59432,4491.8987,4494.59875
2026-08-20 16:30:00,4494.247,4495.33958,4492.61612,4492.7314
2026-08-20 16:45:00,4492.86857,4495.65144,4491.55587,4493.67571
2026-08-20 17:00:00,4492.93294,4494.44879,4487.72607,4488.72816
2026-08-20 17:15:00,4489.00867,4489.00867,4484.11884,4484.35699
2026-08-20 17:30:00,4484.79919,4493.52108,4483.90279,4490.62209
2026-08-20 17:45:00,4491.13425,4492.56481,4488.73328,4490.07986
2026-08-20 18:00:00,4490.34048,4494.78605,4489.90308,4492.08567
2026-08-20 18:15:00,4492.15287,4499.16843,4490.14413,4490.3378
2026-08-20 18:30:00,4490.5852,4497.41813,4487.12196,4492.4524
2026-08-20 18:45:00,4492.19584,4492.71208,4487.81597,4488.57513
2026-08-20 19:00:00,4488.53852,4493.17038,4487.96154,4492.21428
2026-08-20 19:15:00,4491.87065,4493.77612,4488.73328,4489.58445
2026-08-20 19:30:00,4489.27234,4489.94253,4484.70715,4489.68653
2026-08-20 19:45:00,4489.04694,4490.14413,4482.09403,4483.94486
2026-08-20 20:00:00,4483.58739,4490.52789,4480.88901,4490.10427
2026-08-20 20:15:00,4489.54642,4492.74707,4486.47681,4492.29737
2026-08-20 20:30:00,4491.26412,4495.12233,4490.41293,4491.14583
2026-08-20 20:45:00,4490.92752,4491.44229,4487.92748,4489.611
2026-08-20 21:00:00,4488.88885,4491.71686,4484.00499,4484.71018
2026-08-20 21:15:00,4485.63541,4489.94253,4480.88901,4485.15906
2026-08-20 21:30:00,4486.14782,4486.71931,4476.0501,4476.6672
2026-08-20 21:45:00,4477.7175,4477.7175,4466.27959,4467.42964
2026-08-20 22:00:00,4467.26941,4468.45725,4451.3688,4465.63087
2026-08-20 22:15:00,4464.97265,4467.03077,4456.32799,4459.79916
2026-08-20 22:30:00,4459.5524,4466.23691,4452.9518,4459.97
2026-08-20 22:45:00,4461.67352,4476.07538,4461.67352,4475.87318
2026-08-20 23:00:00,4475.45371,4483.90279,4473.2722,4474.58407
2026-08-20 23:15:00,4474.39437,4475.67471,4470.72172,4474.49983
2026-08-20 23:30:00,4473.54645,4487.12196,4470.87227,4486.87278
2026-08-20 23:45:00,4486.3928,4487.72607,4480.08602,4480.32202
2026-08-21 00:00:00,4480.77794,4491.47858,4480.77794,4489.87114
2026-08-21 00:15:00,4487.56419,4494.38202,4483.09872,4488.16111
2026-08-21 00:30:00,4488.20759,4502.39864,4488.20759,4500.43302
2026-08-21 00:45:00,4499.5177,4515.48812,4496.97784,4515.19807
2026-08-21 01:00:00,4514.90805,4536.58758,4513.60401,4535.61921
2026-08-21 01:15:00,4534.20556,4544.49492,4524.88688,4533.75152
2026-08-21 01:30:00,4533.04405,4533.04405,4512.40687,4513.57935
2026-08-21 01:45:00,4515.47071,4523.45411,4510.11922,4523.20659
2026-08-21 02:00:00,4522.70363,4525.27575,4511.76415,4512.5947
2026-08-21 02:15:00,4514.05525,4514.05525,4505.72227,4506.00017
2026-08-21 02:30:00,4506.92433,4512.43175,4503.89587,4508.07337
2026-08-21 02:45:00,4508.40105,4512.65317,4508.40105,4511.01633
2026-08-21 03:00:00,4510.6599,4512.83903,4507.30952,4509.34305
2026-08-21 03:15:00,4509.23695,4515.0171,4508.76956,4510.70979
2026-08-21 03:30:00,4511.67167,4518.14033,4510.88107,4517.8297
2026-08-21 03:45:00,4517.38996,4520.31287,4517.38996,4520.07358
2026-08-21 04:00:00,4519.8551,4522.27838,4509.98963,4510.25505
2026-08-21 04:15:00,4510.77467,4519.39806,4509.18284,4519.3236
2026-08-21 04:30:00,4519.02642,4524.23357,4517.42237,4520.96041
2026-08-21 04:45:00,4521.06078,4524.88688,4518.14033,4522.17384
2026-08-21 05:00:00,4522.88226,4527.78305,4519.9783,4527.53446
2026-08-21 05:15:00,4526.87692,4529.23794,4522.99028,4523.99171
2026-08-21 05:30:00,4524.46815,4529.60094,4522.78751,4527.38786
2026-08-21 05:45:00,4527.48144,4532.26976,4525.13062,4529.2124
2026-08-21 06:00:00,4528.70974,4529.19063,4522.63579,4523.41182
2026-08-21 06:15:00,4523.80709,4523.80709,4520.79566,4521.39711
2026-08-21 06:30:00,4521.34996,4521.37437,4517.11988,4518.57382
2026-08-21 06:45:00,4518.4749,4521.86617,4518.05234,4519.34377
2026-08-21 07:00:00,4519.29236,4519.29236,4518.95702,4519.07829
2026-08-21 07:15:00,4519.08317,4519.29026,4518.94642,4519.15159
2026-08-21 07:30:00,4519.0405,4519.49916,4518.85042,4519.15425
2026-08-21 07:45:00,4519.05867,4519.27747,4518.95702,4519.07673
2026-08-21 08:00:00,4519.08976,4521.20445,4517.52801,4518.43239
2026-08-21 08:15:00,4518.66507,4521.59412,4518.05823,4521.22413
2026-08-21 08:30:00,4520.61784,4523.55953,4518.95702,4523.44559
2026-08-21 08:45:00,4523.17545,4524.36327,4519.9783,4524.27869
2026-08-21 09:00:00,4524.18214,4531.87394,4523.15095,4531.73911
2026-08-21 09:15:00,4531.54379,4532.50737,4525.5012,4525.91662
2026-08-21 09:30:00,4526.71996,4527.34516,4521.40887,4524.31188
2026-08-21 09:45:00,4524.20644,4527.96015,4522.9415,4527.09496
2026-08-21 10:00:00,4526.97837,4528.20864,4518.34448,4518.69569
2026-08-21 10:15:00,4519.20068,4521.20445,4515.89595,4517.47753
2026-08-21 10:30:00,4518.25531,4518.6255,4511.00686,4512.57806
2026-08-21 10:45:00,4511.16494,4513.93782,4510.1304,4511.17591
2026-08-21 11:00:00,4511.0523,4521.00005,4509.73245,4520.35419
2026-08-21 11:15:00,4519.24699,4530.21654,4519.24699,4529.99451
2026-08-21 11:30:00,4529.67887,4539.17139,4523.65874,4526.44062
2026-08-21 11:45:00,4525.83842,4532.47518,4525.5012,4530.11923
2026-08-21 12:00:00,4529.82523,4532.45136,4518.48153,4519.01476
2026-08-21 12:15:00,4519.87392,4529.19063,4519.87392,4527.02712
2026-08-21 12:30:00,4527.71292,4536.18154,4525.41669,4535.72
2026-08-21 12:45:00,4535.05032,4543.18295,4534.35311,4535.1954
2026-08-21 13:00:00,4536.39434,4538.02868,4532.88609,4534.46538
2026-08-21 13:15:00,4535.19256,4535.19256,4531.51961,4531.66567
2026-08-21 13:30:00,4531.8603,4537.83013,4526.73034,4529.07834
2026-08-21 13:45:00,4528.90294,4535.57816,4528.90294,4535.07724
2026-08-21 14:00:00,4534.1904,4540.30974,4534.1904,4539.84437
2026-08-21 14:15:00,4539.03232,4547.10804,4538.13879,4546.46382
2026-08-21 14:30:00,4546.36085,4547.99406,4540.91363,4542.05631
2026-08-21 14:45:00,4541.86405,4542.66812,4540.91363,4541.00895
2026-08-21 15:00:00,4541.17517,4541.57295,4535.35308,4536.19878
2026-08-21 15:15:00,4535.94219,4538.23463,4531.03761,4531.1157
2026-08-21 15:30:00,4531.32036,4541.32607,4531.32036,4539.66986
2026-08-21 15:45:00,4538.7307,4555.28273,4538.18828,4554.99248
2026-08-21 16:00:00,4554.39792,4555.78916,4545.86781,4548.80757
2026-08-21 16:15:00,4547.17558,4558.09289,4546.93684,4557.77485
2026-08-21 16:30:00,4557.11913,4566.304,4555.10379,4564.74494
2026-08-21 16:45:00,4564.24888,4567.87868,4562.03517,4562.52788
2026-08-21 17:00:00,4563.50757,4565.53465,4558.71627,4559.26026
2026-08-21 17:15:00,4559.53477,4567.67003,4559.53477,4562.30197
2026-08-21 17:30:00,4562.03448,4566.59715,4561.11288,4566.3083
2026-08-21 17:45:00,4565.85629,4567.1837,4561.62759,4563.58798
2026-08-21 18:00:00,4563.64818,4567.54543,4559.56334,4567.24068
2026-08-21 18:15:00,4566.46397,4581.08597,4564.33429,4581.03172
2026-08-21 18:30:00,4580.96665,4583.58161,4576.86851,4581.33403
2026-08-21 18:45:00,4581.78206,4583.58744,4580.36745,4583.29476
2026-08-21 19:00:00,4582.61032,4599.36668,4582.3214,4599.10488
2026-08-21 19:15:00,4598.39625,4601.08586,4581.48165,4581.95435
2026-08-21 19:30:00,4582.72662,4586.52551,4581.48165,4583.67499
2026-08-21 19:45:00,4584.23972,4585.47322,4580.60004,4582.62422
2026-08-21 20:00:00,4583.95871,4589.26113,4578.75458,4578.95539
2026-08-21 20:15:00,4579.25052,4588.41883,4578.9978,4587.04235
2026-08-21 20:30:00,4587.27833,4593.68827,4586.1041,4593.55537
2026-08-21 20:45:00,4593.28041,4593.28041,4588.2083,4588.30287
2026-08-21 21:00:00,4588.34549,4595.11978,4586.50389,4589.41566
2026-08-21 21:15:00,4589.69701,4599.58991,4589.65085,4597.94712
2026-08-21 21:30:00,4596.60087,4606.17632,4591.9845,4592.8101
2026-08-21 21:45:00,4594.01697,4600.66723,4594.01697,4597.45276
2026-08-21 22:00:00,4597.8679,4600.45084,4589.47175,4589.61168
2026-08-21 22:15:00,4590.19701,4594.53251,4581.90149,4585.72633
2026-08-21 22:30:00,4585.77152,4586.00412,4564.75099,4574.17114
2026-08-21 22:45:00,4573.53584,4580.8853,4573.45272,4577.81063
2026-08-21 23:00:00,4577.55695,4586.1041,4575.06505,4585.79044
2026-08-21 23:15:00,4585.44723,4587.78731,4578.73642,4583.94974
2026-08-21 23:30:00,4582.96412,4591.36823,4574.35616,4587.63626
2026-08-21 23:45:00,4588.16831,4590.73964,4577.07799,4581.58037
2026-08-22 00:00:00,4582.12493,4590.52516,4581.84914,4588.92247
2026-08-22 00:15:00,4588.60798,4603.20383,4588.41883,4602.82955
2026-08-22 00:30:00,4602.21018,4602.56823,4581.90149,4587.04984
2026-08-22 00:45:00,4586.45874,4594.95474,4579.94085,4591.40097
2026-08-22 01:00:00,4590.89952,4597.69701,4588.33505,4595.39784
2026-08-22 01:15:00,4595.67971,4607.13486,4593.74799,4605.06119
2026-08-22 01:30:00,4604.17655,4609.96155,4599.71016,4609.74259
2026-08-22 01:45:00,4609.23026,4615.42632,4607.23336,4611.26244
2026-08-22 02:00:00,4612.24139,4618.19328,4608.7197,4614.90709
2026-08-22 02:15:00,4614.14616,4617.65792,4610.48188,4613.63477
2026-08-22 02:30:00,4613.15442,4621.59395,4612.97168,4621.38618
2026-08-22 02:45:00,4621.07492,4628.5582,4621.07492,4628.44541
2026-08-22 03:00:00,4628.04807,4631.91226,4622.3537,4622.98393
2026-08-22 03:15:00,4624.03314,4625.47606,4615.28652,4621.86829
2026-08-22 03:30:00,4621.10847,4624.49131,4618.88559,4622.50238
2026-08-22 03:45:00,4622.80048,4623.35701,4616.80517,4621.21224
2026-08-22 04:00:00,4621.02635,4627.94429,4620.21807,4624.04906
2026-08-22 04:15:00,4624.29455,4627.70142,4624.27746,4625.28394
2026-08-22 04:30:00,4625.63484,4625.63484,4619.151,4620.55125
2026-08-22 04:45:00,4620.74712,4625.3015,4620.74712,4624.34025
2026-08-22 05:00:00,4624.22641,4625.61497,4619.151,4623.05593
2026-08-22 05:15:00,4622.76493,4623.3012,4618.44997,4618.96595
2026-08-22 05:30:00,4619.93936,4619.93936,4615.09535,4619.22722
2026-08-22 05:45:00,4619.11483,4623.42226,4617.15147,4618.87961
2026-08-22 06:00:00,4619.10883,4619.10883,4615.37514,4617.19204
2026-08-22 06:15:00,4617.08903,4617.44471,4610.41955,4611.31534
2026-08-22 06:30:00,4611.18499,4611.69526,4607.65793,4608.17002
2026-08-22 06:45:00,4608.31872,4608.54279,4603.20383,4603.92129
2026-08-22 07:00:00,4603.83002,4608.55166,4602.74522,4608.30739
2026-08-22 07:15:00,4608.312,4608.8389,4607.23336,4608.26087
2026-08-22 07:30:00,4608.09139,4608.84039,4607.23336,4608.19998
2026-08-22 07:45:00,4608.12778,4608.41724,4607.23336,4608.1779
2026-08-22 08:00:00,4608.20999,4608.39489,4608.08258,4608.25715
2026-08-22 08:15:00,4608.18231,4608.39238,4608.08258,4608.28141
2026-08-22 08:30:00,4608.17729,4608.38545,4608.08258,4608.21434
2026-08-22 08:45:00,4608.18235,4608.38972,4608.08258,4608.10542
2026-08-22 09:00:00,4608.18281,4608.38734,4608.08258,4608.26938
2026-08-22 09:15:00,4608.1823,4608.3892,4608.08258,4608.28524
2026-08-22 09:30:00,4608.18196,4608.389,4608.08258,4608.23069
2026-08-22 09:45:00,4608.18055,4608.39007,4608.08258,4608.10714
2026-08-22 10:00:00,4608.18491,4608.39184,4608.08258,4608.28218
2026-08-22 10:15:00,4608.18193,4608.39155,4608.08258,4608.29276
2026-08-22 10:30:00,4608.19087,4608.39018,4608.08258,4608.24777
2026-08-22 10:45:00,4608.18086,4608.3889,4608.08258,4608.10902
2026-08-22 11:00:00,4608.18274,4608.38972,4608.08258,4608.11627
2026-08-22 11:15:00,4608.18426,4608.38426,4608.08258,4608.26178
2026-08-22 11:30:00,4608.1729,4608.39158,4608.08258,4608.26254
2026-08-22 11:45:00,4608.18114,4608.38811,4608.08258,4608.11377
2026-08-22 12:00:00,4608.1848,4608.39523,4608.08258,4608.17014
2026-08-22 12:15:00,4608.18908,4608.3855,4608.08258,4608.25713
2026-08-22 12:30:00,4608.18213,4608.39801,4608.08258,4608.28398
2026-08-22 12:45:00,4608.19087,4608.37709,4608.08258,4608.24158
2026-08-22 13:00:00,4608.18026,4608.39101,4608.08258,4608.10827
2026-08-22 13:15:00,4608.1845,4608.39442,4608.08258,4608.2518
2026-08-22 13:30:00,4608.19087,4608.38971,4608.08258,4608.28536
2026-08-22 13:45:00,4608.18491,4608.38623,4608.08258,4608.22651
2026-08-22 14:00:00,4608.18044,4608.39255,4608.08258,4608.1593
2026-08-22 14:15:00,4608.19174,4608.39522,4608.08258,4608.26241
2026-08-22 14:30:00,4608.1867,4608.38998,4608.08258,4608.28817
2026-08-22 14:45:00,4608.1845,4608.38547,4608.08258,4608.22003
2026-08-22 15:00:00,4608.18238,4608.39585,4608.08258,4608.10778
2026-08-22 15:15:00,4608.18833,4608.39455,4608.08258,4608.28121
2026-08-22 15:30:00,4608.18663,4608.38247,4608.08258,4608.29047
2026-08-22 15:45:00,4608.18916,4608.39396,4608.08258,4608.23788
2026-08-22 16:00:00,4608.18225,4608.3862,4608.08258,4608.10785
2026-08-22 16:15:00,4608.18411,4608.38947,4608.08258,4608.11623
2026-08-22 16:30:00,4608.17443,4608.37956,4608.08258,4608.27922
2026-08-22 16:45:00,4608.18598,4608.39014,4608.08258,4608.25429
2026-08-22 17:00:00,4608.18192,4608.38761,4608.08258,4608.11028
2026-08-22 17:15:00,4608.1817,4608.38727,4608.08258,4608.11165
2026-08-22 17:30:00,4608.17684,4608.37325,4608.08258,4608.25939
2026-08-22 17:45:00,4608.17691,4608.38145,4608.08258,4608.25597
2026-08-22 18:00:00,4608.16869,4608.37882,4608.08258,4608.11477
2026-08-22 18:15:00,4608.18186,4608.38972,4608.08258,4608.10281
2026-08-22 18:30:00,4608.16503,4608.38945,4608.08258,4608.25173
2026-08-22 18:45:00,4608.18281,4608.38811,4608.08258,4608.27865
2026-08-22 19:00:00,4608.182,4608.3869,4608.08258,4608.24256
2026-08-22 19:15:00,4608.18663,4608.39395,4608.08258,4608.10752
2026-08-22 19:30:00,4608.18491,4608.38395,4608.08258,4608.25021
2026-08-22 19:45:00,4608.18462,4608.38511,4608.08258,4608.28468
2026-08-22 20:00:00,4608.18238,4608.39462,4608.08258,4608.21461
2026-08-22 20:15:00,4608.17808,4608.38558,4608.08258,4608.10398
2026-08-22 20:30:00,4608.17898,4608.38547,4608.08258,4608.2613
2026-08-22 20:45:00,4608.17813,4608.38614,4608.08258,4608.28167
2026-08-22 21:00:00,4608.17729,4608.38709,4608.08258,4608.22628
2026-08-22 21:15:00,4608.1825,4608.38388,4608.08258,4608.1044
2026-08-22 21:30:00,4608.17897,4608.3847,4608.08258,4608.27784
2026-08-22 21:45:00,4608.17813,4608.38548,4608.11479,4608.27799
2026-08-22 22:00:00,4608.17813,4608.38518,4608.10905,4608.23966
2026-08-22 22:15:00,4608.17813,4608.38284,4608.10989,4608.15097
2026-08-22 22:30:00,4608.17813,4608.38469,4608.11062,4608.17756
2026-08-22 22:45:00,4608.17813,4608.38135,4608.1093,4608.26976
2026-08-22 23:00:00,4608.17813,4608.38548,4608.10905,4608.25539
2026-08-22 23:15:00,4608.17813,4608.38518,4608.11302,4608.16129
2026-08-22 23:30:00,4608.17813,4608.38381,4608.10989,4608.16318
2026-08-22 23:45:00,4608.17813,4608.38469,4608.1118,4608.25754
2026-08-23 00:00:00,4608.17813,4608.38548,4608.1093,4608.26815
2026-08-23 00:15:00,4608.17813,4608.3799,4608.10905,4608.17519
2026-08-23 00:30:00,4608.17813,4608.38518,4608.10988,4608.15227
2026-08-23 00:45:00,4608.17813,4608.38381,4608.11063,4608.24219
2026-08-23 01:00:00,4608.17813,4608.38468,4608.1093,4608.27702
2026-08-23 01:15:00,4608.17813,4608.38547,4608.11475,4608.22769
2026-08-23 01:30:00,4608.17813,4608.38519,4608.10905,4608.14559
2026-08-23 01:45:00,4608.17813,4608.38281,4608.10988,4608.2514
2026-08-23 02:00:00,4608.17813,4608.38382,4608.11064,4608.2814
2026-08-23 02:15:00,4608.17813,4608.38468,4608.10931,4608.21044
2026-08-23 02:30:00,4608.17813,4608.38547,4608.11473,4608.14359
2026-08-23 02:45:00,4608.17813,4608.38519,4608.10905,4608.26793
2026-08-23 03:00:00,4608.17813,4608.3828,4608.10987,4608.28098
2026-08-23 03:15:00,4608.17813,4608.38467,4608.11065,4608.22792
2026-08-23 03:30:00,4608.17813,4608.3814,4608.10931,4608.14643
2026-08-23 03:45:00,4608.17813,4608.38547,4608.10905,4608.28217
2026-08-23 04:00:00,4608.17813,4608.38519,4608.11306,4608.27578
2026-08-23 04:15:00,4608.17813,4608.38384,4608.10987,4608.24506
2026-08-23 04:30:00,4608.17813,4608.38467,4608.11176,4608.15389
2026-08-23 04:45:00,4608.17813,4608.38547,4608.10931,4608.17254
2026-08-23 05:00:00,4608.17813,4608.37984,4608.10905,4608.26617
2026-08-23 05:15:00,4608.17813,4608.3852,4608.10986,4608.25993
2026-08-23 05:30:00,4608.17813,4608.38385,4608.11066,4608.16547
2026-08-23 05:45:00,4608.17813,4608.38466,4608.10931,4608.1592
2026-08-23 06:00:00,4608.17813,4608.38547,4608.11469,4608.25283
2026-08-23 06:15:00,4608.17813,4608.3852,4608.10905,4608.27151
2026-08-23 06:30:00,4608.17813,4608.38277,4608.10985,4608.23968
2026-08-23 06:45:00,4608.17813,4608.38466,4608.11067,4608.1496
2026-08-23 07:00:00,4608.17813,4608.38144,4608.10932,4608.23955
2026-08-23 07:15:00,4608.17813,4608.38547,4608.10904,4608.27897
2026-08-23 07:30:00,4608.17813,4608.3852,4608.1131,4608.22194
2026-08-23 07:45:00,4608.17813,4608.38603,4608.08258,4608.14655
2026-08-23 08:00:00,4608.18026,4608.38674,4608.11285,4608.25897
2026-08-23 08:15:00,4608.18026,4608.38365,4608.11147,4608.28392
2026-08-23 08:30:00,4608.18026,4608.38758,4608.11116,4608.21768
2026-08-23 08:45:00,4608.18026,4608.38735,4608.11531,4608.1461
2026-08-23 09:00:00,4608.18026,4608.38604,4608.11194,4608.27489
2026-08-23 09:15:00,4608.18026,4608.38674,4608.11378,4608.28196
2026-08-23 09:30:00,4608.18026,4608.38758,4608.11147,4608.23568
2026-08-23 09:45:00,4608.18026,4608.38182,4608.11116,4608.15044
2026-08-23 10:00:00,4608.18026,4608.38735,4608.11193,4608.28818
2026-08-23 10:15:00,4608.18026,4608.38604,4608.11286,4608.2753
2026-08-23 10:30:00,4608.18026,4608.38673,4608.11147,4608.25222
2026-08-23 10:45:00,4608.18026,4608.38758,4608.11668,4608.15929
2026-08-23 11:00:00,4608.18026,4608.38736,4608.11116,4608.17006
2026-08-23 11:15:00,4608.18026,4608.38479,4608.11192,4608.26441
2026-08-23 11:30:00,4608.18026,4608.38672,4608.11287,4608.26615
2026-08-23 11:45:00,4608.18026,4608.38368,4608.11148,4608.17202
2026-08-23 12:00:00,4608.18026,4608.38758,4608.11116,4608.15782
2026-08-23 12:15:00,4608.18026,4608.38736,4608.11534,4608.25006
2026-08-23 12:30:00,4608.18026,4608.38606,4608.11192,4608.27649
2026-08-23 12:45:00,4608.18026,4608.38672,4608.11375,4608.23612
2026-08-23 13:00:00,4608.18026,4608.38758,4608.11148,4608.14956
2026-08-23 13:15:00,4608.18026,4608.38178,4608.11116,4608.24732
2026-08-23 13:30:00,4608.18026,4608.38736,4608.11191,4608.28251
2026-08-23 13:45:00,4608.18026,4608.38607,4608.11289,4608.21855
2026-08-23 14:00:00,4608.18026,4608.38671,4608.11374,4608.14587
2026-08-23 14:15:00,4608.18026,4608.38758,4608.11148,4608.26439
2026-08-23 14:30:00,4608.18026,4608.38176,4608.11116,4608.28381
2026-08-23 14:45:00,4608.18026,4608.38737,4608.11191,4608.22364
2026-08-23 15:00:00,4608.18026,4608.38607,4608.11289,4608.147
2026-08-23 15:15:00,4608.18026,4608.38671,4608.11149,4608.27956
2026-08-23 15:30:00,4608.18026,4608.38758,4608.11662,4608.28028
2026-08-23 15:45:00,4608.18026,4608.38737,4608.11116,4608.2413
2026-08-23 16:00:00,4608.18026,4608.38475,4608.1119,4608.15286
2026-08-23 16:15:00,4608.18026,4608.3867,4608.1129,4608.18013
2026-08-23 16:30:00,4608.18026,4608.38373,4608.11149,4608.27218
2026-08-23 16:45:00,4608.18026,4608.38758,4608.11115,4608.25711
2026-08-23 17:00:00,4608.18026,4608.38737,4608.11539,4608.16306
2026-08-23 17:15:00,4608.18026,4608.38609,4608.1119,4608.16567
2026-08-23 17:30:00,4608.18026,4608.38669,4608.11372,4608.26006
2026-08-23 17:45:00,4608.18026,4608.38757,4608.11149,4608.26996
2026-08-23 18:00:00,4608.18026,4608.38172,4608.11115,4608.17688
2026-08-23 18:15:00,4608.18026,4608.38737,4608.11189,4608.15465
2026-08-23 18:30:00,4608.18026,4608.3861,4608.11292,4608.24479
2026-08-23 18:45:00,4608.18026,4608.38669,4608.1115,4608.27896
2026-08-23 19:00:00,4608.18026,4608.38757,4608.11658,4608.23032
2026-08-23 19:15:00,4608.18026,4608.38738,4608.11115,4608.14784
2026-08-23 19:30:00,4608.18026,4608.38472,4608.11189,4608.25303
2026-08-23 19:45:00,4608.18026,4608.3861,4608.11293,4608.28347
2026-08-23 20:00:00,4608.18026,4608.38668,4608.1115,4608.21304
2026-08-23 20:15:00,4608.18026,4608.38757,4608.11656,4608.1457
2026-08-23 20:30:00,4608.18026,4608.38738,4608.11115,4608.2696
2026-08-23 20:45:00,4608.18026,4608.38471,4608.11188,4608.28318
2026-08-23 21:00:00,4608.18026,4608.38668,4608.11293,4608.22953
2026-08-23 21:15:00,4608.18026,4608.38378,4608.1115,4608.1484
2026-08-23 21:30:00,4608.18026,4608.38757,4608.11115,4608.28393
2026-08-23 21:45:00,4608.18026,4608.38738,4608.11544,4608.27812
2026-08-23 22:00:00,4608.18026,4608.38612,4608.11188,4608.24672
2026-08-23 22:15:00,4608.18026,4608.38667,4608.11368,4608.15575
2026-08-23 22:30:00,4608.18026,4608.38757,4608.11151,4608.17509
2026-08-23 22:45:00,4608.18026,4608.38166,4608.11115,4608.26863
2026-08-23 23:00:00,4608.18026,4608.38739,4608.11187,4608.26168
2026-08-23 23:15:00,4608.18026,4608.38613,4608.11295,4608.16722
2026-08-23 23:30:00,4608.18026,4608.38667,4608.11151,4608.16165
2026-08-23 23:45:00,4608.18026,4608.38757,4608.11652,4608.25538
2026-08-24 00:00:00,4608.18026,4608.38739,4608.11115,4608.27336
2026-08-24 00:15:00,4608.18026,4608.38468,4608.11187,4608.24231
2026-08-24 00:30:00,4608.18026,4608.38666,4608.11296,4608.15193
2026-08-24 00:45:00,4608.18026,4608.38381,4608.11152,4608.24117
2026-08-24 01:00:00,4608.18026,4608.38757,4608.11115,4608.28094
2026-08-24 01:15:00,4608.18026,4608.38739,4608.11548,4608.22456
2026-08-24 01:30:00,4608.18026,4608.38614,4608.11186,4608.14661
2026-08-24 01:45:00,4608.18026,4608.38665,4608.11297,4608.25862
2026-08-24 02:00:00,4608.18026,4608.38382,4608.11152,4608.28391
2026-08-24 02:15:00,4608.18026,4608.38756,4608.11115,4608.2173
2026-08-24 02:30:00,4608.18026,4608.3874,4608.11549,4608.14606
2026-08-24 02:45:00,4608.18026,4608.38615,4608.11186,4608.27459
2026-08-24 03:00:00,4608.18026,4608.38665,4608.11364,4608.28204
2026-08-24 03:15:00,4608.18026,4608.38756,4608.11152,4608.23532
2026-08-24 03:30:00,4608.18026,4608.3816,4608.11115,4608.15031
2026-08-24 03:45:00,4608.18026,4608.3874,4608.11185,4608.28794
2026-08-24 04:00:00,4608.18026,4608.39914,4608.08258,4608.28966
2026-08-24 04:15:00,4608.1845,4608.39924,4608.08258,4608.28472
2026-08-24 04:30:00,4608.1949,4608.39603,4608.08258,4608.17546
2026-08-24 04:45:00,4608.1969,4608.39156,4603.58206,4603.76315
2026-08-24 05:00:00,4603.68047,4603.79229,4603.50775,4603.65981
2026-08-24 05:15:00,4603.58393,4603.77946,4603.51192,4603.56155
2026-08-24 05:30:00,4603.57891,4603.78108,4602.35641,4603.56
2026-08-24 05:45:00,4603.57437,4603.78303,4603.50804,4603.65451
2026-08-24 06:00:00,4603.5744,4603.79236,4603.5081,4603.67462
2026-08-24 06:15:00,4603.58595,4603.77984,4603.51411,4603.57493
2026-08-24 06:30:00,4603.57962,4603.79706,4603.51237,4603.72163
2026-08-24 06:45:00,4603.60428,4603.8396,4603.51188,4603.69568
2026-08-24 07:00:00,4603.63267,4603.81446,4603.41573,4603.69207
2026-08-24 07:15:00,4603.59532,4603.78599,4603.36528,4603.62853
2026-08-24 07:30:00,4603.5694,4603.80937,4603.49517,4603.73164
2026-08-24 07:45:00,4603.61592,4603.76863,4603.20383,4603.63747
2026-08-24 08:00:00,4603.56408,4624.27746,4600.88082,4616.57685
2026-08-24 08:15:00,4616.86181,4622.83271,4612.97831,4615.65019
2026-08-24 08:30:00,4615.2747,4616.59203,4606.32283,4611.45316
2026-08-24 08:45:00,4610.57922,4610.57922,4606.38445,4606.52254
2026-08-24 09:00:00,4606.73865,4609.14454,4605.32375,4607.98194
2026-08-24 09:15:00,4608.16449,4615.31361,4605.99259,4614.57062
2026-08-24 09:30:00,4614.56796,4618.72431,4607.23336,4607.56822
2026-08-24 09:45:00,4608.42739,4624.70518,4608.42739,4624.27224
2026-08-24 10:00:00,4624.16278,4640.15591,4620.64504,4638.7153
2026-08-24 10:15:00,4639.07895,4642.84562,4596.85575,4603.98021
2026-08-24 10:30:00,4603.09384,4608.5073,4599.92417,4606.91016
2026-08-24 10:45:00,4606.62994,4620.81221,4604.28701,4616.5515
2026-08-24 11:00:00,4617.48661,4637.93429,4617.48661,4627.61035
2026-08-24 11:15:00,4626.92714,4626.92714,4613.18448,4616.81911
2026-08-24 11:30:00,4616.34998,4620.00462,4608.08258,4616.48894
2026-08-24 11:45:00,4615.78478,4636.49852,4615.52663,4636.32495
2026-08-24 12:00:00,4635.88478,4652.46115,4626.76897,4649.22273
2026-08-24 12:15:00,4649.60022,4655.43927,4648.26523,4649.55112
2026-08-24 12:30:00,4651.02935,4656.14378,4638.89715,4641.23012
2026-08-24 12:45:00,4641.15109,4644.25042,4628.95774,4640.3734
2026-08-24 13:00:00,4641.21733,4642.95663,4633.49087,4637.53664
2026-08-24 13:15:00,4636.91624,4647.92006,4634.58148,4644.3106
2026-08-24 13:30:00,4644.67585,4650.08438,4643.60344,4644.80245
2026-08-24 13:45:00,4645.88559,4645.88559,4640.37123,4641.53539
2026-08-24 14:00:00,4641.30736,4641.87903,4632.41766,4638.40055
2026-08-24 14:15:00,4637.89286,4641.44813,4633.84205,4639.71072
2026-08-24 14:30:00,4639.94249,4641.8191,4634.3498,4637.98851
2026-08-24 14:45:00,4637.55221,4639.94061,4636.49852,4638.1624
2026-08-24 15:00:00,4639.0048,4642.78415,4635.04221,4640.87458
2026-08-24 15:15:00,4641.06398,4646.03401,4637.80856,4640.89933
2026-08-24 15:30:00,4640.09773,4640.29404,4630.3974,4632.38369
2026-08-24 15:45:00,4632.34543,4642.52553,4630.916,4641.11766
2026-08-24 16:00:00,4640.50373,4651.5955,4640.04685,4650.65247
2026-08-24 16:15:00,4649.54704,4658.96385,4642.93616,4643.08945
2026-08-24 16:30:00,4643.34335,4653.13326,4642.45016,4644.44069
2026-08-24 16:45:00,4645.71163,4654.19343,4642.09451,4650.04948
2026-08-24 17:00:00,4649.94896,4652.8941,4645.97658,4647.39595
2026-08-24 17:15:00,4647.65124,4652.97675,4642.31001,4645.47947
2026-08-24 17:30:00,4645.24499,4647.5907,4636.45776,4637.15452
2026-08-24 17:45:00,4638.25174,4643.60344,4629.91452,4643.26054
2026-08-24 18:00:00,4642.6777,4643.73071,4636.06861,4638.08738
2026-08-24 18:15:00,4637.68683,4639.05362,4631.98851,4632.3656
2026-08-24 18:30:00,4632.60967,4645.65571,4630.916,4645.02906
2026-08-24 18:45:00,4643.85155,4646.19245,4636.06861,4636.48792
2026-08-24 19:00:00,4636.99781,4644.03474,4636.99781,4642.25583
2026-08-24 19:15:00,4642.00164,4642.00164,4635.18455,4638.11319
2026-08-24 19:30:00,4637.95519,4640.15591,4632.62972,4638.93041
2026-08-24 19:45:00,4638.62387,4645.54492,4638.21892,4645.24802
2026-08-24 20:00:00,4644.98176,4651.50748,4643.53558,4649.3515
2026-08-24 20:15:00,4649.16501,4649.22523,4642.95663,4643.14075
2026-08-24 20:30:00,4643.40068,4649.21661,4642.69351,4644.79242
2026-08-24 20:45:00,4644.9589,4646.98065,4642.31001,4644.56554
2026-08-24 21:00:00,4644.32594,4646.84015,4638.54278,4645.89763
2026-08-24 21:15:00,4644.06475,4645.54492,4641.01731,4644.95273
2026-08-24 21:30:00,4644.40892,4670.27835,4644.40892,4658.32832
2026-08-24 21:45:00,4659.37515,4661.95571,4648.78434,4656.64609
2026-08-24 22:00:00,4656.78202,4660.0494,4651.16279,4658.2197
2026-08-24 22:15:00,4658.52139,4662.21801,4651.77787,4661.74645
2026-08-24 22:30:00,4660.49612,4664.00192,4648.78434,4655.99082
2026-08-24 22:45:00,4657.62655,4666.79111,4655.49348,4662.92291
2026-08-24 23:00:00,4663.11958,4677.26848,4662.22202,4673.24994
2026-08-24 23:15:00,4673.97591,4677.26848,4668.09822,4673.71683
2026-08-24 23:30:00,4673.53324,4683.30825,4663.61002,4665.08732
2026-08-24 23:45:00,4667.08955,4676.83098,4658.7468,4660.60692
2026-08-25 00:00:00,4662.25666,4672.46052,4660.48376,4664.88653
2026-08-25 00:15:00,4665.27759,4674.42621,4654.45296,4674.04414
2026-08-25 00:30:00,4673.30757,4678.36257,4669.84216,4670.30067
2026-08-25 00:45:00,4671.18239,4674.75852,4656.13921,4674.27446
2026-08-25 01:00:00,4673.54398,4676.61226,4664.83324,4674.14779
2026-08-25 01:15:00,4673.94712,4677.495,4668.60347,4673.16578
2026-08-25 01:30:00,4674.1296,4678.80036,4661.13545,4661.44639
2026-08-25 01:45:00,4662.03396,4663.74405,4642.09451,4642.5579
2026-08-25 02:00:00,4642.6223,4661.13545,4642.6223,4657.49895
2026-08-25 02:15:00,4657.25165,4659.61512,4656.37729,4658.32376
2026-08-25 02:30:00,4658.36963,4662.23034,4658.36963,4660.68341
2026-08-25 02:45:00,4660.61606,4660.61606,4644.03474,4645.07814
2026-08-25 03:00:00,4644.86316,4656.85219,4642.74107,4654.14067
2026-08-25 03:15:00,4653.3702,4659.78943,4630.48713,4641.2343
2026-08-25 03:30:00,4640.48784,4644.896,4635.42391,4640.5127
2026-08-25 03:45:00,4640.81635,4641.67153,4632.68718,4637.22052
2026-08-25 04:00:00,4636.92327,4640.50516,4627.48727,4630.29223
2026-08-25 04:15:00,4631.14673,4641.44813,4627.48727,4640.14114
2026-08-25 04:30:00,4640.45448,4641.66357,4626.20281,4635.21217
2026-08-25 04:45:00,4634.88736,4637.57362,4631.77397,4637.39654
2026-08-25 05:00:00,4637.01955,4641.47757,4635.89933,4636.40718
2026-08-25 05:15:00,4636.62516,4644.93521,4636.28356,4641.93147
2026-08-25 05:30:00,4641.63783,4650.49395,4641.01731,4650.09797
2026-08-25 05:45:00,4649.05013,4654.84336,4649.05013,4651.30765
2026-08-25 06:00:00,4651.63879,4657.47421,4650.08138,4651.00227
2026-08-25 06:15:00,4651.09868,4654.6267,4649.21661,4649.41358
2026-08-25 06:30:00,4649.414,4650.08138,4647.33211,4647.43898
2026-08-25 06:45:00,4647.6903,4652.24471,4647.6903,4652.16852
2026-08-25 07:00:00,4651.95436,4652.09293,4651.16279,4651.96811
2026-08-25 07:15:00,4651.88945,4652.06045,4651.5955,4651.98928
2026-08-25 07:30:00,4651.88674,4652.21323,4651.5817,4651.92115
2026-08-25 07:45:00,4651.87031,4652.28556,4651.7264,4652.05205
2026-08-25 08:00:00,4652.08672,4660.48376,4652.05298,4658.7941
2026-08-25 08:15:00,4658.95823,4659.61512,4657.22802,4657.32242
2026-08-25 08:30:00,4657.40914,4661.59861,4656.99459,4661.46648
2026-08-25 08:45:00,4661.22662,4667.89985,4661.22662,4667.64514
2026-08-25 09:00:00,4666.91892,4672.67885,4666.39959,4670.61596
2026-08-25 09:15:00,4670.88027,4677.26848,4669.18803,4669.46664
2026-08-25 09:30:00,4669.95174,4676.83976,4668.53408,4676.80236
2026-08-25 09:45:00,4676.66711,4682.52341,4674.44684,4679.59612
2026-08-25 10:00:00,4679.31157,4688.67217,4675.51898,4686.56887
2026-08-25 10:15:00,4684.29472,4689.77161,4676.83098,4681.47104
2026-08-25 10:30:00,4679.11285,4695.93801,4679.11285,4694.14283
2026-08-25 10:45:00,4694.82199,4695.28078,4686.46547,4689.70155
2026-08-25 11:00:00,4688.81116,4688.81116,4670.50756,4678.11001
2026-08-25 11:15:00,4677.73029,4680.81424,4661.95082,4672.80626
2026-08-25 11:30:00,4671.40007,4675.69188,4666.79111,4671.64124
2026-08-25 11:45:00,4671.76996,4679.12641,4657.80771,4659.0522
2026-08-25 12:00:00,4661.46562,4661.46562,4639.29483,4639.58053
2026-08-25 12:15:00,4640.05792,4656.72121,4639.51007,4656.55015
2026-08-25 12:30:00,4656.32024,4660.17222,4639.75793,4641.3169
2026-08-25 12:45:00,4644.94215,4644.94215,4622.14005,4622.62236
2026-08-25 13:00:00,4623.14205,4639.30608,4619.80153,4636.96838
2026-08-25 13:15:00,4635.90361,4638.06438,4630.98307,4637.02623
2026-08-25 13:30:00,4637.42266,4641.47553,4634.99421,4636.88938
2026-08-25 13:45:00,4636.7857,4639.02915,4631.06496,4632.77205
2026-08-25 14:00:00,4633.391,4637.7887,4632.17777,4637.64891
2026-08-25 14:15:00,4637.31185,4637.35856,4629.62963,4629.95311
2026-08-25 14:30:00,4630.10491,4632.35954,4624.91906,4626.9136
2026-08-25 14:45:00,4626.59474,4628.77245,4625.13297,4626.09574
2026-08-25 15:00:00,4626.19062,4638.76463,4625.24383,4638.6961
2026-08-25 15:15:00,4638.56694,4646.8357,4637.331,4646.67127
2026-08-25 15:30:00,4646.26811,4647.18078,4639.07961,4639.37339
2026-08-25 15:45:00,4639.61598,4645.32912,4636.45207,4643.00064
2026-08-25 16:00:00,4643.44147,4650.48363,4642.74107,4649.48145
2026-08-25 16:15:00,4649.96763,4653.32713,4644.2157,4652.40504
2026-08-25 16:30:00,4652.05205,4653.32713,4648.53363,4648.82647
2026-08-25 16:45:00,4649.31562,4649.31562,4638.19331,4638.8173
2026-08-25 17:00:00,4640.15466,4641.87903,4636.53577,4640.95034
2026-08-25 17:15:00,4640.9639,4643.60344,4636.37751,4637.09661
2026-08-25 17:30:00,4638.72228,4638.81581,4634.56458,4636.14883
2026-08-25 17:45:00,4636.45602,4640.80193,4630.27272,4630.86802
2026-08-25 18:00:00,4630.75788,4631.38061,4620.64504,4625.71282
2026-08-25 18:15:00,4625.3689,4643.33826,4622.34421,4632.73349
2026-08-25 18:30:00,4633.61847,4634.56458,4625.98881,4630.20077
2026-08-25 18:45:00,4629.44802,4633.9203,4625.48734,4629.68676
2026-08-25 19:00:00,4629.15362,4632.38474,4625.44744,4630.92432
2026-08-25 19:15:00,4630.83778,4633.21993,4627.2362,4627.52352
2026-08-25 19:30:00,4627.88953,4637.80624,4623.17346,4637.48186
2026-08-25 19:45:00,4637.06498,4642.52553,4636.46627,4637.95045
2026-08-25 20:00:00,4637.82144,4638.27312,4633.49087,4635.48463
2026-08-25 20:15:00,4635.99818,4638.86441,4634.99421,4637.92817
2026-08-25 20:30:00,4636.97482,4640.80193,4631.69204,4638.54119
2026-08-25 20:45:00,4638.81596,4642.4782,4636.06414,4640.31399
2026-08-25 21:00:00,4641.16792,4643.38782,4638.11179,4640.83505
2026-08-25 21:15:00,4641.33282,4644.89758,4640.15591,4641.02557
2026-08-25 21:30:00,4640.75172,4645.36801,4640.75172,4641.72136
2026-08-25 21:45:00,4642.35339,4647.23562,4640.9037,4642.92177
2026-08-25 22:00:00,4643.35156,4643.35156,4634.3498,4639.42417
2026-08-25 22:15:00,4640.13605,4640.13605,4631.80315,4636.53073
2026-08-25 22:30:00,4636.04642,4640.58657,4630.58418,4640.17281
2026-08-25 22:45:00,4639.32524,4642.74107,4636.87095,4638.85352
2026-08-25 23:00:00,4638.93438,4640.58657,4626.88906,4628.18042
2026-08-25 23:15:00,4631.18812,4631.18812,4609.38189,4616.84513
2026-08-25 23:30:00,4616.2709,4624.97828,4612.12065,4613.21887
2026-08-25 23:45:00,4613.79381,4617.65193,4607.65793,4610.69197
2026-08-26 00:00:00,4611.59052,4625.56085,4611.59052,4625.05722
2026-08-26 00:15:00,4624.66924,4627.91559,4620.21807,4626.12565
2026-08-26 00:30:00,4626.87655,4637.89871,4622.14472,4632.6778
2026-08-26 00:45:00,4633.50492,4638.98448,4633.50492,4635.30076
2026-08-26 01:00:00,4635.20142,4636.28356,4631.3047,4634.00246
2026-08-26 01:15:00,4633.74245,4644.03474,4629.36041,4642.12554
2026-08-26 01:30:00,4641.46721,4657.66185,4641.46721,4655.98604
2026-08-26 01:45:00,4656.63271,4656.63271,4648.95577,4651.92655
2026-08-26 02:00:00,4652.12449,4653.49502,4642.11278,4645.44381
2026-08-26 02:15:00,4645.22943,4646.62423,4638.43406,4641.78944
2026-08-26 02:30:00,4641.57017,4645.47676,4637.57362,4644.07579
2026-08-26 02:45:00,4644.08384,4646.59517,4640.15591,4640.52951
2026-08-26 03:00:00,4641.01964,4643.17222,4634.99421,4638.55925
2026-08-26 03:15:00,4638.07434,4644.89758,4635.85369,4636.54271
2026-08-26 03:30:00,4637.36792,4644.03474,4636.92558,4643.06149
2026-08-26 03:45:00,4643.09591,4647.94777,4641.76199,4647.72504
2026-08-26 04:00:00,4647.06257,4650.59912,4644.60853,4646.95565
2026-08-26 04:15:00,4647.49226,4650.08138,4646.62423,4649.88708
2026-08-26 04:30:00,4649.46365,4650.29762,4646.21363,4650.22513
2026-08-26 04:45:00,4650,4654.82005,4649.21661,4654.44057
2026-08-26 05:00:00,4653.40516,4662.8742,4653.21548,4660.60525
2026-08-26 05:15:00,4660.90633,4667.44457,4660.0494,4661.13814
2026-08-26 05:30:00,4660.95725,4663.44615,4658.31276,4662.85509
2026-08-26 05:45:00,4661.42139,4667.44457,4660.70097,4666.54585
2026-08-26 06:00:00,4665.54169,4668.97003,4663.09163,4666.91332
2026-08-26 06:15:00,4667.07715,4667.77923,4662.43939,4662.51605
2026-08-26 06:30:00,4662.63764,4663.74405,4660.70097,4660.96544
2026-08-26 06:45:00,4661.08019,4662.59652,4657.93971,4658.63733
2026-08-26 07:00:00,4658.73323,4658.81982,4658.09577,4658.64799
2026-08-26 07:15:00,4658.53324,4658.87567,4658.52977,4658.77546
2026-08-26 07:30:00,4658.67552,4658.8649,4658.48672,4658.65062
2026-08-26 07:45:00,4658.61013,4658.90083,4656.97979,4658.3509
2026-08-26 08:00:00,4658.3556,4664.29743,4656.14378,4663.69032
2026-08-26 08:15:00,4662.78386,4667.13062,4662.78386,4666.72924
2026-08-26 08:30:00,4666.59374,4670.74698,4666.51691,4669.44716
2026-08-26 08:45:00,4669.29642,4673.55237,4669.29642,4673.33272
2026-08-26 09:00:00,4673.27351,4673.71074,4667.49111,4668.28303
2026-08-26 09:15:00,4668.17636,4668.17636,4660.26657,4660.8551
2026-08-26 09:30:00,4660.89925,4661.35272,4656.14378,4656.41267
2026-08-26 09:45:00,4656.43057,4658.52977,4653.76024,4653.88108
2026-08-26 10:00:00,4654.08221,4656.68213,4652.13687,4652.81971
2026-08-26 10:15:00,4653.44984,4654.84336,4643.54231,4647.37625
2026-08-26 10:30:00,4646.65835,4653.10628,4636.9285,4637.02154
2026-08-26 10:45:00,4637.16442,4638.23941,4634.24324,4638.1566
2026-08-26 11:00:00,4637.9623,4647.64113,4637.14352,4643.81863
2026-08-26 11:15:00,4644.43605,4650.71637,4642.55069,4646.35338
2026-08-26 11:30:00,4646.19113,4646.84015,4639.94061,4645.36762
2026-08-26 11:45:00,4644.5855,4661.57002,4643.17222,4661.00591
2026-08-26 12:00:00,4659.88721,4661.35272,4654.95564,4660.55231
2026-08-26 12:15:00,4660.14989,4661.57002,4657.01113,4657.10731
2026-08-26 12:30:00,4657.31896,4670.06024,4657.31896,4669.83441
2026-08-26 12:45:00,4669.3057,4669.3057,4658.7468,4658.80568
2026-08-26 13:00:00,4658.90215,4660.09021,4647.92006,4648.5047
2026-08-26 13:15:00,4648.19945,4650.08138,4646.62423,4648.18618
2026-08-26 13:30:00,4648.29992,4651.39281,4645.91481,4647.23268
2026-08-26 13:45:00,4646.8719,4646.8719,4643.60344,4644.03212
2026-08-26 14:00:00,4643.94654,4644.41059,4641.59138,4643.21168
2026-08-26 14:15:00,4643.24142,4643.5223,4641.01731,4641.86432
2026-08-26 14:30:00,4641.71204,4643.17222,4639.94061,4641.64463
2026-08-26 14:45:00,4641.57929,4641.87903,4639.07961,4639.85154
2026-08-26 15:00:00,4640.07001,4646.23698,4640.06572,4642.04305
2026-08-26 15:15:00,4642.16052,4645.23729,4641.18018,4644.93858
2026-08-26 15:30:00,4644.54154,4647.48803,4638.8882,4639.6845
2026-08-26 15:45:00,4641.24878,4641.24878,4636.28356,4639.24742
2026-08-26 16:00:00,4639.01684,4641.66357,4634.42621,4638.4553
2026-08-26 16:15:00,4638.39792,4638.43406,4625.56085,4626.02789
2026-08-26 16:30:00,4626.38354,4633.76321,4625.3469,4633.54811
2026-08-26 16:45:00,4632.92993,4636.49852,4630.62264,4633.71522
2026-08-26 17:00:00,4633.136,4639.37514,4633.136,4636.21932
2026-08-26 17:15:00,4635.76305,4638.10192,4631.58057,4631.9474
2026-08-26 17:30:00,4632.56238,4635.54894,4629.201,4630.5909
2026-08-26 17:45:00,4630.41858,4635.31718,4626.40047,4629.18824
2026-08-26 18:00:00,4628.88,4630.30104,4624.61405,4627.88265
2026-08-26 18:15:00,4627.7959,4629.14277,4622.78107,4628.91598
2026-08-26 18:30:00,4628.33254,4630.95073,4625.3469,4628.96618
2026-08-26 18:45:00,4628.73383,4629.4824,4626.50154,4627.46894
2026-08-26 19:00:00,4627.04739,4631.13046,4624.27746,4625.4051
2026-08-26 19:15:00,4625.91478,4626.48819,4616.59203,4617.80816
2026-08-26 19:30:00,4617.63907,4622.27283,4617.09393,4621.84065
2026-08-26 19:45:00,4620.69172,4625.3469,4620.69172,4624.08447
2026-08-26 20:00:00,4624.11631,4625.18688,4618.08442,4618.23909
2026-08-26 20:15:00,4618.30448,4620.38026,4613.18448,4615.00597
2026-08-26 20:30:00,4614.86251,4624.70518,4614.79623,4621.16385
2026-08-26 20:45:00,4621.61482,4624.60787,4620.00462,4620.12172
2026-08-26 21:00:00,4620.22645,4621.28564,4617.44088,4618.6329
2026-08-26 21:15:00,4618.4033,4622.99478,4616.59203,4620.90715
2026-08-26 21:30:00,4620.65502,4622.78293,4617.65792,4619.24704
2026-08-26 21:45:00,4619.07731,4625.3469,4617.49648,4625.07908
2026-08-26 22:00:00,4624.56732,4629.84397,4622.68915,4627.26886
2026-08-26 22:15:00,4627.14224,4630.48713,4623.78518,4629.1995
2026-08-26 22:30:00,4629.56699,4633.22009,4615.8516,4622.67926
2026-08-26 22:45:00,4619.15891,4625.98881,4606.67937,4615.88188
2026-08-26 23:00:00,4617.16302,4621.92642,4608.92659,4610.48705
2026-08-26 23:15:00,4610.66443,4613.8843,4600.6625,4609.88901
2026-08-26 23:30:00,4608.08685,4620.79125,4608.08685,4620.21002
2026-08-26 23:45:00,4619.44322,4630.18777,4618.26197,4629.80277
2026-08-27 00:00:00,4629.18313,4632.20308,4620.85856,4623.50395
2026-08-27 00:15:00,4623.52877,4626.10509,4617.44471,4618.67678
2026-08-27 00:30:00,4618.51842,4622.26396,4615.10061,4622.03353
2026-08-27 00:45:00,4621.5785,4625.51366,4606.38445,4607.27569
2026-08-27 01:00:00,4607.47176,4609.26683,4587.57684,4596.88893
2026-08-27 01:15:00,4595.63381,4596.13273,4582.25287,4595.75998
2026-08-27 01:30:00,4595.18209,4603.95307,4595.18209,4603.51359
2026-08-27 01:45:00,4602.60339,4608.93211,4597.34621,4598.20522
2026-08-27 02:00:00,4600.19096,4602.53292,4592.00073,4597.88471
2026-08-27 02:15:00,4598.42521,4599.95522,4594.32142,4595.47465
2026-08-27 02:30:00,4595.60365,4595.60365,4584.80948,4591.05088
2026-08-27 02:45:00,4590.60548,4596.22191,4587.78731,4591.347
2026-08-27 03:00:00,4590.92663,4596.43317,4589.80772,4593.90226
2026-08-27 03:15:00,4594.08486,4598.3354,4593.5806,4597.31517
2026-08-27 03:30:00,4596.85627,4602.35641,4596.01066,4596.31582
2026-08-27 03:45:00,4596.91437,4599.45016,4594.74361,4597.12772
2026-08-27 04:00:00,4596.72178,4604.26739,4596.70987,4601.50206
2026-08-27 04:15:00,4602.47351,4602.47351,4593.53039,4594.1989
2026-08-27 04:30:00,4594.42808,4597.27841,4592.502,4597.16618
2026-08-27 04:45:00,4596.92999,4597.91255,4593.68827,4594.26498
2026-08-27 05:00:00,4594.56657,4595.58824,4590.94665,4593.54518
2026-08-27 05:15:00,4593.68759,4599.38313,4590.88719,4597.44054
2026-08-27 05:30:00,4597.89718,4600.87417,4595.21094,4595.62844
2026-08-27 05:45:00,4596.39802,4596.78859,4592.63342,4592.8099
2026-08-27 06:00:00,4593.07329,4596.64445,4592.63342,4592.97856
2026-08-27 06:15:00,4593.00598,4593.46706,4584.42213,4591.54932
2026-08-27 06:30:00,4591.49048,4593.29397,4590.73589,4591.52713
2026-08-27 06:45:00,4591.81903,4594.53821,4591.55811,4594.48089
2026-08-27 07:00:00,4594.38695,4594.78129,4593.0553,4593.67597
2026-08-27 07:15:00,4593.70726,4593.97323,4593.62803,4593.87182
2026-08-27 07:30:00,4593.70437,4593.8993,4593.47726,4593.78696
2026-08-27 07:45:00,4593.68924,4594.11035,4593.47726,4593.80466
2026-08-27 08:00:00,4593.73892,4607.0211,4590.98701,4603.18966
2026-08-27 08:15:00,4603.03935,4613.18448,4598.55762,4609.18623
2026-08-27 08:30:00,4608.06133,4611.48259,4608.06133,4611.04959
2026-08-27 08:45:00,4610.68504,4611.02976,4607.44563,4608.48408
2026-08-27 09:00:00,4608.40286,4614.31516,4606.95758,4611.98011
2026-08-27 09:15:00,4612.40323,4622.47277,4612.40323,4622.24293
2026-08-27 09:30:00,4621.84762,4623.84982,4618.49375,4622.73258
2026-08-27 09:45:00,4622.91961,4624.9706,4620.85856,4623.74092
2026-08-27 10:00:00,4623.50152,4626.54902,4616.80517,4617.08726
2026-08-27 10:15:00,4617.2913,4622.14005,4613.51096,4618.47399
2026-08-27 10:30:00,4619.07601,4620.43155,4607.1356,4608.0797
2026-08-27 10:45:00,4610.21784,4610.63212,4601.5093,4603.22811
2026-08-27 11:00:00,4603.64285,4623.18796,4603.64285,4618.8505
2026-08-27 11:15:00,4620.09418,4624.79206,4617.65792,4620.117
2026-08-27 11:30:00,4620.51099,4630.916,4619.36438,4624.74224
2026-08-27 11:45:00,4625.56052,4639.29483,4623.42226,4639.19431
2026-08-27 12:00:00,4638.96172,4642.31001,4638.45457,4638.77806
2026-08-27 12:15:00,4639.48841,4640.58657,4633.55539,4634.30828
2026-08-27 12:30:00,4635.8323,4635.8323,4623.56561,4624.03095
2026-08-27 12:45:00,4624.5406,4632.95536,4624.5406,4629.68502
2026-08-27 13:00:00,4629.33225,4634.77938,4628.98671,4634.04513
2026-08-27 13:15:00,4633.56857,4638.43406,4633.213,4637.05712
2026-08-27 13:30:00,4637.13633,4637.13633,4629.3508,4629.58062
2026-08-27 13:45:00,4629.93064,4629.93064,4624.27746,4624.55864
2026-08-27 14:00:00,4625.00391,4627.27315,4624.48133,4625.63458
2026-08-27 14:15:00,4625.28095,4626.87086,4621.07209,4621.26572
2026-08-27 14:30:00,4621.59211,4621.59211,4617.57206,4619.88079
2026-08-27 14:45:00,4619.70432,4620.64504,4618.08442,4618.5025
2026-08-27 15:00:00,4618.40727,4621.49921,4616.51722,4620.8793
2026-08-27 15:15:00,4620.81148,4621.89526,4618.72431,4619.27838
2026-08-27 15:30:00,4619.82393,4619.8434,4606.28059,4610.54813
2026-08-27 15:45:00,4608.50854,4609.80694,4601.5093,4606.44029
2026-08-27 16:00:00,4605.15688,4607.44563,4599.80691,4604.80417
2026-08-27 16:15:00,4602.27341,4610.2584,4602.27341,4609.75921
2026-08-27 16:30:00,4609.23666,4611.48259,4605.11167,4608.62898
2026-08-27 16:45:00,4608.42844,4609.57257,4597.5016,4597.95512
2026-08-27 17:00:00,4598.70543,4605.48253,4598.70543,4601.70093
2026-08-27 17:15:00,4602.03741,4604.59665,4593.8993,4597.69338
2026-08-27 17:30:00,4597.20665,4602.28902,4595.37705,4598.16019
2026-08-27 17:45:00,4597.75924,4602.56823,4596.85575,4601.94053
2026-08-27 18:00:00,4601.55861,4607.11862,4600.45084,4604.537
2026-08-27 18:15:00,4604.18794,4607.33947,4600.6625,4601.58471
2026-08-27 18:30:00,4601.73759,4601.96976,4596.55565,4597.84904
2026-08-27 18:45:00,4597.65132,4603.68366,4595.37705,4603.07259
2026-08-27 19:00:00,4601.89543,4601.89543,4594.11035,4596.56714
2026-08-27 19:15:00,4596.96994,4598.35857,4593.06643,4593.82184
2026-08-27 19:30:00,4594.74474,4599.39288,4581.48165,4583.25076
2026-08-27 19:45:00,4582.99304,4585.6835,4579.59333,4579.78406
2026-08-27 20:00:00,4580.10746,4582.69233,4568.50473,4579.97779
2026-08-27 20:15:00,4580.05345,4583.94487,4577.85526,4580.86944
2026-08-27 20:30:00,4581.30867,4585.5012,4576.24016,4585.2257
2026-08-27 20:45:00,4584.45984,4590.31444,4584.45984,4590.19275
2026-08-27 21:00:00,4589.81325,4591.49854,4588.09362,4590.20437
2026-08-27 21:15:00,4590.54995,4596.01066,4590.54995,4593.32361
2026-08-27 21:30:00,4593.78746,4599.81601,4593.78746,4598.76388
2026-08-27 21:45:00,4598.84122,4600.57107,4594.73412,4597.90563
2026-08-27 22:00:00,4598.28767,4601.29757,4593.85515,4595.05688
2026-08-27 22:15:00,4594.6865,4599.60443,4592.63342,4594.26598
2026-08-27 22:30:00,4594.81942,4596.00784,4587.9978,4588.34553
2026-08-27 22:45:00,4588.58459,4590.00914,4580.85204,4585.17275
2026-08-27 23:00:00,4585.49045,4591.63674,4581.48165,4590.92204
2026-08-27 23:15:00,4589.63467,4593.8993,4583.16146,4591.31121
2026-08-27 23:30:00,4591.99003,4592.08182,4573.9377,4580.82417
2026-08-27 23:45:00,4579.88431,4583.19796,4569.96618,4573.79754
2026-08-28 00:00:00,4573.77798,4579.17392,4567.49602,4574.39227
2026-08-28 00:15:00,4574.81379,4583.06649,4574.35616,4578.71441
2026-08-28 00:30:00,4577.01738,4596.06503,4577.01738,4594.51902
2026-08-28 00:45:00,4592.41732,4598.3354,4588.47712,4591.10189
2026-08-28 01:00:00,4590.99684,4594.95474,4590.18398,4594.21236
2026-08-28 01:15:00,4593.94999,4598.12397,4589.12609,4593.80096
2026-08-28 01:30:00,4592.84062,4604.91935,4592.84062,4604.65995
2026-08-28 01:45:00,4603.7449,4610.84471,4600.6625,4610.74223
2026-08-28 02:00:00,4610.50617,4612.97168,4605.91547,4606.01372
2026-08-28 02:15:00,4606.13418,4607.98229,4602.61898,4607.86703
2026-08-28 02:30:00,4607.78232,4611.90795,4606.80886,4611.07913
2026-08-28 02:45:00,4610.62176,4616.94207,4609.94641,4614.4102
2026-08-28 03:00:00,4613.93731,4616.92698,4608.93211,4610.94712
2026-08-28 03:15:00,4611.0314,4612.13857,4608.93211,4610.38525
2026-08-28 03:30:00,4610.5453,4613.82301,4607.69105,4612.6124
2026-08-28 03:45:00,4612.62628,4613.18448,4605.53585,4605.64749
2026-08-28 04:00:00,4605.95671,4608.3778,4602.78008,4605.61048
2026-08-28 04:15:00,4605.32496,4608.08258,4602.35641,4602.4378
2026-08-28 04:30:00,4602.54025,4604.68757,4601.08586,4604.52357
2026-08-28 04:45:00,4604.37087,4611.48259,4604.37087,4610.23667
2026-08-28 05:00:00,4609.89504,4617.91464,4609.14501,4615.76508
2026-08-28 05:15:00,4615.66209,4615.66209,4604.47555,4604.77007
2026-08-28 05:30:00,4605.31287,4609.99447,4605.31287,4609.25207
2026-08-28 05:45:00,4609.31635,4612.75889,4606.17227,4609.17948
2026-08-28 06:00:00,4608.63031,4609.56947,4604.01846,4604.55603
2026-08-28 06:15:00,4604.65885,4605.56161,4602.75033,4603.5768
2026-08-28 06:30:00,4603.45089,4604.52668,4602.04472,4603.89565
2026-08-28 06:45:00,4604.00921,4604.47555,4600.0276,4601.5152
2026-08-28 07:00:00,4601.25362,4602.12306,4599.39083,4601.40611
2026-08-28 07:15:00,4601.31533,4601.6349,4600.97474,4601.16241
2026-08-28 07:30:00,4601.21175,4601.47965,4600.92826,4601.35631
2026-08-28 07:45:00,4601.27155,4601.68629,4601.04416,4601.1046
2026-08-28 08:00:00,4601.25974,4607.98141,4601.21373,4604.43222
2026-08-28 08:15:00,4604.81018,4608.29952,4603.44686,4607.66379
2026-08-28 08:30:00,4607.60686,4610.207,4607.24272,4608.03813
2026-08-28 08:45:00,4608.49835,4610.79418,4606.85903,4610.71997
2026-08-28 09:00:00,4610.49985,4611.3483,4603.20383,4604.11549
2026-08-28 09:15:00,4603.93454,4603.93593,4600.6625,4600.80018
2026-08-28 09:30:00,4601.00511,4601.72104,4598.44478,4599.94576
2026-08-28 09:45:00,4600.24664,4600.24664,4594.74361,4594.7955
2026-08-28 10:00:00,4594.86495,4602.56823,4594.13193,4601.65679
2026-08-28 10:15:00,4601.40996,4601.73148,4590.73589,4591.91543
2026-08-28 10:30:00,4591.53934,4592.84435,4589.05053,4590.57601
2026-08-28 10:45:00,4590.53752,4591.15743,4585.89379,4587.78786
2026-08-28 11:00:00,4586.93372,4601.29757,4585.14908,4593.12617
2026-08-28 11:15:00,4594.06117,4598.75834,4584.21197,4584.59443
2026-08-28 11:30:00,4585.28249,4588.14255,4578.75458,4582.64155
2026-08-28 11:45:00,4581.99875,4582.56114,4576.03075,4576.56189
2026-08-28 12:00:00,4576.48392,4582.30654,4574.63716,4581.31354
2026-08-28 12:15:00,4580.9516,4584.84251,4579.38361,4584.18116
2026-08-28 12:30:00,4584.00322,4589.26113,4583.19092,4585.09344
2026-08-28 12:45:00,4585.70719,4587.36639,4582.53139,4586.03769
2026-08-28 13:00:00,4585.28693,4587.9978,4584.29261,4584.80334
2026-08-28 13:15:00,4585.63905,4590.76884,4583.58161,4588.0025
2026-08-28 13:30:00,4587.57223,4589.25052,4581.06189,4582.26882
2026-08-28 13:45:00,4582.1003,4582.18917,4578.73331,4579.09285
2026-08-28 14:00:00,4579.29943,4580.2226,4577.91613,4580.17287
2026-08-28 14:15:00,4579.97313,4585.05273,4579.71295,4584.22347
2026-08-28 14:30:00,4584.14988,4584.17793,4578.12572,4579.86282
2026-08-28 14:45:00,4579.67042,4585.05273,4578.42732,4584.94505
2026-08-28 15:00:00,4584.77998,4585.36405,4578.75458,4580.10468
2026-08-28 15:15:00,4580.00109,4585.89379,4579.59139,4582.97164
2026-08-28 15:30:00,4583.38676,4584.44046,4572.26464,4572.62521
2026-08-28 15:45:00,4573.26187,4577.07799,4572.24391,4576.54182
2026-08-28 16:00:00,4576.10123,4583.16146,4572.42547,4583.09748
2026-08-28 16:15:00,4582.96237,4585.47322,4580.8218,4584.31606
2026-08-28 16:30:00,4584.37847,4587.74173,4583.58161,4587.2089
2026-08-28 16:45:00,4586.49696,4611.69024,4586.49696,4611.31102
2026-08-28 17:00:00,4610.76115,4612.40951,4595.75787,4602.0493
2026-08-28 17:15:00,4601.31488,4611.36489,4600.6625,4607.3725
2026-08-28 17:30:00,4607.65595,4614.67467,4606.80568,4609.73685
2026-08-28 17:45:00,4609.53819,4612.75889,4608.08258,4610.47778
2026-08-28 18:00:00,4611.19279,4614.67467,4610.41955,4612.13313
2026-08-28 18:15:00,4612.04284,4613.45445,4608.5073,4610.13469
2026-08-28 18:30:00,4610.47891,4611.05732,4604.10185,4604.30257
2026-08-28 18:45:00,4604.65904,4605.74797,4601.18988,4601.71281
2026-08-28 19:00:00,4601.91076,4604.3365,4600.87417,4601.91013
2026-08-28 19:15:00,4601.82037,4604.36734,4600.87417,4601.98141
2026-08-28 19:30:00,4602.15204,4605.52225,4601.29757,4603.47301
2026-08-28 19:45:00,4603.39618,4608.20467,4603.20383,4606.34321
2026-08-28 20:00:00,4606.15158,4608.7197,4603.8396,4607.56188
2026-08-28 20:15:00,4607.68259,4610.73522,4602.16346,4603.86222
2026-08-28 20:30:00,4603.06832,4608.08258,4602.1446,4602.31823
2026-08-28 20:45:00,4602.53297,4603.03003,4598.05742,4598.25016
2026-08-28 21:00:00,4598.82245,4600.23921,4595.15849,4597.31535
2026-08-28 21:15:00,4596.97686,4602.04085,4596.97686,4597.87038
2026-08-28 21:30:00,4598.12388,4600.87417,4591.45519,4594.72714
2026-08-28 21:45:00,4594.29973,4595.79944,4591.57904,4593.5199
2026-08-28 22:00:00,4593.32785,4596.73125,4591.27681,4595.33417
2026-08-28 22:15:00,4594.83979,4603.55563,4592.84435,4601.78258
2026-08-28 22:30:00,4602.06155,4602.06155,4589.64475,4591.63613
2026-08-28 22:45:00,4591.08472,4602.35641,4590.73589,4602.23938
2026-08-28 23:00:00,4601.91405,4605.32375,4598.14225,4600.12481
2026-08-28 23:15:00,4599.87633,4604.26355,4593.80853,4601.96479
2026-08-28 23:30:00,4601.08974,4607.0211,4599.41888,4604.59484
2026-08-28 23:45:00,4604.3057,4627.27315,4603.02494,4625.76549
2026-08-29 00:00:00,4623.3947,4637.16814,4547.93524,4549.56306
2026-08-29 00:15:00,4551.61763,4567.59813,4528.57531,4530.60033
2026-08-29 00:30:00,4534.20651,4576.03075,4534.20651,4561.60902
2026-08-29 00:45:00,4562.71088,4579.38361,4551.66136,4579.05612
2026-08-29 01:00:00,4578.27475,4581.48165,4559.483,4560.59436
2026-08-29 01:15:00,4562.76206,4568.08734,4555.39359,4563.32016
2026-08-29 01:30:00,4563.70831,4572.04443,4537.52346,4538.49653
2026-08-29 01:45:00,4540.46515,4545.4232,4525.91084,4526.23566
2026-08-29 02:00:00,4526.57792,4528.3779,4502.70364,4504.27493
2026-08-29 02:15:00,4507.64159,4507.64159,4465.9987,4479.69051
2026-08-29 02:30:00,4478.48061,4487.68326,4469.9059,4471.24048
2026-08-29 02:45:00,4473.06411,4484.81168,4468.47491,4480.47495
2026-08-29 03:00:00,4480.68692,4481.89315,4471.56564,4475.51401
2026-08-29 03:15:00,4475.60385,4486.13358,4474.40915,4477.67711
2026-08-29 03:30:00,4478.63509,4482.90015,4461.49728,4466.5373
2026-08-29 03:45:00,4465.34404,4475.4744,4465.34404,4471.08646
2026-08-29 04:00:00,4470.24161,4472.31055,4459.76398,4461.39606
2026-08-29 04:15:00,4461.94393,4463.55642,4451.96332,4458.5895
2026-08-29 04:30:00,4460.64529,4460.64529,4444.64198,4445.46745
2026-08-29 04:45:00,4446.5146,4456.69341,4445.45984,4454.76978
2026-08-29 05:00:00,4455.17933,4462.29362,4454.49327,4455.85513
2026-08-29 05:15:00,4456.45453,4463.48866,4454.65471,4463.2394
2026-08-29 05:30:00,4462.87739,4467.13339,4461.69634,4465.8155
2026-08-29 05:45:00,4466.17827,4467.1644,4453.9462,4458.96793
2026-08-29 06:00:00,4460.00681,4462.49275,4455.93084,4459.21865
2026-08-29 06:15:00,4458.97276,4460.50225,4453.79618,4457.03875
2026-08-29 06:30:00,4455.80263,4458.0615,4454.34298,4456.17752
2026-08-29 06:45:00,4455.16216,4460.3033,4453.35115,4456.44061
2026-08-29 07:00:00,4456.35382,4458.97843,4453.52303,4458.88912
2026-08-29 07:15:00,4458.79374,4459.0161,4458.71232,4458.84447
2026-08-29 07:30:00,4458.78718,4458.99482,4458.51353,4458.73267
2026-08-29 07:45:00,4458.796,4458.98566,4458.51353,4458.87935
2026-08-29 08:00:00,4458.77197,4458.96796,4458.71145,4458.87768
2026-08-29 08:15:00,4458.78887,4458.98834,4458.71232,4458.85468
2026-08-29 08:30:00,4458.7812,4458.98841,4458.71232,4458.73324
2026-08-29 08:45:00,4458.78894,4458.99154,4458.71232,4458.73438
2026-08-29 09:00:00,4458.78842,4458.9811,4458.71232,4458.86826
2026-08-29 09:15:00,4458.79093,4458.98745,4458.71232,4458.8674
2026-08-29 09:30:00,4458.78067,4458.98244,4458.71106,4458.84615
2026-08-29 09:45:00,4458.783,4458.98504,4458.71232,4458.72835
2026-08-29 10:00:00,4458.78293,4458.97759,4458.71232,4458.8495
2026-08-29 10:15:00,4458.7866,4458.98529,4458.71232,4458.87272
2026-08-29 10:30:00,4458.77647,4458.98638,4458.71232,4458.83111
2026-08-29 10:45:00,4458.78536,4458.99043,4458.71232,4458.72659
2026-08-29 11:00:00,4458.78504,4458.97894,4458.71232,4458.84785
2026-08-29 11:15:00,4458.78628,4458.98538,4458.71143,4458.87559
2026-08-29 11:30:00,4458.77437,4458.98548,4458.71232,4458.81852
2026-08-29 11:45:00,4458.78974,4458.98247,4458.71232,4458.72497
2026-08-29 12:00:00,4458.7831,4458.98373,4458.71232,4458.8686
2026-08-29 12:15:00,4458.7878,4458.98502,4458.71232,4458.88176
2026-08-29 12:30:00,4458.78072,4458.97764,4458.71232,4458.82843
2026-08-29 12:45:00,4458.78214,4458.97561,4458.71232,4458.7257
2026-08-29 13:00:00,4458.78306,4458.98237,4458.71232,4458.88276
2026-08-29 13:15:00,4458.78749,4458.98047,4458.71232,4458.88328
2026-08-29 13:30:00,4458.78824,4458.98543,4458.71145,4458.84914
2026-08-29 13:45:00,4458.78677,4458.97522,4458.71232,4458.72598
2026-08-29 14:00:00,4458.77732,4458.98755,4458.71232,4458.89387
2026-08-29 14:15:00,4458.78721,4458.98457,4458.71232,4458.86871
2026-08-29 14:30:00,4458.78064,4458.98505,4458.71232,4458.86558
2026-08-29 14:45:00,4458.78892,4458.97765,4458.71232,4458.76201
2026-08-29 15:00:00,4458.77735,4458.97731,4458.71232,4458.73203
2026-08-29 15:15:00,4458.78438,4458.98637,4458.71232,4458.8501
2026-08-29 15:30:00,4458.77473,4458.98643,4458.71232,4458.87525
2026-08-29 15:45:00,4458.78721,4458.97882,4458.71141,4458.73531
2026-08-29 16:00:00,4458.77872,4458.98544,4458.71232,4458.72867
2026-08-29 16:15:00,4458.78445,4458.98342,4458.71174,4458.83627
2026-08-29 16:30:00,4458.77793,4458.96061,4458.6892,4458.85353
2026-08-29 16:45:00,4458.75606,4458.96247,4458.69947,4458.80936
2026-08-29 17:00:00,4458.766,4458.96357,4458.69972,4458.72746
2026-08-29 17:15:00,4458.75925,4458.95384,4458.68973,4458.83575
2026-08-29 17:30:00,4458.76004,4458.95705,4458.69254,4458.85437
2026-08-29 17:45:00,4458.75407,4458.95467,4458.68721,4458.79391
2026-08-29 18:00:00,4458.75805,4458.97697,4458.70161,4458.72782
2026-08-29 18:15:00,4458.78906,4458.98549,4458.71232,4458.87348
2026-08-29 18:30:00,4458.77815,4458.97714,4458.71232,4458.88466
2026-08-29 18:45:00,4458.78744,4458.98344,4458.71175,4458.82944
2026-08-29 19:00:00,4458.7775,4458.97834,4458.70907,4458.72846
2026-08-29 19:15:00,4458.786,4458.98308,4458.7114,4458.88908
2026-08-29 19:30:00,4458.78237,4458.98165,4458.71232,4458.87863
2026-08-29 19:45:00,4458.78729,4458.98524,4458.71232,4458.84568
2026-08-29 20:00:00,4458.77711,4458.98636,4458.71232,4458.73063
2026-08-29 20:15:00,4458.78458,4458.99043,4458.71232,4458.73386
2026-08-29 20:30:00,4458.78265,4458.98071,4458.71232,4458.87244
2026-08-29 20:45:00,4458.79161,4458.98954,4458.71232,4458.86143
2026-08-29 21:00:00,4458.77877,4458.98341,4458.70977,4458.73548
2026-08-29 21:15:00,4458.78685,4458.97837,4458.70907,4458.72741
2026-08-29 21:30:00,4458.77722,4458.98248,4458.71232,4458.8511
2026-08-29 21:45:00,4458.78191,4458.98156,4458.71543,4458.87411
2026-08-29 22:00:00,4458.78191,4458.98117,4458.71686,4458.83785
2026-08-29 22:15:00,4458.78191,4458.98235,4458.71569,4458.75287
2026-08-29 22:30:00,4458.78191,4458.97664,4458.71503,4458.84492
2026-08-29 22:45:00,4458.78191,4458.98248,4458.71542,4458.88043
2026-08-29 23:00:00,4458.78191,4458.98157,4458.71739,4458.82078
2026-08-29 23:15:00,4458.78191,4458.98117,4458.71685,4458.7488
2026-08-29 23:30:00,4458.78191,4458.98234,4458.71569,4458.86157
2026-08-29 23:45:00,4458.78191,4458.97665,4458.71503,4458.88219
2026-08-30 00:00:00,4458.78191,4458.98248,4458.71542,4458.82195
2026-08-30 00:15:00,4458.78191,4458.98157,4458.7174,4458.74938
2026-08-30 00:30:00,4458.78191,4458.98116,4458.7157,4458.87651
2026-08-30 00:45:00,4458.78191,4458.98234,4458.7193,4458.87928
2026-08-30 01:00:00,4458.78191,4458.98248,4458.71503,4458.83916
2026-08-30 01:15:00,4458.78191,4458.97893,4458.71541,4458.75456
2026-08-30 01:30:00,4458.78191,4458.98158,4458.71684,4458.88869
2026-08-30 01:45:00,4458.78191,4458.97964,4458.7157,4458.87191
2026-08-30 02:00:00,4458.78191,4458.98234,4458.71503,4458.85471
2026-08-30 02:15:00,4458.78191,4458.98248,4458.72015,4458.764
2026-08-30 02:30:00,4458.78191,4458.98159,4458.71541,4458.76918
2026-08-30 02:45:00,4458.78191,4458.98114,4458.71683,4458.86057
2026-08-30 03:00:00,4458.78191,4458.98234,4458.71571,4458.86751
2026-08-30 03:15:00,4458.78191,4458.97669,4458.71503,4458.77703
2026-08-30 03:30:00,4458.78191,4458.98249,4458.71541,4458.75811
2026-08-30 03:45:00,4458.78191,4458.98159,4458.71743,4458.84608
2026-08-30 04:00:00,4458.78191,4458.98114,4458.71571,4458.87665
2026-08-30 04:15:00,4458.78191,4458.98233,4458.71927,4458.83222
2026-08-30 04:30:00,4458.78191,4458.98249,4458.71504,4458.75104
2026-08-30 04:45:00,4458.78191,4458.9789,4458.7154,4458.85048
2026-08-30 05:00:00,4458.78191,4458.9816,4458.71681,4458.88152
2026-08-30 05:15:00,4458.78191,4458.98113,4458.71572,4458.81539
2026-08-30 05:30:00,4458.78191,4458.98233,4458.71925,4458.74847
2026-08-30 05:45:00,4458.78191,4458.98249,4458.71504,4458.86669
2026-08-30 06:00:00,4458.78191,4458.97888,4458.7154,4458.88175
2026-08-30 06:15:00,4458.78191,4458.9816,4458.71681,4458.82768
2026-08-30 06:30:00,4458.78191,4458.97968,4458.71572,4458.75057
2026-08-30 06:45:00,4458.78191,4458.98233,4458.71504,4458.88083
2026-08-30 07:00:00,4458.78191,4458.98249,4458.72021,4458.87735
2026-08-30 07:15:00,4458.78191,4458.98161,4458.7154,4458.84448
2026-08-30 07:30:00,4458.78191,4458.98112,4458.7168,4458.75721
2026-08-30 07:45:00,4458.78191,4458.98627,4458.71232,4458.78271
2026-08-30 08:00:00,4458.78588,4458.98088,4458.71902,4458.87274
2026-08-30 08:15:00,4458.78588,4458.98648,4458.71933,4458.86301
2026-08-30 08:30:00,4458.78588,4458.98565,4458.72154,4458.77169
2026-08-30 08:45:00,4458.78588,4458.98501,4458.71976,4458.76932
2026-08-30 09:00:00,4458.78588,4458.98627,4458.72306,4458.86033
2026-08-30 09:15:00,4458.78588,4458.98648,4458.71902,4458.87476
2026-08-30 09:30:00,4458.78588,4458.9827,4458.71933,4458.78566
2026-08-30 09:45:00,4458.78588,4458.98566,4458.72067,4458.75943
2026-08-30 10:00:00,4458.78588,4458.98379,4458.71977,4458.84505
2026-08-30 10:15:00,4458.78588,4458.98626,4458.71902,4458.88263
2026-08-30 10:30:00,4458.78588,4458.98649,4458.72437,4458.83086
2026-08-30 10:45:00,4458.78588,4458.98566,4458.71932,4458.75372
2026-08-30 11:00:00,4458.78588,4458.98499,4458.72067,4458.85966
2026-08-30 11:15:00,4458.78588,4458.9838,4458.71977,4458.88607
2026-08-30 11:30:00,4458.78588,4458.98626,4458.71902,4458.81952
2026-08-30 11:45:00,4458.78588,4458.98649,4458.72438,4458.7526
2026-08-30 12:00:00,4458.78588,4458.98567,4458.71932,4458.87535
2026-08-30 12:15:00,4458.78588,4458.98498,4458.72066,4458.88485
2026-08-30 12:30:00,4458.78588,4458.98626,4458.71978,4458.83704
2026-08-30 12:45:00,4458.78588,4458.98094,4458.71903,4458.75615
2026-08-30 13:00:00,4458.78588,4458.98649,4458.71932,4458.88863
2026-08-30 13:15:00,4458.78588,4458.98567,4458.72158,4458.87904
2026-08-30 13:30:00,4458.78588,4458.98498,4458.71978,4458.85332
2026-08-30 13:45:00,4458.78588,4458.98625,4458.72302,4458.76411
2026-08-30 14:00:00,4458.78588,4458.98649,4458.71903,4458.77801
2026-08-30 14:15:00,4458.78588,4458.98266,4458.71931,4458.86906
2026-08-30 14:30:00,4458.78588,4458.98568,4458.72064,4458.86723
2026-08-30 14:45:00,4458.78588,4458.98383,4458.71979,4458.77593
2026-08-30 15:00:00,4458.78588,4458.98625,4458.71903,4458.76567
2026-08-30 15:15:00,4458.78588,4458.98649,4458.72443,4458.85561
2026-08-30 15:30:00,4458.78588,4458.98569,4458.71931,4458.87779
2026-08-30 15:45:00,4458.78588,4458.98496,4458.72064,4458.84244
2026-08-30 16:00:00,4458.78588,4458.98625,4458.71979,4458.75708
2026-08-30 16:15:00,4458.78588,4458.98098,4458.71903,4458.84829
2026-08-30 16:30:00,4458.78588,4458.98649,4458.71931,4458.88426
2026-08-30 16:45:00,4458.78588,4458.98569,4458.72161,4458.82534
2026-08-30 17:00:00,4458.78588,4458.98496,4458.72063,4458.75284
2026-08-30 17:15:00,4458.78588,4458.98625,4458.7198,4458.86498
2026-08-30 17:30:00,4458.78588,4458.98099,4458.71903,4458.88619
2026-08-30 17:45:00,4458.78588,4458.98649,4458.7193,4458.8253
2026-08-30 18:00:00,4458.78588,4458.9857,4458.72162,4458.75325
2026-08-30 18:15:00,4458.78588,4458.98495,4458.7198,4458.88
2026-08-30 18:30:00,4458.78588,4458.98624,4458.72297,4458.88344
2026-08-30 18:45:00,4458.78588,4458.98649,4458.71903,4458.84255
2026-08-30 19:00:00,4458.78588,4458.98261,4458.7193,4458.75828
2026-08-30 19:15:00,4458.78588,4458.9857,4458.72061,4458.89229
2026-08-30 19:30:00,4458.78588,4458.98387,4458.71981,4458.87621
2026-08-30 19:45:00,4458.78588,4458.98624,4458.71903,4458.85818
2026-08-30 20:00:00,4458.78588,4458.9865,4458.72448,4458.76758
2026-08-30 20:15:00,4458.78588,4458.98571,4458.7193,4458.77361
2026-08-30 20:30:00,4458.78588,4458.98493,4458.72061,4458.86501
2026-08-30 20:45:00,4458.78588,4458.98624,4458.71981,4458.87109
2026-08-30 21:00:00,4458.78588,4458.98103,4458.71903,4458.78049
2026-08-30 21:15:00,4458.78588,4458.9865,4458.71929,4458.76241
2026-08-30 21:30:00,4458.78588,4458.98571,4458.72165,4458.85061
2026-08-30 21:45:00,4458.78588,4458.98493,4458.71982,4458.88038
2026-08-30 22:00:00,4458.78588,4458.98623,4458.72293,4458.83681
2026-08-30 22:15:00,4458.78588,4458.9865,4458.71903,4458.75519
2026-08-30 22:30:00,4458.78588,4458.98257,4458.71929,4458.85386
2026-08-30 22:45:00,4458.78588,4458.98572,4458.72059,4458.8854
2026-08-30 23:00:00,4458.78588,4458.98492,4458.71983,4458.81994
2026-08-30 23:15:00,4458.78588,4458.98623,4458.72292,4458.75246
2026-08-30 23:30:00,4458.78588,4458.9865,4458.71903,4458.87012
2026-08-30 23:45:00,4458.78588,4458.98256,4458.71929,4458.8858
2026-08-31 00:00:00,4458.78588,4458.98572,4458.72058,4458.83104
2026-08-31 00:15:00,4458.78588,4458.98391,4458.71983,4458.7544
2026-08-31 00:30:00,4458.78588,4458.98623,4458.71904,4458.88436
2026-08-31 00:45:00,4458.78588,4458.9865,4458.72453,4458.88156
2026-08-31 01:00:00,4458.78588,4458.98573,4458.71928,4458.84789
2026-08-31 01:15:00,4458.78588,4458.9849,4458.72058,4458.76087
2026-08-31 01:30:00,4458.78588,4458.98622,4458.71984,4458.78301
2026-08-31 01:45:00,4458.78588,4458.98109,4458.71904,4458.87296
2026-08-31 02:00:00,4458.78588,4458.9865,4458.71928,4458.86274
2026-08-31 02:15:00,4458.78588,4458.98573,4458.72168,4458.77144
2026-08-31 02:30:00,4458.78588,4458.9849,4458.71984,4458.76956
2026-08-31 02:45:00,4458.78588,4458.98622,4458.72289,4458.86062
2026-08-31 03:00:00,4458.78588,4458.9865,4458.71904,4458.87455
2026-08-31 03:15:00,4458.78588,4458.98253,4458.71928,4458.78535
2026-08-31 03:30:00,4458.78588,4458.98574,4458.72056,4458.75959
2026-08-31 03:45:00,4458.78588,4458.98394,4458.71985,4458.84538
2026-08-31 04:00:00,4458.78588,4458.96649,4458.69117,4458.85526
2026-08-31 04:15:00,4458.75805,4458.98648,4458.71232,4458.82709
2026-08-31 04:30:00,4458.78736,4458.98563,4458.71232,4458.72405
2026-08-31 04:45:00,4458.77949,4459.53706,4456.79612,4456.96391
2026-08-31 05:00:00,4457.17644,4457.17644,4456.08651,4456.13095
2026-08-31 05:15:00,4456.15456,4456.35717,4456.09118,4456.21949
2026-08-31 05:30:00,4456.15304,4456.35157,4456.08354,4456.24114
2026-08-31 05:45:00,4456.14692,4456.34732,4456.08379,4456.20312
2026-08-31 06:00:00,4456.14772,4456.37056,4456.09463,4456.1252
2026-08-31 06:15:00,4456.15635,4456.54674,4455.53377,4456.21879
2026-08-31 06:30:00,4456.15541,4456.34923,4456.08565,4456.25833
2026-08-31 06:45:00,4456.15958,4456.35747,4456.08961,4456.19301
2026-08-31 07:00:00,4456.15721,4456.52658,4456.07868,4456.13167
2026-08-31 07:15:00,4456.1711,4456.35773,4456.08874,4456.23705
2026-08-31 07:30:00,4456.15719,4456.44549,4455.7323,4456.17923
2026-08-31 07:45:00,4456.07898,4456.35741,4456.03626,4456.20231
2026-08-31 08:00:00,4456.15919,4459.30881,4436.55723,4459.04644
2026-08-31 08:15:00,4458.41817,4466.27959,4454.15885,4459.0572
2026-08-31 08:30:00,4459.66093,4462.29362,4450.79219,4459.1583
2026-08-31 08:45:00,4460.5801,4461.83419,4457.12248,4461.54335
2026-08-31 09:00:00,4460.75495,4466.53421,4460.70122,4462.07788
2026-08-31 09:15:00,4464.03558,4464.88369,4453.84122,4454.53274
2026-08-31 09:30:00,4455.46919,4458.31476,4447.40938,4447.52104
2026-08-31 09:45:00,4447.74715,4459.40444,4435.38998,4458.89106
2026-08-31 10:00:00,4458.12245,4462.491,4454.14458,4461.63527
2026-08-31 10:15:00,4460.46769,4464.48247,4452.95454,4453.29181
2026-08-31 10:30:00,4454.19293,4470.87227,4454.19293,4464.79567
2026-08-31 10:45:00,4465.76186,4469.24576,4458.54251,4459.10182
2026-08-31 11:00:00,4459.83325,4467.16639,4437.5416,4440.86614
2026-08-31 11:15:00,4439.98602,4452.55799,4438.30656,4447.18528
2026-08-31 11:30:00,4446.14348,4454.5414,4438.32941,4451.49413
2026-08-31 11:45:00,4451.9932,4451.9932,4436.14333,4441.82924
2026-08-31 12:00:00,4442.80031,4442.80031,4422.43057,4424.38559
2026-08-31 12:15:00,4425.13403,4428.30573,4419.8895,4426.3983
2026-08-31 12:30:00,4425.89166,4426.09005,4402.5711,4406.64044
2026-08-31 12:45:00,4405.6227,4422.31548,4400.09589,4421.66291
2026-08-31 13:00:00,4420.73188,4428.72943,4420.73188,4426.88612
2026-08-31 13:15:00,4425.84913,4433.45585,4425.84913,4428.95414
2026-08-31 13:30:00,4428.35183,4429.67885,4420.28025,4423.01349
2026-08-31 13:45:00,4422.42473,4425.95379,4421.64839,4422.48108
2026-08-31 14:00:00,4422.19648,4423.38313,4417.54649,4422.80556
2026-08-31 14:15:00,4421.96747,4421.96747,4416.18089,4416.41057
2026-08-31 14:30:00,4416.79913,4421.25741,4413.55487,4419.06305
2026-08-31 14:45:00,4418.66205,4424.58298,4418.66205,4424.44791
2026-08-31 15:00:00,4424.13661,4427.44456,4420.03436,4424.48562
2026-08-31 15:15:00,4424.20789,4440.30102,4422.82176,4439.84711
2026-08-31 15:30:00,4438.77407,4440.69452,4431.44554,4439.03603
2026-08-31 15:45:00,4438.48605,4443.45701,4434.5898,4443.03037
2026-08-31 16:00:00,4442.22641,4443.24385,4430.07132,4433.72013
2026-08-31 16:15:00,4433.54856,4438.52641,4432.03475,4436.48938
2026-08-31 16:30:00,4436.21742,4441.35242,4431.6006,4440.03681
2026-08-31 16:45:00,4439.82026,4443.06216,4436.75407,4438.93245
2026-08-31 17:00:00,4438.3906,4440.49734,4436.22709,4436.71803
2026-08-31 17:15:00,4437.76003,4448.09005,4435.37142,4447.75851
2026-08-31 17:30:00,4446.96016,4446.96016,4441.9144,4446.23318
2026-08-31 17:45:00,4445.11022,4447.60719,4441.92977,4442.13212
2026-08-31 18:00:00,4442.38322,4449.98906,4438.25212,4438.61003
2026-08-31 18:15:00,4439.30602,4441.07348,4435.0001,4438.67511
2026-08-31 18:30:00,4439.33751,4441.48346,4434.36487,4435.88452
2026-08-31 18:45:00,4435.70076,4436.89268,4434.39315,4435.73315
2026-08-31 19:00:00,4435.66256,4443.45701,4435.37656,4443.13624
2026-08-31 19:15:00,4442.43192,4444.24275,4438.05226,4438.26166
2026-08-31 19:30:00,4438.80128,4445.2507,4438.80128,4443.21176
2026-08-31 19:45:00,4443.10596,4445.02026,4441.48346,4444.59569
2026-08-31 20:00:00,4443.49869,4452.95454,4443.49869,4450.35573
2026-08-31 20:15:00,4448.67963,4451.96332,4446.22293,4447.54709
2026-08-31 20:30:00,4447.61338,4450.97254,4447.61333,4449.71717
2026-08-31 20:45:00,4450.17624,4455.7323,4449.78419,4454.55777
2026-08-31 21:00:00,4454.61783,4457.51141,4453.01534,4454.6891
2026-08-31 21:15:00,4455.1939,4463.49914,4452.95454,4462.80938
2026-08-31 21:30:00,4461.73683,4464.48502,4454.14458,4454.2896
2026-08-31 21:45:00,4454.65738,4456.32799,4452.55799,4455.18278
2026-08-31 22:00:00,4455.3142,4460.70122,4454.79409,4459.615
2026-08-31 22:15:00,4459.15414,4459.15414,4448.00285,4449.98397
2026-08-31 22:30:00,4450.27831,4450.27831,4440.35235,4442.28945
2026-08-31 22:45:00,4441.87174,4441.87803,4434.61617,4438.65359
2026-08-31 23:00:00,4437.84724,4446.61835,4434.98315,4445.16532
2026-08-31 23:15:00,4445.30686,4448.00285,4439.70876,4445.74332
2026-08-31 23:30:00,4445.40866,4446.9553,4433.36808,4433.74461
2026-08-31 23:45:00,4434.34731,4435.09678,4418.4917,4419.5929
2026-09-01 00:00:00,4421.19392,4426.93346,4416.75722,4425.54035
2026-09-01 00:15:00,4424.3943,4430.46387,4417.93682,4421.54087
2026-09-01 00:30:00,4421.24498,4434.39315,4418.3096,4433.96856
2026-09-01 00:45:00,4433.78318,4434.98315,4426.34561,4434.64313
2026-09-01 01:00:00,4434.30725,4436.36041,4428.3949,4436.08058
2026-09-01 01:15:00,4435.56177,4438.17902,4429.27653,4433.31117
2026-09-01 01:30:00,4433.15243,4434.19917,4427.45584,4428.05646
2026-09-01 01:45:00,4429.00036,4432.62411,4424.19118,4424.65829
2026-09-01 02:00:00,4425.44245,4436.16361,4425.44245,4434.58985
2026-09-01 02:15:00,4435.66828,4437.6395,4433.08994,4437.3473
2026-09-01 02:30:00,4436.52304,4439.51165,4431.07751,4436.00118
2026-09-01 02:45:00,4436.3421,4438.18268,4432.46672,4432.96295
2026-09-01 03:00:00,4433.13907,4435.17985,4430.54042,4434.93433
2026-09-01 03:15:00,4434.80781,4436.55723,4429.48264,4432.02243
2026-09-01 03:30:00,4431.18037,4436.5454,4429.98167,4436.26262
2026-09-01 03:45:00,4435.45915,4440.19711,4435.45915,4436.278
2026-09-01 04:00:00,4436.45498,4436.73875,4431.24917,4432.63914
2026-09-01 04:15:00,4432.5819,4434.5898,4429.28644,4431.3518
2026-09-01 04:30:00,4431.03213,4432.01246,4426.34561,4429.51349
2026-09-01 04:45:00,4428.71206,4434.98315,4428.71206,4431.9425
2026-09-01 05:00:00,4432.08365,4436.0153,4429.28644,4433.32559
2026-09-01 05:15:00,4433.39369,4441.87803,4433.39369,4441.17197
2026-09-01 05:30:00,4440.58916,4445.62995,4439.25173,4441.91968
2026-09-01 05:45:00,4440.6045,4451.95329,4440.6045,4450.90143
2026-09-01 06:00:00,4449.35924,4455.53377,4449.35924,4450.27817
2026-09-01 06:15:00,4450.45779,4450.45779,4446.81608,4447.44138
2026-09-01 06:30:00,4447.50434,4449.79828,4446.97938,4448.44715
2026-09-01 06:45:00,4448.26354,4448.84942,4446.97668,4448.80126
2026-09-01 07:00:00,4448.65508,4449.12469,4447.60719,4448.81534
2026-09-01 07:15:00,4448.86426,4449.14293,4448.79438,4448.91238
2026-09-01 07:30:00,4448.92431,4449.10941,4448.79438,4449.00585
2026-09-01 07:45:00,4448.93443,4449.22635,4448.79438,4449.05277
2026-09-01 08:00:00,4448.95865,4456.12941,4447.1047,4452.69816
2026-09-01 08:15:00,4453.60236,4453.60236,4448.15918,4450.51816
2026-09-01 08:30:00,4449.99235,4451.17066,4447.51118,4447.59029
2026-09-01 08:45:00,4447.78055,4448.2007,4445.82759,4447.31017
2026-09-01 09:00:00,4447.02091,4447.40938,4443.85193,4444.05657
2026-09-01 09:15:00,4444.45201,4444.9304,4442.07534,4443.6089
2026-09-01 09:30:00,4443.75036,4447.60719,4443.06216,4446.23735
2026-09-01 09:45:00,4445.91566,4451.56695,4445.00392,4451.28522
2026-09-01 10:00:00,4451.12295,4457.26876,4448.00051,4456.80518
2026-09-01 10:15:00,4456.21075,4462.05653,4453.15283,4460.91764
2026-09-01 10:30:00,4460.54977,4461.04487,4453.28833,4453.89265
2026-09-01 10:45:00,4454.77463,4460.70122,4452.16152,4453.581
2026-09-01 11:00:00,4453.98715,4455.93084,4446.22293,4448.94766
2026-09-01 11:15:00,4448.29762,4448.29762,4438.32941,4440.52452
2026-09-01 11:30:00,4440.1926,4445.23471,4436.12131,4444.97696
2026-09-01 11:45:00,4444.2502,4446.42063,4439.97929,4442.72416
2026-09-01 12:00:00,4442.56584,4449.19025,4440.79143,4445.22492
2026-09-01 12:15:00,4446.07722,4448.00285,4440.69452,4441.93376
2026-09-01 12:30:00,4441.81987,4441.84435,4432.49611,4433.44247
2026-09-01 12:45:00,4435.64485,4442.02014,4428.50184,4441.82939
2026-09-01 13:00:00,4441.46398,4443.45701,4439.1175,4439.37581
2026-09-01 13:15:00,4439.84445,4440.10301,4430.12136,4436.4633
2026-09-01 13:30:00,4435.90976,4438.5603,4433.80332,4438.54549
2026-09-01 13:45:00,4438.40021,4443.45701,4437.34469,4437.64894
2026-09-01 14:00:00,4438.25173,4438.25173,4431.24917,4431.73568
2026-09-01 14:15:00,4431.64906,4432.97143,4429.76541,4430.67027
2026-09-01 14:30:00,4430.8739,4430.8739,4426.70773,4428.47877
2026-09-01 14:45:00,4428.23436,4430.4053,4425.65484,4427.15114
2026-09-01 15:00:00,4427.34392,4433.10163,4426.73749,4431.62057
2026-09-01 15:15:00,4431.11242,4431.11242,4425.75791,4427.00979
2026-09-01 15:30:00,4427.08249,4442.27267,4426.98541,4441.85453
2026-09-01 15:45:00,4441.7985,4446.058188,4441.48346,4441.77510
2026-09-01 16:00:00,4440.96546,4443.96005,4433.50155,4436.72721
2026-09-01 16:15:00,4433.99869,4438.27227,4430.20076,4430.69631
2026-09-01 16:30:00,4433.68868,4437.27763,4429.61794,4434.60556
2026-09-01 16:45:00,4434.36196,4435.41653,4428.50184,4430.44634
2026-09-01 17:00:00,4430.36288,4435.38281,4429.02212,4431.28734
2026-09-01 17:15:00,4430.78856,4433.41018,4427.52147,4428.85592
2026-09-01 17:30:00,4428.46128,4428.71575,4415.0782,4422.5123
2026-09-01 17:45:00,4421.34294,4422.72094,4417.35136,4417.88784
2026-09-01 18:00:00,4418.37966,4419.10822,4387.31189,4404.68185
2026-09-01 18:15:00,4401.86442,4406.45104,4383.11899,4383.75308
2026-09-01 18:30:00,4384.72881,4384.84763,4372.1581,4373.44533
2026-09-01 18:45:00,4374.19922,4378.51605,4370.70222,4375.00906
2026-09-01 19:00:00,4374.26389,4375.6513,4367.3983,4375.42568
2026-09-01 19:15:00,4374.98446,4377.69354,4371.77582,4372.55236
2026-09-01 19:30:00,4372.25436,4372.96734,4366.15637,4370.13363
2026-09-01 19:45:00,4368.23751,4373.11409,4367.13118,4367.66407
2026-09-01 20:00:00,4368.36371,4380.4224,4364.00163,4379.89987
2026-09-01 20:15:00,4378.66844,4385.58021,4378.66844,4383.72263
2026-09-01 20:30:00,4383.93547,4386.26347,4382.50504,4382.85414
2026-09-01 20:45:00,4383.46385,4383.68233,4375.19267,4378.7852
2026-09-01 21:00:00,4378.40835,4382.7668,4376.23045,4380.02081
2026-09-01 21:15:00,4381.03851,4381.03851,4375.21876,4380.63991
2026-09-01 21:30:00,4380.12523,4384.42652,4379.41262,4384.3701
2026-09-01 21:45:00,4384.12997,4386.73451,4374.26184,4374.42394
2026-09-01 22:00:00,4374.64021,4374.64021,4367.00293,4371.9463
2026-09-01 22:15:00,4371.20061,4376.80654,4366.19621,4373.0353
2026-09-01 22:30:00,4373.50433,4373.50433,4352.93606,4360.7039
2026-09-01 22:45:00,4358.67135,4367.76589,4357.95967,4358.72995
2026-09-01 23:00:00,4360.47159,4360.47159,4326.75666,4334.9385
2026-09-01 23:15:00,4333.45291,4343.05281,4328.44219,4342.0936
2026-09-01 23:30:00,4339.69408,4359.82067,4339.69408,4358.29072
2026-09-01 23:45:00,4354.49134,4363.6877,4354.49134,4362.53058
2026-09-02 00:00:00,4361.59198,4368.71997,4354.26476,4364.05897
2026-09-02 00:15:00,4364.75346,4374.83594,4364.75346,4370.12622
2026-09-02 00:30:00,4370.10113,4372.54045,4365.85898,4366.47024
2026-09-02 00:45:00,4366.33738,4373.46495,4357.67823,4358.43647
2026-09-02 01:00:00,4358.1105,4362.43075,4356.15961,4358.66124
2026-09-02 01:15:00,4359.26772,4365.34446,4356.77483,4362.66291
2026-09-02 01:30:00,4360.82125,4368.28732,4360.82125,4367.7748
2026-09-02 01:45:00,4366.76314,4373.93353,4366.76314,4372.41052
2026-09-02 02:00:00,4371.64299,4373.68789,4364.30011,4365.94872
2026-09-02 02:15:00,4366.15946,4366.15946,4353.50457,4353.67947
2026-09-02 02:30:00,4353.99325,4356.53917,4348.39327,4353.15324
2026-09-02 02:45:00,4353.61079,4357.84991,4353.19325,4355.0011
2026-09-02 03:00:00,4355.2104,4355.2104,4344.80361,4346.60752
2026-09-02 03:15:00,4346.39944,4348.60712,4344.04865,4346.83374
2026-09-02 03:30:00,4345.60085,4351.42074,4343.10532,4343.77585
2026-09-02 03:45:00,4343.93536,4344.61485,4341.97386,4342.25038
2026-09-02 04:00:00,4342.61539,4345.78976,4335.57338,4336.29504
2026-09-02 04:15:00,4336.07188,4341.59684,4335.85741,4337.53567
2026-09-02 04:30:00,4337.99123,4337.99123,4329.00433,4329.08491
2026-09-02 04:45:00,4329.03334,4334.33223,4328.62398,4332.87528
2026-09-02 05:00:00,4332.73933,4336.7015,4329.94155,4336.55056
2026-09-02 05:15:00,4336.26586,4337.26579,4334.07013,4335.31157
2026-09-02 05:30:00,4335.21676,4335.66238,4324.18657,4325.25683
2026-09-02 05:45:00,4325.74719,4330.69161,4323.3419,4325.7387
2026-09-02 06:00:00,4326.24583,4330.69161,4324.43398,4327.14729
2026-09-02 06:15:00,4327.62722,4329.08476,4324.88569,4326.96598
2026-09-02 06:30:00,4328.18129,4329.19174,4324.34357,4328.05274
2026-09-02 06:45:00,4328.29653,4329.47442,4327.31836,4328.57714
2026-09-02 07:00:00,4328.63198,4329.81195,4328.17703,4329.60296
2026-09-02 07:15:00,4329.56611,4329.91082,4329.42068,4329.83704
2026-09-02 07:30:00,4329.72063,4329.82106,4329.37917,4329.5299
2026-09-02 07:45:00,4329.4427,4329.8336,4329.37917,4329.74577
2026-09-02 08:00:00,4329.43633,4334.69717,4327.43011,4329.46367
2026-09-02 08:15:00,4329.42076,4329.50493,4327.69291,4327.75523
2026-09-02 08:30:00,4327.84296,4329.78616,4326.38228,4328.09027
2026-09-02 08:45:00,4327.73351,4331.30255,4327.1669,4329.55782
2026-09-02 09:00:00,4329.72145,4332.19252,4327.31836,4332.06159
2026-09-02 09:15:00,4331.77679,4332.3106,4325.41865,4329.51189
2026-09-02 09:30:00,4329.40614,4335.19747,4329.37917,4334.14517
2026-09-02 09:45:00,4334.47008,4334.64682,4326.50596,4327.80387
2026-09-02 10:00:00,4328.13669,4330.69161,4319.28127,4325.48011
2026-09-02 10:15:00,4323.13554,4333.99205,4322.84423,4324.53901
2026-09-02 10:30:00,4324.69031,4329.55907,4320.77428,4328.56731
2026-09-02 10:45:00,4326.9476,4330.87917,4314.80842,4319.92995
2026-09-02 11:00:00,4319.58299,4323.89198,4305.33431,4319.10071
2026-09-02 11:15:00,4318.46104,4329.30503,4314.99461,4315.43775
2026-09-02 11:30:00,4316.44628,4319.29234,4305.70506,4310.05793
2026-09-02 11:45:00,4309.77374,4310.44381,4290.33315,4290.8652
2026-09-02 12:00:00,4291.66759,4302.00043,4289.45224,4295.25611
2026-09-02 12:15:00,4293.8529,4305.70506,4293.8529,4304.54788
2026-09-02 12:30:00,4304.42401,4315.18081,4299.90046,4311.21763
2026-09-02 12:45:00,4311.36709,4312.82535,4300.52036,4300.75214
2026-09-02 13:00:00,4301.32152,4303.66672,4297.92837,4299.56703
2026-09-02 13:15:00,4299.9681,4301.26027,4290.55649,4294.84181
2026-09-02 13:30:00,4295.79382,4295.79382,4283.20555,4286.26687
2026-09-02 13:45:00,4286.4156,4303.00013,4284.94998,4301.97371
2026-09-02 14:00:00,4302.40291,4306.44675,4302.40291,4304.11407
2026-09-02 14:15:00,4304.57515,4304.97007,4302.18551,4302.30656
2026-09-02 14:30:00,4302.41821,4307.48398,4301.90109,4304.11896
2026-09-02 14:45:00,4304.69942,4307.25222,4304.57414,4307.07701
2026-09-02 15:00:00,4306.7438,4309.92099,4304.593,4309.54235
2026-09-02 15:15:00,4308.65522,4314.81588,4306.94135,4313.02832
2026-09-02 15:30:00,4311.95255,4325.12656,4311.95255,4320.53819
2026-09-02 15:45:00,4320.83953,4324.88539,4319.46784,4320.99603
2026-09-02 16:00:00,4321.51782,4328.44219,4316.91617,4327.87264
2026-09-02 16:15:00,4326.81449,4328.81693,4321.7044,4324.50568
2026-09-02 16:30:00,4324.77504,4325.82082,4318.16219,4325.12011
2026-09-02 16:45:00,4325.18433,4325.23324,4314.78531,4319.80086
2026-09-02 17:00:00,4320.01524,4330.69161,4316.98996,4328.65327
2026-09-02 17:15:00,4329.33067,4329.33067,4325.63371,4326.48859
2026-09-02 17:30:00,4326.65385,4330.50407,4323.20888,4323.87745
2026-09-02 17:45:00,4324.87135,4324.87135,4320.96098,4323.46048
2026-09-02 18:00:00,4322.87349,4331.44194,4321.685,4326.20568
2026-09-02 18:15:00,4326.67257,4327.50563,4323.4796,4324.10809
2026-09-02 18:30:00,4323.97335,4326.88876,4320.77428,4322.56093
2026-09-02 18:45:00,4323.28268,4323.28268,4313.3785,4313.99355
2026-09-02 19:00:00,4314.55643,4322.45383,4312.79269,4315.56132
2026-09-02 19:15:00,4316.28025,4316.28025,4305.33431,4308.33581
2026-09-02 19:30:00,4307.08978,4311.83167,4307.08978,4310.29889
2026-09-02 19:45:00,4311.0688,4311.27398,4307.97367,4308.40738
2026-09-02 20:00:00,4308.55387,4309.95867,4302.00043,4306.43862
2026-09-02 20:15:00,4304.86227,4311.84452,4304.86227,4311.41643
2026-09-02 20:30:00,4311.02829,4311.02829,4307.43799,4309.19878
2026-09-02 20:45:00,4309.00081,4310.15904,4305.70506,4307.09527
2026-09-02 21:00:00,4307.03467,4319.33928,4307.03467,4318.30426
2026-09-02 21:15:00,4315.80658,4323.01574,4315.80658,4322.74717
2026-09-02 21:30:00,4322.21221,4335.20673,4321.89472,4325.53167
2026-09-02 21:45:00,4325.85487,4332.75563,4323.7634,4331.05144
2026-09-02 22:00:00,4330.35866,4336.13737,4328.83053,4332.5748
2026-09-02 22:15:00,4331.80904,4347.53126,4331.06674,4334.92149
2026-09-02 22:30:00,4335.55321,4337.67733,4328.06752,4333.44917
2026-09-02 22:45:00,4333.63418,4338.39479,4331.8172,4332.1565
2026-09-02 23:00:00,4332.19434,4343.96898,4330.6411,4338.77495
2026-09-02 23:15:00,4339.49277,4358.81789,4338.19839,4356.81698
2026-09-02 23:30:00,4356.48469,4375.60165,4353.8652,4374.96109
2026-09-02 23:45:00,4374.09434,4382.20762,4368.86142,4380.91382
2026-09-03 00:00:00,4378.41945,4395.14071,4378.41945,4387.00764
2026-09-03 00:15:00,4388.40478,4396.18411,4384.57763,4388.79911
2026-09-03 00:30:00,4388.36091,4390.95543,4382.00188,4384.53296
2026-09-03 00:45:00,4384.26921,4387.389,4376.30537,4376.39311
2026-09-03 01:00:00,4376.52212,4381.65552,4373.49661,4374.3379
2026-09-03 01:15:00,4374.93712,4375.03748,4364.631,4371.00907
2026-09-03 01:30:00,4370.40058,4373.68789,4367.19364,4367.36323
2026-09-03 01:45:00,4367.6356,4373.19968,4365.09669,4372.99855
2026-09-03 02:00:00,4372.58602,4374.59216,4368.71997,4372.04106
2026-09-03 02:15:00,4371.61191,4372.73165,4368.33828,4370.06664
2026-09-03 02:30:00,4369.64197,4370.05637,4365.15815,4365.2977
2026-09-03 02:45:00,4365.50375,4370.8204,4364.10227,4369.20982
2026-09-03 03:00:00,4369.63056,4371.01145,4367.95667,4369.86269
2026-09-03 03:15:00,4369.45512,4369.45512,4364.37225,4368.53338
2026-09-03 03:30:00,4368.58408,4375.17597,4366.61913,4374.40879
2026-09-03 03:45:00,4372.87912,4380.00964,4372.87912,4377.83373
2026-09-03 04:00:00,4377.68277,4377.68277,4371.59934,4372.52217
2026-09-03 04:15:00,4372.45617,4379.43418,4369.09919,4372.53964
2026-09-03 04:30:00,4372.57179,4377.60292,4372.54045,4373.84983
2026-09-03 04:45:00,4374.09917,4375.79311,4372.54045,4372.83637
2026-09-03 05:00:00,4373.32289,4379.8178,4372.34792,4379.69153
2026-09-03 05:15:00,4379.42218,4383.46557,4378.78483,4381.92704
2026-09-03 05:30:00,4381.8083,4387.4242,4380.94723,4386.69899
2026-09-03 05:45:00,4384.89632,4390.5027,4384.89632,4389.61664
2026-09-03 06:00:00,4387.77125,4391.55066,4387.31189,4387.4098
2026-09-03 06:15:00,4387.59291,4389.60251,4384.23429,4386.74168
2026-09-03 06:30:00,4386.83068,4389.43025,4385.66096,4389.05875
2026-09-03 06:45:00,4388.9365,4390.97216,4387.6969,4387.76527
2026-09-03 07:00:00,4388.00046,4389.196,4387.23864,4387.44383
2026-09-03 07:15:00,4387.46607,4387.60636,4387.11942,4387.49856
2026-09-03 07:30:00,4387.33499,4387.60233,4387.11942,4387.20988
2026-09-03 07:45:00,4387.26185,4387.6451,4387.26185,4387.57681
2026-09-03 08:00:00,4387.43639,4393.09406,4387.43639,4390.89945
2026-09-03 08:15:00,4391.1781,4391.1781,4388.27453,4390.09273
2026-09-03 08:30:00,4390.76476,4390.76476,4385.58021,4385.67125
2026-09-03 08:45:00,4385.81866,4386.17726,4383.8499,4384.84589
2026-09-03 09:00:00,4384.80378,4387.19564,4384.10822,4384.42497
2026-09-03 09:15:00,4384.80647,4384.80647,4382.37121,4382.99339
2026-09-03 09:30:00,4382.81825,4385.06857,4381.92893,4384.4952
2026-09-03 09:45:00,4384.7003,4388.61225,4384.61876,4384.73671
2026-09-03 10:00:00,4384.87906,4392.90107,4384.55692,4389.7258
2026-09-03 10:15:00,4390.16863,4390.70379,4385.00329,4387.54968
2026-09-03 10:30:00,4387.94464,4389.81563,4383.08131,4387.7173
2026-09-03 10:45:00,4388.61034,4395.02483,4386.54209,4394.72081
2026-09-03 11:00:00,4394.09732,4411.87477,4389.32956,4402.65906
2026-09-03 11:15:00,4403.9235,4405.07028,4394.71656,4398.98183
2026-09-03 11:30:00,4398.09261,4409.57103,4398.09261,4401.88602
2026-09-03 11:45:00,4403.42029,4411.69983,4400.24641,4411.31922
2026-09-03 12:00:00,4410.43931,4415.25248,4409.70851,4412.31188
2026-09-03 12:15:00,4412.01443,4413.73236,4407.4221,4410.53933
2026-09-03 12:30:00,4410.1821,4417.74165,4408.73784,4414.95731
2026-09-03 12:45:00,4414.7544,4420.08487,4412.39702,4419.41902
2026-09-03 13:00:00,4419.55828,4430.07132,4418.995,4429.73637
2026-09-03 13:15:00,4429.0943,4429.94896,4424.77876,4429.39408
2026-09-03 13:30:00,4428.44157,4432.40554,4427.5019,4427.80401
2026-09-03 13:45:00,4428.39869,4432.90183,4424.67897,4432.70595
2026-09-03 14:00:00,4432.37821,4435.5733,4426.54154,4432.00884
2026-09-03 14:15:00,4432.36212,4436.75407,4430.07132,4435.09137
2026-09-03 14:30:00,4435.16963,4438.23324,4434.92973,4438.12955
2026-09-03 14:45:00,4437.88072,4438.63463,4435.35007,4436.89545
2026-09-03 15:00:00,4436.15106,4439.31457,4430.04859,4430.38264
2026-09-03 15:15:00,4431.06271,4431.06271,4422.85115,4424.38934
2026-09-03 15:30:00,4425.15004,4432.03716,4424.52004,4430.93015
2026-09-03 15:45:00,4430.24407,4437.93547,4428.50184,4432.31711
2026-09-03 16:00:00,4432.84424,4435.37656,4425.95379,4427.80662
2026-09-03 16:15:00,4427.23253,4429.48264,4418.71769,4421.73496
2026-09-03 16:30:00,4422.47241,4425.75791,4421.06194,4425.54546
2026-09-03 16:45:00,4425.40792,4428.10964,4421.14254,4421.35797
2026-09-03 17:00:00,4421.73671,4430.85648,4420.28025,4425.19956
2026-09-03 17:15:00,4424.60004,4430.07132,4421.71967,4427.949
2026-09-03 17:30:00,4427.61598,4431.05282,4424.38722,4427.7428
2026-09-03 17:45:00,4428.09636,4429.87508,4424.41702,4428.9265
2026-09-03 18:00:00,4428.97387,4437.1478,4425.98691,4430.72372
2026-09-03 18:15:00,4431.34642,4438.13243,4429.22087,4436.73336
2026-09-03 18:30:00,4437.00638,4439.31457,4432.3855,4432.5505
2026-09-03 18:45:00,4432.48358,4440.10301,4432.23145,4437.63995
2026-09-03 19:00:00,4436.89743,4442.07534,4434.5898,4439.24007
2026-09-03 19:15:00,4439.06429,4439.06429,4432.44072,4435.51442
2026-09-03 19:30:00,4434.96616,4438.32941,4430.65043,4431.27245
2026-09-03 19:45:00,4432.19439,4432.19439,4426.14969,4428.35464
2026-09-03 20:00:00,4428.04569,4429.55191,4423.30407,4423.43545
2026-09-03 20:15:00,4423.50991,4425.56205,4420.67106,4423.71511
2026-09-03 20:30:00,4423.35527,4425.95379,4420.47564,4425.91353
2026-09-03 20:45:00,4425.79485,4428.13955,4424.38722,4427.27963
2026-09-03 21:00:00,4427.43143,4432.62573,4424.11496,4432.47966
2026-09-03 21:15:00,4432.20226,4435.17985,4428.59849,4432.16139
2026-09-03 21:30:00,4432.70119,4439.31457,4430.46387,4439.19126
2026-09-03 21:45:00,4438.93726,4444.83954,4436.95093,4444.54353
2026-09-03 22:00:00,4443.99915,4450.37828,4441.61464,4444.09555
2026-09-03 22:15:00,4444.43622,4448.9923,4438.13243,4447.35469
2026-09-03 22:30:00,4447.62323,4477.87928,4446.81608,4466.23411
2026-09-03 22:45:00,4466.38662,4494.2323,4466.38662,4493.90441
2026-09-03 23:00:00,4493.44493,4496.45288,4485.33761,4486.24868
2026-09-03 23:15:00,4486.50117,4486.86997,4476.47612,4479.33818
2026-09-03 23:30:00,4478.96413,4479.48396,4470.10451,4470.57948
2026-09-03 23:45:00,4471.19396,4471.36528,4458.31476,4465.32554
2026-09-04 00:00:00,4465.64752,4472.47194,4461.69634,4468.30459
2026-09-04 00:15:00,4467.8359,4480.76903,4466.67858,4471.75425
2026-09-04 00:30:00,4472.57409,4481.38913,4468.0756,4473.05841
2026-09-04 00:45:00,4470.74319,4483.29971,4470.74319,4482.67311
2026-09-04 01:00:00,4481.54429,4503.08461,4481.54429,4499.05829
2026-09-04 01:15:00,4497.85858,4510.59991,4497.85858,4505.3209
2026-09-04 01:30:00,4505.52896,4507.75334,4495.39222,4496.79208
2026-09-04 01:45:00,4496.69426,4497.93463,4487.92748,4491.43787
2026-09-04 02:00:00,4489.37277,4495.19015,4488.5318,4493.80756
2026-09-04 02:15:00,4494.2129,4495.73452,4491.35414,4493.93237
2026-09-04 02:30:00,4493.41911,4494.98809,4487.52468,4487.66932
2026-09-04 02:45:00,4487.88265,4490.95073,4485.91423,4486.75994
2026-09-04 03:00:00,4487.10928,4490.43496,4481.79193,4487.3029
2026-09-04 03:15:00,4487.13127,4492.70076,4485.56864,4492.25007
2026-09-04 03:30:00,4491.54629,4493.77612,4490.95073,4492.54951
2026-09-04 03:45:00,4492.41429,4494.18004,4487.67086,4488.47941
2026-09-04 04:00:00,4488.29479,4489.53937,4484.28309,4485.32057
2026-09-04 04:15:00,4485.68559,4487.76281,4480.72452,4481.63048
2026-09-04 04:30:00,4483.25176,4483.25176,4476.67652,4481.54852
2026-09-04 04:45:00,4481.67228,4482.69679,4474.61153,4475.30263
2026-09-04 05:00:00,4475.26732,4477.07736,4473.79702,4474.07552
2026-09-04 05:15:00,4474.50554,4476.52558,4472.67197,4475.16756
2026-09-04 05:30:00,4474.56156,4479.28331,4474.47313,4477.94684
2026-09-04 05:45:00,4478.10306,4480.76044,4474.15123,4475.45383
2026-09-04 06:00:00,4478.39613,4478.39613,4471.87193,4472.83517
2026-09-04 06:15:00,4472.6426,4472.6426,4470.47253,4472.39958
2026-09-04 06:30:00,4472.25551,4472.87203,4471.07216,4472.83038
2026-09-04 06:45:00,4472.75027,4473.91047,4471.78268,4473.78645
2026-09-04 07:00:00,4473.54177,4474.27177,4472.72573,4474.10308
2026-09-04 07:15:00,4474.07055,4474.47313,4473.87258,4474.19252
2026-09-04 07:30:00,4474.06132,4474.33462,4473.87258,4474.11516
2026-09-04 07:45:00,4474.07005,4474.30514,4473.87258,4474.16855
2026-09-04 08:00:00,4474.06874,4478.28034,4471.02602,4476.91911
2026-09-04 08:15:00,4476.33085,4479.12896,4474.67335,4474.74015
2026-09-04 08:30:00,4474.82805,4476.98352,4472.95259,4473.66614
2026-09-04 08:45:00,4473.76211,4475.4744,4472.47194,4475.34707
2026-09-04 09:00:00,4475.0325,4477.1684,4473.47231,4474.60086
2026-09-04 09:15:00,4474.80367,4474.80367,4472.27191,4473.08665
2026-09-04 09:30:00,4473.39534,4478.68148,4472.83658,4477.25765
2026-09-04 09:45:00,4477.16356,4480.0228,4475.27411,4479.87568
2026-09-04 10:00:00,4479.45567,4482.89775,4478.58464,4482.34733
2026-09-04 10:15:00,4481.84769,4485.21778,4474.87358,4475.10288
2026-09-04 10:30:00,4475.53783,4481.36989,4473.47231,4480.84749
2026-09-04 10:45:00,4479.76078,4486.71931,4479.76078,4486.58502
2026-09-04 11:00:00,4486.22157,4486.55053,4473.66003,4478.07793
2026-09-04 11:15:00,4479.78821,4480.25503,4468.67459,4471.2665
2026-09-04 11:30:00,4470.84732,4476.27574,4466.64283,4471.14079
2026-09-04 11:45:00,4472.03352,4481.0898,4468.0756,4480.61609
2026-09-04 12:00:00,4479.70736,4482.69679,4477.67877,4480.10647
2026-09-04 12:15:00,4479.75213,4480.82934,4472.27191,4472.43419
2026-09-04 12:30:00,4472.63666,4478.02894,4470.87227,4472.68444
2026-09-04 12:45:00,4473.02736,4480.68823,4470.87227,4476.70512
2026-09-04 13:00:00,4476.71737,4478.55783,4469.44331,4469.99103
2026-09-04 13:15:00,4470.91073,4474.73026,4470.91073,4472.74953
2026-09-04 13:30:00,4473.44393,4475.47843,4470.16285,4470.42256
2026-09-04 13:45:00,4470.91542,4470.91542,4467.47677,4467.68791
2026-09-04 14:00:00,4468.04268,4469.85975,4465.88067,4469.66393
2026-09-04 14:15:00,4469.35694,4471.77316,4468.67459,4471.48189
2026-09-04 14:30:00,4470.75514,4474.87358,4470.75514,4474.37674
2026-09-04 14:45:00,4474.5227,4474.64245,4472.5356,4473.94209
2026-09-04 15:00:00,4474.04886,4474.07275,4467.67636,4468.17596
2026-09-04 15:15:00,4468.21482,4475.07384,4468.03173,4468.88981
2026-09-04 15:30:00,4469.24853,4477.87928,4468.62458,4472.0604
2026-09-04 15:45:00,4473.61661,4473.61661,4468.27525,4470.99567
2026-09-04 16:00:00,4470.03478,4472.98744,4466.67858,4467.87127
2026-09-04 16:15:00,4467.74334,4471.47201,4467.00623,4470.10898
2026-09-04 16:30:00,4470.25158,4471.56329,4463.09719,4465.87522
2026-09-04 16:45:00,4466.66556,4466.66556,4460.3033,4462.71619
2026-09-04 17:00:00,4461.37106,4470.67239,4461.37106,4469.19748
2026-09-04 17:15:00,4469.35954,4471.91544,4466.27959,4471.35923
2026-09-04 17:30:00,4470.29239,4485.39204,4470.29239,4484.47112
2026-09-04 17:45:00,4482.37541,4491.1345,4482.29494,4482.52504
2026-09-04 18:00:00,4482.85594,4486.7461,4479.85068,4483.28424
2026-09-04 18:15:00,4482.84364,4483.86021,4479.62663,4481.79703
2026-09-04 18:30:00,4481.61632,4483.43956,4477.83892,4478.84354
2026-09-04 18:45:00,4478.53391,4479.48396,4474.62501,4478.16187
2026-09-04 19:00:00,4478.56968,4479.91603,4469.27374,4469.608
2026-09-04 19:15:00,4470.2283,4470.2283,4463.3949,4463.74861
2026-09-04 19:30:00,4464.51642,4471.18,4464.51642,4467.51711
2026-09-04 19:45:00,4467.33142,4470.11493,4465.6367,4467.27773
2026-09-04 20:00:00,4467.6554,4472.28356,4466.31009,4471.90445
2026-09-04 20:15:00,4471.42231,4473.2722,4467.34109,4470.80618
2026-09-04 20:30:00,4470.51509,4475.27411,4470.27269,4473.80833
2026-09-04 20:45:00,4473.73305,4476.47612,4473.40432,4474.63463
2026-09-04 21:00:00,4474.44939,4475.3985,4469.87966,4470.05995
2026-09-04 21:15:00,4470.36655,4472.12917,4466.27959,4466.496
2026-09-04 21:30:00,4466.68635,4469.67327,4465.43092,4466.13515
2026-09-04 21:45:00,4466.41049,4470.47253,4465.75868,4467.51469
2026-09-04 22:00:00,4468.79293,4470.27269,4465.28243,4465.7143
2026-09-04 22:15:00,4466.09113,4472.15981,4464.68435,4471.6513
2026-09-04 22:30:00,4470.95046,4514.11331,4384.42652,4401.14481
2026-09-04 22:45:00,4402.36748,4409.94884,4377.25288,4407.33386
2026-09-04 23:00:00,4403.66185,4403.66185,4368.52912,4392.70573
2026-09-04 23:15:00,4391.8374,4412.17794,4390.58658,4410.61808
2026-09-04 23:30:00,4406.7259,4422.03944,4406.7259,4420.98579
2026-09-04 23:45:00,4419.28854,4433.54988,4414.81612,4415.72542
2026-09-05 00:00:00,4417.76092,4432.69555,4411.89257,4430.44408
2026-09-05 00:15:00,4424.85147,4435.96682,4424.85147,4431.57938
2026-09-05 00:30:00,4431.85172,4441.2862,4425.56205,4426.11751
2026-09-05 00:45:00,4427.00764,4432.00648,4420.08487,4427.71089
2026-09-05 01:00:00,4424.85702,4440.49069,4423.99575,4439.61418
2026-09-05 01:15:00,4437.97389,4449.16564,4437.97389,4440.48453
2026-09-05 01:30:00,4440.84914,4447.60719,4436.31721,4442.72312
2026-09-05 01:45:00,4443.37792,4445.43232,4436.55723,4436.64047
2026-09-05 02:00:00,4436.79082,4440.10301,4431.78964,4437.47477
2026-09-05 02:15:00,4434.81073,4443.25958,4433.99991,4435.06514
2026-09-05 02:30:00,4434.76541,4438.68869,4433.37431,4438.04101
2026-09-05 02:45:00,4437.09863,4440.49734,4435.83856,4436.18722
2026-09-05 03:00:00,4436.88876,4436.88876,4430.07132,4433.57989
2026-09-05 03:15:00,4433.07517,4440.10857,4429.46748,4431.99313
2026-09-05 03:30:00,4430.99717,4430.99717,4418.32722,4418.48473
2026-09-05 03:45:00,4418.70051,4421.89802,4415.79087,4417.37914
2026-09-05 04:00:00,4417.2081,4418.52245,4412.6732,4418.00384
2026-09-05 04:15:00,4417.48055,4426.54154,4417.48055,4424.53973
2026-09-05 04:30:00,4425.09198,4425.17037,4421.83593,4423.00537
2026-09-05 04:45:00,4422.95136,4425.56205,4422.43057,4423.89038
2026-09-05 05:00:00,4423.99989,4429.28644,4423.20268,4427.93684
2026-09-05 05:15:00,4427.82945,4435.77005,4426.93346,4435.56139
2026-09-05 05:30:00,4435.22017,4438.54075,4434.48254,4435.89787
2026-09-05 05:45:00,4435.98645,4438.40772,4433.41018,4435.0444
2026-09-05 06:00:00,4434.35504,4435.5733,4430.85648,4432.01301
2026-09-05 06:15:00,4431.7249,4432.49973,4429.5091,4429.59535
2026-09-05 06:30:00,4429.82862,4431.34819,4429.33165,4430.46848
2026-09-05 06:45:00,4429.99596,4432.16405,4428.77018,4430.05647
2026-09-05 07:00:00,4430.11359,4430.40399,4428.87995,4429.03085
2026-09-05 07:15:00,4428.94766,4429.13583,4428.87878,4428.9083
2026-09-05 07:30:00,4428.94165,4429.14441,4428.87911,4428.90545
2026-09-05 07:45:00,4428.94837,4429.1419,4428.87793,4429.00654
2026-09-05 08:00:00,4428.94118,4429.14019,4428.86829,4429.03656
2026-09-05 08:15:00,4428.94385,4429.14003,4428.87637,4428.98828
2026-09-05 08:30:00,4428.93376,4429.1346,4428.867,4428.89931
2026-09-05 08:45:00,4428.93847,4429.13799,4428.87294,4429.00835
2026-09-05 09:00:00,4428.93903,4429.13796,4428.86817,4429.03796
2026-09-05 09:15:00,4428.94038,4429.13671,4428.87377,4428.97357
2026-09-05 09:30:00,4428.93542,4429.14005,4428.87411,4428.89691
2026-09-05 09:45:00,4428.9353,4429.14048,4428.87287,4429.02697
2026-09-05 10:00:00,4428.94315,4429.13424,4428.86704,4429.04052
2026-09-05 10:15:00,4428.94235,4429.14035,4428.87201,4428.98656
2026-09-05 10:30:00,4428.94308,4429.14231,4428.87789,4428.90089
2026-09-05 10:45:00,4428.94549,4429.14383,4428.88274,4429.04558
2026-09-05 11:00:00,4428.94903,4429.14833,4428.88872,4429.04485
2026-09-05 11:15:00,4428.94755,4429.14787,4428.88463,4429.0034
2026-09-05 11:30:00,4428.94298,4429.1424,4428.8759,4428.90169
2026-09-05 11:45:00,4428.94118,4429.14584,4428.87983,4428.91071
2026-09-05 12:00:00,4428.94335,4429.13993,4428.88077,4429.03654
2026-09-05 12:15:00,4428.94903,4429.14833,4428.8788,4429.01288
2026-09-05 12:30:00,4428.93726,4429.13989,4428.87791,4428.90596
2026-09-05 12:45:00,4428.94286,4429.14232,4428.87018,4428.90591
2026-09-05 13:00:00,4428.94314,4429.14191,4428.88192,4429.02038
2026-09-05 13:15:00,4428.94535,4429.14049,4428.87685,4429.02857
2026-09-05 13:30:00,4428.94118,4429.13794,4428.87293,4429.00615
2026-09-05 13:45:00,4428.94469,4429.14238,4428.87588,4428.90168
2026-09-05 14:00:00,4428.94187,4429.13252,4428.8699,4429.00103
2026-09-05 14:15:00,4428.94165,4429.14005,4428.87216,4429.03863
2026-09-05 14:30:00,4428.94278,4429.14441,4428.88099,4428.98908
2026-09-05 14:45:00,4428.94488,4429.14987,4428.88269,4428.91951
2026-09-05 15:00:00,4428.95099,4429.14228,4428.87984,4429.01536
2026-09-05 15:15:00,4428.94517,4429.14841,4428.87999,4429.05033
2026-09-05 15:30:00,4428.95099,4429.14967,4428.88274,4428.98036
2026-09-05 15:45:00,4428.94903,4429.14833,4428.88525,4428.90998
2026-09-05 16:00:00,4428.94354,4429.14584,4428.87683,4429.03298
2026-09-05 16:15:00,4428.94702,4429.1461,4428.88365,4429.04377
2026-09-05 16:30:00,4428.94472,4429.14388,4428.87985,4428.99466
2026-09-05 16:45:00,4428.94549,4429.13789,4428.87881,4428.90073
2026-09-05 17:00:00,4428.94352,4429.14441,4428.8827,4429.04518
2026-09-05 17:15:00,4428.94678,4429.1439,4428.88003,4429.03648
2026-09-05 17:30:00,4428.94279,4429.14236,4428.87793,4429.01063
2026-09-05 17:45:00,4428.9453,4429.14385,4428.88188,4428.9224
2026-09-05 18:00:00,4428.94544,4429.14833,4428.87687,4428.94266
2026-09-05 18:15:00,4428.94856,4429.1416,4428.87877,4429.02697
2026-09-05 18:30:00,4428.94284,4429.14789,4428.87782,4429.02471
2026-09-05 18:45:00,4428.94538,4429.1425,4428.88186,4428.90798
2026-09-05 19:00:00,4428.94537,4429.14772,4428.87881,4428.90529
2026-09-05 19:15:00,4428.9448,4429.14637,4428.88477,4429.01599
2026-09-05 19:30:00,4428.94488,4429.14589,4428.88074,4429.03745
2026-09-05 19:45:00,4428.9474,4429.1422,4428.88174,4429.00429
2026-09-05 20:00:00,4428.94528,4429.14438,4428.87994,4428.90287
2026-09-05 20:15:00,4428.94671,4429.13765,4428.87685,4429.00063
2026-09-05 20:30:00,4428.937,4429.14833,4428.87877,4429.04432
2026-09-05 20:45:00,4428.94744,4429.14396,4428.88399,4428.98726
2026-09-05 21:00:00,4428.94518,4429.1442,4428.87974,4428.90054
2026-09-05 21:15:00,4428.94472,4429.14965,4428.87988,4429.02754
2026-09-05 21:30:00,4428.95099,4429.14598,4428.88475,4429.05064
2026-09-05 21:45:00,4428.95099,4429.15029,4428.88463,4428.98794
2026-09-05 22:00:00,4428.95099,4429.14989,4428.8881,4428.91827
2026-09-05 22:15:00,4428.95099,4429.14845,4428.88555,4429.04273
2026-09-05 22:30:00,4428.95099,4429.14965,4428.8875,4429.04849
2026-09-05 22:45:00,4428.95099,4429.15029,4428.88475,4429.00519
2026-09-05 23:00:00,4428.95099,4429.14526,4428.88463,4428.9227
2026-09-05 23:15:00,4428.95099,4429.14989,4428.88554,4429.05533
2026-09-05 23:30:00,4428.95099,4429.14846,4428.88592,4429.04185
2026-09-05 23:45:00,4428.95099,4429.14964,4428.88476,4429.02098
2026-09-06 00:00:00,4428.95099,4429.15029,4428.89045,4428.93143
2026-09-06 00:15:00,4428.95099,4429.1499,4428.88463,4428.94044
2026-09-06 00:30:00,4428.95099,4429.14795,4428.88554,4429.03118
2026-09-06 00:45:00,4428.95099,4429.14964,4428.88593,4429.03419
2026-09-06 01:00:00,4428.95099,4429.14602,4428.88476,4428.94385
2026-09-06 01:15:00,4428.95099,4429.15029,4428.88463,4428.92887
2026-09-06 01:30:00,4428.95099,4429.1499,4428.88813,4429.01723
2026-09-06 01:45:00,4428.95099,4429.14848,4428.88553,4429.04391
2026-09-06 02:00:00,4428.95099,4429.14963,4428.88747,4429.00373
2026-09-06 02:15:00,4428.95099,4429.15029,4428.88476,4428.92117
2026-09-06 02:30:00,4428.95099,4429.14523,4428.88463,4429.01639
2026-09-06 02:45:00,4428.95099,4429.1499,4428.88553,4429.04946
2026-09-06 03:00:00,4428.95099,4429.14849,4428.88594,4428.98687
2026-09-06 03:15:00,4428.95099,4429.14963,4428.88746,4428.91788
2026-09-06 03:30:00,4428.95099,4429.15029,4428.88476,4429.03272
2026-09-06 03:45:00,4428.95099,4429.14521,4428.88462,4429.05045
2026-09-06 04:00:00,4428.95099,4429.14991,4428.88552,4428.99366
2026-09-06 04:15:00,4428.95099,4429.14849,4428.88595,4428.91922
2026-09-06 04:30:00,4428.95099,4429.14962,4428.88477,4429.04717
2026-09-06 04:45:00,4428.95099,4429.15028,4428.89039,4429.0468
2026-09-06 05:00:00,4428.95099,4429.14991,4428.88462,4429.01056
2026-09-06 05:15:00,4428.95099,4429.14792,4428.88552,4428.9251
2026-09-06 05:30:00,4428.95099,4429.14962,4428.88595,4428.95002
2026-09-06 05:45:00,4428.95099,4429.14607,4428.88477,4429.03878
2026-09-06 06:00:00,4428.95099,4429.15028,4428.88462,4429.02562
2026-09-06 06:15:00,4428.95099,4429.14991,4428.88818,4428.93512
2026-09-06 06:30:00,4428.95099,4429.14851,4428.88551,4428.93629
2026-09-06 06:45:00,4428.95099,4429.14961,4428.88743,4429.02694
2026-09-06 07:00:00,4428.95099,4429.15028,4428.88477,4429.03779
2026-09-06 07:15:00,4428.95099,4429.14517,4428.88462,4428.94857
2026-09-06 07:30:00,4428.95099,4429.14992,4428.8855,4428.9259
2026-09-06 07:45:00,4428.95099,4429.14852,4428.88597,4429.01212
2026-09-06 08:00:00,4428.95099,4429.14961,4428.88478,4429.04621
2026-09-06 08:15:00,4428.95099,4429.15028,4428.89035,4428.99815
2026-09-06 08:30:00,4428.95099,4429.14992,4428.88462,4428.91959
2026-09-06 08:45:00,4428.95099,4429.14789,4428.8855,4429.02186
2026-09-06 09:00:00,4428.95099,4429.14852,4428.88598,4429.05029
2026-09-06 09:15:00,4428.95099,4429.1496,4428.88478,4428.98183
2026-09-06 09:30:00,4428.95099,4429.15028,4428.89033,4428.9178
2026-09-06 09:45:00,4428.95099,4429.14992,4428.88462,4429.0377
2026-09-06 10:00:00,4428.95099,4429.14788,4428.88549,4429.04976
2026-09-06 10:15:00,4428.95099,4429.1496,4428.88598,4428.99931
2026-09-06 10:30:00,4428.95099,4429.14612,4428.88478,4428.92065
2026-09-06 10:45:00,4428.95099,4429.15028,4428.88462,4429.05131
2026-09-06 11:00:00,4428.95099,4429.14993,4428.88822,4429.04464
2026-09-06 11:15:00,4428.95099,4429.14854,4428.88549,4429.01574
2026-09-06 11:30:00,4428.95099,4429.14959,4428.88739,4428.92795
2026-09-06 11:45:00,4428.95099,4429.15028,4428.88478,4428.94522
2026-09-06 12:00:00,4428.95099,4429.14512,4428.88461,4429.0353
2026-09-06 12:15:00,4428.95099,4429.14993,4428.88548,4429.02996
2026-09-06 12:30:00,4428.95099,4429.14855,4428.886,4428.93918
2026-09-06 12:45:00,4428.95099,4429.14959,4428.88479,4428.93249
2026-09-06 13:00:00,4428.95099,4429.15028,4428.89029,4429.02239
2026-09-06 13:15:00,4428.95099,4429.14994,4428.88461,4429.04099
2026-09-06 13:30:00,4428.95099,4429.14785,4428.88548,4429.00967
2026-09-06 13:45:00,4428.95099,4429.14958,4428.886,4428.92337
2026-09-06 14:00:00,4428.95099,4429.14615,4428.88479,4429.01049
2026-09-06 14:15:00,4428.95099,4429.15028,4428.88461,4429.04804
2026-09-06 14:30:00,4428.95099,4429.14994,4428.88826,4428.99263
2026-09-06 14:45:00,4428.95099,4429.14856,4428.88547,4428.9185
2026-09-06 15:00:00,4428.95099,4429.14958,4428.88601,4429.02721
2026-09-06 15:15:00,4428.95099,4429.14616,4428.88479,4429.05063
2026-09-06 15:30:00,4428.95099,4429.15028,4428.88461,4428.98758
2026-09-06 15:45:00,4428.95099,4429.14994,4428.88827,4428.91823
2026-09-06 16:00:00,4428.95099,4429.14857,4428.88546,4429.04244
2026-09-06 16:15:00,4428.95099,4429.14957,4428.88735,4429.04858
2026-09-06 16:30:00,4428.95099,4429.15028,4428.8848,4429.00485
2026-09-06 16:45:00,4428.95099,4429.14507,4428.88461,4428.92257
2026-09-06 17:00:00,4428.95099,4429.14995,4428.88546,4429.0551
2026-09-06 17:15:00,4428.95099,4429.14858,4428.88603,4429.04203
2026-09-06 17:30:00,4428.95099,4429.14957,4428.8848,4429.02068
2026-09-06 17:45:00,4428.95099,4429.15028,4428.89024,4428.93122
2026-09-06 18:00:00,4428.95099,4429.14995,4428.88461,4428.94072
2026-09-06 18:15:00,4428.95099,4429.14782,4428.88545,4429.03144
2026-09-06 18:30:00,4428.95099,4429.14956,4428.88603,4429.03395
2026-09-06 18:45:00,4428.95099,4429.1462,4428.8848,4428.94357
2026-09-06 19:00:00,4428.95099,4429.15028,4428.88461,4428.92907
2026-09-06 19:15:00,4428.95099,4429.14995,4428.8883,4429.01754
2026-09-06 19:30:00,4428.95099,4429.14859,4428.88545,4429.04376
2026-09-06 19:45:00,4428.95099,4429.14956,4428.88732,4429.00408
2026-09-06 20:00:00,4428.95099,4429.15028,4428.8848,4428.92129
2026-09-06 20:15:00,4428.95099,4429.14503,4428.8846,4429.01604
2026-09-06 20:30:00,4428.95099,4429.14996,4428.88544,4429.04939
2026-09-06 20:45:00,4428.95099,4429.1486,4428.88605,4428.98721
2026-09-06 21:00:00,4428.95099,4429.14955,4428.88731,4428.9179
2026-09-06 21:15:00,4428.95099,4429.15027,4428.88481,4429.0324
2026-09-06 21:30:00,4428.95099,4429.14501,4428.8846,4429.05047
2026-09-06 21:45:00,4428.95099,4429.14996,4428.88544,4428.9933
2026-09-06 22:00:00,4428.95099,4429.14861,4428.88605,4428.91915
2026-09-06 22:15:00,4428.95099,4429.14955,4428.88481,4429.0469
2026-09-06 22:30:00,4428.95099,4429.15027,4428.89018,4429.04692
2026-09-06 22:45:00,4428.95099,4429.14996,4428.8846,4429.01023
2026-09-06 23:00:00,4428.95099,4429.14778,4428.88543,4428.92494
2026-09-06 23:15:00,4428.95099,4429.14954,4428.88606,4428.95033
2026-09-06 23:30:00,4428.95099,4429.14625,4428.88481,4429.03898
2026-09-06 23:45:00,4428.95099,4429.15027,4428.8846,4429.02534
2026-09-07 00:00:00,4428.95099,4429.14997,4428.88835,4428.93488
2026-09-07 00:15:00,4428.95099,4429.14862,4428.88543,4428.93654
2026-09-07 00:30:00,4428.95099,4429.14954,4428.88728,4429.02722
2026-09-07 00:45:00,4428.95099,4429.15027,4428.88482,4429.03758
2026-09-07 01:00:00,4428.95099,4429.14497,4428.8846,4428.94827
2026-09-07 01:15:00,4428.95099,4429.14997,4428.88542,4428.92608
2026-09-07 01:30:00,4428.95099,4429.14863,4428.88608,4429.01245
2026-09-07 01:45:00,4428.95099,4429.14953,4428.88482,4429.04608
2026-09-07 02:00:00,4428.95099,4429.15027,4428.89014,4428.9985
2026-09-07 02:15:00,4428.95099,4429.14997,4428.8846,4428.91968
2026-09-07 02:30:00,4428.95099,4429.14775,4428.88541,4429.02152
2026-09-07 02:45:00,4428.95099,4429.14864,4428.88608,4429.05026
2026-09-07 03:00:00,4428.95099,4429.14953,4428.88482,4428.98193
2026-09-07 03:15:00,4428.95099,4429.15027,4428.89013,4428.91779
2026-09-07 03:30:00,4428.95099,4429.14998,4428.8846,4429.0374
2026-09-07 03:45:00,4428.95099,4429.14774,4428.88541,4429.04982
2026-09-07 04:00:00,4428.95099,4429.14865,4428.86628,4428.9751
2026-09-07 04:15:00,4428.92549,4429.12196,4428.86112,4428.90002
2026-09-07 04:30:00,4428.94043,4429.14244,4428.87285,4429.04191
2026-09-07 04:45:00,4428.93768,4429.13617,4428.88012,4429.03656
2026-09-07 05:00:00,4428.94421,4430.07132,4428.80631,4429.00596
2026-09-07 05:15:00,4428.94081,4429.14573,4428.87754,4428.90395
2026-09-07 05:30:00,4428.94444,4429.14244,4428.87887,4428.90852
2026-09-07 05:45:00,4428.94141,4429.13155,4428.87484,4429.02906
2026-09-07 06:00:00,4428.9463,4429.14202,4428.87247,4429.01831
2026-09-07 06:15:00,4428.93868,4429.13646,4428.86626,4428.90731
2026-09-07 06:30:00,4428.94209,4429.14011,4428.87498,4428.90407
2026-09-07 06:45:00,4428.94149,4429.14047,4428.88542,4429.01202
2026-09-07 07:00:00,4428.94185,4429.13938,4428.69796,4429.0274
2026-09-07 07:15:00,4428.93659,4429.12881,4428.8213,4428.89752
2026-09-07 07:30:00,4428.90207,4429.14671,4428.82859,4428.86365
2026-09-07 07:45:00,4428.89579,4429.31448,4428.89182,4429.20258
2026-09-07 08:00:00,4429.13538,4429.44752,4418.32722,4428.88689
2026-09-07 08:15:00,4428.37011,4429.87508,4427.43946,4429.7178
2026-09-07 08:30:00,4429.4233,4431.04113,4427.91357,4430.92226
2026-09-07 08:45:00,4430.59258,4434.89188,4429.45356,4429.79502
2026-09-07 09:00:00,4430.4578,4431.40387,4429.09026,4429.88698
2026-09-07 09:15:00,4429.82942,4430.11968,4425.75791,4426.88121
2026-09-07 09:30:00,4426.62761,4429.87508,4424.79922,4428.96748
2026-09-07 09:45:00,4428.45712,4434.30525,4420.60461,4423.50511
2026-09-07 10:00:00,4421.87877,4427.33356,4421.25741,4425.02775
2026-09-07 10:15:00,4425.7005,4428.30253,4423.77495,4424.22606
2026-09-07 10:30:00,4424.59822,4425.89526,4419.10822,4424.27936
2026-09-07 10:45:00,4424.01402,4428.69796,4412.2838,4412.56108
2026-09-07 11:00:00,4413.16818,4415.38696,4395.99086,4396.58668
2026-09-07 11:15:00,4397.5704,4403.73437,4391.3649,4403.37526
2026-09-07 11:30:00,4402.59411,4413.4522,4401.30483,4410.26509
2026-09-07 11:45:00,4410.07846,4415.98587,4409.17108,4410.89689
2026-09-07 12:00:00,4411.53669,4411.53669,4403.9283,4404.39847
2026-09-07 12:15:00,4405.07585,4409.36549,4403.04467,4408.28966
2026-09-07 12:30:00,4408.24939,4418.13201,4407.81877,4414.38143
2026-09-07 12:45:00,4414.95431,4418.13201,4408.97668,4409.23463
2026-09-07 13:00:00,4409.71128,4410.60029,4405.72372,4408.06417
2026-09-07 13:15:00,4407.90468,4409.55993,4404.89825,4409.06757
2026-09-07 13:30:00,4409.13687,4409.19545,4402.18348,4402.43984
2026-09-07 13:45:00,4402.84786,4404.99487,4401.9897,4403.44643
2026-09-07 14:00:00,4403.09419,4406.83941,4401.9897,4406.50925
2026-09-07 14:15:00,4406.41307,4406.55281,4400.96752,4402.27527
2026-09-07 14:30:00,4401.94147,4402.37728,4395.02483,4397.30078
2026-09-07 14:45:00,4397.18537,4398.89148,4395.57786,4398.75843
2026-09-07 15:00:00,4398.51436,4403.9283,4397.35019,4401.23532
2026-09-07 15:15:00,4400.74949,4410.61009,4400.74949,4410.047
2026-09-07 15:30:00,4408.60223,4412.6732,4401.79593,4404.62468
2026-09-07 15:45:00,4404.35375,4405.47294,4395.41119,4397.73365
2026-09-07 16:00:00,4397.31829,4397.31829,4385.96491,4393.22168
2026-09-07 16:15:00,4392.98444,4397.344,4391.16498,4394.87121
2026-09-07 16:30:00,4395.19154,4399.40715,4393.95769,4397.04565
2026-09-07 16:45:00,4397.55073,4399.08916,4391.34048,4391.60856
2026-09-07 17:00:00,4392.16921,4403.00811,4392.16921,4399.84932
2026-09-07 17:15:00,4398.54512,4401.19893,4396.13218,4396.73926
2026-09-07 17:30:00,4397.73244,4399.08499,4391.8152,4392.17345
2026-09-07 17:45:00,4393.02568,4406.64522,4393.02568,4405.5398
2026-09-07 18:00:00,4404.62367,4417.03464,4404.62367,4416.71372
2026-09-07 18:15:00,4416.15574,4423.86613,4416.15574,4419.29278
2026-09-07 18:30:00,4418.90204,4422.62616,4413.74758,4415.51175
2026-09-07 18:45:00,4415.13622,4415.79087,4409.87367,4409.96412
2026-09-07 19:00:00,4410.32666,4413.47801,4410.32666,4411.60962
2026-09-07 19:15:00,4411.72939,4411.80791,4406.59181,4407.41534
2026-09-07 19:30:00,4408.95709,4410.33783,4404.51022,4409.33173
2026-09-07 19:45:00,4409.14699,4410.71127,4405.09229,4405.22938
2026-09-07 20:00:00,4405.50756,4406.12609,4402.76494,4402.91665
2026-09-07 20:15:00,4403.03717,4404.37679,4396.95731,4397.0994
2026-09-07 20:30:00,4397.31453,4398.73176,4392.51515,4398.1417
2026-09-07 20:45:00,4396.9177,4399.66563,4390.00834,4391.88558
2026-09-07 21:00:00,4391.79139,4394.44542,4389.81563,4394.29281
2026-09-07 21:15:00,4393.97861,4395.02483,4388.27453,4389.12679
2026-09-07 21:30:00,4389.39531,4390.607,4382.50504,4388.23006
2026-09-07 21:45:00,4388.0566,4392.1293,4385.49509,4386.32106
2026-09-07 22:00:00,4386.2099,4393.09406,4383.92165,4392.5722
2026-09-07 22:15:00,4392.23521,4394.58752,4391.17292,4394.50984
2026-09-07 22:30:00,4394.31607,4397.73077,4392.66034,4396.31142
2026-09-07 22:45:00,4396.51573,4397.92418,4394.46822,4396.14784
2026-09-07 23:00:00,4395.32895,4404.25229,4395.32895,4403.95008
2026-09-07 23:15:00,4403.5617,4405.02561,4402.2388,4403.83668
2026-09-07 23:30:00,4403.95001,4407.45342,4402.20815,4402.52807
2026-09-07 23:45:00,4402.70438,4407.81064,4401.60218,4401.7618
2026-09-08 00:00:00,4401.95268,4409.15443,4401.7096,4408.91858
2026-09-08 00:15:00,4408.52762,4408.78229,4405.48042,4407.3192
2026-09-08 00:30:00,4407.69693,4411.62656,4404.08369,4410.8872
2026-09-08 00:45:00,4409.04784,4419.10822,4409.04784,4416.10995
2026-09-08 01:00:00,4416.21457,4416.94243,4409.14163,4413.76157
2026-09-08 01:15:00,4413.53749,4415.13421,4411.69983,4413.11938
2026-09-08 01:30:00,4412.66987,4414.03664,4409.75438,4410.87399
2026-09-08 01:45:00,4409.75424,4414.76501,4409.75424,4414.3585
2026-09-08 02:00:00,4413.55703,4417.15623,4413.25743,4416.67989
2026-09-08 02:15:00,4416.83231,4416.83231,4413.06267,4413.91664
2026-09-08 02:30:00,4413.98575,4414.068,4412.06721,4413.46005
2026-09-08 02:45:00,4413.56709,4414.62123,4412.81868,4414.01478
2026-09-08 03:00:00,4413.56852,4415.20597,4412.24939,4412.28565
2026-09-08 03:15:00,4412.30126,4414.20843,4412.08912,4412.55223
2026-09-08 03:30:00,4412.37493,4412.82553,4409.94884,4411.01481
2026-09-08 03:45:00,4410.94114,4410.9419,4407.61636,4408.37463
2026-09-08 04:00:00,4408.24741,4409.36549,4405.248,4405.84341
2026-09-08 04:15:00,4406.23456,4406.52219,4403.34654,4406.11556
2026-09-08 04:30:00,4405.42367,4406.9262,4404.70422,4405.16221
2026-09-08 04:45:00,4405.08064,4405.49274,4405.01082,4405.17646
2026-09-08 05:00:00,4405.09617,4405.31234,4404.89825,4405.08335
2026-09-08 05:15:00,4405.09031,4405.30554,4405.00573,4405.248
2026-09-08 05:30:00,4405.15347,4405.315,4405.03739,4405.17916
2026-09-08 05:45:00,4405.07575,4405.33505,4404.99065,4405.12996
2026-09-08 06:00:00,4405.03484,4405.27756,4405.01842,4405.13685
2026-09-08 06:15:00,4405.08081,4405.27869,4405.01098,4405.0538
2026-09-08 06:30:00,4405.08222,4405.33584,4405.02431,4405.14449
2026-09-08 06:45:00,4405.08053,4405.27879,4404.89825,4405.18434
2026-09-08 07:00:00,4405.04851,4405.34796,4405.01874,4405.27265
2026-09-08 07:15:00,4405.22404,4405.31271,4405.01833,4405.25
2026-09-08 07:30:00,4405.15602,4405.27679,4404.89825,4404.94504
2026-09-08 07:45:00,4404.99918,4405.48558,4404.99918,4405.2011
2026-09-08 08:00:00,4405.10199,4414.81612,4397.62905,4412.54441
2026-09-08 08:15:00,4412.68351,4413.28376,4409.94884,4409.97522
2026-09-08 08:30:00,4409.99362,4410.02208,4407.81064,4407.95124
2026-09-08 08:45:00,4408.15994,4408.19925,4406.45104,4407.65314
2026-09-08 09:00:00,4407.5422,4412.47849,4406.57196,4410.96085
2026-09-08 09:15:00,4410.88628,4413.52697,4409.13334,4410.79884
2026-09-08 09:30:00,4411.20185,4425.96415,4409.94884,4425.71772
2026-09-08 09:45:00,4425.00253,4427.71751,4420.28025,4421.55303
2026-09-08 10:00:00,4422.03427,4423.01738,4416.18089,4416.30576
2026-09-08 10:15:00,4416.39077,4430.26759,4415.9685,4421.67254
2026-09-08 10:30:00,4420.28074,4425.95182,4420.28074,4421.04716
2026-09-08 10:45:00,4422.20075,4426.29984,4416.18089,4425.97719
2026-09-08 11:00:00,4425.35222,4430.66017,4417.54649,4430.28833
2026-09-08 11:15:00,4429.4426,4435.55926,4428.10964,4433.86816
2026-09-08 11:30:00,4434.6557,4435.96682,4429.90829,4434.33375
2026-09-08 11:45:00,4434.13884,4440.69452,4431.36626,4436.46317
2026-09-08 12:00:00,4436.83471,4438.56211,4426.07168,4430.142
2026-09-08 12:15:00,4429.64154,4430.07132,4425.3662,4425.59804
2026-09-08 12:30:00,4425.90002,4426.41987,4421.22327,4425.54139
2026-09-08 12:45:00,4423.4247,4428.74527,4421.64839,4424.27875
2026-09-08 13:00:00,4423.85681,4431.05282,4423.40868,4430.451
2026-09-08 13:15:00,4430.11381,4438.52641,4428.47458,4431.88808
2026-09-08 13:30:00,4432.31392,4434.78647,4430.82532,4433.13595
2026-09-08 13:45:00,4432.9164,4438.29732,4432.71782,4437.91248
2026-09-08 14:00:00,4437.17426,4443.20358,4437.17426,4439.8858
2026-09-08 14:15:00,4440.20953,4440.98406,4432.42764,4432.46504
2026-09-08 14:30:00,4432.53571,4436.36041,4432.38905,4436.198
2026-09-08 14:45:00,4435.95438,4440.10301,4434.58086,4439.63019
2026-09-08 15:00:00,4438.81812,4438.81812,4427.91357,4428.70526
2026-09-08 15:15:00,4428.65709,4430.86,4421.64839,4421.83238
2026-09-08 15:30:00,4422.13402,4426.73749,4419.75935,4425.73714
2026-09-08 15:45:00,4426.10734,4428.69796,4416.94093,4420.01009
2026-09-08 16:00:00,4419.5614,4420.47564,4410.14333,4411.61152
2026-09-08 16:15:00,4410.34981,4412.6732,4399.9721,4400.19023
2026-09-08 16:30:00,4400.77892,4408.05612,4398.89148,4407.34009
2026-09-08 16:45:00,4405.79323,4408.82561,4403.73437,4404.4355
2026-09-08 17:00:00,4404.28793,4409.17108,4403.15266,4404.57855
2026-09-08 17:15:00,4405.64171,4405.64171,4399.92599,4402.34457
2026-09-08 17:30:00,4402.60541,4405.48042,4391.16498,4394.7113
2026-09-08 17:45:00,4393.61956,4397.53738,4390.75144,4390.88154
2026-09-08 18:00:00,4391.36432,4395.09301,4387.80805,4392.14204
2026-09-08 18:15:00,4391.53937,4396.39794,4389.62293,4395.10175
2026-09-08 18:30:00,4395.2443,4397.344,4392.86517,4393.15344
2026-09-08 18:45:00,4393.60096,4398.69799,4390.03233,4394.2052
2026-09-08 19:00:00,4394.04502,4398.02561,4392.3987,4396.84455
2026-09-08 19:15:00,4397.02498,4399.27852,4393.48008,4394.73503
2026-09-08 19:30:00,4394.54046,4403.54045,4392.32222,4401.21534
2026-09-08 19:45:00,4401.77144,4405.86862,4400.0528,4403.37161
2026-09-08 20:00:00,4403.54014,4405.47257,4394.25232,4395.57274
2026-09-08 20:15:00,4394.83888,4405.28072,4394.83888,4400.8137
2026-09-08 20:30:00,4400.65945,4400.65945,4393.82815,4397.81733
2026-09-08 20:45:00,4397.52887,4400.0528,4396.95416,4397.69623
2026-09-08 21:00:00,4399.31308,4399.31308,4390.29003,4390.87488
2026-09-08 21:15:00,4391.75967,4402.5711,4391.75967,4402.47986
2026-09-08 21:30:00,4402.25803,4407.61636,4398.49315,4406.0091
2026-09-08 21:45:00,4405.87726,4405.87726,4397.15065,4404.99895
2026-09-08 22:00:00,4404.03783,4406.83941,4392.26581,4392.94507
2026-09-08 22:15:00,4393.92143,4400.17904,4386.92696,4397.27629
2026-09-08 22:30:00,4397.48809,4407.22785,4396.07044,4396.60687
2026-09-08 22:45:00,4397.48781,4409.95807,4395.41119,4408.91702
2026-09-08 23:00:00,4406.45448,4411.11601,4401.89188,4407.45554
2026-09-08 23:15:00,4406.80623,4410.11207,4399.47206,4399.78147
2026-09-08 23:30:00,4400.25602,4405.67451,4392.32222,4392.99488
2026-09-08 23:45:00,4393.31196,4408.02467,4393.31196,4401.06301
2026-09-09 00:00:00,4403.13865,4403.13865,4394.69393,4395.67041
2026-09-09 00:15:00,4397.83166,4402.76494,4393.28706,4400.3817
2026-09-09 00:30:00,4402.65476,4402.65476,4393.28706,4393.5145
2026-09-09 00:45:00,4393.96646,4397.67365,4389.81563,4394.62809
2026-09-09 01:00:00,4394.8798,4407.03363,4394.8798,4405.74471
2026-09-09 01:15:00,4406.13266,4408.44381,4396.76398,4400.0974
2026-09-09 01:30:00,4401.06724,4403.21278,4398.11761,4398.24026
2026-09-09 01:45:00,4398.38255,4401.21474,4396.07486,4396.42442
2026-09-09 02:00:00,4397.08115,4397.08115,4382.50504,4382.7053
2026-09-09 02:15:00,4383.11067,4393.6215,4382.87204,4393.36738
2026-09-09 02:30:00,4392.71657,4395.99086,4392.63904,4394.32074
2026-09-09 02:45:00,4394.70236,4396.37739,4392.21907,4395.21941
2026-09-09 03:00:00,4394.7119,4403.54045,4393.28706,4395.43931
2026-09-09 03:15:00,4395.763,4397.15065,4392.51515,4394.02685
2026-09-09 03:30:00,4393.19876,4395.34085,4386.2199,4386.5314
2026-09-09 03:45:00,4387.14712,4390.00834,4385.77255,4389.86695
2026-09-09 04:00:00,4389.59085,4390.00834,4383.56376,4385.81417
2026-09-09 04:15:00,4386.35795,4387.79284,4384.43348,4384.7011
2026-09-09 04:30:00,4384.96862,4386.23673,4382.12095,4384.65847
2026-09-09 04:45:00,4384.31417,4391.81593,4358.81789,4373.43296
2026-09-09 05:00:00,4373.64858,4376.36761,4370.62937,4372.19543
2026-09-09 05:15:00,4373.7858,4373.7858,4367.00293,4369.105
2026-09-09 05:30:00,4368.72536,4369.48759,4362.24045,4369.29553
2026-09-09 05:45:00,4368.95685,4368.95685,4358.44408,4363.03014
2026-09-09 06:00:00,4361.79741,4363.81225,4356.34938,4361.30143
2026-09-09 06:15:00,4360.95692,4361.88036,4356.32734,4356.92222
2026-09-09 06:30:00,4358.07877,4358.6279,4355.78012,4358.00525
2026-09-09 06:45:00,4357.89626,4358.43666,4348.39327,4356.02958
2026-09-09 07:00:00,4355.73503,4355.90208,4355.4007,4355.60627
2026-09-09 07:15:00,4355.6543,4355.87564,4355.51556,4355.69953
2026-09-09 07:30:00,4355.61798,4355.89908,4355.48216,4355.73309
2026-09-09 07:45:00,4355.65728,4355.9414,4355.32322,4355.82537
2026-09-09 08:00:00,4355.74787,4358.81789,4353.69411,4356.9471
2026-09-09 08:15:00,4356.70602,4357.86813,4353.37821,4354.82026
2026-09-09 08:30:00,4354.85478,4355.78012,4351.62799,4352.69385
2026-09-09 08:45:00,4352.62304,4354.09195,4351.04207,4352.53883
2026-09-09 09:00:00,4352.97477,4354.95126,4352.36769,4352.59667
2026-09-09 09:15:00,4352.51295,4357.52686,4351.81071,4357.28201
2026-09-09 09:30:00,4356.70129,4360.14825,4356.55829,4358.95618
2026-09-09 09:45:00,4358.83444,4358.83444,4349.97557,4350.2027
2026-09-09 10:00:00,4350.62625,4352.36769,4344.80361,4352.25467
2026-09-09 10:15:00,4351.87075,4352.31602,4341.97386,4346.26261
2026-09-09 10:30:00,4344.29749,4353.71168,4344.29749,4352.46415
2026-09-09 10:45:00,4350.83004,4364.00364,4350.83004,4363.11784
2026-09-09 11:00:00,4361.68634,4368.14747,4354.64205,4366.8453
2026-09-09 11:15:00,4366.75039,4372.54045,4363.00175,4372.15641
2026-09-09 11:30:00,4371.2374,4377.51707,4371.2374,4376.81755
2026-09-09 11:45:00,4376.42322,4377.37132,4371.77582,4372.11845
2026-09-09 12:00:00,4372.59497,4375.41019,4371.3936,4373.75777
2026-09-09 12:15:00,4374.69807,4375.86106,4371.77582,4372.20294
2026-09-09 12:30:00,4372.15277,4374.30629,4367.38437,4371.66408
2026-09-09 12:45:00,4370.68124,4384.61876,4370.68124,4380.9499
2026-09-09 13:00:00,4381.05231,4382.69711,4378.61352,4378.8557
2026-09-09 13:15:00,4379.14024,4379.24239,4375.41019,4377.14612
2026-09-09 13:30:00,4376.21116,4379.8178,4375.60165,4378.52518
2026-09-09 13:45:00,4378.63856,4379.47327,4376.08213,4377.22289
2026-09-09 14:00:00,4377.20056,4377.20056,4370.57147,4373.39601
2026-09-09 14:15:00,4373.05123,4380.96907,4372.67419,4380.64716
2026-09-09 14:30:00,4380.00418,4380.39135,4376.15236,4378.12967
2026-09-09 14:45:00,4377.7378,4382.72311,4377.54447,4382.5829
2026-09-09 15:00:00,4382.31425,4388.08197,4380.72218,4387.87893
2026-09-09 15:15:00,4387.41158,4389.96693,4383.46557,4386.87071
2026-09-09 15:30:00,4387.66879,4395.05047,4384.74715,4394.65903
2026-09-09 15:45:00,4393.85258,4401.02104,4392.7081,4399.44357
2026-09-09 16:00:00,4399.60533,4404.89825,4396.06445,4401.33428
2026-09-09 16:15:00,4401.02389,4403.34781,4396.57067,4396.64977
2026-09-09 16:30:00,4396.64566,4406.50853,4396.26622,4400.08032
2026-09-09 16:45:00,4400.46628,4401.60218,4399.23514,4399.96557
2026-09-09 17:00:00,4400.04356,4406.55469,4399.67462,4406.13757
2026-09-09 17:15:00,4405.04285,4407.81064,4403.09727,4407.567
2026-09-09 17:30:00,4407.35969,4410.14333,4406.83941,4409.09752
2026-09-09 17:45:00,4409.16598,4412.86792,4408.72115,4408.93793
2026-09-09 18:00:00,4409.17771,4411.89447,4404.32976,4404.84934
2026-09-09 18:15:00,4405.68846,4405.68846,4399.8592,4400.07483
2026-09-09 18:30:00,4400.4708,4403.47044,4399.27852,4400.38467
2026-09-09 18:45:00,4400.58809,4403.48961,4399.46232,4400.8675
2026-09-09 19:00:00,4401.28586,4401.91819,4398.11761,4398.24493
2026-09-09 19:15:00,4398.46389,4399.73241,4397.44252,4397.96344
2026-09-09 19:30:00,4398.14133,4398.31105,4395.41119,4396.21653
2026-09-09 19:45:00,4396.1794,4396.1794,4389.23759,4389.33042
2026-09-09 20:00:00,4389.30323,4393.35792,4386.73451,4391.42542
2026-09-09 20:15:00,4391.71699,4395.99086,4389.81563,4393.78512
2026-09-09 20:30:00,4393.96613,4399.42572,4393.96613,4394.78026
2026-09-09 20:45:00,4395.04136,4402.37728,4394.77971,4401.61887
2026-09-09 21:00:00,4401.3506,4404.70422,4400.0528,4403.65129
2026-09-09 21:15:00,4404.09177,4408.97668,4401.9897,4408.05557
2026-09-09 21:30:00,4408.15815,4409.04104,4403.57316,4406.04389
2026-09-09 21:45:00,4405.97942,4416.18089,4403.34654,4408.05164
2026-09-09 22:00:00,4407.9466,4409.09207,4399.65628,4400.09877
2026-09-09 22:15:00,4400.91271,4400.91271,4394.05923,4395.60236
2026-09-09 22:30:00,4395.5675,4396.79262,4391.50748,4393.56561
2026-09-09 22:45:00,4392.93095,4402.37728,4392.93095,4402.19532
2026-09-09 23:00:00,4401.70269,4413.06267,4400.0528,4412.16043
2026-09-09 23:15:00,4411.92647,4429.67885,4409.32964,4429.46166
2026-09-09 23:30:00,4429.06148,4432.62411,4412.12671,4412.95628
2026-09-09 23:45:00,4414.1059,4423.21498,4411.75885,4411.99897
2026-09-10 00:00:00,4412.58426,4426.73749,4412.58426,4419.26158
2026-09-10 00:15:00,4419.20445,4424.15057,4410.22241,4423.3078
2026-09-10 00:30:00,4421.56608,4426.42705,4420.28025,4420.68188
2026-09-10 00:45:00,4421.31224,4422.43057,4416.57097,4416.63198
2026-09-10 01:00:00,4416.64904,4421.68759,4382.68351,4387.85149
2026-09-10 01:15:00,4386.53574,4393.58484,4373.41071,4392.92035
2026-09-10 01:30:00,4391.34011,4404.31623,4391.34011,4401.24888
2026-09-10 01:45:00,4402.20295,4406.64522,4396.64902,4399.20644
2026-09-10 02:00:00,4399.40271,4402.76494,4395.0161,4397.99624
2026-09-10 02:15:00,4397.46142,4402.03276,4392.32222,4401.77494
2026-09-10 02:30:00,4401.34915,4407.03363,4398.76051,4406.81546
2026-09-10 02:45:00,4406.3773,4409.50315,4405.40598,4409.35274
2026-09-10 03:00:00,4408.93201,4419.69416,4408.79569,4415.94501
2026-09-10 03:15:00,4416.55783,4420.28025,4415.65957,4416.66659
2026-09-10 03:30:00,4417.82595,4417.86752,4412.08912,4414.34067
2026-09-10 03:45:00,4414.831,4416.96113,4413.8278,4416.89938
2026-09-10 04:00:00,4416.69609,4421.64839,4415.655,4421.44786
2026-09-10 04:15:00,4421.05837,4421.05837,4416.96113,4417.1997
2026-09-10 04:30:00,4417.30951,4417.74165,4410.14333,4410.33017
2026-09-10 04:45:00,4410.64021,4410.64021,4401.79593,4402.28328
2026-09-10 05:00:00,4402.46154,4405.37399,4397.52737,4397.67408
2026-09-10 05:15:00,4397.96092,4404.89825,4397.96092,4400.77642
2026-09-10 05:30:00,4401.25097,4401.25097,4395.61822,4398.96056
2026-09-10 05:45:00,4397.47569,4401.60218,4396.76398,4398.58875
2026-09-10 06:00:00,4398.60251,4399.08499,4396.37739,4398.2356
2026-09-10 06:15:00,4398.02321,4398.02321,4393.48008,4394.25349
2026-09-10 06:30:00,4394.56074,4401.40845,4393.95132,4399.91674
2026-09-10 06:45:00,4399.81595,4402.06134,4399.01233,4401.6959
2026-09-10 07:00:00,4401.22755,4402.37728,4401.22755,4401.61084
2026-09-10 07:15:00,4401.6133,4401.89267,4401.40698,4401.6441
2026-09-10 07:30:00,4401.55216,4401.77084,4401.40845,4401.62074
2026-09-10 07:45:00,4401.55475,4401.75339,4401.33713,4401.53917
2026-09-10 08:00:00,4401.5615,4406.06274,4401.54355,4403.69167
2026-09-10 08:15:00,4404.45095,4404.45095,4400.82736,4400.92703
2026-09-10 08:30:00,4401.06341,4403.9283,4399.8592,4401.9267
2026-09-10 08:45:00,4401.76589,4401.76589,4397.92418,4399.96682
2026-09-10 09:00:00,4399.35083,4402.95879,4399.08499,4402.13068
2026-09-10 09:15:00,4401.81283,4401.9897,4395.6044,4395.97664
2026-09-10 09:30:00,4396.52631,4399.08499,4393.67311,4393.99029
2026-09-10 09:45:00,4393.73892,4395.34847,4393.48008,4393.58004
2026-09-10 10:00:00,4393.63719,4396.57067,4390.00834,4395.77648
2026-09-10 10:15:00,4396.17798,4397.92418,4393.63641,4394.19848
2026-09-10 10:30:00,4394.94029,4401.94233,4390.30084,4400.14253
2026-09-10 10:45:00,4402.43884,4405.85809,4396.55955,4402.19928
2026-09-10 11:00:00,4402.97891,4420.34796,4400.65245,4412.020781
2026-09-10 11:15:00,4412.034396,4421.64002,4410.017514,4411.47910
2026-09-10 11:30:00,4412.86773,4412.86773,4405.044917,4408.69505
2026-09-10 11:45:00,4409.20663,4415.72433,4407.057592,4413.98670
2026-09-10 12:00:00,4411.99252,4420.62598,4411.12431,4416.41169
2026-09-10 12:15:00,4415.59682,4418.74401,4407.76087,4416.16588
2026-09-10 12:30:00,4420.041008,4422.13429,4410.93371,4417.74326
2026-09-10 12:45:00,4416.91492,4422.74938,4416.029341,4417.98299
2026-09-10 13:00:00,4419.59085,4422.95524,4411.20179,4413.74188
2026-09-10 13:15:00,4412.33089,4415.69937,4408.28528,4412.29874
2026-09-10 13:30:00,4409.45468,4413.079195,4405.94016,4406.73727
2026-09-10 13:45:00,4407.098694,4411.43903,4406.61062,4408.27259
2026-09-10 14:00:00,4408.71004,4416.70412,4407.77829,4413.71804
2026-09-10 14:15:00,4414.17941,4417.020364,4410.51456,4411.31913
2026-09-10 14:30:00,4411.51095,4415.86015,4404.30266,4407.81190
2026-09-10 14:45:00,4408.48277,4413.28189,4405.63512,4408.14532
2026-09-10 15:00:00,4410.13521,4423.73248,4408.023166,4420.40371
2026-09-10 15:15:00,4418.57394,4422.10186,4415.39181,4422.10186
2026-09-10 15:30:00,4421.66088,4429.48264,4417.34054,4429.13412
2026-09-10 15:45:00,4428.39723,4429.48264,4424.38722,4428.78668
2026-09-10 16:00:00,4427.97766,4430.46387,4417.21055,4417.80511
2026-09-10 16:15:00,4418.97968,4418.97968,4411.52477,4416.65191
2026-09-10 16:30:00,4415.19679,4426.93346,4413.4522,4426.38942
2026-09-10 16:45:00,4425.37945,4428.69796,4423.5169,4424.135
2026-09-10 17:00:00,4424.39313,4426.16847,4413.77809,4416.46725
2026-09-10 17:15:00,4416.63627,4416.63627,4408.90724,4408.99753
2026-09-10 17:30:00,4409.1252,4409.36505,4404.139,4408.48427
2026-09-10 17:45:00,4406.29079,4415.20597,4406.29079,4411.63949
2026-09-10 18:00:00,4411.88689,4412.2838,4406.04761,4406.57697
2026-09-10 18:15:00,4407.72524,4407.72524,4404.73764,4405.72805
2026-09-10 18:30:00,4405.42648,4405.86862,4395.79762,4396.00177
2026-09-10 18:45:00,4396.34601,4398.77427,4392.89294,4395.51441
2026-09-10 19:00:00,4395.29091,4396.09774,4391.55066,4394.73905
2026-09-10 19:15:00,4394.43371,4396.18411,4392.1293,4393.59946
2026-09-10 19:30:00,4394.08417,4394.08417,4388.85232,4391.60726
2026-09-10 19:45:00,4389.66326,4395.41119,4389.66326,4393.92401
2026-09-10 20:00:00,4394.13769,4401.05461,4390.71955,4396.39409
2026-09-10 20:15:00,4395.81417,4400.06955,4394.7001,4394.93785
2026-09-10 20:30:00,4395.33685,4395.33685,4379.43418,4386.62169
2026-09-10 20:45:00,4385.94287,4387.11942,4374.78998,4379.73247
2026-09-10 21:00:00,4380.93055,4384.54788,4373.13148,4381.84661
2026-09-10 21:15:00,4380.03582,4388.6597,4380.03582,4386.3616
2026-09-10 21:30:00,4387.14957,4392.00805,4385.10513,4385.8408
2026-09-10 21:45:00,4387.1084,4387.1084,4375.02734,4376.82777
2026-09-10 22:00:00,4376.57888,4377.71687,4370.8204,4373.56967
2026-09-10 22:15:00,4374.00824,4377.75874,4362.05016,4362.24141
2026-09-10 22:30:00,4362.48103,4365.71926,4324.51133,4334.58303
2026-09-10 22:45:00,4332.30928,4356.71142,4328.59596,4343.57826
2026-09-10 23:00:00,4343.12,4353.50457,4335.98162,4345.80522
2026-09-10 23:15:00,4346.21273,4356.80182,4342.7281,4355.77165
2026-09-10 23:30:00,4353.31786,4372.30384,4351.16061,4367.63581
2026-09-10 23:45:00,4369.45793,4375.9846,4363.73321,4368.12807
2026-09-11 00:00:00,4368.07524,4375.02734,4359.76806,4360.28508
2026-09-11 00:15:00,4361.18674,4376.1761,4353.60729,4366.49737
2026-09-11 00:30:00,4366.9088,4369.21211,4361.2892,4363.6734
