time,open,high,low,close
2026-07-20 00:00:00,4010.53648,4010.6558,4010.50836,4010.62106
2026-07-20 00:05:00,4010.53648,4010.71497,4010.4773,4010.63117
2026-07-20 00:10:00,4010.53648,4010.68122,4010.51324,4010.51324
2026-07-20 00:15:00,4010.53648,4010.71519,4010.47747,4010.59559
2026-07-20 00:20:00,4010.53648,4010.6547,4010.51592,4010.6186
2026-07-20 00:25:00,4010.53648,4010.71643,4010.47912,4010.53523
2026-07-20 00:30:00,4010.53648,4010.67334,4010.51591,4010.51591
2026-07-20 00:35:00,4010.53648,4010.71291,4010.47647,4010.60013
2026-07-20 00:40:00,4010.53648,4010.66378,4010.52411,4010.61573
2026-07-20 00:45:00,4010.53648,4010.71696,4010.48185,4010.53082
2026-07-20 00:50:00,4010.53648,4010.66485,4010.51897,4010.51897
2026-07-20 00:55:00,4010.53648,4010.71257,4010.47641,4010.6044
2026-07-20 01:00:00,4010.53648,4010.67233,4010.53287,4010.61248
2026-07-20 01:05:00,4010.53648,4010.71654,4010.4794,4010.52669
2026-07-20 01:10:00,4010.53648,4010.65584,4010.51689,4010.52241
2026-07-20 01:15:00,4010.53648,4010.71496,4010.4773,4010.60838
2026-07-20 01:20:00,4010.53648,4010.68029,4010.53648,4010.60887
2026-07-20 01:25:00,4010.53648,4010.7152,4010.47747,4010.52287
2026-07-20 01:30:00,4010.53648,4010.65466,4010.50925,4010.52619
2026-07-20 01:35:00,4010.53648,4010.71642,4010.47911,4010.61204
2026-07-20 01:40:00,4010.53648,4010.6876,4010.53402,4010.60493
2026-07-20 01:45:00,4010.53648,4010.71292,4010.47647,4010.51939
2026-07-20 01:50:00,4010.53648,4010.66374,4010.50229,4010.53028
2026-07-20 01:55:00,4010.53648,4010.71696,4010.48184,4010.61534
2026-07-20 02:00:00,4010.53648,4010.69419,4010.52519,4010.60068
2026-07-20 02:05:00,4010.53648,4010.71256,4010.47641,4010.51628
2026-07-20 02:10:00,4010.53648,4010.67229,4010.49607,4010.53466
2026-07-20 02:15:00,4010.53648,4010.71655,4010.47941,4010.61826
2026-07-20 02:20:00,4010.53648,4010.70003,4010.51693,4010.59618
2026-07-20 02:25:00,4010.53648,4010.71495,4010.47729,4010.51356
2026-07-20 02:30:00,4010.53648,4010.68026,4010.49063,4010.58909
2026-07-20 02:35:00,4010.53648,4010.7152,4010.47748,4010.62077
2026-07-20 02:40:00,4010.53648,4010.70506,4010.50928,4010.59144
2026-07-20 02:45:00,4010.53648,4010.71642,4010.4791,4010.51125
2026-07-20 02:50:00,4010.53648,4010.68757,4010.48602,4010.58392
2026-07-20 02:55:00,4010.53648,4010.71293,4010.47648,4010.62286
2026-07-20 03:00:00,4010.53648,4010.70924,4010.50232,4010.59088
2026-07-20 03:05:00,4010.53648,4010.71696,4010.48183,4010.50938
2026-07-20 03:10:00,4010.53648,4010.69417,4010.48228,4010.57877
2026-07-20 03:15:00,4010.53648,4010.70975,4010.47641,4010.62451
2026-07-20 03:20:00,4010.53648,4010.71254,4010.49609,4010.59601
2026-07-20 03:25:00,4010.53648,4010.71655,4010.48545,4010.50795
2026-07-20 03:30:00,4010.53648,4010.70001,4010.47942,4010.57367
2026-07-20 03:35:00,4010.53648,4010.70569,4010.47728,4010.62571
2026-07-20 03:40:00,4010.53648,4010.71494,4010.49065,4010.60107
2026-07-20 03:45:00,4010.53648,4010.71521,4010.48994,4010.50698
2026-07-20 03:50:00,4010.53648,4010.70504,4010.47749,4010.56867
2026-07-20 03:55:00,4010.53648,4010.70078,4010.47909,4010.62645
2026-07-20 04:00:00,4010.53648,4010.71642,4010.48765,4010.61968
2026-07-20 04:05:00,4010.55096,4010.73116,4010.51183,4010.52424
2026-07-20 04:10:00,4010.55417,4010.72615,4010.4943,4010.58304
2026-07-20 04:15:00,4010.54613,4010.71191,4010.49412,4010.64279
2026-07-20 04:20:00,4010.55321,4010.73302,4010.49577,4010.62512
2026-07-20 04:25:00,4010.54935,4010.72167,4010.51653,4010.52251
2026-07-20 04:30:00,4010.5516,4010.72326,4010.49245,4010.58533
2026-07-20 04:35:00,4010.5477,4010.70551,4010.49597,4010.64265
2026-07-20 04:40:00,4010.55353,4010.73274,4010.49114,4010.62929
2026-07-20 04:45:00,4010.54783,4010.71777,4010.52288,4010.52288
2026-07-20 04:50:00,4010.55161,4010.72437,4010.48677,4010.58556
2026-07-20 04:55:00,4010.54274,4010.6949,4010.50047,4010.63883
2026-07-20 05:00:00,4010.54967,4010.73152,4010.48582,4010.63017
2026-07-20 05:05:00,4010.54314,4010.70138,4010.51743,4010.51743
2026-07-20 05:10:00,4010.54425,4010.72275,4010.48712,4010.58792
2026-07-20 05:15:00,4010.54424,4010.68884,4010.50397,4010.63934
2026-07-20 05:20:00,4010.55189,4010.73416,4010.49433,4010.6398
2026-07-20 05:25:00,4010.55112,4010.71409,4010.52813,4010.52813
2026-07-20 05:30:00,4010.55547,4010.73461,4010.50048,4010.59772
2026-07-20 05:35:00,4010.54915,4010.68121,4010.50995,4010.6378
2026-07-20 05:40:00,4010.55187,4010.72465,4010.47796,4010.53362
2026-07-20 05:45:00,4010.53555,4010.68921,4010.51899,4010.51899
2026-07-20 05:50:00,4010.54304,4010.72311,4010.49249,4010.59958
2026-07-20 05:55:00,4010.54576,4010.66953,4010.51521,4010.63417
2026-07-20 06:00:00,4010.55023,4010.7324,4010.48672,4010.54526
2026-07-20 06:05:00,4010.54655,4010.69051,4010.52584,4010.52584
2026-07-20 06:10:00,4010.54849,4010.72352,4010.4905,4010.60286
2026-07-20 06:15:00,4010.54407,4010.65958,4010.52134,4010.62849
2026-07-20 06:20:00,4010.54669,4010.73077,4010.48825,4010.54916
2026-07-20 06:25:00,4010.55128,4010.77281,4010.26628,4010.64515
2026-07-20 06:30:00,4010.4703,4010.74881,4009.94466,4010.06028
2026-07-20 06:35:00,4010.18357,4010.64254,4010.18357,4010.62394
2026-07-20 06:40:00,4010.53529,4010.74262,4010.42711,4010.45955
2026-07-20 06:45:00,4010.52693,4010.67273,4010.52693,4010.53154
2026-07-20 06:50:00,4010.54832,4010.71852,4010.48925,4010.61015
2026-07-20 06:55:00,4010.54212,4010.61723,4010.42422,4010.6058
2026-07-20 07:00:00,4010.53029,4010.71973,4010.47793,4010.52545
2026-07-20 07:05:00,4010.53593,4010.65172,4009.94466,4010.47003
2026-07-20 07:10:00,4010.35221,4010.7117,4010.35221,4010.6046
2026-07-20 07:15:00,4010.53128,4010.68559,4010.53128,4010.62209
2026-07-20 07:20:00,4010.55026,4010.72826,4010.42711,4010.44979
2026-07-20 07:25:00,4010.50875,4010.59225,4010.42711,4010.55582
2026-07-20 07:30:00,4010.49505,4010.71233,4010.26628,4010.30963
2026-07-20 07:35:00,4010.29462,4010.65876,4010.29462,4010.58115
2026-07-20 07:40:00,4010.51583,4010.6962,4010.24059,4010.6212
2026-07-20 07:45:00,4010.50305,4010.6294,4010.40016,4010.52559
2026-07-20 07:50:00,4010.46195,4010.71691,4010.42711,4010.61561
2026-07-20 07:55:00,4010.53806,4010.68509,4010.51479,4010.59064
2026-07-20 08:00:00,4010.52683,4010.52683,3998.03726,3998.38947
2026-07-20 08:05:00,3998.87662,4001.76077,3995.68466,3996.06326
2026-07-20 08:10:00,3996.73244,3998.24077,3995.27856,3997.83415
2026-07-20 08:15:00,3997.47941,3999.01532,3996.30359,3997.45616
2026-07-20 08:20:00,3997.32245,3999.83175,3997.28185,3997.50376
2026-07-20 08:25:00,3997.90817,3997.96384,3995.34046,3996.29039
2026-07-20 08:30:00,3996.0005,3998.2423,3994.40783,3997.97697
2026-07-20 08:35:00,3997.28509,3998.74824,3996.5205,3996.66055
2026-07-20 08:40:00,3996.9211,3999.44661,3996.9211,3997.41583
2026-07-20 08:45:00,3997.64248,3998.24077,3995.58294,3998.07717
2026-07-20 08:50:00,3997.74567,3998.21973,3996.96231,3997.37835
2026-07-20 08:55:00,3997.30778,3997.92108,3995.5231,3995.76207
2026-07-20 09:00:00,3996.08879,3996.56673,3991.90032,3994.58641
2026-07-20 09:05:00,3994.18,3995.20575,3993.92923,3994.00364
2026-07-20 09:10:00,3994.13514,3994.40783,3991.23524,3991.52918
2026-07-20 09:15:00,3992.12359,3993.92923,3989.30042,3991.74678
2026-07-20 09:20:00,3991.93711,3992.92395,3990.78397,3992.53881
2026-07-20 09:25:00,3991.86275,3994.08875,3991.86275,3992.19016
2026-07-20 09:30:00,3992.63248,3994.08875,3992.63248,3993.4279
2026-07-20 09:35:00,3993.59982,3994.77848,3992.33472,3993.68573
2026-07-20 09:40:00,3993.40506,3995.07945,3990.26376,3992.49133
2026-07-20 09:45:00,3991.92195,3993.19006,3989.78615,3991.578
2026-07-20 09:50:00,3991.3163,3996.52333,3990.25368,3994.05469
2026-07-20 09:55:00,3994.64475,3995.2291,3992.8994,3995.1783
2026-07-20 10:00:00,3995.08525,3998.3855,3983.42894,3986.30645
2026-07-20 10:05:00,3985.56813,3990.74148,3985.56813,3989.46308
2026-07-20 10:10:00,3989.66401,3997.52091,3987.87685,3996.72209
2026-07-20 10:15:00,3994.82047,3998.27244,3994.82047,3996.80756
2026-07-20 10:20:00,3997.26896,4005.28698,3997.26896,4001.20861
2026-07-20 10:25:00,4001.21376,4004.96616,4001.21376,4004.66912
2026-07-20 10:30:00,4004.08733,4004.48502,3999.04023,4002.11093
2026-07-20 10:35:00,4001.10984,4004.80577,4001.10984,4001.63852
2026-07-20 10:40:00,4002.55932,4003.68786,4000.32003,4001.28964
2026-07-20 10:45:00,4003.02398,4003.02398,3999.3601,4000.55308
2026-07-20 10:50:00,4000.90746,4001.34531,3998.72041,3998.8242
2026-07-20 10:55:00,3999.51166,4004.91542,3999.51166,4001.4705
2026-07-20 11:00:00,4001.50626,4016.70951,4001.50626,4015.37007
2026-07-20 11:05:00,4014.7701,4016.06426,4010.15096,4010.63781
2026-07-20 11:10:00,4011.0641,4018.43901,4010.10547,4011.07567
2026-07-20 11:15:00,4012.51221,4012.51221,4005.17057,4006.02858
2026-07-20 11:20:00,4007.83823,4007.83823,4001.76077,4002.21116
2026-07-20 11:25:00,4002.12015,4004.48502,4000.48006,4000.92253
2026-07-20 11:30:00,4001.40971,4005.45539,4001.33789,4005.24565
2026-07-20 11:35:00,4004.88481,4006.06203,4000.96023,4002.01734
2026-07-20 11:40:00,4002.77986,4002.77986,3996.96231,3997.33538
2026-07-20 11:45:00,3997.9604,4003.80382,3997.12207,4003.35054
2026-07-20 11:50:00,4002.22582,4004.48502,3998.08092,3998.34277
2026-07-20 11:55:00,3998.7805,4002.71363,3998.08335,4002.26511
2026-07-20 12:00:00,4001.68247,4009.46233,4001.68247,4008.92865
2026-07-20 12:05:00,4007.77418,4008.49802,4004.89311,4005.12598
2026-07-20 12:10:00,4005.79985,4007.37357,4005.76831,4005.85353
2026-07-20 12:15:00,4005.96966,4006.41026,4004.62002,4004.87812
2026-07-20 12:20:00,4005.30859,4007.61035,4004.16433,4007.56574
2026-07-20 12:25:00,4007.35235,4009.38395,4006.24975,4008.46493
2026-07-20 12:30:00,4008.07265,4013.16318,4006.73131,4012.79518
2026-07-20 12:35:00,4012.18284,4013.32424,4010.90967,4013.22929
2026-07-20 12:40:00,4012.97523,4015.39593,4009.94466,4015.26586
2026-07-20 12:45:00,4014.92555,4025.05502,4014.92555,4023.62397
2026-07-20 12:50:00,4021.74558,4026.89969,4020.90873,4024.49883
2026-07-20 12:55:00,4023.8242,4024.14487,4021.39382,4023.20138
2026-07-20 13:00:00,4023.04895,4024.10137,4021.07041,4021.95786
2026-07-20 13:05:00,4021.78386,4022.10525,4018.80802,4020.83867
2026-07-20 13:10:00,4020.07178,4023.65912,4020.07178,4023.41215
2026-07-20 13:15:00,4022.85654,4026.25116,4022.24877,4025.32669
2026-07-20 13:20:00,4025.32253,4026.25116,4024.95472,4025.048
2026-07-20 13:25:00,4025.20838,4025.32882,4022.84979,4022.90699
2026-07-20 13:30:00,4022.90771,4023.65912,4019.13106,4019.31311
2026-07-20 13:35:00,4019.67081,4025.60283,4019.61612,4024.43571
2026-07-20 13:40:00,4024.35953,4027.87288,4023.98733,4027.68324
2026-07-20 13:45:00,4027.29981,4027.56781,4026.46798,4026.78015
2026-07-20 13:50:00,4026.84439,4027.22403,4025.12276,4025.35948
2026-07-20 13:55:00,4025.80528,4025.80528,4023.12538,4023.15936
2026-07-20 14:00:00,4023.24791,4025.92697,4023.24791,4025.8923
2026-07-20 14:05:00,4025.79469,4026.08906,4024.14487,4025.06338
2026-07-20 14:10:00,4024.92865,4025.08821,4021.71727,4021.94401
2026-07-20 14:15:00,4022.34369,4023.41234,4022.04078,4022.55647
2026-07-20 14:20:00,4022.83423,4024.14487,4021.71727,4022.32579
2026-07-20 14:25:00,4022.36079,4024.95067,4021.71727,4024.72633
2026-07-20 14:30:00,4024.39463,4025.63283,4022.68796,4022.85869
2026-07-20 14:35:00,4023.10106,4024.25302,4021.76426,4023.81143
2026-07-20 14:40:00,4023.01511,4024.63074,4023.01163,4023.03489
2026-07-20 14:45:00,4023.11877,4024.32082,4019.7773,4020.37723
2026-07-20 14:50:00,4020.59283,4022.04078,4019.7773,4021.26728
2026-07-20 14:55:00,4020.98729,4021.61421,4018.64652,4019.04179
2026-07-20 15:00:00,4019.31178,4021.07041,4017.7022,4018.64414
2026-07-20 15:05:00,4019.02893,4019.02893,4016.4656,4016.71757
2026-07-20 15:10:00,4017.20968,4017.20968,4012.03611,4012.23876
2026-07-20 15:15:00,4012.75242,4014.9147,4012.75242,4013.14244
2026-07-20 15:20:00,4013.26868,4013.6464,4011.87515,4012.07122
2026-07-20 15:25:00,4012.10633,4012.84109,4011.04631,4011.8234
2026-07-20 15:30:00,4012.53874,4013.48531,4010.55803,4012.56683
2026-07-20 15:35:00,4012.33805,4012.33805,4008.33734,4010.66234
2026-07-20 15:40:00,4010.45609,4012.37437,4009.94466,4010.29594
2026-07-20 15:45:00,4010.61929,4010.88506,4007.24328,4010.4447
2026-07-20 15:50:00,4009.17403,4009.17403,4005.66791,4008.44874
2026-07-20 15:55:00,4008.16914,4010.74881,4006.55077,4009.18332
2026-07-20 16:00:00,4009.28804,4011.55327,4009.28804,4011.43726
2026-07-20 16:05:00,4011.391,4011.87989,4007.8554,4010.91155
2026-07-20 16:10:00,4010.51193,4011.39235,4007.74879,4008.05585
2026-07-20 16:15:00,4008.56939,4008.68212,4007.21298,4007.95915
2026-07-20 16:20:00,4008.07302,4009.30158,4007.37357,4009.14962
2026-07-20 16:25:00,4008.78264,4009.32551,4004.96616,4005.07205
2026-07-20 16:30:00,4005.20513,4005.37716,4002.52786,4002.93074
2026-07-20 16:35:00,4003.52845,4005.28698,4003.52845,4004.6948
2026-07-20 16:40:00,4004.49851,4006.60285,4004.16433,4004.37709
2026-07-20 16:45:00,4004.74216,4007.39749,4004.18652,4006.34367
2026-07-20 16:50:00,4006.5508,4008.15034,4003.68339,4003.95723
2026-07-20 16:55:00,4004.36073,4006.59821,4003.68339,4003.8707
2026-07-20 17:00:00,4004.16387,4006.41026,4001.80978,4005.01248
2026-07-20 17:05:00,4005.21306,4006.57078,4004.79753,4005.85777
2026-07-20 17:10:00,4006.30178,4006.30178,4003.84369,4003.89968
2026-07-20 17:15:00,4003.98969,4004.64539,4003.20256,4003.4186
2026-07-20 17:20:00,4003.54487,4007.68761,4003.54487,4007.02424
2026-07-20 17:25:00,4005.8369,4008.33734,4004.004,4004.17986
2026-07-20 17:30:00,4004.31761,4012.85857,4003.7351,4012.22065
2026-07-20 17:35:00,4010.60016,4017.05136,4010.60016,4014.76924
2026-07-20 17:40:00,4015.4843,4019.94194,4015.4843,4019.76527
2026-07-20 17:45:00,4019.47827,4021.39382,4016.87086,4017.19622
2026-07-20 17:50:00,4017.80432,4018.80802,4015.06502,4017.51449
2026-07-20 17:55:00,4017.76302,4018.97315,4017.19359,4017.46306
2026-07-20 18:00:00,4017.61484,4024.41047,4017.19359,4024.21156
2026-07-20 18:05:00,4023.9225,4025.9682,4019.45416,4019.76353
2026-07-20 18:10:00,4019.76344,4023.89912,4019.28797,4023.05294
2026-07-20 18:15:00,4021.38721,4027.38623,4021.38721,4025.05263
2026-07-20 18:20:00,4025.3172,4026.5754,4023.82102,4023.86716
2026-07-20 18:25:00,4024.24974,4030.83017,4022.59828,4023.09824
2026-07-20 18:30:00,4024.09969,4024.09969,4019.3324,4021.24042
2026-07-20 18:35:00,4020.92881,4024.30681,4020.42114,4024.13571
2026-07-20 18:40:00,4023.86819,4024.95472,4021.91883,4022.19877
2026-07-20 18:45:00,4022.75643,4022.75643,4020.15635,4021.70547
2026-07-20 18:50:00,4021.86656,4022.52615,4018.00064,4018.104
2026-07-20 18:55:00,4018.17381,4020.42375,4017.38922,4019.41516
2026-07-20 19:00:00,4019.4626,4020.5854,4018.8805,4019.05816
2026-07-20 19:05:00,4019.28412,4019.34791,4015.41921,4018.85639
2026-07-20 19:10:00,4018.26413,4021.39382,4017.89143,4021.17563
2026-07-20 19:15:00,4020.73527,4022.8769,4020.37875,4022.49898
2026-07-20 19:20:00,4021.95166,4021.95166,4019.2926,4020.2943
2026-07-20 19:25:00,4019.93716,4020.82138,4016.22555,4016.48534
2026-07-20 19:30:00,4016.94664,4018.19785,4015.09676,4017.94726
2026-07-20 19:35:00,4017.38645,4019.7773,4017.38645,4019.27988
2026-07-20 19:40:00,4019.13262,4020.90873,4019.13106,4020.7225
2026-07-20 19:45:00,4020.48985,4022.24331,4017.83214,4021.6765
2026-07-20 19:50:00,4020.73461,4022.84979,4018.64647,4021.24331
2026-07-20 19:55:00,4020.93297,4020.93297,4019.2926,4020.32787
2026-07-20 20:00:00,4019.96827,4022.53664,4018.32356,4020.1738
2026-07-20 20:05:00,4019.505,4021.39382,4019.505,4019.9858
2026-07-20 20:10:00,4020.12479,4021.60242,4020.12479,4021.10624
2026-07-20 20:15:00,4020.98044,4021.23211,4019.13106,4019.23527
2026-07-20 20:20:00,4019.39725,4022.68796,4019.39725,4022.66167
2026-07-20 20:25:00,4022.5526,4023.17348,4021.39382,4022.92132
2026-07-20 20:30:00,4022.88903,4023.65001,4022.08533,4023.34959
2026-07-20 20:35:00,4022.89946,4024.1408,4021.55554,4021.65812
2026-07-20 20:40:00,4021.74713,4022.84979,4021.74713,4022.50183
2026-07-20 20:45:00,4022.41512,4022.52615,4021.07041,4021.63676
2026-07-20 20:50:00,4021.54657,4025.24967,4020.20508,4024.70918
2026-07-20 20:55:00,4023.44051,4025.7649,4023.17348,4024.01898
2026-07-20 21:00:00,4023.87905,4027.02218,4023.17348,4023.45374
2026-07-20 21:05:00,4023.92242,4024.63074,4023.01163,4023.36525
2026-07-20 21:10:00,4023.22934,4024.30681,4020.42375,4021.39309
2026-07-20 21:15:00,4021.07114,4023.98294,4021.07114,4022.09589
2026-07-20 21:20:00,4022.11839,4022.84979,4021.39382,4021.85613
2026-07-20 21:25:00,4021.77784,4023.33535,4020.5854,4023.07899
2026-07-20 21:30:00,4022.58231,4037.70692,4021.55868,4036.45558
2026-07-20 21:35:00,4033.67721,4039.42479,4028.61621,4029.43535
2026-07-20 21:40:00,4030.64219,4034.04736,4029.98307,4030.11494
2026-07-20 21:45:00,4030.44282,4031.77035,4027.71065,4027.84576
2026-07-20 21:50:00,4028.0151,4028.56101,4026.21895,4027.15448
2026-07-20 21:55:00,4027.30255,4028.03512,4026.3364,4026.61614
2026-07-20 22:00:00,4027.11735,4027.11735,4013.6464,4014.11308
2026-07-20 22:05:00,4014.95128,4017.19359,4013.8075,4014.02743
2026-07-20 22:10:00,4014.59604,4016.38686,4012.25273,4012.67588
2026-07-20 22:15:00,4013.45684,4014.04164,4011.23145,4013.71346
2026-07-20 22:20:00,4013.04066,4014.32551,4008.49802,4008.89116
2026-07-20 22:25:00,4008.99765,4012.03611,4007.64802,4011.871
2026-07-20 22:30:00,4011.631,4013.48531,4010.79924,4013.2601
2026-07-20 22:35:00,4013.09366,4013.8075,4012.35806,4013.11206
2026-07-20 22:40:00,4012.9559,4014.44523,4006.73131,4007.05614
2026-07-20 22:45:00,4007.70065,4014.93556,4007.69477,4014.90015
2026-07-20 22:50:00,4015.00123,4015.00123,4009.78387,4009.91763
2026-07-20 22:55:00,4010.21382,4010.88427,4008.58665,4010.37329
2026-07-20 23:00:00,4009.82157,4013.16318,4006.95335,4011.40191
2026-07-20 23:05:00,4011.65006,4012.68007,4008.98012,4009.90864
2026-07-20 23:10:00,4009.78519,4010.58795,4008.33734,4010.49781
2026-07-20 23:15:00,4010.33555,4011.55327,4007.8554,4008.36181
2026-07-20 23:20:00,4008.77057,4011.87518,4008.55013,4010.09307
2026-07-20 23:25:00,4010.09442,4012.19708,4009.6712,4009.90705
2026-07-20 23:30:00,4010.20674,4014.25337,4007.13059,4014.10808
2026-07-20 23:35:00,4013.644,4014.70927,4010.10547,4012.59354
2026-07-20 23:40:00,4012.20671,4016.54818,4012.20671,4014.22041
2026-07-20 23:45:00,4014.42414,4014.87851,4010.74881,4010.823
2026-07-20 23:50:00,4010.93647,4012.99389,4008.98012,4009.13731
2026-07-20 23:55:00,4009.40664,4010.58795,4007.56169,4007.89942
2026-07-21 00:00:00,4008.44979,4008.44979,4003.5231,4004.34422
2026-07-21 00:05:00,4004.25909,4004.96616,4003.52905,4004.02787
2026-07-21 00:10:00,4004.28079,4006.68841,3999.20016,4000.9564
2026-07-21 00:15:00,4000.83363,4001.90898,3999.82761,4001.72355
2026-07-21 00:20:00,4001.33767,4002.27644,3998.72041,4001.74302
2026-07-21 00:25:00,4001.02749,4005.76831,4001.02749,4005.31393
2026-07-21 00:30:00,4005.23085,4008.36082,4005.06277,4008.14845
2026-07-21 00:35:00,4007.53094,4009.4724,4007.53094,4009.19175
2026-07-21 00:40:00,4008.41405,4010.10547,4008.31066,4008.57837
2026-07-21 00:45:00,4008.91664,4012.84109,4006.39561,4012.06797
2026-07-21 00:50:00,4012.01176,4012.84109,4009.6231,4009.8307
2026-07-21 00:55:00,4010.18588,4010.23284,4006.33949,4006.84781
2026-07-21 01:00:00,4006.6758,4010.10547,4005.15545,4010.03138
2026-07-21 01:05:00,4009.86165,4013.81039,4005.80057,4012.28079
2026-07-21 01:10:00,4008.73543,4019.13106,4008.73543,4014.01829
2026-07-21 01:15:00,4013.7763,4014.16622,4012.61819,4012.70132
2026-07-21 01:20:00,4012.80283,4014.15315,4011.59951,4013.9237
2026-07-21 01:25:00,4013.61711,4016.02539,4013.61711,4015.93836
2026-07-21 01:30:00,4015.81702,4016.26955,4013.72858,4014.11218
2026-07-21 01:35:00,4014.88514,4014.88514,4011.60563,4011.9491
2026-07-21 01:40:00,4012.55899,4012.55899,4010.90967,4011.62229
2026-07-21 01:45:00,4011.08437,4015.09676,4011.08437,4013.50008
2026-07-21 01:50:00,4013.72881,4015.8302,4013.45021,4015.02088
2026-07-21 01:55:00,4015.07306,4015.25798,4012.84109,4013.22536
2026-07-21 02:00:00,4013.27952,4015.74171,4011.51374,4015.47271
2026-07-21 02:05:00,4015.05658,4018.48503,4015.05658,4017.40281
2026-07-21 02:10:00,4017.46927,4017.83921,4013.30806,4013.94461
2026-07-21 02:15:00,4015.16628,4015.16628,4012.66893,4014.03468
2026-07-21 02:20:00,4013.71015,4013.71015,4011.71421,4011.85705
2026-07-21 02:25:00,4012.0487,4012.68007,4011.82881,4012.26035
2026-07-21 02:30:00,4012.30729,4012.77847,4010.10547,4010.60552
2026-07-21 02:35:00,4011.06476,4011.82422,4009.78387,4011.65493
2026-07-21 02:40:00,4011.32775,4012.19708,4005.52854,4009.32654
2026-07-21 02:45:00,4008.83735,4009.6231,4008.06392,4009.16717
2026-07-21 02:50:00,4009.24529,4010.23887,4007.69477,4008.59747
2026-07-21 02:55:00,4008.49871,4010.10547,4008.01603,4010.01187
2026-07-21 03:00:00,4009.75295,4012.71084,4008.48866,4012.52375
2026-07-21 03:05:00,4012.1965,4012.1965,4009.88241,4010.18248
2026-07-21 03:10:00,4010.78649,4011.87515,4010.4248,4010.60373
2026-07-21 03:15:00,4010.9055,4011.39235,4009.46233,4011.07765
2026-07-21 03:20:00,4011.00556,4013.32424,4010.10547,4011.13875
2026-07-21 03:25:00,4011.55747,4012.60568,4010.51059,4011.66397
2026-07-21 03:30:00,4011.8419,4012.62728,4010.95924,4012.28497
2026-07-21 03:35:00,4011.81326,4012.84109,4011.81326,4011.9377
2026-07-21 03:40:00,4012.04459,4012.04459,4008.90499,4009.19722
2026-07-21 03:45:00,4009.56635,4009.99649,4006.5285,4008.11327
2026-07-21 03:50:00,4007.60241,4007.60241,4003.84369,4005.14728
2026-07-21 03:55:00,4004.80848,4005.60785,4004.37552,4004.77693
2026-07-21 04:00:00,4004.65207,4009.14084,4002.12251,4006.80162
2026-07-21 04:05:00,4007.18799,4009.03641,4007.06196,4008.93513
2026-07-21 04:10:00,4008.72278,4011.06046,4008.6587,4009.43956
2026-07-21 04:15:00,4009.24918,4013.79985,4008.2576,4012.82956
2026-07-21 04:20:00,4010.76576,4010.76576,4004.32467,4004.58148
2026-07-21 04:25:00,4004.97736,4007.16599,4004.60744,4006.91231
2026-07-21 04:30:00,4006.21494,4007.53416,4005.119,4005.39347
2026-07-21 04:35:00,4005.80414,4006.57078,4004.48502,4006.54547
2026-07-21 04:40:00,4006.46686,4006.9805,4005.92877,4006.84386
2026-07-21 04:45:00,4006.47653,4008.49802,4006.24975,4008.29149
2026-07-21 04:50:00,4008.17623,4008.49802,4007.05241,4007.27196
2026-07-21 04:55:00,4007.34911,4007.69477,4005.92877,4006.64812
2026-07-21 05:00:00,4006.87549,4007.86978,4005.7193,4006.01077
2026-07-21 05:05:00,4006.59406,4006.59406,4004.59496,4006.20357
2026-07-21 05:10:00,4005.70063,4007.99787,4004.64539,4004.77646
2026-07-21 05:15:00,4004.9938,4008.0192,4004.20282,4007.63071
2026-07-21 05:20:00,4007.12897,4011.14476,4007.12897,4008.81106
2026-07-21 05:25:00,4009.0324,4009.42839,4007.05241,4008.31924
2026-07-21 05:30:00,4007.33207,4016.54818,4005.70795,4014.95003
2026-07-21 05:35:00,4014.76077,4015.09676,4009.94466,4011.18506
2026-07-21 05:40:00,4010.80129,4011.55327,4006.90657,4007.94421
2026-07-21 05:45:00,4010.33772,4010.33772,4005.28698,4009.62279
2026-07-21 05:50:00,4009.49423,4009.6231,4008.01603,4009.35566
2026-07-21 05:55:00,4009.34691,4009.46679,4006.57078,4006.72388
2026-07-21 06:00:00,4006.98049,4009.14084,4006.54358,4008.24539
2026-07-21 06:05:00,4008.39106,4008.8194,4005.76831,4005.92697
2026-07-21 06:10:00,4006.19222,4007.64188,4006.19222,4007.40373
2026-07-21 06:15:00,4007.01036,4008.01603,4007.01036,4007.64168
2026-07-21 06:20:00,4007.76807,4009.14084,4007.21298,4008.52953
2026-07-21 06:25:00,4008.61006,4008.99202,4008.2002,4008.95107
2026-07-21 06:30:00,4008.82766,4009.14084,4008.33734,4009.00253
2026-07-21 06:35:00,4008.77709,4009.53296,4008.33734,4009.02519
2026-07-21 06:40:00,4008.80535,4009.46233,4008.80535,4008.85745
2026-07-21 06:45:00,4008.91531,4008.91531,4008.01603,4008.28935
2026-07-21 06:50:00,4008.21042,4008.53178,4007.53416,4008.3922
2026-07-21 06:55:00,4008.06837,4008.6587,4007.95559,4008.3034
2026-07-21 07:00:00,4008.18295,4008.33734,4007.69477,4008.16436
2026-07-21 07:05:00,4008.10882,4008.3483,4008.10882,4008.28289
2026-07-21 07:10:00,4008.17958,4008.44682,4007.84789,4008.25066
2026-07-21 07:15:00,4008.16243,4008.45312,4008.16243,4008.3824
2026-07-21 07:20:00,4008.28047,4008.38178,4008.1542,4008.24223
2026-07-21 07:25:00,4008.19555,4008.38572,4008.15455,4008.33055
2026-07-21 07:30:00,4008.23256,4008.37568,4008.16679,4008.18813
2026-07-21 07:35:00,4008.18793,4008.53815,4007.8554,4008.16325
2026-07-21 07:40:00,4008.27404,4008.66688,4006.41026,4006.61735
2026-07-21 07:45:00,4006.99121,4006.99121,4005.92877,4006.37616
2026-07-21 07:50:00,4006.25674,4006.57088,4006.19609,4006.22188
2026-07-21 07:55:00,4006.31994,4006.61234,4006.31994,4006.48828
2026-07-21 08:00:00,4006.43273,4011.39235,4004.82907,4009.16077
2026-07-21 08:05:00,4009.32953,4009.71516,4006.41026,4007.25023
2026-07-21 08:10:00,4007.20666,4007.43039,4006.20611,4006.27699
2026-07-21 08:15:00,4006.49739,4007.25273,4006.49739,4007.20416
2026-07-21 08:20:00,4007.1047,4007.64331,4005.44741,4007.27559
2026-07-21 08:25:00,4006.338,4010.27887,4006.338,4009.50318
2026-07-21 08:30:00,4009.15026,4009.94466,4007.8956,4008.52978
2026-07-21 08:35:00,4008.43497,4008.6587,4006.57078,4007.29837
2026-07-21 08:40:00,4007.49961,4007.8554,4003.04231,4004.5566
2026-07-21 08:45:00,4004.19667,4005.12656,4002.56164,4002.70796
2026-07-21 08:50:00,4002.8885,4003.04231,4000.6401,4002.30842
2026-07-21 08:55:00,4002.00284,4002.02199,3999.73871,4001.40174
2026-07-21 09:00:00,4001.19571,4004.93626,4000.80016,4004.71774
2026-07-21 09:05:00,4004.38979,4009.6231,4004.38979,4009.4997
2026-07-21 09:10:00,4009.18643,4009.53141,3999.8857,4003.3494
2026-07-21 09:15:00,4003.2427,4006.77118,4002.00266,4006.34129
2026-07-21 09:20:00,4005.384,4007.53416,4004.9678,4005.20737
2026-07-21 09:25:00,4005.55079,4005.55079,4004.004,4004.35607
2026-07-21 09:30:00,4004.3255,4007.37357,4003.49864,4007.09192
2026-07-21 09:35:00,4006.70193,4007.8554,4005.40697,4005.81859
2026-07-21 09:40:00,4006.69481,4008.01603,4002.73449,4007.52851
2026-07-21 09:45:00,4007.03506,4008.01603,4005.44741,4007.69381
2026-07-21 09:50:00,4007.3548,4007.8554,4006.24975,4007.73864
2026-07-21 09:55:00,4007.52165,4009.37359,4007.3297,4009.17417
2026-07-21 10:00:00,4008.90482,4011.83054,4004.64539,4005.11215
2026-07-21 10:05:00,4005.00264,4008.49802,4004.28643,4004.67195
2026-07-21 10:10:00,4005.5595,4011.58138,4005.5595,4011.08401
2026-07-21 10:15:00,4009.93315,4014.21411,4008.50784,4013.32005
2026-07-21 10:20:00,4011.88497,4016.25002,4011.88497,4014.2884
2026-07-21 10:25:00,4014.63059,4017.67778,4014.63059,4017.32126
2026-07-21 10:30:00,4017.12603,4017.12603,4014.61319,4016.66927
2026-07-21 10:35:00,4015.99804,4021.39382,4015.99804,4018.15108
2026-07-21 10:40:00,4018.21352,4024.30681,4018.21352,4021.98911
2026-07-21 10:45:00,4022.17087,4024.71105,4021.7734,4023.37691
2026-07-21 10:50:00,4023.71371,4026.04694,4023.71371,4025.85333
2026-07-21 10:55:00,4025.59034,4027.70487,4023.17348,4024.52544
2026-07-21 11:00:00,4024.39212,4026.18313,4018.96954,4022.28296
2026-07-21 11:05:00,4022.41043,4029.49324,4022.20169,4028.40233
2026-07-21 11:10:00,4028.05181,4028.99978,4026.88289,4028.5774
2026-07-21 11:15:00,4027.57668,4030.43993,4027.57668,4030.25209
2026-07-21 11:20:00,4029.77978,4034.8612,4027.38623,4027.81085
2026-07-21 11:25:00,4028.57174,4030.95776,4027.56652,4029.6043
2026-07-21 11:30:00,4029.77016,4030.14549,4026.95593,4028.22681
2026-07-21 11:35:00,4028.31621,4030.47164,4024.53457,4025.17171
2026-07-21 11:40:00,4026.56379,4026.56379,4023.65912,4025.87028
2026-07-21 11:45:00,4025.71761,4026.46409,4023.33535,4026.15658
2026-07-21 11:50:00,4025.64327,4027.68583,4025.40651,4025.86969
2026-07-21 11:55:00,4026.64154,4028.54337,4022.36435,4022.48982
2026-07-21 12:00:00,4022.75592,4023.82102,4022.75592,4023.5845
2026-07-21 12:05:00,4023.41136,4026.73754,4022.48355,4025.9476
2026-07-21 12:10:00,4025.97674,4026.25116,4023.91544,4024.26155
2026-07-21 12:15:00,4024.9859,4024.9859,4022.8131,4023.28667
2026-07-21 12:20:00,4023.95392,4028.35965,4022.04078,4028.14218
2026-07-21 12:25:00,4027.65693,4029.09691,4026.25116,4028.42757
2026-07-21 12:30:00,4026.77256,4031.93291,4026.77256,4031.41106
2026-07-21 12:35:00,4031.3219,4040.73056,4030.95776,4036.38806
2026-07-21 12:40:00,4036.6373,4039.58796,4036.52698,4037.02367
2026-07-21 12:45:00,4037.6671,4037.6671,4034.60392,4034.9493
2026-07-21 12:50:00,4035.66647,4035.66647,4031.44527,4033.39832
2026-07-21 12:55:00,4033.15835,4038.11985,4033.10597,4037.92339
2026-07-21 13:00:00,4037.40336,4041.38377,4036.58506,4040.09812
2026-07-21 13:05:00,4040.53711,4041.5471,4038.93534,4039.20233
2026-07-21 13:10:00,4039.48846,4041.22045,4038.69928,4039.05066
2026-07-21 13:15:00,4039.60274,4039.60274,4037.3047,4037.73464
2026-07-21 13:20:00,4037.87092,4040.62483,4037.33638,4040.03691
2026-07-21 13:25:00,4038.65792,4049.8947,4038.65792,4045.269
2026-07-21 13:30:00,4045.8026,4049.07479,4044.81657,4045.30958
2026-07-21 13:35:00,4045.41619,4045.526,4043.34465,4044.72818
2026-07-21 13:40:00,4044.47074,4044.73427,4042.20057,4042.32846
2026-07-21 13:45:00,4042.54997,4045.43229,4042.20057,4045.00714
2026-07-21 13:50:00,4044.3881,4046.838,4044.3881,4046.01633
2026-07-21 13:55:00,4046.12917,4046.9384,4045.92454,4046.78657
2026-07-21 14:00:00,4046.56069,4049.40271,4046.56069,4047.64078
2026-07-21 14:05:00,4047.68474,4051.20726,4046.45328,4048.91046
2026-07-21 14:10:00,4048.34636,4049.5667,4045.4711,4046.54961
2026-07-21 14:15:00,4046.34406,4047.23123,4044.45969,4044.75648
2026-07-21 14:20:00,4045.35566,4047.32877,4043.05334,4045.0216
2026-07-21 14:25:00,4045.00482,4045.64255,4043.99871,4044.6386
2026-07-21 14:30:00,4044.42444,4045.79844,4044.22349,4045.55244
2026-07-21 14:35:00,4045.48158,4046.61703,4045.3575,4046.53922
2026-07-21 14:40:00,4046.37926,4047.92746,4045.30526,4047.66921
2026-07-21 14:45:00,4047.13045,4047.64895,4046.12583,4047.5612
2026-07-21 14:50:00,4047.38326,4047.59977,4045.79844,4047.42116
2026-07-21 14:55:00,4047.11492,4048.96502,4046.86076,4048.90574
2026-07-21 15:00:00,4048.8062,4049.73069,4048.583,4049.02121
2026-07-21 15:05:00,4048.91934,4049.73069,4047.0168,4049.58219
2026-07-21 15:10:00,4049.25508,4051.41507,4048.91564,4051.02985
2026-07-21 15:15:00,4050.36063,4052.02804,4049.17577,4049.3353
2026-07-21 15:20:00,4049.43512,4050.87904,4048.17481,4048.5293
2026-07-21 15:25:00,4049.37399,4056.46601,4049.37399,4053.98184
2026-07-21 15:30:00,4054.12855,4060.08932,4051.75574,4059.68541
2026-07-21 15:35:00,4058.98113,4061.24355,4058.93575,4059.38384
2026-07-21 15:40:00,4059.72719,4066.1977,4059.4862,4066.04311
2026-07-21 15:45:00,4065.66994,4067.85177,4064.37978,4066.34695
2026-07-21 15:50:00,4066.5001,4066.51519,4062.44137,4063.8278
2026-07-21 15:55:00,4063.69684,4064.32807,4061.90341,4062.03827
2026-07-21 16:00:00,4062.25592,4066.36304,4061.73842,4066.1989
2026-07-21 16:05:00,4065.80584,4066.81699,4064.28974,4066.29665
2026-07-21 16:10:00,4064.98991,4071.40634,4064.98991,4071.20575
2026-07-21 16:15:00,4070.93204,4073.45766,4069.17599,4069.46158
2026-07-21 16:20:00,4069.38278,4073.2329,4069.38278,4073.10062
2026-07-21 16:25:00,4072.7892,4073.81757,4071.3297,4072.2973
2026-07-21 16:30:00,4072.19525,4073.65162,4072.12644,4073.04963
2026-07-21 16:35:00,4073.33206,4074.85691,4072.49033,4073.89986
2026-07-21 16:40:00,4074.07117,4081.46606,4071.82766,4077.1604
2026-07-21 16:45:00,4077.69689,4083.03704,4077.5401,4082.28994
2026-07-21 16:50:00,4081.35981,4085.13447,4079.96736,4080.44743
2026-07-21 16:55:00,4080.3461,4080.65965,4078.80246,4078.94312
2026-07-21 17:00:00,4079.22185,4079.80479,4077.81012,4079.48523
2026-07-21 17:05:00,4078.96753,4078.96753,4075.95357,4076.3843
2026-07-21 17:10:00,4077.04854,4077.04854,4072.15865,4072.24257
2026-07-21 17:15:00,4072.4587,4072.84586,4071.16395,4072.75326
2026-07-21 17:20:00,4072.60274,4072.60274,4070.99821,4071.15115
2026-07-21 17:25:00,4071.36013,4071.39287,4068.84485,4069.98826
2026-07-21 17:30:00,4069.71162,4072.98794,4067.23059,4072.48469
2026-07-21 17:35:00,4071.76909,4074.81358,4071.76909,4072.94328
2026-07-21 17:40:00,4073.30527,4074.14132,4072.02226,4072.29956
2026-07-21 17:45:00,4072.84984,4072.84984,4070.3354,4071.66711
2026-07-21 17:50:00,4071.21889,4071.99283,4070.83249,4071.00907
2026-07-21 17:55:00,4071.03984,4071.53221,4070.16973,4070.80117
2026-07-21 18:00:00,4070.41815,4073.03463,4067.07554,4067.93173
2026-07-21 18:05:00,4067.91702,4069.17599,4066.50613,4066.76009
2026-07-21 18:10:00,4067.22875,4068.32804,4066.1977,4068.04023
2026-07-21 18:15:00,4067.37507,4068.51377,4066.69378,4066.74517
2026-07-21 18:20:00,4066.82206,4067.08735,4063.71912,4063.82047
2026-07-21 18:25:00,4063.98213,4064.37978,4063.38887,4064.27582
2026-07-21 18:30:00,4064.02977,4065.08932,4062.96406,4064.93935
2026-07-21 18:35:00,4064.80861,4064.80861,4061.57345,4062.3883
2026-07-21 18:40:00,4062.24764,4064.37978,4062.23342,4062.74149
2026-07-21 18:45:00,4062.8457,4062.90713,4059.92449,4060.02696
2026-07-21 18:50:00,4060.17916,4063.38887,4058.48986,4062.97836
2026-07-21 18:55:00,4062.59581,4063.14344,4060.88923,4061.8255
2026-07-21 19:00:00,4062.31221,4066.06639,4062.31221,4065.81688
2026-07-21 19:05:00,4065.12168,4066.42782,4063.30233,4065.86982
2026-07-21 19:10:00,4064.84839,4067.02456,4064.84839,4065.35737
2026-07-21 19:15:00,4065.37637,4067.2154,4064.67726,4066.3037
2026-07-21 19:20:00,4066.14894,4068.3923,4065.45723,4068.14188
2026-07-21 19:25:00,4067.80208,4068.01725,4063.89508,4064.16185
2026-07-21 19:30:00,4064.57855,4064.57855,4062.39844,4064.11851
2026-07-21 19:35:00,4063.67476,4064.71019,4062.56348,4064.21012
2026-07-21 19:40:00,4063.72277,4063.72277,4061.4085,4061.45143
2026-07-21 19:45:00,4061.61861,4066.55489,4061.61861,4065.99652
2026-07-21 19:50:00,4064.99088,4069.4331,4064.74392,4069.13574
2026-07-21 19:55:00,4068.32979,4069.83843,4067.18998,4067.36391
2026-07-21 20:00:00,4067.63022,4069.55442,4064.82553,4065.66195
2026-07-21 20:05:00,4067.15213,4067.15213,4062.89393,4063.02866
2026-07-21 20:10:00,4063.24923,4067.6863,4061.90341,4066.85759
2026-07-21 20:15:00,4066.87618,4068.03465,4065.98895,4067.88488
2026-07-21 20:20:00,4067.68353,4068.3483,4067.43026,4068.02817
2026-07-21 20:25:00,4068.02684,4069.17599,4067.11151,4067.4112
2026-07-21 20:30:00,4067.97421,4068.34825,4066.85916,4068.06237
2026-07-21 20:35:00,4067.87885,4070.00407,4067.87885,4069.92277
2026-07-21 20:40:00,4069.72009,4069.98558,4067.6863,4067.74542
2026-07-21 20:45:00,4067.79413,4067.85438,4063.05867,4063.37731
2026-07-21 20:50:00,4063.95248,4066.5284,4063.09812,4066.32067
2026-07-21 20:55:00,4065.92953,4066.51919,4062.72853,4062.91701
2026-07-21 21:00:00,4063.24147,4063.24147,4058.32357,4059.07126
2026-07-21 21:05:00,4060.20908,4060.20908,4055.64343,4057.00067
2026-07-21 21:10:00,4056.7281,4058.7768,4055.57243,4058.73564
2026-07-21 21:15:00,4058.62001,4059.88452,4057.73417,4059.68162
2026-07-21 21:20:00,4059.32892,4059.32892,4056.46601,4058.69411
2026-07-21 21:25:00,4058.17041,4060.08932,4057.94749,4059.92336
2026-07-21 21:30:00,4059.50625,4059.50625,4058.44156,4058.49105
2026-07-21 21:35:00,4058.52337,4060.91371,4058.52337,4060.40388
2026-07-21 21:40:00,4060.3186,4060.60635,4055.80792,4056.03445
2026-07-21 21:45:00,4056.14598,4057.12431,4054.128,4057.0419
2026-07-21 21:50:00,4056.81128,4058.82504,4055.75463,4056.107
2026-07-21 21:55:00,4056.29684,4056.79513,4055.47895,4055.62957
2026-07-21 22:00:00,4055.80974,4058.60627,4055.80792,4058.38669
2026-07-21 22:05:00,4058.05794,4061.07862,4058.05794,4059.40983
2026-07-21 22:10:00,4059.8726,4060.2147,4056.95971,4059.29948
2026-07-21 22:15:00,4059.00739,4060.46506,4054.85259,4060.24294
2026-07-21 22:20:00,4059.86807,4063.17276,4057.87597,4059.64333
2026-07-21 22:25:00,4060.11046,4064.71019,4060.11046,4061.21441
2026-07-21 22:30:00,4061.38206,4063.22376,4060.55092,4063.05423
2026-07-21 22:35:00,4062.36669,4062.82266,4054.16363,4055.156
2026-07-21 22:40:00,4055.11328,4056.31431,4053.23598,4053.78781
2026-07-21 22:45:00,4054.80927,4061.24355,4052.52067,4060.64801
2026-07-21 22:50:00,4059.53622,4061.73842,4055.31449,4055.54603
2026-07-21 22:55:00,4055.96644,4056.57078,4053.34198,4054.76949
2026-07-21 23:00:00,4054.63366,4059.92449,4054.37854,4059.86946
2026-07-21 23:05:00,4059.42576,4059.92449,4055.80792,4059.83315
2026-07-21 23:10:00,4059.54863,4059.54863,4057.45354,4057.67532
2026-07-21 23:15:00,4057.59559,4061.07862,4055.15004,4055.32121
2026-07-21 23:20:00,4055.646,4058.4344,4052.9102,4053.89771
2026-07-21 23:25:00,4055.50336,4055.50336,4051.14158,4051.53674
2026-07-21 23:30:00,4052.35223,4056.46601,4049.45679,4055.73037
2026-07-21 23:35:00,4054.57635,4056.95971,4052.02804,4052.31599
2026-07-21 23:40:00,4052.77815,4053.48167,4046.69801,4047.47981
2026-07-21 23:45:00,4048.80039,4049.72096,4044.48998,4048.71549
2026-07-21 23:50:00,4046.3727,4051.38688,4046.3727,4050.70693
2026-07-21 23:55:00,4049.09242,4052.58234,4049.09242,4052.03711
2026-07-22 00:00:00,4051.18074,4055.64041,4051.18074,4054.95451
2026-07-22 00:05:00,4053.23991,4058.44156,4053.23991,4055.68918
2026-07-22 00:10:00,4056.05042,4064.71019,4055.09387,4064.47429
2026-07-22 00:15:00,4063.84662,4066.36304,4062.23342,4065.95744
2026-07-22 00:20:00,4065.0591,4065.70174,4063.05867,4063.8195
2026-07-22 00:25:00,4063.54301,4067.66749,4063.54301,4067.41729
2026-07-22 00:30:00,4066.97305,4072.65619,4066.97305,4069.46986
2026-07-22 00:35:00,4070.30505,4070.30505,4063.55398,4063.68007
2026-07-22 00:40:00,4063.84288,4066.67317,4063.22376,4066.29867
2026-07-22 00:45:00,4065.51895,4068.54044,4065.51895,4068.407
2026-07-22 00:50:00,4068.05398,4069.6634,4068.05387,4068.69409
2026-07-22 00:55:00,4068.79979,4070.00407,4068.18274,4069.97768
2026-07-22 01:00:00,4069.78841,4069.94172,4068.12052,4068.90871
2026-07-22 01:05:00,4068.9618,4069.01982,4066.3353,4066.73544
2026-07-22 01:10:00,4067.24264,4072.65619,4066.77106,4072.26133
2026-07-22 01:15:00,4072.00695,4077.30572,4071.75031,4077.24063
2026-07-22 01:20:00,4077.10747,4077.80451,4076.09988,4076.93173
2026-07-22 01:25:00,4076.92875,4077.47197,4076.55619,4077.27552
2026-07-22 01:30:00,4077.17194,4079.96736,4076.97326,4079.85721
2026-07-22 01:35:00,4079.61969,4082.46581,4078.954,4081.77461
2026-07-22 01:40:00,4081.79405,4082.84483,4077.15176,4077.4929
2026-07-22 01:45:00,4077.95049,4078.37832,4074.31551,4074.41945
2026-07-22 01:50:00,4074.57259,4077.80451,4073.9943,4077.68808
2026-07-22 01:55:00,4077.36138,4077.48359,4074.64479,4074.79723
2026-07-22 02:00:00,4075.04681,4077.14803,4074.05823,4075.51247
2026-07-22 02:05:00,4075.88147,4077.9708,4075.88147,4077.75733
2026-07-22 02:10:00,4077.64698,4078.80246,4076.72989,4078.65801
2026-07-22 02:15:00,4078.28755,4078.80246,4077.66491,4078.20769
2026-07-22 02:20:00,4078.13964,4078.13964,4076.611,4076.70705
2026-07-22 02:25:00,4077.0408,4077.80451,4074.48152,4075.32547
2026-07-22 02:30:00,4074.9203,4076.19257,4074.9203,4076.12529
2026-07-22 02:35:00,4075.98027,4076.14983,4071.49546,4073.63785
2026-07-22 02:40:00,4073.03051,4075.14569,4072.13118,4072.36751
2026-07-22 02:45:00,4072.68273,4072.68273,4070.3354,4071.8188
2026-07-22 02:50:00,4071.22155,4073.48568,4071.22155,4072.76528
2026-07-22 02:55:00,4072.89847,4072.89847,4071.3297,4071.53533
2026-07-22 03:00:00,4071.5814,4071.96937,4069.6728,4069.80166
2026-07-22 03:05:00,4070.03936,4071.99283,4069.98276,4071.87203
2026-07-22 03:10:00,4071.62836,4071.82703,4070.50108,4071.78342
2026-07-22 03:15:00,4071.63019,4071.63019,4069.50718,4069.68491
2026-07-22 03:20:00,4069.70247,4071.49175,4069.28853,4070.89958
2026-07-22 03:25:00,4071.09908,4072.32448,4071.09908,4071.35826
2026-07-22 03:30:00,4071.43828,4072.32448,4069.6728,4069.88006
2026-07-22 03:35:00,4070.23559,4070.23559,4069.34158,4070.02872
2026-07-22 03:40:00,4069.90093,4071.10093,4066.85916,4067.85949
2026-07-22 03:45:00,4067.22722,4068.54085,4066.85916,4067.86217
2026-07-22 03:50:00,4067.66858,4068.18274,4067.02456,4068.08797
2026-07-22 03:55:00,4067.93036,4068.93722,4066.85916,4067.85856
2026-07-22 04:00:00,4067.33864,4069.17599,4067.33864,4069.00204
2026-07-22 04:05:00,4068.88612,4071.29836,4066.9659,4071.14848
2026-07-22 04:10:00,4070.74999,4072.32448,4070.74999,4071.91074
2026-07-22 04:15:00,4071.98587,4074.14952,4071.50904,4073.98229
2026-07-22 04:20:00,4073.60805,4080.1473,4072.98794,4079.31672
2026-07-22 04:25:00,4077.65413,4086.6367,4077.65413,4084.30895
2026-07-22 04:30:00,4084.60114,4085.46799,4081.79926,4085.16785
2026-07-22 04:35:00,4084.41864,4086.05241,4081.63265,4082.61606
2026-07-22 04:40:00,4082.39049,4083.46605,4082.15964,4083.39115
2026-07-22 04:45:00,4083.22318,4083.22318,4080.46681,4080.57487
2026-07-22 04:50:00,4080.79538,4081.43062,4079.80091,4081.23937
2026-07-22 04:55:00,4080.98756,4083.46605,4080.98756,4082.05484
2026-07-22 05:00:00,4082.22167,4085.14675,4082.00147,4085.02132
2026-07-22 05:05:00,4084.84594,4085.60315,4081.96587,4082.19492
2026-07-22 05:10:00,4082.57915,4082.57915,4080.30031,4080.70755
2026-07-22 05:15:00,4080.85506,4083.8323,4080.66711,4083.60615
2026-07-22 05:20:00,4083.29118,4084.09901,4082.96587,4083.0411
2026-07-22 05:25:00,4083.32798,4085.1342,4083.32798,4084.51748
2026-07-22 05:30:00,4084.73227,4084.80046,4083.6328,4083.71799
2026-07-22 05:35:00,4083.80971,4083.87763,4082.13251,4082.23024
2026-07-22 05:40:00,4082.50726,4084.46677,4081.83545,4083.40868
2026-07-22 05:45:00,4083.61282,4084.80046,4083.15157,4084.31021
2026-07-22 05:50:00,4084.2583,4085.1342,4083.90958,4084.06228
2026-07-22 05:55:00,4084.32141,4085.1342,4083.37307,4085.04691
2026-07-22 06:00:00,4084.8827,4086.91226,4083.96635,4084.14013
2026-07-22 06:05:00,4084.54143,4086.30271,4084.29995,4085.61931
2026-07-22 06:10:00,4085.62647,4086.02237,4083.96635,4084.07153
2026-07-22 06:15:00,4084.16151,4084.80046,4083.46605,4084.67034
2026-07-22 06:20:00,4084.40359,4085.15074,4082.46581,4082.8446
2026-07-22 06:25:00,4082.8562,4083.15714,4082.6828,4082.73742
2026-07-22 06:30:00,4082.77903,4084.85749,4081.90582,4083.98571
2026-07-22 06:35:00,4084.45899,4084.45899,4082.79917,4082.83012
2026-07-22 06:40:00,4082.8858,4083.6484,4080.96637,4081.02081
2026-07-22 06:45:00,4081.04401,4081.14293,4078.77599,4079.2854
2026-07-22 06:50:00,4079.23181,4079.23181,4077.9708,4078.18548
2026-07-22 06:55:00,4078.36298,4078.36298,4076.8335,4077.82773
2026-07-22 07:00:00,4077.84891,4077.93366,4077.47197,4077.90186
2026-07-22 07:05:00,4077.84091,4078.12194,4077.69614,4078.02219
2026-07-22 07:10:00,4077.93579,4078.11183,4077.91858,4078.02891
2026-07-22 07:15:00,4077.93022,4078.12693,4077.91083,4078.06405
2026-07-22 07:20:00,4077.96639,4078.08278,4077.89877,4078.03039
2026-07-22 07:25:00,4077.99405,4078.12556,4077.88404,4078.03016
2026-07-22 07:30:00,4077.94419,4078.20759,4077.80451,4077.86627
2026-07-22 07:35:00,4077.92484,4078.15442,4077.80451,4078.09821
2026-07-22 07:40:00,4078.01054,4078.04947,4077.80451,4077.98218
2026-07-22 07:45:00,4077.92119,4078.20795,4077.84411,4078.12816
2026-07-22 07:50:00,4078.00839,4078.46976,4078.00839,4078.43686
2026-07-22 07:55:00,4078.30821,4078.47413,4076.5295,4078.30843
2026-07-22 08:00:00,4078.18552,4081.29949,4075.31176,4079.14049
2026-07-22 08:05:00,4079.18567,4079.30162,4077.47197,4077.60851
2026-07-22 08:10:00,4077.69517,4079.13522,4077.69517,4078.23308
2026-07-22 08:15:00,4078.30322,4080.63331,4077.80828,4080.59761
2026-07-22 08:20:00,4080.50885,4082.29915,4080.02594,4081.93589
2026-07-22 08:25:00,4081.79734,4082.62409,4080.74205,4081.95539
2026-07-22 08:30:00,4082.1123,4084.63361,4082.1123,4084.55325
2026-07-22 08:35:00,4084.366,4085.30109,4083.46605,4085.14828
2026-07-22 08:40:00,4084.82866,4084.82866,4084.29995,4084.69182
2026-07-22 08:45:00,4084.65947,4084.65947,4082.13251,4082.21561
2026-07-22 08:50:00,4082.34713,4082.35918,4078.80246,4078.93302
2026-07-22 08:55:00,4078.96927,4081.13292,4078.88036,4081.02072
2026-07-22 09:00:00,4080.93959,4081.13292,4079.43087,4080.29847
2026-07-22 09:05:00,4080.52517,4081.31705,4080.52517,4081.18422
2026-07-22 09:10:00,4081.00329,4081.79926,4080.79984,4081.60215
2026-07-22 09:15:00,4081.52296,4082.3683,4081.29949,4082.18056
2026-07-22 09:20:00,4081.7488,4082.79917,4081.46606,4082.25938
2026-07-22 09:25:00,4082.06277,4082.5552,4081.56325,4081.97469
2026-07-22 09:30:00,4082.00438,4082.6334,4080.96079,4081.10172
2026-07-22 09:35:00,4081.3376,4081.8774,4080.63331,4081.8297
2026-07-22 09:40:00,4081.62307,4082.30076,4079.63446,4079.75485
2026-07-22 09:45:00,4080.01834,4082.13251,4079.96736,4081.15059
2026-07-22 09:50:00,4081.18541,4081.2177,4080.54641,4080.62886
2026-07-22 09:55:00,4080.72869,4080.91734,4079.80091,4080.48317
2026-07-22 10:00:00,4079.96427,4081.59609,4076.64085,4080.98902
2026-07-22 10:05:00,4079.7992,4089.14332,4079.7992,4088.30795
2026-07-22 10:10:00,4087.98314,4092.07136,4087.63898,4091.89222
2026-07-22 10:15:00,4091.35989,4097.521,4091.11192,4095.4888
2026-07-22 10:20:00,4095.81603,4099.18717,4093.16033,4097.47123
2026-07-22 10:25:00,4096.73995,4098.58611,4096.73995,4098.19217
2026-07-22 10:30:00,4097.98664,4100.88169,4091.12916,4091.68566
2026-07-22 10:35:00,4092.76822,4096.68169,4090.64878,4096.38605
2026-07-22 10:40:00,4095.88451,4097.80292,4092.49028,4093.20847
2026-07-22 10:45:00,4093.49952,4097.33801,4092.3228,4096.62849
2026-07-22 10:50:00,4094.82455,4097.85682,4093.9982,4094.13922
2026-07-22 10:55:00,4094.37036,4097.04757,4093.01973,4096.42423
2026-07-22 11:00:00,4095.64207,4110.42593,4095.64207,4108.88263
2026-07-22 11:05:00,4106.3296,4116.12168,4106.3296,4115.92423
2026-07-22 11:10:00,4115.52439,4119.44812,4114.21048,4118.68599
2026-07-22 11:15:00,4117.30483,4120.48292,4112.51851,4112.76503
2026-07-22 11:20:00,4113.11474,4116.47831,4112.47773,4112.96832
2026-07-22 11:25:00,4113.3584,4116.12661,4112.34939,4115.98661
2026-07-22 11:30:00,4115.53471,4116.41214,4113.36432,4115.67093
2026-07-22 11:35:00,4114.9368,4119.18698,4114.00332,4114.94024
2026-07-22 11:40:00,4116.18126,4122.86127,4116.18126,4122.677
2026-07-22 11:45:00,4122.29601,4123.75596,4120.32326,4120.98399
2026-07-22 11:50:00,4121.97657,4121.97657,4118.78578,4120.0438
2026-07-22 11:55:00,4119.86455,4122.01154,4118.04952,4121.80557
2026-07-22 12:00:00,4121.42109,4122.35139,4119.8039,4120.11561
2026-07-22 12:05:00,4120.49547,4122.54753,4119.63418,4121.18091
2026-07-22 12:10:00,4120.88478,4123.03125,4120.34193,4120.69534
2026-07-22 12:15:00,4121.4334,4124.93645,4120.61159,4120.90759
2026-07-22 12:20:00,4121.48758,4125.58274,4119.71193,4125.41559
2026-07-22 12:25:00,4125.01755,4125.92318,4124.22155,4125.82665
2026-07-22 12:30:00,4125.57556,4130.35397,4123.37127,4130.02659
2026-07-22 12:35:00,4129.38699,4129.38699,4124.22155,4124.67845
2026-07-22 12:40:00,4125.50434,4128.98964,4124.55359,4125.91636
2026-07-22 12:45:00,4125.89815,4129.88181,4125.89815,4128.36411
2026-07-22 12:50:00,4128.37188,4128.85873,4125.93935,4128.25497
2026-07-22 12:55:00,4127.28242,4129.63335,4126.73498,4129.10479
2026-07-22 13:00:00,4128.41645,4132.74373,4128.41645,4132.59225
2026-07-22 13:05:00,4132.25826,4140.27243,4132.25826,4139.95988
2026-07-22 13:10:00,4139.4543,4139.4543,4135.47827,4137.26984
2026-07-22 13:15:00,4136.80787,4139.75824,4136.80787,4139.52252
2026-07-22 13:20:00,4139.30495,4140.78675,4138.31756,4140.75436
2026-07-22 13:25:00,4140.62809,4140.62809,4137.86655,4138.15359
2026-07-22 13:30:00,4138.59319,4138.59319,4134.79429,4134.95012
2026-07-22 13:35:00,4135.23256,4135.5183,4132.42649,4134.80959
2026-07-22 13:40:00,4134.51474,4135.00478,4132.91453,4133.33191
2026-07-22 13:45:00,4133.29847,4133.93964,4132.90228,4133.56514
2026-07-22 13:50:00,4133.37754,4133.37754,4131.03648,4131.15736
2026-07-22 13:55:00,4131.32344,4131.48147,4130.92009,4131.36101
2026-07-22 14:00:00,4131.29502,4131.29502,4127.4816,4127.77476
2026-07-22 14:05:00,4128.35686,4130.18338,4125.74572,4128.64633
2026-07-22 14:10:00,4129.23648,4129.23648,4127.06419,4127.07343
2026-07-22 14:15:00,4127.11689,4129.50116,4126.23205,4128.49711
2026-07-22 14:20:00,4128.5214,4129.50116,4128.09256,4129.44065
2026-07-22 14:25:00,4129.28328,4129.28328,4127.96698,4128.42556
2026-07-22 14:30:00,4128.22495,4128.94162,4126.09341,4126.33132
2026-07-22 14:35:00,4126.76153,4126.76153,4125.58274,4125.68433
2026-07-22 14:40:00,4125.62631,4127.32817,4125.62631,4127.00792
2026-07-22 14:45:00,4127.03427,4127.38378,4125.92318,4125.95428
2026-07-22 14:50:00,4126.05576,4127.29358,4125.24236,4125.80216
2026-07-22 14:55:00,4125.61271,4127.11515,4125.61271,4126.9772
2026-07-22 15:00:00,4126.883,4128.64869,4125.11199,4128.3183
2026-07-22 15:05:00,4128.11953,4128.81916,4127.25246,4127.70944
2026-07-22 15:10:00,4128.34185,4130.0128,4126.43394,4128.42334
2026-07-22 15:15:00,4128.43943,4128.4869,4123.20125,4124.94133
2026-07-22 15:20:00,4124.63704,4124.73189,4123.53177,4124.66589
2026-07-22 15:25:00,4124.53207,4125.58274,4123.34853,4124.37765
2026-07-22 15:30:00,4124.63325,4128.16826,4122.19154,4127.27705
2026-07-22 15:35:00,4127.71144,4133.59788,4126.59987,4133.30526
2026-07-22 15:40:00,4132.70835,4132.70835,4130.86583,4132.36093
2026-07-22 15:45:00,4131.86046,4133.14448,4131.03648,4131.64597
2026-07-22 15:50:00,4131.85099,4133.11416,4131.27082,4132.82632
2026-07-22 15:55:00,4132.37017,4132.37017,4128.43335,4128.6622
2026-07-22 16:00:00,4129.31748,4134.79429,4129.31748,4134.65203
2026-07-22 16:05:00,4134.22303,4134.79429,4131.16648,4131.33802
2026-07-22 16:10:00,4131.63876,4132.54908,4130.04725,4130.52312
2026-07-22 16:15:00,4131.37522,4131.5485,4129.47347,4131.46786
2026-07-22 16:20:00,4131.15749,4131.93166,4125.47141,4126.59207
2026-07-22 16:25:00,4128.13154,4128.13154,4115.3957,4116.35894
2026-07-22 16:30:00,4116.40125,4118.39985,4115.05699,4117.54703
2026-07-22 16:35:00,4116.87553,4120.48292,4116.87553,4117.43541
2026-07-22 16:40:00,4117.67889,4119.87751,4116.92054,4119.51505
2026-07-22 16:45:00,4119.01608,4120.31314,4117.78325,4118.30188
2026-07-22 16:50:00,4119.45239,4119.45239,4114.71835,4116.54607
2026-07-22 16:55:00,4116.42375,4117.0289,4114.88766,4114.93717
2026-07-22 17:00:00,4114.96624,4116.58159,4113.87198,4114.69588
2026-07-22 17:05:00,4114.61858,4115.22634,4112.68764,4115.14466
2026-07-22 17:10:00,4114.86772,4116.41214,4112.68764,4116.20573
2026-07-22 17:15:00,4115.77214,4119.11123,4115.20029,4118.87402
2026-07-22 17:20:00,4118.47336,4122.01154,4118.47336,4119.42016
2026-07-22 17:25:00,4119.68943,4120.14338,4117.45642,4120.0465
2026-07-22 17:30:00,4119.84094,4122.52133,4118.61614,4118.80226
2026-07-22 17:35:00,4119.07944,4119.07944,4116.50355,4117.5764
2026-07-22 17:40:00,4117.50121,4117.50121,4111.67304,4111.94803
2026-07-22 17:45:00,4112.20129,4113.74046,4110.32102,4111.52468
2026-07-22 17:50:00,4111.30995,4113.57734,4110.15208,4112.98994
2026-07-22 17:55:00,4111.4809,4114.82971,4109.81424,4110.21163
2026-07-22 18:00:00,4110.97569,4113.82223,4109.14544,4113.27189
2026-07-22 18:05:00,4112.53942,4115.73445,4112.53942,4115.57401
2026-07-22 18:10:00,4115.25961,4115.73445,4111.92666,4115.44103
2026-07-22 18:15:00,4114.93574,4115.83584,4114.04122,4114.93797
2026-07-22 18:20:00,4114.39168,4118.3179,4114.39168,4118.11053
2026-07-22 18:25:00,4117.80769,4117.80769,4115.73445,4116.96893
2026-07-22 18:30:00,4116.47324,4118.78578,4116.47324,4118.1656
2026-07-22 18:35:00,4118.24497,4118.78422,4117.09004,4117.2193
2026-07-22 18:40:00,4117.4631,4118.37131,4115.08301,4115.36585
2026-07-22 18:45:00,4115.86346,4115.86346,4113.19513,4114.04756
2026-07-22 18:50:00,4114.03386,4117.62918,4113.74555,4117.21614
2026-07-22 18:55:00,4116.60062,4119.63418,4116.60062,4118.6392
2026-07-22 19:00:00,4118.61493,4120.14338,4118.27999,4119.93603
2026-07-22 19:05:00,4119.93227,4121.67175,4118.95543,4121.54051
2026-07-22 19:10:00,4121.20652,4121.84164,4119.4888,4121.79667
2026-07-22 19:15:00,4121.68361,4121.90201,4120.31314,4121.74037
2026-07-22 19:20:00,4121.24736,4122.60734,4120.14338,4120.93146
2026-07-22 19:25:00,4120.81619,4120.99233,4119.08983,4119.42624
2026-07-22 19:30:00,4120.11344,4120.11344,4117.76817,4117.96887
2026-07-22 19:35:00,4118.07304,4118.14979,4115.53691,4115.96457
2026-07-22 19:40:00,4116.88793,4118.99751,4115.05699,4118.81929
2026-07-22 19:45:00,4118.70047,4118.70047,4115.5213,4117.09296
2026-07-22 19:50:00,4117.07595,4117.09004,4114.3303,4114.74646
2026-07-22 19:55:00,4115.63304,4117.93774,4112.65172,4114.27953
2026-07-22 20:00:00,4114.99591,4119.08844,4113.60556,4117.01954
2026-07-22 20:05:00,4118.12295,4118.12295,4116.07327,4116.78314
2026-07-22 20:10:00,4117.03832,4118.10316,4116.24269,4117.90446
2026-07-22 20:15:00,4117.58932,4118.95543,4117.42908,4118.83846
2026-07-22 20:20:00,4118.62175,4120.85867,4118.41714,4118.94887
2026-07-22 20:25:00,4119.59919,4121.67175,4119.29478,4119.4758
2026-07-22 20:30:00,4119.76614,4119.76614,4118.27691,4118.97179
2026-07-22 20:35:00,4118.88787,4118.95543,4117.42908,4117.78326
2026-07-22 20:40:00,4118.02222,4118.02222,4116.58159,4117.24688
2026-07-22 20:45:00,4117.12632,4118.20348,4116.58159,4117.88952
2026-07-22 20:50:00,4117.08258,4120.14338,4117.08258,4118.4146
2026-07-22 20:55:00,4118.63412,4118.63412,4116.28874,4117.81648
2026-07-22 21:00:00,4117.56361,4118.30043,4115.22634,4117.48042
2026-07-22 21:05:00,4116.9168,4118.10732,4116.23298,4116.44699
2026-07-22 21:10:00,4116.75693,4120.82252,4116.75693,4119.45365
2026-07-22 21:15:00,4119.80143,4123.37127,4116.82637,4122.51972
2026-07-22 21:20:00,4122.25187,4122.66368,4120.73101,4120.95074
2026-07-22 21:25:00,4121.13608,4121.13608,4118.10732,4118.62895
2026-07-22 21:30:00,4118.34154,4120.48317,4118.34154,4120.39398
2026-07-22 21:35:00,4120.20843,4120.20843,4118.13223,4118.17192
2026-07-22 21:40:00,4118.3118,4118.95543,4114.04122,4114.35235
2026-07-22 21:45:00,4114.93688,4119.8039,4114.86703,4119.52919
2026-07-22 21:50:00,4118.82526,4121.36086,4118.07427,4118.33622
2026-07-22 21:55:00,4118.58667,4122.86127,4118.58667,4122.81229
2026-07-22 22:00:00,4122.63096,4126.09341,4121.16819,4125.83908
2026-07-22 22:05:00,4125.66474,4125.92318,4123.71134,4123.93771
2026-07-22 22:10:00,4124.17884,4126.43394,4124.17884,4126.27241
2026-07-22 22:15:00,4125.84733,4127.6262,4125.75295,4127.42721
2026-07-22 22:20:00,4127.01586,4129.67169,4126.43394,4128.06826
2026-07-22 22:25:00,4128.25807,4133.25618,4128.25807,4132.80593
2026-07-22 22:30:00,4131.81397,4133.76876,4128.98964,4129.1173
2026-07-22 22:35:00,4129.37071,4130.82196,4124.57235,4125.07511
2026-07-22 22:40:00,4125.92424,4128.08687,4125.58274,4127.77174
2026-07-22 22:45:00,4127.29675,4129.05891,4120.16788,4120.71396
2026-07-22 22:50:00,4121.88239,4121.88239,4118.11203,4118.76666
2026-07-22 22:55:00,4118.60434,4122.52754,4109.64534,4114.72956
2026-07-22 23:00:00,4114.03932,4119.63418,4113.19513,4118.6962
2026-07-22 23:05:00,4118.4331,4120.57007,4118.10732,4119.91584
2026-07-22 23:10:00,4118.51387,4124.73189,4118.51387,4124.17448
2026-07-22 23:15:00,4123.93968,4128.93217,4123.93968,4128.07652
2026-07-22 23:20:00,4125.92373,4133.12505,4125.92373,4132.5409
2026-07-22 23:25:00,4131.78872,4134.13422,4131.78872,4133.92523
2026-07-22 23:30:00,4133.73239,4143.89083,4129.77614,4143.19658
2026-07-22 23:35:00,4142.18948,4144.56233,4140.44386,4140.7946
2026-07-22 23:40:00,4140.84032,4144.56233,4140.41066,4142.53054
2026-07-22 23:45:00,4142.67747,4146.88088,4141.32283,4146.33149
2026-07-22 23:50:00,4145.52732,4148.36126,4145.52732,4146.08236
2026-07-22 23:55:00,4146.29664,4149.8824,4145.24954,4148.82111
2026-07-23 00:00:00,4147.09317,4161.36159,4147.09317,4160.17586
2026-07-23 00:05:00,4157.40412,4162.85072,4154.20405,4154.69507
2026-07-23 00:10:00,4155.58641,4157.65841,4155.36059,4157.56746
2026-07-23 00:15:00,4157.36928,4157.54718,4151.42243,4151.87919
2026-07-23 00:20:00,4152.48105,4152.48105,4150.0664,4150.23866
2026-07-23 00:25:00,4150.53092,4151.99427,4146.10888,4146.22388
2026-07-23 00:30:00,4146.40467,4152.30661,4145.96584,4150.32939
2026-07-23 00:35:00,4150.47244,4151.56408,4150.0664,4150.66088
2026-07-23 00:40:00,4151.0341,4152.30661,4148.95158,4151.2263
2026-07-23 00:45:00,4150.85026,4152.7455,4148.12899,4148.6624
2026-07-23 00:50:00,4149.35423,4149.35423,4146.7966,4148.29138
2026-07-23 00:55:00,4148.16076,4149.20543,4145.12269,4148.94485
2026-07-23 01:00:00,4148.31227,4153.9991,4148.31227,4153.62062
2026-07-23 01:05:00,4153.02447,4155.60687,4153.02447,4154.91103
2026-07-23 01:10:00,4155.15328,4157.79392,4154.58184,4157.49399
2026-07-23 01:15:00,4156.90272,4158.00416,4154.20405,4154.45758
2026-07-23 01:20:00,4154.81606,4160.5892,4154.75338,4159.61376
2026-07-23 01:25:00,4157.9217,4161.81122,4157.8572,4158.06666
2026-07-23 01:30:00,4158.45193,4158.45193,4156.96708,4157.72316
2026-07-23 01:35:00,4157.79976,4158.17706,4156.94817,4157.17923
2026-07-23 01:40:00,4157.51546,4160.59913,4156.44873,4160.13009
2026-07-23 01:45:00,4160.05293,4161.63283,4159.38774,4161.00393
2026-07-23 01:50:00,4160.12644,4165.68194,4160.12644,4165.56085
2026-07-23 01:55:00,4165.32782,4165.32782,4158.69583,4159.86927
2026-07-23 02:00:00,4159.765,4159.765,4156.96708,4157.04358
2026-07-23 02:05:00,4157.10628,4159.21474,4156.79428,4157.56166
2026-07-23 02:10:00,4158.00458,4158.00458,4154.03149,4154.16829
2026-07-23 02:15:00,4154.38044,4155.03443,4151.78942,4154.78219
2026-07-23 02:20:00,4154.06401,4155.56023,4152.99639,4153.13291
2026-07-23 02:25:00,4153.35515,4154.7238,4148.68901,4149.07198
2026-07-23 02:30:00,4149.24449,4149.89418,4146.92359,4147.07251
2026-07-23 02:35:00,4147.30978,4148.31357,4145.24954,4147.94838
2026-07-23 02:40:00,4146.97992,4151.39121,4146.97992,4148.18568
2026-07-23 02:45:00,4148.99958,4148.99958,4146.45271,4146.64634
2026-07-23 02:50:00,4146.64549,4147.14055,4145.24954,4146.82462
2026-07-23 02:55:00,4146.39907,4149.54717,4145.62267,4149.23868
2026-07-23 03:00:00,4148.70344,4148.70344,4144.90591,4146.29277
2026-07-23 03:05:00,4146.04703,4147.31254,4144.07219,4144.35284
2026-07-23 03:10:00,4144.85132,4145.59323,4143.70364,4145.46441
2026-07-23 03:15:00,4145.21451,4145.44904,4143.42023,4143.6549
2026-07-23 03:20:00,4144.09684,4145.42138,4143.1886,4145.29804
2026-07-23 03:25:00,4145.0134,4146.14776,4143.36027,4146.02985
2026-07-23 03:30:00,4145.64633,4147.78469,4143.60737,4147.56177
2026-07-23 03:35:00,4147.16901,4147.16901,4140.08803,4140.79349
2026-07-23 03:40:00,4141.81751,4141.81751,4138.90154,4140.92891
2026-07-23 03:45:00,4140.68349,4142.35442,4140.68349,4141.02741
2026-07-23 03:50:00,4141.40101,4143.70364,4141.40101,4143.61269
2026-07-23 03:55:00,4143.41088,4143.6793,4141.47271,4143.36648
2026-07-23 04:00:00,4143.18467,4144.74193,4137.36036,4138.25237
2026-07-23 04:05:00,4137.98729,4141.81577,4136.51473,4141.59687
2026-07-23 04:10:00,4141.28522,4141.28522,4138.21643,4138.56039
2026-07-23 04:15:00,4138.55962,4139.07285,4137.18919,4138.96861
2026-07-23 04:20:00,4138.7443,4140.62691,4134.58682,4134.95729
2026-07-23 04:25:00,4135.57408,4137.18919,4135.4772,4135.64296
2026-07-23 04:30:00,4135.89501,4135.89501,4133.2846,4134.98142
2026-07-23 04:35:00,4134.41288,4135.9914,4132.74373,4135.81901
2026-07-23 04:40:00,4135.76152,4136.79946,4133.93964,4135.75455
2026-07-23 04:45:00,4135.2703,4138.21643,4134.98946,4137.9113
2026-07-23 04:50:00,4137.89288,4138.73024,4137.70275,4138.2356
2026-07-23 04:55:00,4138.25869,4138.60093,4136.20446,4136.58515
2026-07-23 05:00:00,4137.37957,4137.37957,4133.08535,4134.52347
2026-07-23 05:05:00,4134.10512,4137.21397,4134.10512,4136.15866
2026-07-23 05:10:00,4136.25112,4136.25112,4134.41826,4134.69071
2026-07-23 05:15:00,4135.21898,4135.56966,4133.59788,4133.73184
2026-07-23 05:20:00,4134.02589,4134.96527,4131.25466,4134.72507
2026-07-23 05:25:00,4134.34839,4135.02162,4132.99593,4134.0539
2026-07-23 05:30:00,4133.81661,4135.36373,4132.32967,4135.16429
2026-07-23 05:35:00,4134.56731,4136.27197,4133.93964,4134.87229
2026-07-23 05:40:00,4134.66143,4135.6493,4134.11055,4135.46964
2026-07-23 05:45:00,4135.39692,4135.91582,4133.76876,4134.65391
2026-07-23 05:50:00,4134.22951,4135.14914,4130.57642,4131.20511
2026-07-23 05:55:00,4132.40076,4132.40076,4129.50116,4131.98345
2026-07-23 06:00:00,4131.47703,4134.62334,4131.03648,4131.35855
2026-07-23 06:05:00,4131.92187,4133.63184,4131.01961,4133.5441
2026-07-23 06:10:00,4133.21575,4134.53811,4132.31952,4134.11215
2026-07-23 06:15:00,4133.13304,4136.16231,4133.13304,4135.96599
2026-07-23 06:20:00,4135.46229,4136.33355,4135.00846,4136.06416
2026-07-23 06:25:00,4135.67928,4137.87396,4135.67928,4137.77564
2026-07-23 06:30:00,4137.51255,4137.8723,4135.57548,4135.77966
2026-07-23 06:35:00,4136.15232,4136.15232,4134.19981,4134.5576
2026-07-23 06:40:00,4134.6541,4135.13625,4130.86583,4131.1122
2026-07-23 06:45:00,4131.53346,4131.53346,4128.98964,4130.54964
2026-07-23 06:50:00,4130.21408,4131.53875,4128.82304,4129.81744
2026-07-23 06:55:00,4129.67502,4130.35397,4129.16013,4130.28998
2026-07-23 07:00:00,4130.23041,4130.65828,4129.2872,4130.5954
2026-07-23 07:05:00,4130.47318,4130.71883,4130.47318,4130.53141
2026-07-23 07:10:00,4130.5587,4130.7394,4130.50116,4130.60338
2026-07-23 07:15:00,4130.54943,4130.68411,4130.52458,4130.64588
2026-07-23 07:20:00,4130.55157,4130.80302,4130.48255,4130.64254
2026-07-23 07:25:00,4130.53163,4130.88788,4130.49842,4130.77869
2026-07-23 07:30:00,4130.62915,4130.84703,4130.50133,4130.6989
2026-07-23 07:35:00,4130.6267,4130.75168,4130.52458,4130.5981
2026-07-23 07:40:00,4130.49422,4130.78594,4130.49422,4130.52574
2026-07-23 07:45:00,4130.56043,4130.6952,4130.49712,4130.63625
2026-07-23 07:50:00,4130.55017,4130.81641,4130.47593,4130.69881
2026-07-23 07:55:00,4130.63985,4130.72972,4130.52458,4130.69826
2026-07-23 08:00:00,4130.6133,4130.98953,4118.94456,4122.32443
2026-07-23 08:05:00,4121.35764,4123.71134,4117.8653,4122.51667
2026-07-23 08:10:00,4123.19881,4123.27255,4121.84164,4122.25723
2026-07-23 08:15:00,4122.11981,4124.99048,4119.91174,4120.50383
2026-07-23 08:20:00,4121.58846,4124.56177,4121.58846,4124.20884
2026-07-23 08:25:00,4123.81088,4128.13738,4122.54802,4127.7955
2026-07-23 08:30:00,4127.69469,4129.84224,4126.27639,4126.58237
2026-07-23 08:35:00,4126.69311,4128.30781,4123.73132,4128.01928
2026-07-23 08:40:00,4127.43942,4127.63504,4119.97363,4122.46063
2026-07-23 08:45:00,4123.14756,4125.36506,4121.16217,4125.05846
2026-07-23 08:50:00,4124.65803,4127.72916,4121.84164,4125.41076
2026-07-23 08:55:00,4125.47058,4125.93751,4122.35139,4123.65999
2026-07-23 09:00:00,4123.41128,4124.97773,4118.12951,4118.65743
2026-07-23 09:05:00,4119.44678,4119.44678,4116.6692,4118.63536
2026-07-23 09:10:00,4118.38492,4123.81258,4114.00879,4123.12006
2026-07-23 09:15:00,4121.35468,4124.56177,4120.31314,4122.15004
2026-07-23 09:20:00,4122.00153,4122.00153,4119.97363,4120.6168
2026-07-23 09:25:00,4120.7192,4121.50188,4119.1251,4119.36975
2026-07-23 09:30:00,4119.82648,4122.18146,4119.62187,4121.92874
2026-07-23 09:35:00,4121.40382,4123.5413,4119.49918,4122.9823
2026-07-23 09:40:00,4122.8337,4123.86245,4120.99979,4123.59641
2026-07-23 09:45:00,4123.25158,4131.20714,4123.25158,4130.57668
2026-07-23 09:50:00,4130.35908,4130.699,4129.33064,4130.66526
2026-07-23 09:55:00,4130.54914,4133.25618,4129.16869,4133.11138
2026-07-23 10:00:00,4132.86457,4134.18909,4129.33064,4130.15061
2026-07-23 10:05:00,4130.06524,4130.52458,4128.13738,4128.22874
2026-07-23 10:10:00,4128.19531,4129.66099,4126.77451,4126.94399
2026-07-23 10:15:00,4126.98603,4128.81916,4126.60422,4127.53606
2026-07-23 10:20:00,4127.76171,4132.2314,4127.76171,4131.90918
2026-07-23 10:25:00,4131.23729,4133.83294,4130.75569,4131.43712
2026-07-23 10:30:00,4132.54106,4132.54106,4128.13738,4131.32333
2026-07-23 10:35:00,4131.05969,4133.07915,4129.64191,4130.28838
2026-07-23 10:40:00,4131.29213,4131.29213,4127.79658,4127.8795
2026-07-23 10:45:00,4127.95042,4129.79996,4126.94482,4127.13637
2026-07-23 10:50:00,4127.43619,4128.2756,4125.07219,4127.69001
2026-07-23 10:55:00,4126.78581,4131.88113,4126.78581,4131.05388
2026-07-23 11:00:00,4128.98187,4138.90154,4127.40772,4130.56896
2026-07-23 11:05:00,4131.85302,4133.76876,4131.20714,4132.63053
2026-07-23 11:10:00,4132.2969,4136.88987,4131.37781,4136.76302
2026-07-23 11:15:00,4136.52072,4136.71921,4134.06935,4134.52675
2026-07-23 11:20:00,4135.40104,4139.75824,4134.08623,4139.55161
2026-07-23 11:25:00,4139.14875,4141.06315,4137.18919,4137.5023
2026-07-23 11:30:00,4138.01272,4139.46541,4129.67169,4134.18567
2026-07-23 11:35:00,4133.41928,4136.59039,4124.39165,4124.69254
2026-07-23 11:40:00,4124.89481,4126.77451,4123.82654,4125.05774
2026-07-23 11:45:00,4125.2663,4127.00845,4119.46447,4119.64745
2026-07-23 11:50:00,4120.05032,4123.17114,4118.90522,4119.26252
2026-07-23 11:55:00,4119.98959,4119.98959,4114.76621,4117.48579
2026-07-23 12:00:00,4116.37504,4118.61614,4114.21048,4114.54972
2026-07-23 12:05:00,4115.22901,4116.92054,4112.73283,4114.5898
2026-07-23 12:10:00,4114.94119,4117.93774,4113.87198,4117.86182
2026-07-23 12:15:00,4117.6957,4119.10511,4114.37976,4114.48209
2026-07-23 12:20:00,4114.87828,4117.09004,4114.71835,4115.5556
2026-07-23 12:25:00,4115.77847,4116.58159,4115.3957,4116.36438
2026-07-23 12:30:00,4116.2125,4119.5734,4114.6064,4114.92687
2026-07-23 12:35:00,4115.55753,4118.18927,4115.40052,4115.73832
2026-07-23 12:40:00,4116.52853,4121.77432,4116.52853,4121.48141
2026-07-23 12:45:00,4120.67599,4125.41254,4120.35857,4123.86888
2026-07-23 12:50:00,4124.11533,4127.6262,4121.84043,4127.35182
2026-07-23 12:55:00,4126.82998,4128.30781,4125.41254,4128.13922
2026-07-23 13:00:00,4127.80526,4128.30781,4126.62062,4126.90483
2026-07-23 13:05:00,4127.43835,4127.43835,4125.60264,4125.8845
2026-07-23 13:10:00,4126.27997,4126.27997,4124.90203,4125.27747
2026-07-23 13:15:00,4125.30663,4130.66718,4125.30663,4130.45448
2026-07-23 13:20:00,4130.09709,4132.74373,4130.09709,4132.55614
2026-07-23 13:25:00,4132.4993,4132.4993,4130.0128,4130.09639
2026-07-23 13:30:00,4130.1604,4130.6952,4128.81916,4129.89626
2026-07-23 13:35:00,4129.75881,4130.35397,4128.64869,4129.07123
2026-07-23 13:40:00,4129.14825,4130.58667,4126.26367,4126.50014
2026-07-23 13:45:00,4126.58264,4128.98964,4125.24236,4125.36562
2026-07-23 13:50:00,4125.59163,4125.92318,4125.19129,4125.87631
2026-07-23 13:55:00,4125.71126,4126.11142,4124.73706,4125.95761
2026-07-23 14:00:00,4125.62506,4125.62506,4123.589,4123.87922
2026-07-23 14:05:00,4124.37103,4125.41254,4122.63077,4125.24672
2026-07-23 14:10:00,4124.96381,4127.28548,4123.37885,4127.01084
2026-07-23 14:15:00,4126.5754,4128.65884,4125.07219,4125.25626
2026-07-23 14:20:00,4125.47309,4129.16013,4125.47309,4129.04907
2026-07-23 14:25:00,4128.81717,4128.98964,4127.96698,4128.42268
2026-07-23 14:30:00,4128.62485,4130.12929,4125.58274,4126.61997
2026-07-23 14:35:00,4126.45098,4127.45584,4126.45098,4126.73052
2026-07-23 14:40:00,4126.86816,4126.94482,4123.5413,4124.01853
2026-07-23 14:45:00,4123.95108,4124.48234,4122.18146,4122.65233
2026-07-23 14:50:00,4123.3703,4123.3703,4120.65271,4120.77096
2026-07-23 14:55:00,4121.01712,4121.38486,4120.06451,4121.3255
2026-07-23 15:00:00,4121.12226,4122.29755,4119.8039,4120.25048
2026-07-23 15:05:00,4120.36006,4124.56177,4119.97363,4124.29117
2026-07-23 15:10:00,4123.69977,4124.74946,4123.1177,4124.6814
2026-07-23 15:15:00,4124.4172,4124.90203,4121.46986,4123.08196
2026-07-23 15:20:00,4122.82575,4122.82575,4120.14338,4120.40177
2026-07-23 15:25:00,4120.85045,4123.99813,4120.48292,4123.8539
2026-07-23 15:30:00,4123.39437,4128.47824,4120.98057,4127.22702
2026-07-23 15:35:00,4126.76318,4127.97496,4126.76318,4127.8304
2026-07-23 15:40:00,4127.56457,4127.56457,4124.94822,4125.20371
2026-07-23 15:45:00,4125.74967,4130.18338,4125.74967,4127.22699
2026-07-23 15:50:00,4127.59485,4128.26534,4124.22155,4127.001
2026-07-23 15:55:00,4126.77913,4126.92009,4120.65271,4122.75166
2026-07-23 16:00:00,4122.19557,4127.45584,4122.19557,4125.6043
2026-07-23 16:05:00,4125.47854,4127.44119,4121.50188,4123.0303
2026-07-23 16:10:00,4122.18078,4124.22155,4122.18078,4123.60441
2026-07-23 16:15:00,4123.43847,4126.93123,4123.20125,4126.62432
2026-07-23 16:20:00,4125.77918,4128.08674,4123.71134,4124.78071
2026-07-23 16:25:00,4124.5293,4125.23572,4121.92009,4123.64395
2026-07-23 16:30:00,4123.08424,4123.08424,4121.16217,4121.57295
2026-07-23 16:35:00,4121.51507,4123.20125,4121.30273,4122.4182
2026-07-23 16:40:00,4122.5161,4122.77115,4117.25955,4120.44762
2026-07-23 16:45:00,4119.66342,4122.15449,4119.66342,4120.07982
2026-07-23 16:50:00,4120.94621,4122.52133,4120.14338,4121.11513
2026-07-23 16:55:00,4120.99934,4120.99934,4118.27691,4118.45002
2026-07-23 17:00:00,4118.7622,4119.04189,4114.21048,4116.10446
2026-07-23 17:05:00,4115.84058,4116.74237,4110.74643,4111.32547
2026-07-23 17:10:00,4112.54534,4112.54534,4101.7614,4102.30108
2026-07-23 17:15:00,4103.32284,4111.84211,4103.32284,4109.66105
2026-07-23 17:20:00,4109.96584,4109.98315,4107.19073,4107.71858
2026-07-23 17:25:00,4108.41326,4110.78138,4106.4389,4108.66067
2026-07-23 17:30:00,4108.93734,4110.82085,4102.5641,4105.95656
2026-07-23 17:35:00,4105.30725,4105.76449,4100.82943,4101.66537
2026-07-23 17:40:00,4103.2535,4103.2535,4092.15534,4092.77328
2026-07-23 17:45:00,4094.01123,4096.51387,4092.49028,4093.89407
2026-07-23 17:50:00,4093.70091,4095.50723,4091.48562,4091.68949
2026-07-23 17:55:00,4092.10018,4096.17827,4092.10018,4094.0472
2026-07-23 18:00:00,4094.35043,4098.92355,4089.47777,4093.43595
2026-07-23 18:05:00,4093.01966,4095.0041,4091.90172,4094.604
2026-07-23 18:10:00,4094.54716,4097.521,4091.86659,4092.54993
2026-07-23 18:15:00,4093.48539,4093.48539,4090.59663,4090.91691
2026-07-23 18:20:00,4091.56606,4091.56606,4089.4236,4090.35046
2026-07-23 18:25:00,4090.51537,4091.65303,4089.25726,4091.47548
2026-07-23 18:30:00,4091.37077,4092.21769,4090.06232,4091.70813
2026-07-23 18:35:00,4091.0031,4093.49544,4091.0031,4091.29015
2026-07-23 18:40:00,4091.64534,4092.74223,4089.14332,4092.21295
2026-07-23 18:45:00,4091.63414,4092.26874,4088.47459,4088.69031
2026-07-23 18:50:00,4089.30121,4091.466,4088.39628,4089.54449
2026-07-23 18:55:00,4090.05158,4094.66874,4090.05158,4094.30708
2026-07-23 19:00:00,4094.16574,4098.30558,4092.75917,4097.95367
2026-07-23 19:05:00,4097.00793,4098.86461,4097.00793,4097.39042
2026-07-23 19:10:00,4097.45951,4098.69661,4097.01737,4097.10892
2026-07-23 19:15:00,4097.25532,4098.15293,4094.50109,4096.1025
2026-07-23 19:20:00,4095.90215,4097.36907,4093.49544,4093.61425
2026-07-23 19:25:00,4093.8666,4094.91556,4089.47777,4091.19906
2026-07-23 19:30:00,4090.99324,4091.65303,4087.46845,4091.37793
2026-07-23 19:35:00,4090.91312,4092.3228,4090.91312,4091.56292
2026-07-23 19:40:00,4091.67232,4092.49574,4091.25552,4092.46489
2026-07-23 19:45:00,4092.34459,4094.44493,4091.18904,4092.3718
2026-07-23 19:50:00,4092.13434,4094.16581,4090.64878,4093.16803
2026-07-23 19:55:00,4092.50095,4093.8306,4089.10568,4089.25259
2026-07-23 20:00:00,4089.4997,4091.65303,4087.80152,4090.99816
2026-07-23 20:05:00,4090.92178,4090.92178,4088.98899,4090.63596
2026-07-23 20:10:00,4090.57971,4090.71139,4087.97318,4090.63128
2026-07-23 20:15:00,4090.57037,4092.11399,4090.37502,4091.90997
2026-07-23 20:20:00,4091.59906,4091.59906,4086.97074,4087.08443
2026-07-23 20:25:00,4087.26083,4089.60023,4086.60852,4088.5368
2026-07-23 20:30:00,4088.78483,4092.3228,4088.20967,4088.84265
2026-07-23 20:35:00,4090.20583,4090.20583,4086.80371,4089.78844
2026-07-23 20:40:00,4089.67738,4089.67738,4087.97318,4088.9806
2026-07-23 20:45:00,4089.00856,4091.99112,4086.59148,4091.58638
2026-07-23 20:50:00,4090.88303,4094.16581,4090.88303,4092.55554
2026-07-23 20:55:00,4092.76861,4095.0041,4092.65777,4092.7374
2026-07-23 21:00:00,4092.85674,4093.62368,4091.38033,4093.25824
2026-07-23 21:05:00,4092.65773,4092.72503,4089.47777,4090.6035
2026-07-23 21:10:00,4090.4261,4090.4261,4087.4719,4087.63659
2026-07-23 21:15:00,4087.90263,4089.55391,4085.1342,4085.6084
2026-07-23 21:20:00,4085.75953,4087.67301,4082.63248,4082.97205
2026-07-23 21:25:00,4083.45129,4084.96732,4082.29915,4082.59884
2026-07-23 21:30:00,4082.87288,4084.56404,4079.80091,4081.22729
2026-07-23 21:35:00,4081.02357,4082.29915,4079.31321,4081.05782
2026-07-23 21:40:00,4081.63527,4082.316,4073.81757,4078.03122
2026-07-23 21:45:00,4077.37308,4081.52679,4077.37308,4081.36655
2026-07-23 21:50:00,4080.86377,4085.96878,4080.53342,4085.79352
2026-07-23 21:55:00,4085.42007,4085.83113,4083.64018,4085.48588
2026-07-23 22:00:00,4084.74424,4086.4697,4082.29915,4082.97921
2026-07-23 22:05:00,4082.92591,4084.96732,4081.60374,4083.8115
2026-07-23 22:10:00,4083.56778,4085.31849,4081.70501,4082.17478
2026-07-23 22:15:00,4083.06469,4083.06469,4074.37914,4074.93024
2026-07-23 22:20:00,4075.74013,4078.13711,4074.41916,4075.11536
2026-07-23 22:25:00,4076.66889,4076.80704,4071.16395,4076.51283
2026-07-23 22:30:00,4076.27333,4076.44504,4069.34158,4070.67492
2026-07-23 22:35:00,4071.02637,4074.36948,4064.94528,4070.14019
2026-07-23 22:40:00,4067.92248,4072.65619,4066.5284,4066.82236
2026-07-23 22:45:00,4067.9383,4073.21339,4063.55398,4063.94095
2026-07-23 22:50:00,4064.66548,4067.02456,4064.24927,4066.32239
2026-07-23 22:55:00,4066.05049,4067.55443,4062.76609,4063.71004
2026-07-23 23:00:00,4064.9536,4064.9536,4056.05222,4056.40126
2026-07-23 23:05:00,4057.09869,4059.71444,4046.78079,4047.33209
2026-07-23 23:10:00,4047.40523,4049.99858,4041.5471,4043.58342
2026-07-23 23:15:00,4043.18582,4048.08627,4041.22045,4047.11911
2026-07-23 23:20:00,4044.8403,4053.34198,4044.8403,4053.22728
2026-07-23 23:25:00,4053.01708,4057.94749,4052.96947,4057.47606
2026-07-23 23:30:00,4056.39664,4066.5284,4053.52545,4066.10333
2026-07-23 23:35:00,4065.30543,4065.30543,4057.51829,4058.37299
2026-07-23 23:40:00,4059.69688,4061.24355,4056.46601,4060.89869
2026-07-23 23:45:00,4060.07554,4061.75023,4051.83726,4052.32443
2026-07-23 23:50:00,4053.28712,4056.87373,4051.04314,4056.13325
2026-07-23 23:55:00,4054.76351,4059.35518,4045.1438,4045.74581
2026-07-24 00:00:00,4046.83027,4049.73069,4044.48938,4044.85416
2026-07-24 00:05:00,4045.46022,4045.46022,4041.38377,4041.72491
2026-07-24 00:10:00,4042.27412,4049.21535,4041.38377,4048.50716
2026-07-24 00:15:00,4047.61463,4052.40448,4043.77161,4050.88441
2026-07-24 00:20:00,4047.32053,4050.87904,4042.03719,4050.5444
2026-07-24 00:25:00,4049.83534,4054.21257,4049.15263,4053.98748
2026-07-24 00:30:00,4053.68573,4057.12431,4053.01342,4053.31723
2026-07-24 00:35:00,4053.52982,4058.93575,4053.38563,4058.27825
2026-07-24 00:40:00,4057.80399,4058.97551,4057.28892,4057.38015
2026-07-24 00:45:00,4057.519,4061.4085,4055.43798,4060.81374
2026-07-24 00:50:00,4060.51604,4060.52469,4058.01855,4059.197
2026-07-24 00:55:00,4059.00504,4059.00504,4057.87219,4058.69958
2026-07-24 01:00:00,4058.59171,4058.66184,4056.99615,4057.32516
2026-07-24 01:05:00,4057.93876,4057.93876,4055.08167,4056.1078
2026-07-24 01:10:00,4056.01504,4056.14013,4048.583,4053.40074
2026-07-24 01:15:00,4052.78409,4056.72578,4051.20726,4056.10794
2026-07-24 01:20:00,4055.0833,4055.0833,4047.10834,4047.74176
2026-07-24 01:25:00,4048.7054,4049.96659,4048.7054,4048.82889
2026-07-24 01:30:00,4048.95366,4050.03944,4043.40923,4043.58662
2026-07-24 01:35:00,4043.92969,4048.91084,4043.92969,4048.7489
2026-07-24 01:40:00,4048.58037,4052.35645,4048.32969,4051.801
2026-07-24 01:45:00,4051.97845,4051.97845,4047.59977,4050.68194
2026-07-24 01:50:00,4050.45496,4050.45496,4047.26774,4049.39103
2026-07-24 01:55:00,4048.37302,4051.0646,4046.94456,4047.52112
2026-07-24 02:00:00,4047.50814,4050.96629,4046.6881,4050.76541
2026-07-24 02:05:00,4050.43601,4050.43601,4048.41909,4049.09009
2026-07-24 02:10:00,4048.96887,4050.68555,4047.77547,4049.46601
2026-07-24 02:15:00,4049.97168,4050.91362,4046.92361,4047.37959
2026-07-24 02:20:00,4048.28633,4050.87904,4046.49795,4050.78306
2026-07-24 02:25:00,4050.56057,4050.67884,4048.2552,4050.62452
2026-07-24 02:30:00,4050.40055,4050.71495,4048.94421,4049.24956
2026-07-24 02:35:00,4049.69181,4050.42717,4047.0577,4049.89139
2026-07-24 02:40:00,4049.13175,4051.20726,4049.13175,4050.6798
2026-07-24 02:45:00,4050.54216,4050.55662,4049.53894,4050.03239
2026-07-24 02:50:00,4049.94318,4049.94318,4048.583,4049.39434
2026-07-24 02:55:00,4049.30015,4051.66715,4049.1955,4051.55323
2026-07-24 03:00:00,4051.39477,4053.83493,4049.3906,4053.21694
2026-07-24 03:05:00,4052.88622,4054.90257,4047.95549,4048.35023
2026-07-24 03:10:00,4048.87089,4048.91084,4047.27214,4048.11245
2026-07-24 03:15:00,4048.00711,4049.8947,4046.71612,4047.05571
2026-07-24 03:20:00,4047.65715,4050.88761,4046.28955,4048.21134
2026-07-24 03:25:00,4048.3333,4049.68107,4047.76361,4047.96737
2026-07-24 03:30:00,4047.91945,4048.91084,4046.47696,4048.02142
2026-07-24 03:35:00,4048.15815,4048.48346,4044.65297,4045.73569
2026-07-24 03:40:00,4045.57062,4046.62782,4043.12382,4045.42368
2026-07-24 03:45:00,4045.1404,4045.1404,4043.18117,4043.27866
2026-07-24 03:50:00,4043.41509,4043.99871,4042.36397,4042.45966
2026-07-24 03:55:00,4042.77067,4043.60252,4042.15925,4043.09202
2026-07-24 04:00:00,4042.81299,4043.34465,4041.5471,4043.25112
2026-07-24 04:05:00,4043.05836,4043.91663,4041.05714,4043.8071
2026-07-24 04:10:00,4043.57367,4043.83686,4042.79344,4042.93353
2026-07-24 04:15:00,4043.14547,4044.16225,4041.22045,4044.07201
2026-07-24 04:20:00,4043.87053,4043.87053,4040.2681,4040.61637
2026-07-24 04:25:00,4041.26801,4044.93903,4041.26801,4044.81907
2026-07-24 04:30:00,4044.44488,4047.76361,4044.21849,4045.8382
2026-07-24 04:35:00,4046.01453,4046.61703,4044.81657,4045.53919
2026-07-24 04:40:00,4045.76059,4046.28955,4044.81657,4046.24845
2026-07-24 04:45:00,4046.14023,4048.41909,4045.60648,4048.2879
2026-07-24 04:50:00,4048.01171,4048.09674,4046.36746,4046.57299
2026-07-24 04:55:00,4046.94918,4046.94918,4045.06729,4045.16898
2026-07-24 05:00:00,4045.45382,4048.74691,4045.45382,4046.83897
2026-07-24 05:05:00,4047.30151,4047.30151,4044.74992,4045.08689
2026-07-24 05:10:00,4045.75442,4045.75442,4043.01771,4043.1392
2026-07-24 05:15:00,4043.36016,4045.96213,4042.66587,4045.0108
2026-07-24 05:20:00,4045.11216,4047.80667,4044.22491,4046.36556
2026-07-24 05:25:00,4046.96731,4048.91084,4046.96731,4047.93644
2026-07-24 05:30:00,4047.90807,4050.16949,4046.78079,4046.91391
2026-07-24 05:35:00,4047.05024,4047.93234,4046.72334,4047.49329
2026-07-24 05:40:00,4047.50729,4048.09132,4046.63068,4046.7428
2026-07-24 05:45:00,4046.898,4046.898,4045.10514,4046.67932
2026-07-24 05:50:00,4046.42803,4050.22276,4044.43429,4050.06154
2026-07-24 05:55:00,4049.87197,4050.71876,4049.87197,4050.67866
2026-07-24 06:00:00,4050.57949,4050.57949,4049.31161,4049.4933
2026-07-24 06:05:00,4049.81024,4049.81024,4048.583,4049.34586
2026-07-24 06:10:00,4049.25532,4049.87617,4048.78032,4049.23344
2026-07-24 06:15:00,4049.3267,4050.10164,4048.27771,4048.44652
2026-07-24 06:20:00,4048.74014,4049.30495,4047.18616,4049.04634
2026-07-24 06:25:00,4048.89988,4050.71495,4048.89988,4050.58637
2026-07-24 06:30:00,4050.33899,4050.52001,4049.40271,4049.74898
2026-07-24 06:35:00,4049.78151,4050.59505,4049.66992,4050.52503
2026-07-24 06:40:00,4050.42783,4050.43412,4049.23874,4049.62416
2026-07-24 06:45:00,4049.3298,4050.00666,4049.07479,4049.8635
2026-07-24 06:50:00,4049.67648,4050.11058,4047.59977,4047.70226
2026-07-24 06:55:00,4047.73559,4049.73069,4047.38566,4049.51576
2026-07-24 07:00:00,4049.28375,4052.32916,4044.98018,4048.75183
2026-07-24 07:05:00,4048.61202,4048.91778,4048.583,4048.74722
2026-07-24 07:10:00,4048.77099,4048.96404,4048.72612,4048.84945
2026-07-24 07:15:00,4048.78789,4048.91264,4048.74691,4048.87136
2026-07-24 07:20:00,4048.78953,4048.97151,4048.73258,4048.78652
2026-07-24 07:25:00,4048.78953,4048.92446,4048.76991,4048.76991
2026-07-24 07:30:00,4048.78953,4048.96651,4048.72882,4048.85548
2026-07-24 07:35:00,4048.78953,4048.92144,4048.78039,4048.86832
2026-07-24 07:40:00,4048.78953,4048.97168,4048.73357,4048.78217
2026-07-24 07:45:00,4048.78953,4048.91568,4048.77315,4048.77315
2026-07-24 07:50:00,4048.78953,4048.96834,4048.72912,4048.85969
2026-07-24 07:55:00,4048.78953,4048.92985,4048.56159,4048.89386
2026-07-24 08:00:00,4048.8155,4050.22276,4047.8432,4049.41592
2026-07-24 08:05:00,4049.44729,4050.22276,4049.1371,4050.16016
2026-07-24 08:10:00,4049.90829,4049.90829,4048.91084,4049.29788
2026-07-24 08:15:00,4049.36325,4049.93764,4049.23874,4049.8849
2026-07-24 08:20:00,4049.7721,4050.25543,4049.5667,4050.21738
2026-07-24 08:25:00,4050.06942,4050.33844,4049.40271,4049.4449
2026-07-24 08:30:00,4049.56603,4050.38681,4049.55446,4050.09973
2026-07-24 08:35:00,4050.17679,4050.38681,4049.8847,4050.16044
2026-07-24 08:40:00,4050.06267,4050.22276,4049.23874,4049.31627
2026-07-24 08:45:00,4049.43466,4049.8947,4049.07479,4049.50516
2026-07-24 08:50:00,4049.53323,4050.23646,4049.2075,4050.19198
2026-07-24 08:55:00,4050.12294,4050.79554,4049.07479,4049.70998
2026-07-24 09:00:00,4049.57662,4050.092,4048.91084,4049.00087
2026-07-24 09:05:00,4049.16587,4049.19275,4047.92746,4048.01456
2026-07-24 09:10:00,4048.15613,4048.46129,4047.59977,4048.13081
2026-07-24 09:15:00,4047.63091,4049.07479,4047.63091,4048.19661
2026-07-24 09:20:00,4048.42597,4049.23874,4047.14431,4048.79641
2026-07-24 09:25:00,4048.92076,4049.73069,4048.91084,4049.51073
2026-07-24 09:30:00,4049.3973,4050.36686,4049.17775,4050.30156
2026-07-24 09:35:00,4050.18236,4050.47039,4048.91084,4050.15258
2026-07-24 09:40:00,4049.80413,4049.80413,4047.27214,4047.83709
2026-07-24 09:45:00,4047.94925,4049.10784,4046.95051,4048.87097
2026-07-24 09:50:00,4048.51479,4049.9834,4048.0273,4049.67351
2026-07-24 09:55:00,4049.18097,4049.18097,4047.37396,4048.12535
2026-07-24 10:00:00,4048.02849,4049.40271,4047.10834,4048.70855
2026-07-24 10:05:00,4048.99507,4049.72523,4045.1438,4045.88321
2026-07-24 10:10:00,4045.5817,4046.12583,4042.57222,4044.16548
2026-07-24 10:15:00,4044.13836,4044.16225,4041.5471,4044.09378
2026-07-24 10:20:00,4043.85527,4047.27214,4043.01771,4047.12293
2026-07-24 10:25:00,4046.80191,4046.80191,4044.85168,4044.97233
2026-07-24 10:30:00,4045.14266,4047.76361,4045.14266,4046.90432
2026-07-24 10:35:00,4046.73421,4049.8947,4045.29148,4049.5312
2026-07-24 10:40:00,4049.37247,4050.22276,4048.2552,4050.04701
2026-07-24 10:45:00,4049.72151,4050.05873,4049.40271,4049.72533
2026-07-24 10:50:00,4049.90186,4049.97683,4048.74691,4049.34508
2026-07-24 10:55:00,4049.21518,4050.38681,4048.57989,4050.35203
2026-07-24 11:00:00,4050.18834,4050.46945,4041.38377,4042.40891
2026-07-24 11:05:00,4042.61532,4045.1438,4041.71045,4042.73512
2026-07-24 11:10:00,4042.95005,4043.83517,4040.89385,4041.85227
2026-07-24 11:15:00,4041.55845,4045.30744,4041.55845,4043.17715
2026-07-24 11:20:00,4043.17862,4045.4711,4042.02974,4044.40803
2026-07-24 11:25:00,4043.21655,4045.4711,4043.21655,4045.08831
2026-07-24 11:30:00,4044.79474,4045.14765,4041.6576,4044.04808
2026-07-24 11:35:00,4043.42541,4044.98018,4043.01771,4044.37339
2026-07-24 11:40:00,4044.0609,4049.35973,4043.75516,4048.659
2026-07-24 11:45:00,4047.74523,4050.22276,4047.74523,4048.32357
2026-07-24 11:50:00,4048.38675,4048.74691,4045.90406,4046.98916
2026-07-24 11:55:00,4046.703,4047.03221,4041.87381,4042.11243
2026-07-24 12:00:00,4042.44289,4045.16615,4042.44289,4045.0671
2026-07-24 12:05:00,4044.78017,4044.78017,4041.38377,4043.77012
2026-07-24 12:10:00,4043.65441,4045.76912,4043.57014,4045.61854
2026-07-24 12:15:00,4045.41687,4045.79844,4045.30744,4045.45726
2026-07-24 12:20:00,4045.36383,4045.57147,4043.46339,4045.11397
2026-07-24 12:25:00,4043.96423,4049.08487,4043.96423,4048.66116
2026-07-24 12:30:00,4047.94625,4047.94625,4044.46289,4045.0948
2026-07-24 12:35:00,4046.29572,4046.29572,4042.15139,4042.40051
2026-07-24 12:40:00,4042.75327,4043.83517,4041.5471,4041.67951
2026-07-24 12:45:00,4041.93854,4042.49591,4028.85884,4031.23832
2026-07-24 12:50:00,4036.62048,4036.62048,4026.41327,4029.37873
2026-07-24 12:55:00,4028.93293,4029.93563,4023.81048,4024.22131
2026-07-24 13:00:00,4024.89677,4026.87639,4022.1065,4026.06901
2026-07-24 13:05:00,4024.14685,4029.42301,4024.14685,4029.13951
2026-07-24 13:10:00,4028.61714,4032.09548,4026.20925,4031.82605
2026-07-24 13:15:00,4031.24646,4033.02236,4030.87248,4031.27615
2026-07-24 13:20:00,4032.05408,4032.24594,4027.54148,4029.65471
2026-07-24 13:25:00,4030.08765,4030.79528,4029.1712,4030.6477
2026-07-24 13:30:00,4030.51958,4032.98103,4028.28668,4031.37102
2026-07-24 13:35:00,4031.46818,4032.58327,4031.28275,4032.06726
2026-07-24 13:40:00,4031.72256,4032.75153,4031.28275,4031.40375
2026-07-24 13:45:00,4031.61584,4032.07919,4030.47036,4031.79219
2026-07-24 13:50:00,4031.42203,4032.92573,4030.41058,4030.60553
2026-07-24 13:55:00,4030.958,4030.958,4028.40326,4029.40087
2026-07-24 14:00:00,4029.04422,4029.83393,4028.19738,4029.4217
2026-07-24 14:05:00,4029.25845,4030.14549,4028.68423,4028.77309
2026-07-24 14:10:00,4028.84167,4030.05387,4027.38623,4028.91974
2026-07-24 14:15:00,4028.73791,4028.84654,4028.03512,4028.06693
2026-07-24 14:20:00,4028.14036,4029.84836,4028.14036,4029.73182
2026-07-24 14:25:00,4029.54594,4030.2454,4029.54594,4030.19544
2026-07-24 14:30:00,4030.05956,4030.30792,4029.11908,4029.25837
2026-07-24 14:35:00,4029.47988,4029.47988,4027.22403,4027.69596
2026-07-24 14:40:00,4027.63022,4027.63022,4026.51776,4027.01893
2026-07-24 14:45:00,4026.9143,4027.12942,4025.92697,4026.89306
2026-07-24 14:50:00,4026.53909,4027.25325,4025.92697,4027.13519
2026-07-24 14:55:00,4026.96751,4028.35965,4026.89969,4028.05877
2026-07-24 15:00:00,4028.02514,4028.02514,4026.08906,4027.43543
2026-07-24 15:05:00,4026.26838,4029.98307,4026.20379,4027.85729
2026-07-24 15:10:00,4027.94722,4032.96233,4027.7172,4029.20367
2026-07-24 15:15:00,4029.81571,4029.81571,4022.84979,4023.26938
2026-07-24 15:20:00,4023.95556,4029.49591,4023.17348,4029.28512
2026-07-24 15:25:00,4028.8744,4028.8744,4025.7649,4025.93792
2026-07-24 15:30:00,4026.27091,4030.11454,4026.08906,4029.79352
2026-07-24 15:35:00,4029.07267,4030.97082,4026.12664,4026.82974
2026-07-24 15:40:00,4028.41734,4028.41734,4024.63074,4024.9824
2026-07-24 15:45:00,4025.57238,4029.33355,4024.95472,4029.13717
2026-07-24 15:50:00,4028.74969,4030.07286,4024.30681,4024.67611
2026-07-24 15:55:00,4025.13421,4025.13421,4022.20256,4022.53918
2026-07-24 16:00:00,4022.59471,4026.10558,4022.09051,4023.98684
2026-07-24 16:05:00,4024.37745,4027.18744,4024.37745,4026.83164
2026-07-24 16:10:00,4026.34361,4031.44527,4026.34361,4031.20519
2026-07-24 16:15:00,4030.6712,4031.90452,4028.3128,4031.29134
2026-07-24 16:20:00,4029.96955,4036.55139,4029.96955,4035.97994
2026-07-24 16:25:00,4035.42664,4037.95679,4035.18683,4035.52316
2026-07-24 16:30:00,4036.09424,4036.09424,4033.87288,4035.07084
2026-07-24 16:35:00,4035.13084,4036.32694,4034.69841,4036.23698
2026-07-24 16:40:00,4035.99946,4036.48987,4034.05908,4034.48115
2026-07-24 16:45:00,4035.372,4036.83866,4032.78608,4034.9427
2026-07-24 16:50:00,4035.37305,4035.37305,4031.77035,4034.19605
2026-07-24 16:55:00,4033.42116,4037.81847,4033.42116,4037.62127
2026-07-24 17:00:00,4037.24081,4039.08429,4036.97873,4037.63185
2026-07-24 17:05:00,4038.22727,4044.78567,4037.6762,4043.99846
2026-07-24 17:10:00,4042.85577,4047.59977,4042.85577,4046.42659
2026-07-24 17:15:00,4046.34107,4046.81824,4044.48938,4046.37759
2026-07-24 17:20:00,4045.39152,4049.40271,4045.39152,4048.26146
2026-07-24 17:25:00,4048.3443,4050.56564,4047.89203,4050.4146
2026-07-24 17:30:00,4050.17531,4052.13611,4048.41909,4051.2225
2026-07-24 17:35:00,4049.51842,4053.34198,4047.79427,4048.44709
2026-07-24 17:40:00,4049.54605,4049.54605,4046.28955,4046.41839
2026-07-24 17:45:00,4046.3416,4048.41909,4046.3416,4047.12049
2026-07-24 17:50:00,4047.39886,4048.583,4046.45328,4048.28269
2026-07-24 17:55:00,4048.00732,4049.40271,4048.00732,4048.87456
2026-07-24 18:00:00,4048.9782,4049.36048,4046.78079,4046.92884
2026-07-24 18:05:00,4047.06486,4047.75172,4045.1438,4047.35616
2026-07-24 18:10:00,4046.93381,4047.59977,4046.12583,4046.3821
2026-07-24 18:15:00,4046.50818,4047.59977,4045.69036,4045.92049
2026-07-24 18:20:00,4046.35722,4048.22029,4044.56265,4048.05178
2026-07-24 18:25:00,4047.74907,4050.67512,4046.28955,4050.03503
2026-07-24 18:30:00,4048.80289,4052.02804,4048.80289,4051.27372
2026-07-24 18:35:00,4051.18205,4052.65686,4049.23874,4052.54898
2026-07-24 18:40:00,4052.17738,4055.05515,4052.06365,4054.91469
2026-07-24 18:45:00,4054.55865,4055.43445,4052.00469,4052.30498
2026-07-24 18:50:00,4052.90415,4056.95971,4052.90415,4056.88003
2026-07-24 18:55:00,4056.70234,4057.97551,4056.11082,4057.62641
2026-07-24 19:00:00,4056.7881,4059.59485,4056.7881,4057.68221
2026-07-24 19:05:00,4058.22747,4058.22747,4055.31449,4056.68909
2026-07-24 19:10:00,4056.27102,4057.45354,4053.50628,4053.76394
2026-07-24 19:15:00,4054.00786,4055.80792,4053.52517,4055.74863
2026-07-24 19:20:00,4055.62543,4055.62543,4053.34198,4054.5646
2026-07-24 19:25:00,4054.15987,4056.33632,4053.96068,4054.23344
2026-07-24 19:30:00,4054.68887,4054.68887,4052.19224,4054.13687
2026-07-24 19:35:00,4053.84044,4054.9856,4053.768,4054.91939
2026-07-24 19:40:00,4054.7697,4055.97242,4054.48172,4055.52795
2026-07-24 19:45:00,4055.62828,4055.97242,4055.31449,4055.39585
2026-07-24 19:50:00,4055.43845,4058.05632,4053.92679,4057.74214
2026-07-24 19:55:00,4056.92605,4059.59485,4056.92605,4059.54427
2026-07-24 20:00:00,4059.33471,4060.50685,4058.93575,4060.30089
2026-07-24 20:05:00,4059.69216,4060.91371,4058.82749,4059.95594
2026-07-24 20:10:00,4059.52348,4060.25417,4058.44156,4058.61859
2026-07-24 20:15:00,4058.75284,4061.07862,4057.94749,4061.04215
2026-07-24 20:20:00,4060.99154,4061.4085,4059.43006,4061.27104
2026-07-24 20:25:00,4060.92057,4064.54497,4059.92449,4064.18629
2026-07-24 20:30:00,4063.49696,4064.73079,4061.97901,4064.29834
2026-07-24 20:35:00,4063.40144,4063.40144,4060.82006,4061.37604
2026-07-24 20:40:00,4061.28571,4061.28571,4058.96517,4059.06092
2026-07-24 20:45:00,4059.20507,4059.20507,4058.17954,4058.30163
2026-07-24 20:50:00,4058.48474,4059.43006,4057.78283,4058.35473
2026-07-24 20:55:00,4058.79012,4060.41904,4057.94749,4060.2983
2026-07-24 21:00:00,4059.98602,4062.36079,4058.89711,4061.9319
2026-07-24 21:05:00,4061.10534,4063.05867,4061.09103,4061.23535
2026-07-24 21:10:00,4061.47647,4061.47647,4060.70174,4060.73355
2026-07-24 21:15:00,4060.84673,4061.73842,4060.58391,4060.67786
2026-07-24 21:20:00,4060.83862,4061.80323,4060.48217,4061.606
2026-07-24 21:25:00,4061.08954,4062.28139,4059.43006,4059.88831
2026-07-24 21:30:00,4059.79996,4060.40789,4058.44156,4060.16784
2026-07-24 21:35:00,4060.03056,4060.64287,4057.70448,4057.96858
2026-07-24 21:40:00,4058.41153,4058.41153,4055.80792,4055.97586
2026-07-24 21:45:00,4056.25606,4057.18558,4054.66461,4054.81178
2026-07-24 21:50:00,4055.04957,4055.04957,4053.06395,4053.18231
2026-07-24 21:55:00,4053.37299,4058.69671,4051.69969,4056.71947
2026-07-24 22:00:00,4052.15746,4061.4085,4052.15746,4054.32428
2026-07-24 22:05:00,4053.9697,4057.30594,4053.50628,4056.77811
2026-07-24 22:10:00,4055.5289,4057.94749,4055.5289,4056.18127
2026-07-24 22:15:00,4056.23921,4057.18266,4056.23921,4057.09784
2026-07-24 22:20:00,4057.03139,4057.99458,4054.54582,4057.52164
2026-07-24 22:25:00,4056.9269,4060.25417,4056.9269,4058.88359
2026-07-24 22:30:00,4059.22832,4060.58855,4056.79513,4058.29974
2026-07-24 22:35:00,4057.35726,4059.26527,4055.31449,4055.49341
2026-07-24 22:40:00,4055.91806,4056.30146,4052.19224,4053.93178
2026-07-24 22:45:00,4052.88826,4056.30146,4051.20726,4053.46406
2026-07-24 22:50:00,4053.03721,4055.47895,4053.03721,4055.37449
2026-07-24 22:55:00,4055.18326,4055.35485,4052.02804,4053.86688
2026-07-24 23:00:00,4052.57313,4058.44156,4052.57313,4052.95312
2026-07-24 23:05:00,4053.1337,4053.41803,4046.61703,4046.81113
2026-07-24 23:10:00,4047.13325,4049.07479,4045.79844,4048.07295
2026-07-24 23:15:00,4048.08735,4048.80949,4045.49332,4045.70354
2026-07-24 23:20:00,4046.04334,4048.91084,4045.1438,4047.54419
2026-07-24 23:25:00,4047.7139,4048.2552,4046.12583,4048.1742
2026-07-24 23:30:00,4047.8892,4050.05873,4045.61171,4048.65554
2026-07-24 23:35:00,4048.9601,4055.97242,4048.9601,4055.61785
2026-07-24 23:40:00,4054.96189,4055.64343,4052.35645,4052.46484
2026-07-24 23:45:00,4052.59643,4059.06251,4050.63901,4058.13704
2026-07-24 23:50:00,4056.749,4060.25417,4056.749,4058.41272
2026-07-24 23:55:00,4057.47115,4066.91471,4057.47115,4064.94942
2026-07-25 00:00:00,4060.27437,4069.50718,4060.27437,4065.14352
2026-07-25 00:05:00,4066.07547,4066.07547,4057.61818,4059.70312
2026-07-25 00:10:00,4059.58971,4063.05867,4059.43006,4060.08035
2026-07-25 00:15:00,4060.36628,4060.75384,4057.12431,4057.34169
2026-07-25 00:20:00,4057.42425,4063.1373,4056.35799,4062.67514
2026-07-25 00:25:00,4061.74856,4068.52091,4061.74856,4065.40215
2026-07-25 00:30:00,4065.77304,4067.18998,4065.67628,4067.11039
2026-07-25 00:35:00,4066.94723,4066.94723,4062.20642,4062.55193
2026-07-25 00:40:00,4063.12362,4063.12362,4060.7488,4060.77948
2026-07-25 00:45:00,4060.7362,4061.5535,4059.59485,4061.29421
2026-07-25 00:50:00,4060.86091,4064.37978,4060.86091,4062.18909
2026-07-25 00:55:00,4062.39717,4066.69378,4061.36718,4064.89724
2026-07-25 01:00:00,4065.14481,4066.03237,4063.05867,4065.92377
2026-07-25 01:05:00,4065.57482,4065.57482,4062.39844,4062.49544
2026-07-25 01:10:00,4062.50341,4074.31551,4061.89634,4066.31982
2026-07-25 01:15:00,4067.9778,4078.96884,4066.8939,4078.60224
2026-07-25 01:20:00,4078.32881,4080.69327,4073.98354,4074.30862
2026-07-25 01:25:00,4074.91167,4075.64395,4073.48568,4075.48065
2026-07-25 01:30:00,4075.11546,4075.81007,4075.03108,4075.75576
2026-07-25 01:35:00,4075.61807,4078.46976,4074.31551,4078.14553
2026-07-25 01:40:00,4077.46891,4079.65122,4073.23525,4073.68114
2026-07-25 01:45:00,4074.51344,4074.51344,4071.82703,4071.9671
2026-07-25 01:50:00,4072.06908,4075.63964,4072.06908,4075.40787
2026-07-25 01:55:00,4075.05874,4077.18165,4075.05874,4076.91471
2026-07-25 02:00:00,4076.52053,4077.38132,4075.81007,4075.94179
2026-07-25 02:05:00,4076.23933,4077.13948,4075.43555,4077.04555
2026-07-25 02:10:00,4076.78574,4076.9078,4074.64754,4074.793
2026-07-25 02:15:00,4075.07072,4075.64395,4073.7058,4075.50489
2026-07-25 02:20:00,4075.22866,4077.08603,4073.75815,4076.73938
2026-07-25 02:25:00,4076.23077,4078.17791,4074.37186,4074.77454
2026-07-25 02:30:00,4075.4094,4075.4094,4071.66124,4072.71322
2026-07-25 02:35:00,4072.58329,4072.69418,4068.42434,4068.63923
2026-07-25 02:40:00,4069.02478,4069.02478,4067.18998,4067.98069
2026-07-25 02:45:00,4067.88144,4068.69765,4064.37978,4064.6758
2026-07-25 02:50:00,4065.21366,4065.22394,4064.54497,4064.63369
2026-07-25 02:55:00,4064.61463,4067.45519,4064.09022,4067.37724
2026-07-25 03:00:00,4067.07741,4068.18274,4067.07741,4068.17324
2026-07-25 03:05:00,4068.05897,4068.18274,4064.71019,4064.9698
2026-07-25 03:10:00,4065.11566,4066.53739,4063.55398,4063.76228
2026-07-25 03:15:00,4063.82472,4066.69378,4063.82472,4066.44106
2026-07-25 03:20:00,4065.82446,4067.27267,4065.0478,4065.42822
2026-07-25 03:25:00,4066.14271,4069.50718,4066.14271,4068.26446
2026-07-25 03:30:00,4068.40847,4069.83843,4067.85177,4069.43644
2026-07-25 03:35:00,4069.29442,4069.93399,4068.01725,4068.09314
2026-07-25 03:40:00,4068.15551,4068.37773,4066.92911,4067.16742
2026-07-25 03:45:00,4067.54018,4067.54018,4064.87541,4065.0651
2026-07-25 03:50:00,4065.38877,4068.53655,4063.38887,4063.62433
2026-07-25 03:55:00,4063.7184,4065.04065,4063.22376,4064.98988
2026-07-25 04:00:00,4064.88103,4065.65946,4061.24355,4061.51688
2026-07-25 04:05:00,4061.90028,4064.21459,4061.0756,4063.29514
2026-07-25 04:10:00,4063.24833,4063.63915,4062.09958,4062.71259
2026-07-25 04:15:00,4062.58951,4062.89359,4060.52237,4060.823
2026-07-25 04:20:00,4061.41853,4061.41853,4056.95971,4057.19581
2026-07-25 04:25:00,4057.57506,4057.94749,4055.71591,4055.90331
2026-07-25 04:30:00,4056.15989,4056.15989,4053.16258,4053.46797
2026-07-25 04:35:00,4054.08727,4056.46601,4052.60668,4056.38546
2026-07-25 04:40:00,4056.18559,4056.46601,4051.97968,4052.10629
2026-07-25 04:45:00,4052.31065,4055.28924,4051.38016,4054.0967
2026-07-25 04:50:00,4054.37394,4055.80792,4052.99727,4054.48378
2026-07-25 04:55:00,4054.73037,4055.47046,4054.328,4055.39138
2026-07-25 05:00:00,4055.21253,4056.13694,4053.01342,4055.91734
2026-07-25 05:05:00,4055.40525,4055.97242,4053.01342,4053.55703
2026-07-25 05:10:00,4053.52431,4054.82118,4052.52067,4053.18707
2026-07-25 05:15:00,4053.8951,4053.8951,4049.40271,4051.48385
2026-07-25 05:20:00,4051.34269,4051.34269,4049.87469,4050.1009
2026-07-25 05:25:00,4050.52574,4051.67754,4049.70593,4051.50725
2026-07-25 05:30:00,4051.00669,4054.16363,4051.00669,4053.97267
2026-07-25 05:35:00,4053.4344,4055.64343,4053.28483,4055.36806
2026-07-25 05:40:00,4055.33262,4057.93481,4054.71,4057.76488
2026-07-25 05:45:00,4057.46464,4057.46464,4055.44144,4055.54585
2026-07-25 05:50:00,4055.66827,4055.98618,4054.06445,4054.98764
2026-07-25 05:55:00,4054.55491,4055.64343,4052.6849,4053.80079
2026-07-25 06:00:00,4053.30694,4055.31449,4053.29628,4054.51097
2026-07-25 06:05:00,4054.76531,4054.76531,4053.01342,4053.12519
2026-07-25 06:10:00,4053.28009,4053.74144,4052.69543,4053.61021
2026-07-25 06:15:00,4053.36045,4053.36045,4052.52067,4052.8632
2026-07-25 06:20:00,4052.87675,4053.37993,4051.89825,4053.24503
2026-07-25 06:25:00,4053.05578,4054.78353,4053.05578,4053.67709
2026-07-25 06:30:00,4053.66268,4055.23226,4052.61583,4054.7917
2026-07-25 06:35:00,4053.99878,4054.43331,4052.02804,4054.3635
2026-07-25 06:40:00,4054.16615,4055.88425,4053.97538,4055.64356
2026-07-25 06:45:00,4055.13333,4057.07211,4054.328,4054.51691
2026-07-25 06:50:00,4054.84737,4054.84737,4053.34198,4053.43223
2026-07-25 06:55:00,4053.46747,4053.83493,4052.52067,4053.47211
2026-07-25 07:00:00,4053.37645,4055.70761,4053.34198,4055.604
2026-07-25 07:05:00,4055.3878,4056.07363,4055.3878,4055.99296
2026-07-25 07:10:00,4055.87592,4056.07961,4055.80792,4055.96426
2026-07-25 07:15:00,4055.92322,4056.1024,4055.86934,4056.01949
2026-07-25 07:20:00,4055.92965,4056.10934,4055.88524,4055.99308
2026-07-25 07:25:00,4055.92965,4056.11101,4055.8808,4055.90012
2026-07-25 07:30:00,4055.92965,4056.09833,4055.8706,4055.96406
2026-07-25 07:35:00,4055.92965,4056.09774,4055.87082,4056.02041
2026-07-25 07:40:00,4055.92965,4056.11118,4055.88026,4055.99812
2026-07-25 07:45:00,4055.92965,4056.10906,4055.88588,4055.89944
2026-07-25 07:50:00,4055.92965,4056.10288,4055.86923,4055.95909
2026-07-25 07:55:00,4055.92965,4056.09225,4055.87323,4056.02086
2026-07-25 08:00:00,4055.92965,4056.11207,4055.87614,4056.00302
2026-07-25 08:05:00,4055.92965,4056.10619,4055.89177,4055.89923
2026-07-25 08:10:00,4055.92965,4056.10656,4055.86881,4055.96171
2026-07-25 08:15:00,4055.92965,4056.08597,4055.87656,4056.02083
2026-07-25 08:20:00,4055.92965,4056.11202,4055.87292,4056.00773
2026-07-25 08:25:00,4055.92965,4056.10241,4055.89843,4055.89949
2026-07-25 08:30:00,4055.92965,4056.10933,4055.86934,4055.96707
2026-07-25 08:35:00,4055.92965,4056.07893,4055.88078,4056.02033
2026-07-25 08:40:00,4055.92965,4056.11102,4055.87061,4056.01223
2026-07-25 08:45:00,4055.92965,4056.09776,4055.90023,4055.90023
2026-07-25 08:50:00,4055.92965,4056.11117,4055.87081,4055.97238
2026-07-25 08:55:00,4055.92965,4056.07121,4055.88585,4056.01936
2026-07-25 09:00:00,4055.92965,4056.10907,4055.86924,4056.01647
2026-07-25 09:05:00,4055.92965,4056.09228,4055.90143,4055.90143
2026-07-25 09:10:00,4055.92965,4056.11207,4055.87322,4055.97759
2026-07-25 09:15:00,4055.92965,4056.06286,4055.89174,4056.01793
2026-07-25 09:20:00,4055.92965,4056.10654,4055.86881,4056.02043
2026-07-25 09:25:00,4055.92965,4056.08599,4055.9031,4055.9031
2026-07-25 09:30:00,4055.92965,4056.11202,4055.87293,4055.98267
2026-07-25 09:35:00,4055.92965,4056.05394,4055.89841,4056.01604
2026-07-25 09:40:00,4055.92965,4056.10932,4055.86933,4056.02407
2026-07-25 09:45:00,4055.92965,4056.07896,4055.9052,4055.9052
2026-07-25 09:50:00,4055.92965,4056.11102,4055.87062,4055.98757
2026-07-25 09:55:00,4055.92965,4056.04549,4055.90579,4056.01372
2026-07-25 10:00:00,4055.92965,4056.11117,4055.8708,4056.02737
2026-07-25 10:05:00,4055.92965,4056.07124,4055.90774,4055.90774
2026-07-25 10:10:00,4055.92965,4056.10908,4055.86924,4055.99225
2026-07-25 10:15:00,4055.92965,4056.05485,4055.91383,4056.01097
2026-07-25 10:20:00,4055.92965,4056.11207,4055.87321,4055.92563
2026-07-25 10:25:00,4055.92965,4056.06289,4055.91068,4055.91068
2026-07-25 10:30:00,4055.92965,4056.10653,4055.86881,4055.99668
2026-07-25 10:35:00,4055.92965,4056.06372,4055.92247,4056.00783
2026-07-25 10:40:00,4055.92965,4056.11202,4055.87294,4055.92134
2026-07-25 10:45:00,4055.92965,4056.05398,4055.91303,4055.91401
2026-07-25 10:50:00,4055.92965,4056.10931,4055.86933,4056.00083
2026-07-25 10:55:00,4055.92965,4056.07201,4055.92965,4056.00432
2026-07-25 11:00:00,4055.92965,4056.11103,4055.87062,4055.91735
2026-07-25 11:05:00,4055.92965,4056.04545,4055.90505,4055.9177
2026-07-25 11:10:00,4055.92965,4056.11116,4055.8708,4056.00466
2026-07-25 11:15:00,4055.92965,4056.07967,4055.92965,4056.00046
2026-07-25 11:20:00,4055.92965,4056.10909,4055.86924,4055.91369
2026-07-25 11:25:00,4055.92965,4056.05482,4055.89774,4055.92172
2026-07-25 11:30:00,4055.92965,4056.11207,4055.8732,4056.00814
2026-07-25 11:35:00,4055.92965,4056.08663,4055.92166,4055.99629
2026-07-25 11:40:00,4055.92965,4056.10652,4055.86881,4055.9104
2026-07-25 11:45:00,4055.92965,4056.06368,4055.89115,4055.92604
2026-07-25 11:50:00,4055.92965,4056.11203,4055.87295,4056.01124
2026-07-25 11:55:00,4055.92965,4056.09284,4055.91307,4055.99183
2026-07-25 12:00:00,4055.92965,4056.1093,4055.86933,4055.90749
2026-07-25 12:05:00,4055.92965,4056.07198,4055.88533,4055.98489
2026-07-25 12:10:00,4055.92965,4056.11104,4055.87063,4056.01395
2026-07-25 12:15:00,4055.92965,4056.09825,4055.90508,4055.98713
2026-07-25 12:20:00,4055.92965,4056.11115,4055.87079,4055.90499
2026-07-25 12:25:00,4055.92965,4056.07964,4055.88034,4055.97967
2026-07-25 12:30:00,4055.92965,4056.1091,4055.86925,4056.01623
2026-07-25 12:35:00,4055.92965,4056.10281,4055.89777,4055.98263
2026-07-25 12:40:00,4055.92965,4056.11207,4055.87319,4055.90293
2026-07-25 12:45:00,4055.92965,4056.0866,4055.8762,4055.97444
2026-07-25 12:50:00,4055.92965,4056.10625,4055.86881,4056.01808
2026-07-25 12:55:00,4055.92965,4056.10651,4055.89117,4055.98783
2026-07-25 13:00:00,4055.92965,4056.11203,4055.8765,4055.9013
2026-07-25 13:05:00,4055.92965,4056.09281,4055.87296,4055.96926
2026-07-25 13:10:00,4055.92965,4056.10248,4055.86932,4056.01947
2026-07-25 13:15:00,4055.92965,4056.10929,4055.88535,4055.99298
2026-07-25 13:20:00,4055.92965,4056.11104,4055.8807,4055.90014
2026-07-25 13:25:00,4055.92965,4056.09823,4055.87064,4055.96417
2026-07-25 13:30:00,4055.92965,4056.09785,4055.87078,4056.0204
2026-07-25 13:35:00,4055.92965,4056.11115,4055.88036,4055.99802
2026-07-25 13:40:00,4055.92965,4056.10911,4055.88576,4055.89945
2026-07-25 13:45:00,4055.92965,4056.1028,4055.86925,4055.95919
2026-07-25 13:50:00,4055.92965,4056.09237,4055.87317,4056.02085
2026-07-25 13:55:00,4055.92965,4056.11206,4055.87622,4056.00292
2026-07-25 14:00:00,4055.92965,4056.10626,4055.89164,4055.89923
2026-07-25 14:05:00,4055.92965,4056.10649,4055.86881,4055.9616
2026-07-25 14:10:00,4055.92965,4056.0861,4055.87648,4056.02084
2026-07-25 14:15:00,4055.92965,4056.11203,4055.87297,4056.00764
2026-07-25 14:20:00,4055.92965,4056.1025,4055.89829,4055.89948
2026-07-25 14:25:00,4055.92965,4056.10928,4055.86932,4055.96697
2026-07-25 14:30:00,4055.92965,4056.07908,4055.88068,4056.02035
2026-07-25 14:35:00,4055.92965,4056.11105,4055.87065,4056.01214
2026-07-25 14:40:00,4055.92965,4056.09787,4055.90021,4055.90021
2026-07-25 14:45:00,4055.92965,4056.11114,4055.87077,4055.97227
2026-07-25 14:50:00,4055.92965,4056.07138,4055.88574,4056.01938
2026-07-25 14:55:00,4055.92965,4056.10912,4055.86925,4056.01639
2026-07-25 15:00:00,4055.92965,4056.0924,4055.90141,4055.90141
2026-07-25 15:05:00,4055.92965,4056.11206,4055.87316,4055.97749
2026-07-25 15:10:00,4055.92965,4056.06304,4055.89162,4056.01796
2026-07-25 15:15:00,4055.92965,4056.10648,4055.86881,4056.02036
2026-07-25 15:20:00,4055.92965,4056.08613,4055.90306,4055.90306
2026-07-25 15:25:00,4055.92965,4056.11203,4055.87299,4055.98257
2026-07-25 15:30:00,4055.92965,4056.05413,4055.89826,4056.01608
2026-07-25 15:35:00,4055.92965,4056.10927,4055.86931,4056.024
2026-07-25 15:40:00,4055.92965,4056.07911,4055.90516,4055.90516
2026-07-25 15:45:00,4055.92965,4056.11105,4055.87065,4055.98747
2026-07-25 15:50:00,4055.92965,4056.04529,4055.90563,4056.01377
2026-07-25 15:55:00,4055.92965,4056.11114,4055.87077,4056.02731
2026-07-25 16:00:00,4055.92965,4056.07141,4055.90768,4055.90768
2026-07-25 16:05:00,4055.92965,4056.10913,4055.86926,4055.99216
2026-07-25 16:10:00,4055.92965,4056.05467,4055.91366,4056.01103
2026-07-25 16:15:00,4055.92965,4056.11206,4055.87315,4055.92572
2026-07-25 16:20:00,4055.92965,4056.06307,4055.91062,4055.91062
2026-07-25 16:25:00,4055.92965,4056.10647,4055.86881,4055.99659
2026-07-25 16:30:00,4055.92965,4056.06354,4055.92229,4056.0079
2026-07-25 16:35:00,4055.92965,4056.11203,4055.873,4055.92143
2026-07-25 16:40:00,4055.92965,4056.05417,4055.9132,4055.91394
2026-07-25 16:45:00,4055.92965,4056.10926,4055.86931,4056.00075
2026-07-25 16:50:00,4055.92965,4056.07185,4055.92965,4056.0044
2026-07-25 16:55:00,4055.92965,4056.11106,4055.87066,4055.91743
2026-07-25 17:00:00,4055.92965,4056.04525,4055.90521,4055.91762
2026-07-25 17:05:00,4055.92965,4056.11113,4055.87076,4056.00458
2026-07-25 17:10:00,4055.92965,4056.07952,4055.92965,4056.00054
2026-07-25 17:15:00,4055.92965,4056.10914,4055.86926,4055.91376
2026-07-25 17:20:00,4055.92965,4056.05463,4055.89788,4055.92164
2026-07-25 17:25:00,4055.92965,4056.11206,4055.87314,4056.00807
2026-07-25 17:30:00,4055.92965,4056.08649,4055.92184,4055.99638
2026-07-25 17:35:00,4055.92965,4056.10645,4055.86881,4055.91046
2026-07-25 17:40:00,4055.92965,4056.06351,4055.89127,4055.92595
2026-07-25 17:45:00,4055.92965,4056.11204,4055.87301,4056.01118
2026-07-25 17:50:00,4055.92965,4056.09272,4055.91324,4055.99193
2026-07-25 17:55:00,4055.92965,4056.10925,4055.86931,4055.90754
2026-07-25 18:00:00,4055.92965,4056.07181,4055.88544,4055.985
2026-07-25 18:05:00,4055.92965,4056.11106,4055.87067,4056.01389
2026-07-25 18:10:00,4055.92965,4056.09814,4055.90524,4055.98723
2026-07-25 18:15:00,4055.92965,4056.11113,4055.87075,4055.90504
2026-07-25 18:20:00,4055.92965,4056.07949,4055.88043,4055.97977
2026-07-25 18:25:00,4055.92965,4056.10915,4055.86927,4056.01619
2026-07-25 18:30:00,4055.92965,4056.10273,4055.89791,4055.98252
2026-07-25 18:35:00,4055.92965,4056.11206,4055.87313,4055.90296
2026-07-25 18:40:00,4055.92965,4056.08646,4055.87628,4055.97455
2026-07-25 18:45:00,4055.92965,4056.10631,4055.86881,4056.01804
2026-07-25 18:50:00,4055.92965,4056.10644,4055.8913,4055.98773
2026-07-25 18:55:00,4055.92965,4056.11204,4055.87642,4055.90133
2026-07-25 19:00:00,4055.92965,4056.09269,4055.87302,4055.96937
2026-07-25 19:05:00,4055.92965,4056.10257,4055.8693,4056.01944
2026-07-25 19:10:00,4055.92965,4056.10924,4055.88546,4055.99287
2026-07-25 19:15:00,4055.92965,4056.11107,4055.88061,4055.90016
2026-07-25 19:20:00,4055.92965,4056.09812,4055.87068,4055.96427
2026-07-25 19:25:00,4055.92965,4056.09795,4055.87074,4056.02038
2026-07-25 19:30:00,4055.92965,4056.11112,4055.88045,4055.99792
2026-07-25 19:35:00,4055.92965,4056.10916,4055.88565,4055.89946
2026-07-25 19:40:00,4055.92965,4056.10271,4055.86927,4055.95929
2026-07-25 19:45:00,4055.92965,4056.09249,4055.87312,4056.02085
2026-07-25 19:50:00,4055.92965,4056.11205,4055.87629,4056.00282
2026-07-25 19:55:00,4055.92965,4056.10633,4055.89151,4055.89923
2026-07-25 20:00:00,4055.92965,4056.10643,4055.86881,4055.96149
2026-07-25 20:05:00,4055.92965,4056.08624,4055.87641,4056.02084
2026-07-25 20:10:00,4055.92965,4056.11204,4055.87303,4056.00754
2026-07-25 20:15:00,4055.92965,4056.10259,4055.89815,4055.89947
2026-07-25 20:20:00,4055.92965,4056.10923,4055.8693,4055.96686
2026-07-25 20:25:00,4055.92965,4056.07924,4055.88059,4056.02036
2026-07-25 20:30:00,4055.92965,4056.11108,4055.87068,4056.00092
2026-07-25 20:35:00,4055.92126,4056.08405,4055.88718,4055.88718
2026-07-25 20:40:00,4055.91649,4056.09653,4055.85622,4055.96915
2026-07-25 20:45:00,4055.91992,4056.05748,4055.87822,4056.00614
2026-07-25 20:50:00,4055.91553,4056.09579,4055.86092,4056.00516
2026-07-25 20:55:00,4055.92117,4056.08341,4055.88835,4055.88835
2026-07-25 21:00:00,4055.91744,4056.10716,4055.86459,4055.97212
2026-07-25 21:05:00,4055.92346,4056.04925,4055.8842,4056.00468
2026-07-25 21:10:00,4055.91555,4056.09355,4055.8606,4056.00658
2026-07-25 21:15:00,4055.91637,4056.07894,4055.89329,4055.89329
2026-07-25 21:20:00,4055.92039,4056.10707,4055.86631,4055.97955
2026-07-25 21:25:00,4055.9266,4056.03831,4055.89108,4056.00112
2026-07-25 21:30:00,4055.91363,4056.10121,4055.86116,4056.01603
2026-07-25 21:35:00,4055.92142,4056.07035,4055.8971,4055.8971
2026-07-25 21:40:00,4055.92142,4056.10272,4055.8623,4055.97959
2026-07-25 21:45:00,4055.92142,4056.03776,4055.89797,4056.00536
2026-07-25 21:50:00,4055.92142,4056.10301,4055.86268,4056.01931
2026-07-25 21:55:00,4055.92142,4056.0626,4055.89966,4055.89966
2026-07-25 22:00:00,4055.92142,4056.10073,4055.86097,4055.98426
2026-07-25 22:05:00,4055.92142,4056.0471,4055.90604,4056.00259
2026-07-25 22:10:00,4055.92142,4056.10386,4055.86514,4055.91718
2026-07-25 22:15:00,4055.92142,4056.05422,4055.90262,4055.90262
2026-07-25 22:20:00,4055.92142,4056.09847,4055.86059,4055.98868
2026-07-25 22:25:00,4055.92142,4056.05594,4055.91471,4055.99943
2026-07-25 22:30:00,4055.92142,4056.10377,4055.86457,4055.9129
2026-07-25 22:35:00,4055.92142,4056.04527,4055.90438,4055.90597
2026-07-25 22:40:00,4055.92142,4056.1012,4055.86116,4055.99281
2026-07-25 22:45:00,4055.92142,4056.0642,4055.92142,4055.9959
2026-07-25 22:50:00,4055.92142,4056.10273,4055.8623,4055.90893
2026-07-25 22:55:00,4055.92142,4056.03772,4055.89643,4055.90968
2026-07-25 23:00:00,4055.92142,4056.103,4055.86267,4055.99662
2026-07-25 23:05:00,4055.92142,4056.07182,4055.92142,4055.99203
2026-07-25 23:10:00,4055.92142,4056.10074,4055.86097,4055.90529
2026-07-25 23:15:00,4055.92142,4056.04707,4055.88915,4055.91371
2026-07-25 23:20:00,4055.92142,4056.10386,4055.86512,4056.00008
2026-07-25 23:25:00,4055.92142,4056.07874,4055.91297,4055.98784
2026-07-25 23:30:00,4055.92142,4056.09846,4055.86059,4055.90201
2026-07-25 23:35:00,4055.92142,4056.0559,4055.8826,4055.91805
2026-07-25 23:40:00,4055.92142,4056.10377,4055.86458,4056.00317
2026-07-25 23:45:00,4055.92142,4056.08491,4055.90441,4055.98337
2026-07-25 23:50:00,4055.92142,4056.10119,4055.86115,4055.89912
2026-07-25 23:55:00,4055.92142,4056.06417,4055.87683,4055.97639
2026-07-26 00:00:00,4055.92142,4056.10273,4055.86231,4056.00585
2026-07-26 00:05:00,4055.92142,4056.09028,4055.89646,4055.97865
2026-07-26 00:10:00,4055.92142,4056.103,4055.86267,4055.89665
2026-07-26 00:15:00,4055.92142,4056.07179,4055.87188,4055.97117
2026-07-26 00:20:00,4055.92142,4056.10075,4055.86098,4056.00811
2026-07-26 00:25:00,4055.92142,4056.0948,4055.88918,4055.97468
2026-07-26 00:30:00,4055.92142,4056.10386,4055.86511,4055.8946
2026-07-26 00:35:00,4055.92142,4056.07872,4055.86779,4055.96595
2026-07-26 00:40:00,4055.92142,4056.09785,4055.86059,4056.00993
2026-07-26 00:45:00,4055.92142,4056.09845,4055.88262,4055.97988
2026-07-26 00:50:00,4055.92142,4056.10377,4055.86847,4055.89301
2026-07-26 00:55:00,4055.92142,4056.08489,4055.86459,4055.96077
2026-07-26 01:00:00,4055.92142,4056.09404,4055.86115,4056.0113
2026-07-26 01:05:00,4055.92142,4056.10118,4055.87685,4055.98502
2026-07-26 01:10:00,4055.92142,4056.10274,4055.87272,4055.89187
2026-07-26 01:15:00,4055.92142,4056.09026,4055.86232,4055.95568
2026-07-26 01:20:00,4055.92142,4056.08936,4055.86266,4056.01221
2026-07-26 01:25:00,4055.92142,4056.10299,4055.87189,4055.99005
2026-07-26 01:30:00,4055.92142,4056.10076,4055.87782,4055.8912
2026-07-26 01:35:00,4055.92142,4056.09479,4055.86098,4055.95071
2026-07-26 01:40:00,4055.92142,4056.08384,4055.8651,4056.01264
2026-07-26 01:45:00,4055.92142,4056.10386,4055.8678,4055.99494
2026-07-26 01:50:00,4055.92142,4056.09786,4055.88374,4055.891
2026-07-26 01:55:00,4055.92142,4056.09843,4055.86059,4055.95366
2026-07-26 02:00:00,4055.92142,4056.07753,4055.86846,4056.0126
2026-07-26 02:05:00,4055.92142,4056.10378,4055.8646,4055.99965
2026-07-26 02:10:00,4055.92142,4056.09405,4055.89043,4055.89128
2026-07-26 02:15:00,4055.92142,4056.10118,4055.86115,4055.95902
2026-07-26 02:20:00,4055.92142,4056.07047,4055.8727,4056.01208
2026-07-26 02:25:00,4055.92142,4056.10274,4055.86233,4056.00414
2026-07-26 02:30:00,4055.92142,4056.08938,4055.89204,4055.89204
2026-07-26 02:35:00,4055.92142,4056.10299,4055.86265,4055.96432
2026-07-26 02:40:00,4055.92142,4056.06273,4055.8778,4056.0111
2026-07-26 02:45:00,4055.92142,4056.10077,4055.86098,4056.00838
2026-07-26 02:50:00,4055.92142,4056.08386,4055.89325,4055.89325
2026-07-26 02:55:00,4055.92142,4056.10386,4055.86509,4055.96953
2026-07-26 03:00:00,4055.92142,4056.05436,4055.88372,4056.00965
2026-07-26 03:05:00,4055.92142,4056.09842,4055.86059,4056.01233
2026-07-26 03:10:00,4055.92142,4056.07756,4055.89493,4055.89493
2026-07-26 03:15:00,4055.92142,4056.10378,4055.86462,4055.9746
2026-07-26 03:20:00,4055.92142,4056.04542,4055.8904,4056.00775
2026-07-26 03:25:00,4055.92142,4056.10117,4055.86114,4056.01596
2026-07-26 03:30:00,4055.92142,4056.0705,4055.89705,4055.89705
2026-07-26 03:35:00,4055.92142,4056.10275,4055.86233,4055.97949
2026-07-26 03:40:00,4055.92142,4056.03756,4055.89781,4056.00541
2026-07-26 03:45:00,4055.92142,4056.10298,4055.86264,4056.01924
2026-07-26 03:50:00,4055.92142,4056.06276,4055.8996,4055.8996
2026-07-26 03:55:00,4055.92142,4056.10078,4055.86099,4055.98417
2026-07-26 04:00:00,4055.92142,4056.04692,4055.90587,4056.00265
2026-07-26 04:05:00,4055.92142,4056.10386,4055.86508,4055.91727
2026-07-26 04:10:00,4055.92142,4056.05439,4055.90256,4055.90256
2026-07-26 04:15:00,4055.92142,4056.09841,4055.86059,4055.98859
2026-07-26 04:20:00,4055.92142,4056.05576,4055.91453,4055.9995
2026-07-26 04:25:00,4055.92142,4056.10378,4055.86463,4055.91298
2026-07-26 04:30:00,4055.92142,4056.04546,4055.90455,4055.9059
2026-07-26 04:35:00,4055.92142,4056.10116,4055.86114,4055.99273
2026-07-26 04:40:00,4055.92142,4056.06404,4055.92142,4055.99598
2026-07-26 04:45:00,4055.92142,4056.10276,4055.86234,4055.909
2026-07-26 04:50:00,4055.92142,4056.03753,4055.89658,4055.9096
2026-07-26 04:55:00,4055.92142,4056.10298,4055.86263,4055.99655
2026-07-26 05:00:00,4055.92142,4056.07167,4055.92142,4055.99211
2026-07-26 05:05:00,4055.92142,4056.10079,4055.86099,4055.90536
2026-07-26 05:10:00,4055.92142,4056.04688,4055.88929,4055.91363
2026-07-26 05:15:00,4055.92142,4056.10386,4055.86506,4056.00002
2026-07-26 05:20:00,4055.92142,4056.07861,4055.91315,4055.98793
2026-07-26 05:25:00,4055.92142,4056.09839,4055.86059,4055.90207
2026-07-26 05:30:00,4055.92142,4056.05573,4055.88272,4055.91796
2026-07-26 05:35:00,4055.92142,4056.10378,4055.86464,4056.00311
2026-07-26 05:40:00,4055.92142,4056.08479,4055.90458,4055.98346
2026-07-26 05:45:00,4055.92142,4056.10115,4055.86113,4055.89918
2026-07-26 05:50:00,4055.92142,4056.06401,4055.87694,4055.9765
2026-07-26 05:55:00,4055.92142,4056.10276,4055.86235,4056.0058
2026-07-26 06:00:00,4055.92142,4056.09018,4055.89662,4055.97875
2026-07-26 06:05:00,4055.92142,4056.10297,4055.86263,4055.8967
2026-07-26 06:10:00,4055.92142,4056.07164,4055.87197,4055.97128
2026-07-26 06:15:00,4055.92142,4056.1008,4055.86099,4056.00807
2026-07-26 06:20:00,4055.92142,4056.09472,4055.88932,4055.97457
2026-07-26 06:25:00,4055.92142,4056.10385,4055.86505,4055.89464
2026-07-26 06:30:00,4055.92142,4056.07858,4055.86786,4055.96605
2026-07-26 06:35:00,4055.92142,4056.09791,4055.86059,4056.0099
2026-07-26 06:40:00,4055.92142,4056.09838,4055.88275,4055.97977
2026-07-26 06:45:00,4055.92142,4056.10379,4055.86839,4055.89304
2026-07-26 06:50:00,4055.92142,4056.08477,4055.86465,4055.96088
2026-07-26 06:55:00,4055.92142,4056.09412,4055.86113,4056.01128
2026-07-26 07:00:00,4055.92142,4056.10114,4055.87696,4055.98491
2026-07-26 07:05:00,4055.92142,4056.10277,4055.87262,4055.89189
2026-07-26 07:10:00,4055.92142,4056.09016,4055.86236,4055.95578
2026-07-26 07:15:00,4055.92142,4056.08946,4055.86262,4056.01219
2026-07-26 07:20:00,4055.92142,4056.10297,4055.87199,4055.98995
2026-07-26 07:25:00,4055.92142,4056.10081,4055.87771,4055.89121
2026-07-26 07:30:00,4055.92142,4056.0947,4055.861,4055.95081
2026-07-26 07:35:00,4055.92142,4056.08396,4055.86504,4056.01264
2026-07-26 07:40:00,4055.92142,4056.10385,4055.86788,4055.99484
2026-07-26 07:45:00,4055.92142,4056.09793,4055.88361,4055.891
2026-07-26 07:50:00,4055.92142,4056.09837,4055.86059,4055.95355
2026-07-26 07:55:00,4055.92142,4056.07943,4055.86995,4056.01425
2026-07-26 08:00:00,4055.92307,4056.10544,4055.86636,4056.00112
2026-07-26 08:05:00,4055.92307,4056.09587,4055.8918,4055.89291
2026-07-26 08:10:00,4055.92307,4056.10273,4055.86275,4055.96045
2026-07-26 08:15:00,4055.92307,4056.07241,4055.87416,4056.01376
2026-07-26 08:20:00,4055.92307,4056.10445,4055.86404,4056.00561
2026-07-26 08:25:00,4055.92307,4056.09122,4055.89364,4055.89364
2026-07-26 08:30:00,4055.92307,4056.10458,4055.86422,4055.96576
2026-07-26 08:35:00,4055.92307,4056.06469,4055.87923,4056.01279
2026-07-26 08:40:00,4055.92307,4056.10251,4055.86266,4056.00986
2026-07-26 08:45:00,4055.92307,4056.08574,4055.89484,4055.89484
2026-07-26 08:50:00,4055.92307,4056.10549,4055.86662,4055.97098
2026-07-26 08:55:00,4055.92307,4056.05634,4055.88512,4056.01136
2026-07-26 09:00:00,4055.92307,4056.09994,4055.86223,4056.01383
2026-07-26 09:05:00,4055.92307,4056.07946,4055.8965,4055.8965
2026-07-26 09:10:00,4055.92307,4056.10544,4055.86637,4055.97605
2026-07-26 09:15:00,4055.92307,4056.04743,4055.89177,4056.00947
2026-07-26 09:20:00,4055.92307,4056.10272,4055.86275,4056.01747
2026-07-26 09:25:00,4055.92307,4056.07244,4055.89861,4055.89861
2026-07-26 09:30:00,4055.92307,4056.10445,4055.86405,4055.98095
2026-07-26 09:35:00,4055.92307,4056.03884,4055.89915,4056.00715
2026-07-26 09:40:00,4055.92307,4056.10457,4055.86421,4056.02077
2026-07-26 09:45:00,4055.92307,4056.06472,4055.90114,4055.90114
2026-07-26 09:50:00,4055.92307,4056.10252,4055.86267,4055.98564
2026-07-26 09:55:00,4055.92307,4056.04821,4055.90719,4056.00441
2026-07-26 10:00:00,4055.92307,4056.10549,4055.86661,4055.91909
2026-07-26 10:05:00,4055.92307,4056.05638,4055.90408,4055.90408
2026-07-26 10:10:00,4055.92307,4056.09993,4055.86223,4055.99007
2026-07-26 10:15:00,4055.92307,4056.05707,4055.91582,4056.00128
2026-07-26 10:20:00,4055.92307,4056.10545,4055.86638,4055.91479
2026-07-26 10:25:00,4055.92307,4056.04747,4055.90652,4055.90741
2026-07-26 10:30:00,4055.92307,4056.10271,4055.86274,4055.99422
2026-07-26 10:35:00,4055.92307,4056.06537,4055.92307,4055.99777
2026-07-26 10:40:00,4055.92307,4056.10446,4055.86406,4055.9108
2026-07-26 10:45:00,4055.92307,4056.0388,4055.89853,4055.91109
2026-07-26 10:50:00,4055.92307,4056.10457,4055.8642,4055.99805
2026-07-26 10:55:00,4055.92307,4056.07303,4055.92307,4055.99391
2026-07-26 11:00:00,4055.92307,4056.10253,4055.86267,4055.90714
2026-07-26 11:05:00,4055.92307,4056.04817,4055.89121,4055.91511
2026-07-26 11:10:00,4055.92307,4056.10548,4055.8666,4056.00153
2026-07-26 11:15:00,4055.92307,4056.08,4055.91514,4055.98974
2026-07-26 11:20:00,4055.92307,4056.09991,4055.86223,4055.90384
2026-07-26 11:25:00,4055.92307,4056.05704,4055.88461,4055.91943
2026-07-26 11:30:00,4055.92307,4056.10545,4055.86639,4056.00464
2026-07-26 11:35:00,4055.92307,4056.08621,4055.90655,4055.98528
2026-07-26 11:40:00,4055.92307,4056.1027,4055.86274,4055.90093
2026-07-26 11:45:00,4055.92307,4056.06534,4055.87879,4055.97835
2026-07-26 11:50:00,4055.92307,4056.10447,4055.86406,4056.00735
2026-07-26 11:55:00,4055.92307,4056.09163,4055.89856,4055.98058
2026-07-26 12:00:00,4055.92307,4056.10456,4055.86419,4055.89843
2026-07-26 12:05:00,4055.92307,4056.073,4055.87379,4055.97312
2026-07-26 12:10:00,4055.92307,4056.10254,4055.86267,4056.00963
2026-07-26 12:15:00,4055.92307,4056.0962,4055.89124,4055.97601
2026-07-26 12:20:00,4055.92307,4056.10548,4055.86658,4055.89636
2026-07-26 12:25:00,4055.92307,4056.07997,4055.86965,4055.9679
2026-07-26 12:30:00,4055.92307,4056.09969,4055.86223,4056.01148
2026-07-26 12:35:00,4055.92307,4056.0999,4055.88464,4055.98121
2026-07-26 12:40:00,4055.92307,4056.10545,4055.86989,4055.89473
2026-07-26 12:45:00,4055.92307,4056.08619,4055.8664,4055.96272
2026-07-26 12:50:00,4055.92307,4056.09593,4055.86273,4056.01288
2026-07-26 12:55:00,4055.92307,4056.10269,4055.87881,4055.98636
2026-07-26 13:00:00,4055.92307,4056.10447,4055.87409,4055.89357
2026-07-26 13:05:00,4055.92307,4056.09161,4055.86407,4055.95762
2026-07-26 13:10:00,4055.92307,4056.0913,4055.86419,4056.01381
2026-07-26 13:15:00,4055.92307,4056.10456,4055.87381,4055.9914
2026-07-26 13:20:00,4055.92307,4056.10255,4055.87914,4055.89287
2026-07-26 13:25:00,4055.92307,4056.09619,4055.86268,4055.95265
2026-07-26 13:30:00,4055.92307,4056.08584,4055.86657,4056.01427
2026-07-26 13:35:00,4055.92307,4056.10548,4055.86967,4055.99631
2026-07-26 13:40:00,4055.92307,4056.0997,4055.88501,4055.89265
2026-07-26 13:45:00,4055.92307,4056.09989,4055.86223,4055.95498
2026-07-26 13:50:00,4055.92307,4056.07957,4055.86988,4056.01426
2026-07-26 13:55:00,4055.92307,4056.10545,4055.86641,4056.00102
2026-07-26 14:00:00,4055.92307,4056.09595,4055.89166,4055.8929
2026-07-26 14:05:00,4055.92307,4056.10268,4055.86273,4055.96035
2026-07-26 14:10:00,4055.92307,4056.07256,4055.87407,4056.01377
2026-07-26 14:15:00,4055.92307,4056.10448,4055.86408,4056.00553
2026-07-26 14:20:00,4055.92307,4056.09132,4055.89362,4055.89362
2026-07-26 14:25:00,4055.92307,4056.10455,4055.86418,4055.96566
2026-07-26 14:30:00,4055.92307,4056.06485,4055.87912,4056.01281
2026-07-26 14:35:00,4055.92307,4056.10256,4055.86268,4056.00978
2026-07-26 14:40:00,4055.92307,4056.08586,4055.89481,4055.89481
2026-07-26 14:45:00,4055.92307,4056.10548,4055.86656,4055.97087
2026-07-26 14:50:00,4055.92307,4056.05652,4055.88499,4056.01139
2026-07-26 14:55:00,4055.92307,4056.09987,4055.86223,4056.01374
2026-07-26 15:00:00,4055.92307,4056.0796,4055.89646,4055.89646
2026-07-26 15:05:00,4055.92307,4056.10546,4055.86643,4055.97595
2026-07-26 15:10:00,4055.92307,4056.04762,4055.89163,4056.00952
2026-07-26 15:15:00,4055.92307,4056.10267,4055.86273,4056.0174
2026-07-26 15:20:00,4055.92307,4056.07259,4055.89856,4055.89856
2026-07-26 15:25:00,4055.92307,4056.10448,4055.86409,4055.98085
2026-07-26 15:30:00,4055.92307,4056.03864,4055.89899,4056.00721
2026-07-26 15:35:00,4055.92307,4056.10455,4055.86417,4056.0207
2026-07-26 15:40:00,4055.92307,4056.06489,4055.90108,4055.90108
2026-07-26 15:45:00,4055.92307,4056.10257,4055.86268,4055.98554
2026-07-26 15:50:00,4055.92307,4056.04802,4055.90702,4056.00447
2026-07-26 15:55:00,4055.92307,4056.10548,4055.86655,4055.91918
2026-07-26 16:00:00,4055.92307,4056.05655,4055.90402,4055.90402
2026-07-26 16:05:00,4055.92307,4056.09986,4055.86223,4055.98998
2026-07-26 16:10:00,4055.92307,4056.0569,4055.91564,4056.00135
2026-07-26 16:15:00,4055.92307,4056.10546,4055.86644,4055.91488
2026-07-26 16:20:00,4055.92307,4056.04765,4055.90668,4055.90733
2026-07-26 16:25:00,4055.92307,4056.10266,4055.86272,4055.99414
2026-07-26 16:30:00,4055.92307,4056.06521,4055.92307,4055.99784
2026-07-26 16:35:00,4055.92307,4056.10449,4055.8641,4055.91088
2026-07-26 16:40:00,4055.92307,4056.0386,4055.89869,4055.91101
2026-07-26 16:45:00,4055.92307,4056.10454,4055.86416,4055.99797
2026-07-26 16:50:00,4055.92307,4056.07288,4055.92307,4055.99399
2026-07-26 16:55:00,4055.92307,4056.10258,4055.86269,4055.90721
2026-07-26 17:00:00,4055.92307,4056.04798,4055.89135,4055.91503
2026-07-26 17:05:00,4055.92307,4056.10547,4055.86654,4056.00146
2026-07-26 17:10:00,4055.92307,4056.07986,4055.91532,4055.98983
2026-07-26 17:15:00,4055.92307,4056.09985,4055.86223,4055.9039
2026-07-26 17:20:00,4055.92307,4056.05686,4055.88474,4055.91934
2026-07-26 17:25:00,4055.92307,4056.10546,4055.86645,4056.00458
2026-07-26 17:30:00,4055.92307,4056.08609,4055.90672,4055.98538
2026-07-26 17:35:00,4055.92307,4056.10265,4055.86272,4055.90098
2026-07-26 17:40:00,4055.92307,4056.06517,4055.8789,4055.97845
2026-07-26 17:45:00,4055.92307,4056.1045,4055.8641,4056.0073
2026-07-26 17:50:00,4055.92307,4056.09153,4055.89872,4055.98068
2026-07-26 17:55:00,4055.92307,4056.10453,4055.86416,4055.89848
2026-07-26 18:00:00,4055.92307,4056.07285,4055.87389,4055.97323
2026-07-26 18:05:00,4055.92307,4056.10259,4055.86269,4056.00959
2026-07-26 18:10:00,4055.92307,4056.09612,4055.89138,4055.9759
2026-07-26 18:15:00,4055.92307,4056.10547,4055.86653,4055.8964
2026-07-26 18:20:00,4055.92307,4056.07984,4055.86973,4055.96801
2026-07-26 18:25:00,4055.92307,4056.09976,4055.86223,4056.01145
2026-07-26 18:30:00,4055.92307,4056.09983,4055.88477,4055.98111
2026-07-26 18:35:00,4055.92307,4056.10546,4055.86981,4055.89476
2026-07-26 18:40:00,4055.92307,4056.08607,4055.86646,4055.96283
2026-07-26 18:45:00,4055.92307,4056.09602,4055.86271,4056.01286
2026-07-26 18:50:00,4055.92307,4056.10264,4055.87892,4055.98626
2026-07-26 18:55:00,4055.92307,4056.1045,4055.87399,4055.89359
2026-07-26 19:00:00,4055.92307,4056.0915,4055.86411,4055.95772
2026-07-26 19:05:00,4055.92307,4056.09141,4055.86415,4056.0138
2026-07-26 19:10:00,4055.92307,4056.10453,4055.8739,4055.9913
2026-07-26 19:15:00,4055.92307,4056.1026,4055.87903,4055.89288
2026-07-26 19:20:00,4055.92307,4056.0961,4055.8627,4055.95275
2026-07-26 19:25:00,4055.92307,4056.08596,4055.86652,4056.01427
2026-07-26 19:30:00,4055.92307,4056.10547,4055.86974,4055.9962
2026-07-26 19:35:00,4055.92307,4056.09977,4055.88489,4055.89265
2026-07-26 19:40:00,4055.92307,4056.09982,4055.86223,4055.95487
2026-07-26 19:45:00,4055.92307,4056.07971,4055.8698,4056.01426
2026-07-26 19:50:00,4055.92307,4056.10546,4055.86647,4056.00093
2026-07-26 19:55:00,4055.92307,4056.09604,4055.89152,4055.89289
2026-07-26 20:00:00,4055.92307,4056.10264,4055.86271,4055.96024
2026-07-26 20:05:00,4055.92307,4056.07271,4055.87397,4056.01379
2026-07-26 20:10:00,4055.92307,4056.10451,4055.86412,4056.00544
2026-07-26 20:15:00,4055.92307,4056.09143,4055.8936,4055.8936
2026-07-26 20:20:00,4055.92307,4056.10452,4055.86414,4055.96555
2026-07-26 20:25:00,4055.92307,4056.06502,4055.87901,4056.01284
2026-07-26 20:30:00,4055.92307,4056.10261,4055.8627,4056.0097
2026-07-26 20:35:00,4055.92307,4056.08598,4055.89479,4055.89479
2026-07-26 20:40:00,4055.92307,4056.10547,4055.8665,4055.97076
2026-07-26 20:45:00,4055.92307,4056.0567,4055.88486,4056.01142
2026-07-26 20:50:00,4055.92307,4056.09981,4055.86223,4056.01367
2026-07-26 20:55:00,4055.92307,4056.07973,4055.89643,4055.89643
2026-07-26 21:00:00,4055.92307,4056.10547,4055.86648,4055.97585
2026-07-26 21:05:00,4055.92307,4056.0478,4055.89149,4056.00956
2026-07-26 21:10:00,4055.92307,4056.10263,4055.86271,4056.01733
2026-07-26 21:15:00,4055.92307,4056.07274,4055.89851,4055.89851
2026-07-26 21:20:00,4055.92307,4056.10451,4055.86413,4055.98075
2026-07-26 21:25:00,4055.92307,4056.03844,4055.89883,4056.00726
2026-07-26 21:30:00,4055.92307,4056.10452,4055.86413,4056.02064
2026-07-26 21:35:00,4055.92307,4056.06505,4055.90103,4055.90103
2026-07-26 21:40:00,4055.92307,4056.10262,4055.8627,4055.98545
2026-07-26 21:45:00,4055.92307,4056.04783,4055.90685,4056.00453
2026-07-26 21:50:00,4055.92307,4056.10547,4055.86649,4055.91927
2026-07-26 21:55:00,4055.92307,4056.05673,4055.90395,4055.90395
2026-07-26 22:00:00,4055.92307,4056.0998,4055.86223,4055.98989
2026-07-26 22:05:00,4055.92307,4056.05672,4055.91546,4056.00141
2026-07-26 22:10:00,4055.92307,4056.10547,4055.86649,4055.91496
2026-07-26 22:15:00,4055.92307,4056.04784,4055.90686,4055.90726
2026-07-26 22:20:00,4055.92307,4056.10262,4055.8627,4055.99405
2026-07-26 22:25:00,4055.92307,4056.06504,4055.92307,4055.99792
2026-07-26 22:30:00,4055.92307,4056.10452,4055.86413,4055.91095
2026-07-26 22:35:00,4055.92307,4056.03845,4055.89884,4055.91094
2026-07-26 22:40:00,4055.92307,4056.10451,4055.86412,4055.9979
2026-07-26 22:45:00,4055.92307,4056.07273,4055.92307,4055.99408
2026-07-26 22:50:00,4055.92307,4056.10263,4055.86271,4055.90728
2026-07-26 22:55:00,4055.92307,4056.04779,4055.89149,4055.91494
2026-07-26 23:00:00,4055.92307,4056.10546,4055.86648,4056.0014
2026-07-26 23:05:00,4055.92307,4056.07973,4055.91551,4055.98992
2026-07-26 23:10:00,4055.92307,4056.09981,4055.86223,4055.90397
2026-07-26 23:15:00,4055.92307,4056.05669,4055.88487,4055.91925
2026-07-26 23:20:00,4055.92307,4056.10547,4055.86651,4056.00452
2026-07-26 23:25:00,4055.92307,4056.08597,4055.90689,4055.98547
2026-07-26 23:30:00,4055.92307,4056.10261,4055.8627,4055.90104
2026-07-26 23:35:00,4055.92307,4056.06501,4055.87901,4055.97856
2026-07-26 23:40:00,4055.92307,4056.10452,4055.86414,4056.00724
2026-07-26 23:45:00,4055.92307,4056.09142,4055.89887,4055.98078
2026-07-26 23:50:00,4055.92307,4056.10451,4055.86412,4055.89852
2026-07-26 23:55:00,4055.92307,4056.0727,4055.87398,4055.97334
2026-07-27 00:00:00,4055.92307,4056.10264,4055.86271,4056.00955
2026-07-27 00:05:00,4055.92307,4056.09603,4055.89152,4055.97587
2026-07-27 00:10:00,4055.92307,4056.10546,4055.86647,4055.89644
2026-07-27 00:15:00,4055.92307,4056.0797,4055.8698,4055.96812
2026-07-27 00:20:00,4055.92307,4056.09982,4055.86223,4056.01142
2026-07-27 00:25:00,4055.92307,4056.09977,4055.88489,4055.981
2026-07-27 00:30:00,4055.92307,4056.10547,4055.86974,4055.89479
2026-07-27 00:35:00,4055.92307,4056.08595,4055.86652,4055.96293
2026-07-27 00:40:00,4055.92307,4056.0961,4055.8627,4056.01283
2026-07-27 00:45:00,4055.92307,4056.1026,4055.87904,4055.98615
2026-07-27 00:50:00,4055.92307,4056.10453,4055.8739,4055.89361
2026-07-27 00:55:00,4055.92307,4056.0914,4055.86415,4055.95783
2026-07-27 01:00:00,4055.92307,4056.09151,4055.86411,4056.01378
2026-07-27 01:05:00,4055.92307,4056.1045,4055.874,4055.9912
2026-07-27 01:10:00,4055.92307,4056.10265,4055.87892,4055.89289
2026-07-27 01:15:00,4055.92307,4056.09602,4055.86272,4055.95285
2026-07-27 01:20:00,4055.92307,4056.08607,4055.86646,4056.01426
2026-07-27 01:25:00,4055.92307,4056.10546,4055.86982,4055.9961
2026-07-27 01:30:00,4055.92307,4056.09984,4055.88476,4055.89265
2026-07-27 01:35:00,4055.92307,4056.09975,4055.86223,4055.95476
2026-07-27 01:40:00,4055.92307,4056.07984,4055.86972,4056.01427
2026-07-27 01:45:00,4055.92307,4056.10547,4055.86653,4056.00083
2026-07-27 01:50:00,4055.92307,4056.09612,4055.89137,4055.89288
2026-07-27 01:55:00,4055.92307,4056.10259,4055.86269,4055.96013
2026-07-27 02:00:00,4055.92307,4056.07286,4055.87388,4056.0138
2026-07-27 02:05:00,4055.92307,4056.10454,4055.86416,4056.00535
2026-07-27 02:10:00,4055.92307,4056.09153,4055.89358,4055.89358
2026-07-27 02:15:00,4055.92307,4056.10449,4055.8641,4055.96544
2026-07-27 02:20:00,4055.92307,4056.06518,4055.8789,4056.01286
2026-07-27 02:25:00,4055.92307,4056.10266,4055.86272,4056.00961
2026-07-27 02:30:00,4055.92307,4056.0861,4055.89476,4055.89476
2026-07-27 02:35:00,4055.92307,4056.10546,4055.86645,4055.97066
2026-07-27 02:40:00,4055.92307,4056.05687,4055.88473,4056.01146
2026-07-27 02:45:00,4055.92307,4056.09985,4055.86223,4056.01359
2026-07-27 02:50:00,4055.92307,4056.07987,4055.89639,4055.89639
2026-07-27 02:55:00,4055.92307,4056.10547,4055.86654,4055.97574
2026-07-27 03:00:00,4055.92307,4056.04799,4055.89134,4056.0096
2026-07-27 03:05:00,4055.92307,4056.10258,4055.86269,4056.01725
2026-07-27 03:10:00,4055.92307,4056.07289,4055.89846,4055.89846
2026-07-27 03:15:00,4055.92307,4056.10454,4055.86416,4055.98066
2026-07-27 03:20:00,4055.92307,4056.03861,4055.89868,4056.00731
2026-07-27 03:25:00,4055.92307,4056.10449,4055.86409,4056.02058
2026-07-27 03:30:00,4055.92307,4056.06522,4055.90097,4055.90097
2026-07-27 03:35:00,4055.92307,4056.10267,4055.86272,4055.98536
2026-07-27 03:40:00,4055.92307,4056.04764,4055.90668,4056.00459
2026-07-27 03:45:00,4055.92307,4056.10546,4055.86643,4055.91936
2026-07-27 03:50:00,4055.92307,4056.05691,4055.90389,4055.90389
2026-07-27 03:55:00,4055.92307,4056.09986,4055.86223,4055.98981
2026-07-27 04:00:00,4055.92307,4056.05655,4055.90345,4055.98782
2026-07-27 04:05:00,4055.90991,4056.08728,4055.8479,4055.89603
2026-07-27 04:10:00,4055.90476,4056.03713,4055.88544,4055.89771
2026-07-27 04:15:00,4055.9132,4056.10586,4055.86265,4055.99749
2026-07-27 04:20:00,4055.92746,4056.06368,4055.91571,4055.99134
2026-07-27 04:25:00,4055.91577,4056.09794,4055.86239,4055.90932
2026-07-27 04:30:00,4055.92142,4056.03629,4055.9005,4055.90435
2026-07-27 04:35:00,4055.91718,4056.10297,4055.8559,4055.99652
2026-07-27 04:40:00,4055.92239,4056.06997,4055.91086,4055.98586
2026-07-27 04:45:00,4055.91396,4056.09441,4055.861,4055.90538
2026-07-27 04:50:00,4055.92042,4056.04006,4055.88441,4055.90835
2026-07-27 04:55:00,4055.91711,4056.10548,4055.86144,4056.00157
2026-07-27 05:00:00,4055.92411,4056.07844,4055.90894,4055.99518
2026-07-27 05:05:00,4055.928,4056.25123,4055.76439,4055.97697
2026-07-27 05:10:00,4055.9942,4057.12431,4055.77122,4056.99277
2026-07-27 05:15:00,4056.69989,4056.69989,4055.89103,4056.02006
2026-07-27 05:20:00,4055.92085,4056.15666,4055.92085,4055.98565
2026-07-27 05:25:00,4055.92289,4056.09602,4055.86111,4055.89925
2026-07-27 05:30:00,4055.92057,4057.61818,4055.08427,4056.01771
2026-07-27 05:35:00,4056.09975,4056.13694,4055.86758,4056.01203
2026-07-27 05:40:00,4055.92829,4056.09607,4055.90604,4055.98755
2026-07-27 05:45:00,4055.93009,4056.09792,4055.86254,4055.89675
2026-07-27 05:50:00,4055.92053,4056.07858,4055.88031,4055.92143
2026-07-27 05:55:00,4055.92005,4056.10944,4055.85952,4056.01616
2026-07-27 06:00:00,4055.93147,4056.0961,4055.88673,4055.97745
2026-07-27 06:05:00,4055.92105,4056.10051,4055.86806,4055.89801
2026-07-27 06:10:00,4055.92348,4056.07463,4055.86967,4055.96229
2026-07-27 06:15:00,4055.91659,4056.09623,4055.85565,4056.00821
2026-07-27 06:20:00,4055.9204,4056.09172,4055.87457,4055.97601
2026-07-27 06:25:00,4055.91282,4056.10879,4055.87439,4055.89981
2026-07-27 06:30:00,4055.92769,4056.08714,4055.87162,4055.96755
2026-07-27 06:35:00,4055.92644,4056.0976,4055.85279,4056.01458
2026-07-27 06:40:00,4055.92696,4056.09952,4055.78455,4055.96151
2026-07-27 06:45:00,4055.91107,4056.09444,4055.64343,4055.87872
2026-07-27 06:50:00,4055.90923,4056.085,4055.85904,4055.96018
2026-07-27 06:55:00,4055.91664,4056.08969,4055.86411,4056.01212
2026-07-27 07:00:00,4055.9211,4056.10612,4055.87418,4055.9902
2026-07-27 07:05:00,4055.9197,4056.09598,4055.80792,4055.88793
2026-07-27 07:10:00,4055.9178,4056.09765,4055.86102,4055.96422
2026-07-27 07:15:00,4055.92314,4056.02855,4055.72135,4055.93176
2026-07-27 07:20:00,4055.85391,4056.04122,4055.69221,4056.02604
2026-07-27 07:25:00,4055.96433,4056.25672,4055.80133,4055.99
2026-07-27 07:30:00,4056.03429,4056.16776,4055.88864,4055.96948
2026-07-27 07:35:00,4055.93294,4056.1169,4055.80792,4056.0472
2026-07-27 07:40:00,4055.94873,4056.15325,4055.80792,4055.99275
2026-07-27 07:45:00,4055.91806,4056.0872,4055.78354,4055.87646
2026-07-27 07:50:00,4055.90825,4056.11218,4055.87099,4055.96764
2026-07-27 07:55:00,4055.92153,4056.06588,4055.86755,4056.00718
2026-07-27 08:00:00,4055.91649,4116.24269,4012.26194,4093.68967
2026-07-27 08:05:00,4093.36648,4093.36648,4085.84009,4086.23529
2026-07-27 08:10:00,4087.13448,4089.31054,4086.97074,4087.17774
2026-07-27 08:15:00,4087.22482,4087.80607,4084.01518,4086.76606
2026-07-27 08:20:00,4085.30904,4089.97955,4085.30904,4088.08357
2026-07-27 08:25:00,4088.51514,4088.51514,4085.96878,4086.0431
2026-07-27 08:30:00,4086.15186,4092.49028,4085.76368,4092.13172
2026-07-27 08:35:00,4091.43608,4092.9928,4090.62742,4090.87158
2026-07-27 08:40:00,4091.16129,4092.49028,4090.14684,4090.58123
2026-07-27 08:45:00,4090.80585,4093.16033,4090.56427,4093.06772
2026-07-27 08:50:00,4093.1198,4093.1198,4090.31414,4091.05941
2026-07-27 08:55:00,4091.10203,4091.65303,4089.14332,4090.79485
2026-07-27 09:00:00,4090.75602,4090.90891,4087.4719,4087.58694
2026-07-27 09:05:00,4087.76681,4088.30744,4087.30483,4087.47853
2026-07-27 09:10:00,4087.51007,4087.56533,4085.44418,4086.05723
2026-07-27 09:15:00,4085.8876,4086.49132,4084.46677,4085.70968
2026-07-27 09:20:00,4085.47119,4086.46353,4084.29995,4084.47479
2026-07-27 09:25:00,4084.76763,4085.30109,4084.29995,4084.75517
2026-07-27 09:30:00,4084.92792,4086.3171,4084.19098,4086.23553
2026-07-27 09:35:00,4085.91974,4087.80607,4085.91974,4086.91947
2026-07-27 09:40:00,4087.06932,4089.14332,4086.33196,4088.9916
2026-07-27 09:45:00,4088.73205,4093.9982,4088.42675,4093.09417
2026-07-27 09:50:00,4093.28446,4096.40637,4093.28446,4094.03293
2026-07-27 09:55:00,4094.79688,4095.42809,4092.9928,4095.19246
2026-07-27 10:00:00,4094.64624,4104.61174,4092.89508,4104.13435
2026-07-27 10:05:00,4103.43164,4104.80794,4097.62731,4103.57542
2026-07-27 10:10:00,4100.78022,4116.41214,4100.78022,4115.44935
2026-07-27 10:15:00,4115.26932,4116.42784,4108.5905,4109.44644
2026-07-27 10:20:00,4111.04129,4111.04129,4102.29698,4102.8665
2026-07-27 10:25:00,4104.1439,4104.68381,4090.81612,4091.11856
2026-07-27 10:30:00,4091.95241,4098.37028,4091.95241,4097.83012
2026-07-27 10:35:00,4096.59373,4102.22751,4096.49268,4101.63282
2026-07-27 10:40:00,4101.39039,4101.89097,4097.99657,4101.26682
2026-07-27 10:45:00,4101.00117,4106.10167,4099.3687,4105.86813
2026-07-27 10:50:00,4105.40383,4108.63224,4105.23526,4105.73965
2026-07-27 10:55:00,4105.90636,4106.70209,4101.07593,4102.20248
2026-07-27 11:00:00,4104.8633,4111.33495,4095.69545,4106.64858
2026-07-27 11:05:00,4107.2665,4113.98775,4105.59593,4107.05419
2026-07-27 11:10:00,4107.61604,4109.61224,4105.76449,4107.10754
2026-07-27 11:15:00,4107.65385,4109.28625,4103.74261,4104.02508
2026-07-27 11:20:00,4104.41182,4105.00493,4100.95161,4102.67339
2026-07-27 11:25:00,4102.08988,4102.08988,4097.18523,4100.06777
2026-07-27 11:30:00,4099.7919,4104.45868,4099.58898,4101.13973
2026-07-27 11:35:00,4101.58358,4103.14426,4098.08797,4102.31606
2026-07-27 11:40:00,4101.05834,4104.2479,4101.05834,4102.65391
2026-07-27 11:45:00,4102.72539,4106.60753,4102.10644,4105.47543
2026-07-27 11:50:00,4105.55131,4107.16098,4103.60584,4106.69072
2026-07-27 11:55:00,4105.73772,4109.06881,4105.73772,4108.61103
2026-07-27 12:00:00,4107.79101,4110.15208,4105.93307,4106.08897
2026-07-27 12:05:00,4106.35052,4106.87223,4104.2479,4105.29522
2026-07-27 12:10:00,4105.16082,4105.76449,4104.58482,4104.90661
2026-07-27 12:15:00,4104.94352,4106.15276,4103.91103,4104.53072
2026-07-27 12:20:00,4104.38826,4104.69623,4103.13553,4104.15088
2026-07-27 12:25:00,4103.89666,4106.79026,4101.60315,4103.47099
2026-07-27 12:30:00,4103.52609,4103.97296,4099.8729,4100.20986
2026-07-27 12:35:00,4100.70591,4101.04987,4097.85682,4098.12435
2026-07-27 12:40:00,4098.57784,4098.57784,4095.67497,4095.88961
2026-07-27 12:45:00,4096.07122,4097.97902,4095.50723,4095.54072
2026-07-27 12:50:00,4095.6172,4096.84952,4094.83641,4096.61868
2026-07-27 12:55:00,4096.42558,4097.11638,4095.2516,4096.16123
2026-07-27 13:00:00,4095.89991,4095.89991,4092.16886,4092.61025
2026-07-27 13:05:00,4093.39092,4093.39092,4091.31822,4092.77967
2026-07-27 13:10:00,4092.69628,4092.69628,4090.14684,4091.92989
2026-07-27 13:15:00,4091.80052,4093.49544,4091.48562,4092.96859
2026-07-27 13:20:00,4092.98423,4093.48984,4089.14332,4090.195
2026-07-27 13:25:00,4090.05302,4091.10366,4085.91034,4086.49602
2026-07-27 13:30:00,4087.81512,4089.8884,4085.1342,4089.63752
2026-07-27 13:35:00,4089.28877,4090.14684,4088.30744,4089.14207
2026-07-27 13:40:00,4088.67256,4090.64878,4088.67256,4090.62641
2026-07-27 13:45:00,4090.49982,4090.49982,4088.59927,4088.74657
2026-07-27 13:50:00,4089.12054,4090.48145,4089.12054,4090.43931
2026-07-27 13:55:00,4090.3197,4091.31822,4089.05003,4091.1567
2026-07-27 14:00:00,4090.83272,4092.49028,4090.59005,4091.47538
2026-07-27 14:05:00,4091.70595,4091.72077,4090.48145,4090.96895
2026-07-27 14:10:00,4090.90391,4090.90391,4089.14332,4090.38656
2026-07-27 14:15:00,4090.24678,4091.82839,4087.13778,4087.27165
2026-07-27 14:20:00,4087.40897,4089.47777,4087.40897,4089.17631
2026-07-27 14:25:00,4089.13057,4089.14332,4087.95564,4087.97871
2026-07-27 14:30:00,4088.17757,4090.98347,4088.17757,4090.48675
2026-07-27 14:35:00,4090.52206,4092.15534,4089.69162,4091.59933
2026-07-27 14:40:00,4091.83648,4092.4754,4090.81673,4091.1563
2026-07-27 14:45:00,4091.86186,4091.86186,4090.48145,4090.7798
2026-07-27 14:50:00,4090.68564,4090.68564,4089.47777,4089.78745
2026-07-27 14:55:00,4089.73016,4090.94028,4089.53202,4090.63644
2026-07-27 15:00:00,4090.48688,4091.45292,4089.31054,4091.098
2026-07-27 15:05:00,4090.16624,4093.66301,4088.44287,4093.48329
2026-07-27 15:10:00,4093.03919,4094.66874,4092.49028,4094.50238
2026-07-27 15:15:00,4094.02201,4094.83641,4091.65303,4092.91955
2026-07-27 15:20:00,4092.73367,4093.41409,4088.80893,4088.96766
2026-07-27 15:25:00,4089.2053,4089.55418,4086.14794,4088.03261
2026-07-27 15:30:00,4087.79519,4089.64502,4087.1804,4087.61346
2026-07-27 15:35:00,4088.50865,4089.47777,4086.45549,4089.38199
2026-07-27 15:40:00,4089.07448,4089.47777,4086.97074,4088.36216
2026-07-27 15:45:00,4088.07281,4088.40119,4084.29995,4086.39054
2026-07-27 15:50:00,4085.72657,4087.87163,4084.14467,4087.82114
2026-07-27 15:55:00,4087.58172,4093.32788,4087.11171,4092.99326
2026-07-27 16:00:00,4092.43118,4093.66665,4092.43118,4093.56403
2026-07-27 16:05:00,4093.34542,4094.83641,4092.30027,4093.66243
2026-07-27 16:10:00,4094.07881,4096.17827,4092.19142,4094.09066
2026-07-27 16:15:00,4094.67618,4095.17179,4093.12552,4094.92323
2026-07-27 16:20:00,4094.75159,4094.75159,4091.65303,4093.37222
2026-07-27 16:25:00,4092.74744,4096.43565,4092.74744,4095.48577
2026-07-27 16:30:00,4095.6539,4096.34606,4094.33344,4094.5636
2026-07-27 16:35:00,4094.86973,4098.02475,4094.86973,4097.93396
2026-07-27 16:40:00,4097.89209,4099.16575,4096.51387,4096.90699
2026-07-27 16:45:00,4096.71564,4098.69661,4096.71564,4098.21704
2026-07-27 16:50:00,4098.19239,4098.33046,4094.83641,4097.09099
2026-07-27 16:55:00,4096.94999,4097.79026,4096.01049,4097.40446
2026-07-27 17:00:00,4097.19212,4100.54537,4095.5029,4099.37907
2026-07-27 17:05:00,4100.24707,4100.24707,4095.81054,4096.25189
2026-07-27 17:10:00,4096.88734,4101.20291,4096.88734,4100.98047
2026-07-27 17:15:00,4100.33482,4103.55233,4100.33482,4103.24405
2026-07-27 17:20:00,4102.52256,4105.34824,4102.52256,4105.25898
2026-07-27 17:25:00,4105.07353,4105.59593,4103.40583,4103.45412
2026-07-27 17:30:00,4103.55137,4104.07392,4101.89097,4102.00247
2026-07-27 17:35:00,4102.15359,4103.23745,4099.3687,4099.59871
2026-07-27 17:40:00,4099.88776,4099.88776,4096.01049,4096.23639
2026-07-27 17:45:00,4096.50061,4099.20066,4096.05996,4097.00825
2026-07-27 17:50:00,4097.31478,4097.64234,4094.36465,4096.62968
2026-07-27 17:55:00,4096.08165,4096.08165,4090.79851,4091.20831
2026-07-27 18:00:00,4092.07299,4092.1677,4089.14332,4089.22579
2026-07-27 18:05:00,4089.34161,4092.15534,4088.41798,4092.01807
2026-07-27 18:10:00,4091.65343,4091.98789,4090.48145,4091.90229
2026-07-27 18:15:00,4091.71823,4092.11081,4090.14684,4090.28737
2026-07-27 18:20:00,4090.40063,4091.46934,4089.64502,4090.93225
2026-07-27 18:25:00,4090.07082,4092.3228,4090.07082,4091.56737
2026-07-27 18:30:00,4091.68805,4091.99631,4089.22697,4089.42979
2026-07-27 18:35:00,4089.80269,4090.48145,4087.4719,4090.39301
2026-07-27 18:40:00,4090.11441,4092.82528,4089.95256,4091.1598
2026-07-27 18:45:00,4091.36851,4093.49544,4091.31424,4093.44716
2026-07-27 18:50:00,4093.29563,4094.19925,4091.82045,4093.92201
2026-07-27 18:55:00,4093.26234,4096.90233,4093.26234,4096.79104
2026-07-27 19:00:00,4096.57079,4096.57079,4094.32826,4095.29735
2026-07-27 19:05:00,4094.94554,4098.96264,4094.94554,4095.90039
2026-07-27 19:10:00,4096.30338,4097.42129,4093.9982,4095.99224
2026-07-27 19:15:00,4095.42765,4095.42765,4093.45553,4093.53389
2026-07-27 19:20:00,4093.62511,4094.71824,4092.7789,4093.47622
2026-07-27 19:25:00,4093.75424,4096.41298,4092.06281,4092.83694
2026-07-27 19:30:00,4094.27808,4094.27808,4091.15084,4091.94958
2026-07-27 19:35:00,4092.20741,4094.16581,4090.9451,4091.62575
2026-07-27 19:40:00,4091.84319,4094.4075,4091.48562,4094.02771
2026-07-27 19:45:00,4093.47216,4097.4514,4093.47216,4097.16644
2026-07-27 19:50:00,4096.7779,4099.03263,4096.01049,4097.36736
2026-07-27 19:55:00,4097.08527,4100.37723,4097.08527,4097.58599
2026-07-27 20:00:00,4098.58365,4098.58365,4094.50109,4095.77879
2026-07-27 20:05:00,4095.66023,4096.54351,4093.66301,4093.92103
2026-07-27 20:10:00,4093.82523,4094.63704,4087.80607,4090.67739
2026-07-27 20:15:00,4090.12843,4092.3228,4090.12843,4090.66302
2026-07-27 20:20:00,4090.94197,4094.33344,4089.99719,4093.00842
2026-07-27 20:25:00,4093.11548,4093.8306,4092.95462,4093.08595
2026-07-27 20:30:00,4093.1867,4095.67497,4092.8221,4094.62348
2026-07-27 20:35:00,4094.58069,4098.62927,4094.58069,4097.82517
2026-07-27 20:40:00,4096.26927,4102.22751,4096.26927,4101.91697
2026-07-27 20:45:00,4101.28737,4102.19447,4100.041,4102.06952
2026-07-27 20:50:00,4101.84657,4102.3958,4100.37004,4101.42304
2026-07-27 20:55:00,4101.14843,4102.05923,4099.66071,4099.84925
2026-07-27 21:00:00,4100.11423,4101.48624,4097.6889,4097.84417
2026-07-27 21:05:00,4098.10177,4102.89659,4097.60092,4102.00104
2026-07-27 21:10:00,4100.79378,4104.2479,4100.79378,4102.63332
2026-07-27 21:15:00,4103.37735,4103.37735,4101.53064,4102.42186
2026-07-27 21:20:00,4102.30312,4102.30312,4100.20911,4100.79242
2026-07-27 21:25:00,4100.82146,4100.82146,4100.041,4100.30709
2026-07-27 21:30:00,4100.20062,4100.37723,4096.51387,4096.68944
2026-07-27 21:35:00,4096.98268,4099.20066,4096.98268,4097.65675
2026-07-27 21:40:00,4098.3871,4098.3871,4096.17827,4096.34813
2026-07-27 21:45:00,4096.62405,4096.62405,4095.0041,4095.90032
2026-07-27 21:50:00,4095.867,4096.99677,4094.59144,4094.7454
2026-07-27 21:55:00,4095.00613,4095.00613,4094.16581,4094.65665
2026-07-27 22:00:00,4094.46538,4097.6889,4094.46538,4096.77555
2026-07-27 22:05:00,4096.86833,4097.42316,4094.51604,4094.64703
2026-07-27 22:10:00,4094.84315,4096.53842,4087.63898,4087.94199
2026-07-27 22:15:00,4088.44097,4089.41005,4085.3471,4085.94785
2026-07-27 22:20:00,4087.3005,4087.3005,4082.96587,4083.52717
2026-07-27 22:25:00,4083.39301,4088.80893,4083.18744,4088.66645
2026-07-27 22:30:00,4088.39535,4088.39535,4083.46605,4083.72605
2026-07-27 22:35:00,4083.89964,4088.30744,4083.89964,4086.88766
2026-07-27 22:40:00,4086.19795,4088.1403,4084.80046,4086.74611
2026-07-27 22:45:00,4085.99948,4087.80607,4083.96635,4086.14636
2026-07-27 22:50:00,4085.69458,4087.08423,4081.96587,4084.18829
2026-07-27 22:55:00,4085.10913,4085.30109,4081.9832,4085.16371
2026-07-27 23:00:00,4084.85005,4088.56303,4082.86524,4087.91274
2026-07-27 23:05:00,4086.57993,4086.57993,4081.7849,4083.87239
2026-07-27 23:10:00,4083.63972,4087.30483,4082.63248,4087.08104
2026-07-27 23:15:00,4086.60324,4086.6367,4081.66702,4082.03092
2026-07-27 23:20:00,4082.6886,4085.1342,4082.6886,4084.90983
2026-07-27 23:25:00,4084.51824,4085.1264,4077.14875,4078.59898
2026-07-27 23:30:00,4081.4956,4081.96587,4075.64395,4079.3168
2026-07-27 23:35:00,4078.50982,4086.18677,4078.50982,4085.23992
2026-07-27 23:40:00,4083.00288,4088.64175,4083.00288,4086.22397
2026-07-27 23:45:00,4086.67136,4089.14332,4085.5926,4088.96092
2026-07-27 23:50:00,4088.47546,4089.33304,4085.30109,4085.56702
2026-07-27 23:55:00,4086.03623,4086.03623,4071.99283,4072.39119
2026-07-28 00:00:00,4073.07587,4078.6361,4072.26015,4077.3677
2026-07-28 00:05:00,4077.3605,4077.3605,4074.31551,4076.47034
2026-07-28 00:10:00,4075.67866,4078.49256,4072.32448,4076.36368
2026-07-28 00:15:00,4075.78011,4078.69426,4074.97963,4077.49421
2026-07-28 00:20:00,4077.3023,4077.74702,4073.10111,4076.03663
2026-07-28 00:25:00,4074.96177,4074.96177,4069.49822,4070.30006
2026-07-28 00:30:00,4072.11717,4072.11717,4067.53844,4067.9157
2026-07-28 00:35:00,4068.47386,4069.83843,4065.24244,4069.53879
2026-07-28 00:40:00,4069.00664,4069.82936,4064.73676,4065.35173
2026-07-28 00:45:00,4065.98042,4072.98794,4065.98042,4071.9528
2026-07-28 00:50:00,4072.11898,4074.14952,4071.49546,4073.97164
2026-07-28 00:55:00,4073.6924,4075.04539,4072.32448,4074.80995
2026-07-28 01:00:00,4074.41251,4075.64395,4072.82206,4073.87581
2026-07-28 01:05:00,4073.14757,4075.05412,4073.14757,4074.21079
2026-07-28 01:10:00,4074.13416,4075.16788,4072.98794,4074.62124
2026-07-28 01:15:00,4073.90946,4078.31041,4073.90946,4076.9364
2026-07-28 01:20:00,4077.19682,4078.75858,4076.17141,4076.68626
2026-07-28 01:25:00,4077.70245,4077.70245,4074.91164,4075.95158
2026-07-28 01:30:00,4075.7948,4077.87164,4072.98794,4073.39747
2026-07-28 01:35:00,4074.11231,4074.51372,4073.15384,4074.09256
2026-07-28 01:40:00,4073.34168,4075.9762,4073.34168,4074.93492
2026-07-28 01:45:00,4075.00474,4076.64085,4074.98174,4075.96185
2026-07-28 01:50:00,4075.84265,4078.80246,4075.00886,4078.73
2026-07-28 01:55:00,4078.47282,4078.97685,4077.9708,4078.89051
2026-07-28 02:00:00,4078.82353,4079.36367,4078.01057,4079.19378
2026-07-28 02:05:00,4078.9078,4083.9604,4078.46976,4083.50826
2026-07-28 02:10:00,4082.49678,4084.63361,4081.37105,4081.59433
2026-07-28 02:15:00,4081.87204,4081.87204,4080.13383,4080.32995
2026-07-28 02:20:00,4080.28504,4082.96587,4079.57851,4081.58217
2026-07-28 02:25:00,4081.71339,4086.97074,4078.65747,4086.77927
2026-07-28 02:30:00,4086.31683,4092.65777,4083.96635,4089.29805
2026-07-28 02:35:00,4089.60386,4094.60524,4089.60386,4091.81898
2026-07-28 02:40:00,4093.05058,4093.05058,4088.01947,4088.31753
2026-07-28 02:45:00,4088.92149,4088.92149,4084.82097,4085.16499
2026-07-28 02:50:00,4085.76392,4085.76392,4081.79926,4081.84967
2026-07-28 02:55:00,4081.91943,4082.20907,4081.2075,4082.13877
2026-07-28 03:00:00,4082.12489,4082.50097,4075.94287,4076.28566
2026-07-28 03:05:00,4076.98943,4076.98943,4073.98354,4075.38237
2026-07-28 03:10:00,4075.18212,4076.46229,4070.50108,4073.52169
2026-07-28 03:15:00,4072.75357,4075.14569,4072.75357,4073.52586
2026-07-28 03:20:00,4073.75804,4076.88013,4073.22566,4074.28209
2026-07-28 03:25:00,4074.96402,4075.47785,4073.48568,4074.8711
2026-07-28 03:30:00,4074.98603,4075.81007,4074.78704,4075.72705
2026-07-28 03:35:00,4075.44608,4075.6246,4072.65619,4073.79098
2026-07-28 03:40:00,4074.12614,4074.81358,4073.15384,4073.91423
2026-07-28 03:45:00,4074.0456,4075.20743,4074.03777,4075.11919
2026-07-28 03:50:00,4074.95644,4076.80704,4074.95644,4076.44917
2026-07-28 03:55:00,4076.27704,4076.8244,4075.31176,4076.75807
2026-07-28 04:00:00,4076.66263,4078.46046,4076.44442,4078.2445
2026-07-28 04:05:00,4077.96087,4078.99062,4076.95792,4078.32671
2026-07-28 04:10:00,4078.32406,4078.6361,4076.64085,4076.96038
2026-07-28 04:15:00,4076.99166,4077.40042,4074.97963,4075.49175
2026-07-28 04:20:00,4075.24989,4075.81007,4074.48152,4075.32889
2026-07-28 04:25:00,4074.86544,4077.47197,4074.05095,4076.56824
2026-07-28 04:30:00,4076.49975,4077.01508,4076.12553,4076.44339
2026-07-28 04:35:00,4076.47974,4077.49337,4073.81947,4074.1728
2026-07-28 04:40:00,4074.90745,4079.13522,4073.15384,4076.9462
2026-07-28 04:45:00,4077.17683,4077.3252,4075.14569,4075.91721
2026-07-28 04:50:00,4075.77689,4078.30343,4074.96491,4078.17
2026-07-28 04:55:00,4077.7913,4079.469,4077.535,4077.74729
2026-07-28 05:00:00,4077.95847,4078.80246,4077.30572,4078.09425
2026-07-28 05:05:00,4078.16553,4079.85212,4076.3085,4079.70981
2026-07-28 05:10:00,4079.50456,4081.79926,4079.50456,4080.15025
2026-07-28 05:15:00,4080.45151,4082.30987,4079.64916,4081.83534
2026-07-28 05:20:00,4081.00633,4088.97612,4081.00633,4085.10479
2026-07-28 05:25:00,4085.19644,4085.28987,4083.62157,4084.92538
2026-07-28 05:30:00,4084.22743,4086.30271,4084.13314,4084.82942
2026-07-28 05:35:00,4084.62524,4086.30271,4084.62524,4086.1264
2026-07-28 05:40:00,4086.06287,4087.30483,4084.81336,4085.13161
2026-07-28 05:45:00,4085.78294,4088.82287,4085.78294,4088.43664
2026-07-28 05:50:00,4087.66267,4089.80554,4086.13574,4087.21484
2026-07-28 05:55:00,4086.93423,4087.63898,4082.46581,4082.80335
2026-07-28 06:00:00,4083.42639,4083.79957,4082.38848,4082.65468
2026-07-28 06:05:00,4083.18049,4083.18049,4081.59089,4081.67749
2026-07-28 06:10:00,4081.83635,4082.46581,4081.83635,4081.97306
2026-07-28 06:15:00,4082.06934,4082.33828,4080.46681,4080.84871
2026-07-28 06:20:00,4080.6974,4080.96637,4079.1846,4079.31478
2026-07-28 06:25:00,4079.63086,4080.96637,4079.19263,4079.99394
2026-07-28 06:30:00,4079.98621,4079.98621,4077.46887,4077.73989
2026-07-28 06:35:00,4078.18128,4078.21062,4076.14234,4076.30771
2026-07-28 06:40:00,4076.59971,4077.34691,4076.46008,4077.19532
2026-07-28 06:45:00,4077.12807,4077.15476,4076.14234,4076.61625
2026-07-28 06:50:00,4076.43336,4077.55934,4075.81007,4075.9129
2026-07-28 06:55:00,4076.18322,4077.30572,4076.18322,4076.96247
2026-07-28 07:00:00,4076.90987,4077.13948,4076.47466,4076.75532
2026-07-28 07:05:00,4076.66744,4076.97326,4076.63317,4076.94823
2026-07-28 07:10:00,4076.85536,4076.85536,4076.58763,4076.69688
2026-07-28 07:15:00,4076.6249,4076.80472,4076.47466,4076.74283
2026-07-28 07:20:00,4076.65634,4076.85753,4076.60141,4076.75706
2026-07-28 07:25:00,4076.6684,4076.97326,4076.61915,4076.95354
2026-07-28 07:30:00,4076.8746,4076.8746,4076.63389,4076.78627
2026-07-28 07:35:00,4076.69018,4076.88552,4076.60767,4076.70294
2026-07-28 07:40:00,4076.66731,4076.8451,4076.49179,4076.71583
2026-07-28 07:45:00,4076.63882,4076.80716,4076.47448,4076.79004
2026-07-28 07:50:00,4076.71845,4076.84394,4076.61574,4076.6324
2026-07-28 07:55:00,4076.66245,4076.83425,4076.60234,4076.69468
2026-07-28 08:00:00,4076.66245,4081.46606,4076.66152,4080.45238
2026-07-28 08:05:00,4080.53485,4081.13292,4078.80246,4078.95305
2026-07-28 08:10:00,4079.1696,4079.48801,4076.97326,4077.59722
2026-07-28 08:15:00,4077.51908,4078.11348,4076.14234,4076.75102
2026-07-28 08:20:00,4076.60884,4076.97326,4072.74249,4073.08356
2026-07-28 08:25:00,4073.58871,4073.58871,4070.99821,4072.30299
2026-07-28 08:30:00,4072.35612,4074.31551,4071.2602,4073.89871
2026-07-28 08:35:00,4073.79793,4074.97963,4072.66223,4074.80572
2026-07-28 08:40:00,4074.71936,4074.92693,4074.26117,4074.87574
2026-07-28 08:45:00,4074.77463,4074.84678,4073.98354,4074.01204
2026-07-28 08:50:00,4074.09103,4074.51859,4073.71045,4074.45781
2026-07-28 08:55:00,4074.32813,4074.64754,4073.98354,4074.16776
2026-07-28 09:00:00,4074.21564,4074.21564,4071.99283,4072.10751
2026-07-28 09:05:00,4072.31491,4074.81358,4072.21509,4074.18231
2026-07-28 09:10:00,4074.22639,4074.64754,4073.48568,4074.58268
2026-07-28 09:15:00,4074.36266,4074.81358,4073.65184,4074.5892
2026-07-28 09:20:00,4074.3825,4074.3825,4072.82206,4073.09666
2026-07-28 09:25:00,4073.20469,4073.48568,4071.92389,4072.93619
2026-07-28 09:30:00,4072.73064,4073.46644,4072.5895,4073.29694
2026-07-28 09:35:00,4072.79339,4073.65162,4072.65619,4073.42664
2026-07-28 09:40:00,4073.30242,4073.55281,4072.03178,4072.51918
2026-07-28 09:45:00,4072.47544,4072.47544,4070.4753,4070.64471
2026-07-28 09:50:00,4070.91168,4072.98794,4070.10839,4072.37965
2026-07-28 09:55:00,4072.44935,4073.00201,4071.49546,4072.87644
2026-07-28 10:00:00,4072.69503,4073.30747,4069.17599,4069.4277
2026-07-28 10:05:00,4069.84264,4069.84264,4062.39844,4066.90069
2026-07-28 10:10:00,4066.01309,4067.52085,4064.4758,4066.64003
2026-07-28 10:15:00,4066.72843,4067.16918,4063.05867,4064.92597
2026-07-28 10:20:00,4064.68911,4067.27778,4061.07862,4061.48008
2026-07-28 10:25:00,4062.06455,4062.89359,4058.59629,4062.63917
2026-07-28 10:30:00,4062.15119,4064.15153,4061.05624,4063.2085
2026-07-28 10:35:00,4061.96717,4065.53645,4061.96717,4064.26748
2026-07-28 10:40:00,4064.31419,4065.86705,4062.47423,4065.76716
2026-07-28 10:45:00,4065.54243,4066.3759,4059.35959,4059.87387
2026-07-28 10:50:00,4060.96722,4060.96722,4058.44156,4058.53307
2026-07-28 10:55:00,4058.75916,4061.24355,4058.61456,4059.05246
2026-07-28 11:00:00,4059.84612,4059.84612,4054.9894,4058.38595
2026-07-28 11:05:00,4056.7158,4059.92449,4055.15004,4056.04126
2026-07-28 11:10:00,4056.88155,4057.67209,4054.65677,4056.48886
2026-07-28 11:15:00,4056.68891,4058.97131,4055.23351,4055.82297
2026-07-28 11:20:00,4056.84454,4056.84454,4050.05873,4050.64275
2026-07-28 11:25:00,4050.79332,4050.8492,4047.66079,4049.30468
2026-07-28 11:30:00,4048.95513,4050.70827,4045.49079,4046.08801
2026-07-28 11:35:00,4046.93657,4050.55087,4044.48938,4049.01685
2026-07-28 11:40:00,4049.31939,4049.31939,4047.76361,4047.86369
2026-07-28 11:45:00,4048.02378,4049.12911,4046.06101,4047.25854
2026-07-28 11:50:00,4046.93366,4047.94763,4042.49891,4044.8425
2026-07-28 11:55:00,4044.56079,4045.1438,4044.01702,4045.08006
2026-07-28 12:00:00,4044.87602,4045.64787,4042.85426,4042.9423
2026-07-28 12:05:00,4043.15511,4045.6638,4043.05093,4043.33903
2026-07-28 12:10:00,4044.09595,4047.63059,4044.09595,4046.38151
2026-07-28 12:15:00,4046.5152,4048.41909,4045.788,4048.22501
2026-07-28 12:20:00,4047.90546,4048.61963,4047.88873,4048.54447
2026-07-28 12:25:00,4048.44654,4049.06795,4046.12583,4046.32344
2026-07-28 12:30:00,4046.3773,4047.59977,4045.79844,4046.83551
2026-07-28 12:35:00,4046.6527,4046.70647,4044.98018,4045.18544
2026-07-28 12:40:00,4045.4817,4046.82039,4041.76562,4042.05559
2026-07-28 12:45:00,4042.81682,4045.1438,4042.81682,4043.86939
2026-07-28 12:50:00,4044.19413,4045.1438,4043.18117,4044.4884
2026-07-28 12:55:00,4044.06266,4045.15486,4040.73056,4043.42602
2026-07-28 13:00:00,4042.92783,4043.17762,4041.05636,4042.58918
2026-07-28 13:05:00,4041.85251,4045.85673,4041.85251,4045.68345
2026-07-28 13:10:00,4045.42049,4047.43595,4045.42049,4046.49316
2026-07-28 13:15:00,4046.56865,4048.83537,4045.56858,4048.55529
2026-07-28 13:20:00,4048.16076,4049.40271,4047.21872,4049.24472
2026-07-28 13:25:00,4048.92747,4049.12142,4047.10834,4047.90179
2026-07-28 13:30:00,4047.75891,4050.87904,4047.36719,4050.73097
2026-07-28 13:35:00,4050.36408,4050.55087,4048.91084,4049.78739
2026-07-28 13:40:00,4049.57072,4049.68595,4047.92746,4047.97551
2026-07-28 13:45:00,4048.02137,4050.35632,4047.72448,4050.08726
2026-07-28 13:50:00,4049.66624,4050.90449,4048.74691,4050.52823
2026-07-28 13:55:00,4050.09989,4050.27516,4048.05624,4048.26765
2026-07-28 14:00:00,4048.73374,4049.5667,4048.53382,4049.19895
2026-07-28 14:05:00,4049.09022,4049.22517,4046.12583,4046.49102
2026-07-28 14:10:00,4046.29209,4046.61703,4044.01371,4044.23901
2026-07-28 14:15:00,4044.66675,4046.99102,4043.83517,4046.85904
2026-07-28 14:20:00,4046.6079,4047.89573,4046.6079,4047.82017
2026-07-28 14:25:00,4047.64939,4047.64939,4046.09286,4046.29927
2026-07-28 14:30:00,4046.43147,4046.52361,4043.83517,4045.29445
2026-07-28 14:35:00,4045.01665,4047.27214,4045.01665,4045.87284
2026-07-28 14:40:00,4045.90732,4047.10834,4045.30744,4047.0236
2026-07-28 14:45:00,4046.8619,4048.09132,4043.94669,4044.68471
2026-07-28 14:50:00,4046.03953,4046.03953,4042.85426,4043.94678
2026-07-28 14:55:00,4043.66951,4044.66591,4042.52357,4042.611
2026-07-28 15:00:00,4042.71192,4043.56036,4040.34907,4042.12112
2026-07-28 15:05:00,4041.92029,4042.87801,4041.21965,4041.54672
2026-07-28 15:10:00,4042.17516,4042.85426,4040.71901,4041.71455
2026-07-28 15:15:00,4041.8763,4043.18117,4041.8763,4043.06318
2026-07-28 15:20:00,4042.88737,4043.67165,4042.36397,4042.47055
2026-07-28 15:25:00,4042.66276,4042.9821,4040.5673,4041.62543
2026-07-28 15:30:00,4041.48541,4043.43571,4037.4677,4037.75255
2026-07-28 15:35:00,4038.16247,4038.77221,4036.04074,4036.87539
2026-07-28 15:40:00,4036.99163,4042.36397,4036.50101,4042.11166
2026-07-28 15:45:00,4041.61629,4043.50815,4039.66577,4041.75906
2026-07-28 15:50:00,4040.99006,4043.57006,4040.99006,4043.30419
2026-07-28 15:55:00,4042.60343,4046.28955,4042.60343,4046.10673
2026-07-28 16:00:00,4045.63715,4047.00168,4045.33225,4046.83613
2026-07-28 16:05:00,4046.33478,4047.27214,4044.65297,4044.72484
2026-07-28 16:10:00,4044.87356,4045.96005,4043.67165,4045.74874
2026-07-28 16:15:00,4045.439,4047.60324,4043.65644,4044.7932
2026-07-28 16:20:00,4044.96165,4047.43595,4043.73056,4045.22739
2026-07-28 16:25:00,4045.80821,4047.93289,4044.16225,4047.78975
2026-07-28 16:30:00,4047.43419,4049.73069,4047.20548,4049.13291
2026-07-28 16:35:00,4049.19479,4049.86688,4048.11613,4048.3879
2026-07-28 16:40:00,4049.03062,4051.69969,4049.03062,4051.59582
2026-07-28 16:45:00,4051.30755,4052.41609,4048.41909,4049.42738
2026-07-28 16:50:00,4048.41253,4050.89281,4048.41253,4050.70772
2026-07-28 16:55:00,4050.15014,4051.87321,4048.41909,4048.48748
2026-07-28 17:00:00,4048.59446,4049.8947,4047.57611,4048.83064
2026-07-28 17:05:00,4049.37999,4049.88749,4047.92746,4049.57925
2026-07-28 17:10:00,4048.79357,4050.71495,4048.79357,4049.26748
2026-07-28 17:15:00,4049.59186,4051.86386,4049.23874,4051.70579
2026-07-28 17:20:00,4051.32456,4052.19224,4050.51495,4050.88069
2026-07-28 17:25:00,4051.35979,4052.19224,4049.06024,4051.8531
2026-07-28 17:30:00,4051.78263,4051.78263,4049.54077,4049.6636
2026-07-28 17:35:00,4049.86277,4050.44705,4049.37325,4050.34033
2026-07-28 17:40:00,4050.15883,4050.55367,4049.40288,4049.53103
2026-07-28 17:45:00,4049.73796,4049.73796,4047.6567,4047.82907
2026-07-28 17:50:00,4048.11266,4050.05873,4047.27214,4049.15879
2026-07-28 17:55:00,4048.8498,4049.40271,4046.78079,4046.96283
2026-07-28 18:00:00,4047.24168,4051.69969,4046.70038,4051.59479
2026-07-28 18:05:00,4051.39888,4054.56028,4048.44633,4050.84809
2026-07-28 18:10:00,4052.82681,4052.82681,4043.50815,4044.78949
2026-07-28 18:15:00,4044.68033,4049.40271,4042.78949,4049.0581
2026-07-28 18:20:00,4048.62035,4050.61954,4047.76361,4048.8263
2026-07-28 18:25:00,4049.30269,4051.37139,4049.07479,4049.74235
2026-07-28 18:30:00,4049.56604,4049.56604,4044.65297,4044.93304
2026-07-28 18:35:00,4045.37349,4047.27288,4043.99181,4046.78068
2026-07-28 18:40:00,4045.60937,4045.60937,4042.69082,4042.75283
2026-07-28 18:45:00,4043.02148,4045.16283,4043.02148,4044.90422
2026-07-28 18:50:00,4044.46072,4045.63476,4042.52739,4042.6846
2026-07-28 18:55:00,4042.93924,4044.51418,4042.21763,4044.19307
2026-07-28 19:00:00,4043.68018,4046.51752,4043.34465,4043.56513
2026-07-28 19:05:00,4043.94023,4043.94023,4041.94793,4042.56283
2026-07-28 19:10:00,4042.44858,4042.85426,4041.56277,4042.80674
2026-07-28 19:15:00,4042.50001,4043.22504,4040.73056,4043.17415
2026-07-28 19:20:00,4043.09865,4044.16225,4042.69082,4042.74137
2026-07-28 19:25:00,4042.75884,4043.01771,4040.24411,4040.61072
2026-07-28 19:30:00,4041.0812,4041.20525,4036.81576,4038.05285
2026-07-28 19:35:00,4037.94276,4037.94276,4032.09548,4032.20896
2026-07-28 19:40:00,4032.39838,4033.88463,4032.25806,4033.77557
2026-07-28 19:45:00,4033.49381,4035.83621,4029.82067,4030.3071
2026-07-28 19:50:00,4031.16989,4032.77801,4028.52194,4030.46877
2026-07-28 19:55:00,4030.23979,4031.239,4018.00064,4019.11394
2026-07-28 20:00:00,4020.92688,4024.63074,4020.92688,4024.54987
2026-07-28 20:05:00,4024.36159,4027.72567,4023.42816,4027.16657
2026-07-28 20:10:00,4026.19308,4026.19308,4021.39382,4023.47897
2026-07-28 20:15:00,4023.03585,4026.10906,4023.03585,4023.97312
2026-07-28 20:20:00,4024.47682,4024.47682,4018.96954,4019.10327
2026-07-28 20:25:00,4019.39519,4020.44494,4017.67784,4020.05947
2026-07-28 20:30:00,4019.46196,4023.49722,4016.74475,4023.26319
2026-07-28 20:35:00,4022.83055,4023.73205,4021.07041,4022.71612
2026-07-28 20:40:00,4022.57437,4022.84979,4020.43828,4022.46064
2026-07-28 20:45:00,4022.27244,4025.45418,4022.16724,4025.38354
2026-07-28 20:50:00,4025.11106,4027.92485,4023.49722,4027.354
2026-07-28 20:55:00,4026.19121,4029.28235,4026.19121,4028.8896
2026-07-28 21:00:00,4028.19086,4028.35965,4026.24506,4026.4344
2026-07-28 21:05:00,4026.6808,4028.52194,4025.7649,4028.31033
2026-07-28 21:10:00,4027.99161,4028.73164,4024.16344,4024.51696
2026-07-28 21:15:00,4025.0053,4031.44527,4023.49722,4031.10956
2026-07-28 21:20:00,4030.54521,4031.35817,4029.08141,4030.27275
2026-07-28 21:25:00,4030.11624,4030.11624,4027.06186,4027.13547
2026-07-28 21:30:00,4027.37335,4028.75845,4026.41327,4026.6045
2026-07-28 21:35:00,4026.82349,4031.12025,4026.33328,4030.93725
2026-07-28 21:40:00,4030.56479,4030.56479,4027.49135,4027.66755
2026-07-28 21:45:00,4027.90431,4027.90431,4026.73754,4026.76273
2026-07-28 21:50:00,4026.88307,4028.26055,4023.65912,4024.29745
2026-07-28 21:55:00,4024.49755,4027.59929,4024.49755,4027.20663
2026-07-28 22:00:00,4026.29616,4027.87288,4023.65912,4026.05396
2026-07-28 22:05:00,4025.64616,4028.19738,4025.64616,4027.06463
2026-07-28 22:10:00,4026.99699,4027.87288,4023.04716,4027.56935
2026-07-28 22:15:00,4026.82285,4028.44883,4026.82285,4028.20508
2026-07-28 22:20:00,4027.50773,4033.71492,4025.86737,4033.43501
2026-07-28 22:25:00,4033.05977,4034.38642,4031.93291,4034.27656
2026-07-28 22:30:00,4034.12207,4034.81835,4028.43035,4028.6957
2026-07-28 22:35:00,4029.18258,4029.33355,4028.03512,4028.41882
2026-07-28 22:40:00,4028.36873,4034.04736,4028.1491,4033.90999
2026-07-28 22:45:00,4033.69647,4037.3047,4033.69647,4037.1105
2026-07-28 22:50:00,4036.53092,4036.61528,4031.60781,4031.9091
2026-07-28 22:55:00,4032.43684,4032.70015,4028.84654,4029.10709
2026-07-28 23:00:00,4029.53001,4033.72192,4027.93797,4033.55081
2026-07-28 23:05:00,4033.31083,4035.34966,4031.77035,4033.50735
2026-07-28 23:10:00,4034.0265,4034.0265,4032.7459,4033.60761
2026-07-28 23:15:00,4033.3953,4033.3953,4030.14549,4030.82136
2026-07-28 23:20:00,4031.07126,4035.51251,4030.28139,4033.99374
2026-07-28 23:25:00,4034.17996,4035.86136,4029.84735,4030.24695
2026-07-28 23:30:00,4030.86383,4032.07242,4029.11567,4029.27157
2026-07-28 23:35:00,4029.79273,4032.25806,4023.31424,4023.74438
2026-07-28 23:40:00,4024.65612,4024.65612,4021.51347,4022.27806
2026-07-28 23:45:00,4022.38436,4024.79272,4022.38436,4024.22091
2026-07-28 23:50:00,4023.85171,4027.22031,4023.85171,4026.9647
2026-07-28 23:55:00,4026.24377,4027.54843,4022.37197,4022.62237
2026-07-29 00:00:00,4023.10856,4026.5754,4021.12495,4024.8995
2026-07-29 00:05:00,4025.04817,4029.8994,4025.04817,4028.8238
2026-07-29 00:10:00,4029.21593,4031.22714,4027.24382,4028.08274
2026-07-29 00:15:00,4030.01055,4030.01055,4021.85624,4022.2915
2026-07-29 00:20:00,4023.17569,4023.17569,4012.44894,4016.5151
2026-07-29 00:25:00,4013.47391,4020.35672,4013.47391,4020.11108
2026-07-29 00:30:00,4019.45786,4024.46877,4019.45786,4024.27583
2026-07-29 00:35:00,4024.14447,4024.14447,4019.61572,4022.76072
2026-07-29 00:40:00,4022.37924,4022.37924,4019.9389,4021.54359
2026-07-29 00:45:00,4021.29116,4023.74085,4021.29116,4022.43538
2026-07-29 00:50:00,4022.64515,4028.52194,4022.64515,4027.54027
2026-07-29 00:55:00,4027.71856,4028.35965,4025.96862,4026.09191
2026-07-29 01:00:00,4026.24116,4029.00886,4025.17931,4025.52205
2026-07-29 01:05:00,4026.22883,4026.22883,4022.84666,4025.16975
2026-07-29 01:10:00,4023.79862,4033.39652,4022.35583,4032.29134
2026-07-29 01:15:00,4032.0492,4035.02792,4032.0492,4034.86474
2026-07-29 01:20:00,4034.3996,4040.2408,4032.956,4037.15943
2026-07-29 01:25:00,4038.15247,4039.75115,4036.16403,4037.51373
2026-07-29 01:30:00,4038.31069,4038.31069,4033.88463,4034.70528
2026-07-29 01:35:00,4034.21458,4037.95679,4033.88463,4037.44304
2026-07-29 01:40:00,4037.36659,4041.42554,4036.92596,4041.05232
2026-07-29 01:45:00,4040.48864,4045.1438,4040.48864,4043.4558
2026-07-29 01:50:00,4043.61216,4046.24942,4042.52739,4045.88313
2026-07-29 01:55:00,4044.95395,4046.78079,4044.95395,4046.66413
2026-07-29 02:00:00,4046.43713,4046.8378,4043.22344,4043.6528
2026-07-29 02:05:00,4044.56602,4044.56602,4042.69082,4043.46513
2026-07-29 02:10:00,4043.60374,4045.53268,4042.52739,4044.43902
2026-07-29 02:15:00,4044.65991,4044.8364,4043.83517,4043.90062
2026-07-29 02:20:00,4044.10052,4045.63476,4043.9919,4044.31902
2026-07-29 02:25:00,4044.99577,4044.99577,4042.76813,4043.47902
2026-07-29 02:30:00,4043.30275,4043.83517,4041.38377,4043.69784
2026-07-29 02:35:00,4043.4743,4044.05793,4041.38377,4042.51599
2026-07-29 02:40:00,4042.19201,4043.51433,4040.89385,4041.94474
2026-07-29 02:45:00,4041.72847,4041.92902,4038.30852,4038.6056
2026-07-29 02:50:00,4039.18696,4039.18696,4037.60251,4037.63848
2026-07-29 02:55:00,4037.75671,4038.11985,4036.97873,4037.01457
2026-07-29 03:00:00,4037.03356,4038.54431,4037.03356,4038.14871
2026-07-29 03:05:00,4038.08525,4041.22045,4037.52214,4040.47348
2026-07-29 03:10:00,4040.04304,4040.04304,4035.83824,4036.03269
2026-07-29 03:15:00,4036.38476,4036.65296,4035.67537,4036.49204
2026-07-29 03:20:00,4036.39002,4040.89385,4036.00478,4036.94148
2026-07-29 03:25:00,4037.48124,4039.26162,4036.29661,4038.51827
2026-07-29 03:30:00,4038.55529,4038.77221,4034.8612,4034.93737
2026-07-29 03:35:00,4034.95218,4036.1357,4032.18268,4032.26551
2026-07-29 03:40:00,4032.3823,4032.63654,4028.19738,4028.40059
2026-07-29 03:45:00,4028.69576,4029.64081,4026.41327,4028.00407
2026-07-29 03:50:00,4027.17277,4029.00886,4027.17277,4027.47305
2026-07-29 03:55:00,4027.8162,4028.1105,4026.48529,4027.95494
2026-07-29 04:00:00,4027.69222,4029.40266,4027.57019,4029.05041
2026-07-29 04:05:00,4028.52915,4030.14549,4028.52915,4030.08588
2026-07-29 04:10:00,4029.95583,4029.95583,4027.87288,4028.80243
2026-07-29 04:15:00,4028.58698,4030.14549,4028.58698,4028.78446
2026-07-29 04:20:00,4028.93687,4028.9815,4026.89969,4027.08174
2026-07-29 04:25:00,4027.39404,4027.39404,4026.08906,4026.88269
2026-07-29 04:30:00,4026.37839,4028.00294,4024.68994,4024.81676
2026-07-29 04:35:00,4024.99585,4025.00752,4023.41195,4024.79449
2026-07-29 04:40:00,4024.43363,4024.79272,4023.26901,4024.76237
2026-07-29 04:45:00,4024.65457,4026.31061,4023.82102,4024.00266
2026-07-29 04:50:00,4024.30478,4024.30478,4023.26708,4024.14843
2026-07-29 04:55:00,4024.05237,4024.05237,4021.27995,4022.59441
2026-07-29 05:00:00,4022.68214,4024.61417,4022.52615,4024.3242
2026-07-29 05:05:00,4023.66168,4025.92697,4023.66168,4025.36584
2026-07-29 05:10:00,4025.15186,4025.54958,4023.82102,4024.38511
2026-07-29 05:15:00,4024.28179,4024.95472,4024.141,4024.3179
2026-07-29 05:20:00,4024.62708,4024.62708,4023.17348,4023.32575
2026-07-29 05:25:00,4023.29858,4023.39119,4021.79613,4023.13358
2026-07-29 05:30:00,4022.81761,4027.49491,4022.81761,4027.10747
2026-07-29 05:35:00,4026.3527,4027.71065,4024.63074,4024.75157
2026-07-29 05:40:00,4024.92818,4025.60283,4024.25264,4025.03009
2026-07-29 05:45:00,4025.01398,4027.38623,4024.11534,4027.32088
2026-07-29 05:50:00,4027.1415,4027.6652,4025.53653,4027.33021
2026-07-29 05:55:00,4026.65231,4027.87288,4026.65231,4027.65454
2026-07-29 06:00:00,4027.4325,4027.74892,4023.6431,4023.85059
2026-07-29 06:05:00,4024.15066,4024.15066,4022.84979,4022.9063
2026-07-29 06:10:00,4023.0579,4024.36492,4023.0579,4024.25512
2026-07-29 06:15:00,4024.02622,4026.4807,4024.02622,4026.26225
2026-07-29 06:20:00,4025.91949,4026.73754,4025.84075,4026.47738
2026-07-29 06:25:00,4026.2822,4027.87288,4025.35785,4027.75981
2026-07-29 06:30:00,4027.44689,4028.4852,4027.23542,4028.37849
2026-07-29 06:35:00,4028.04918,4029.65828,4027.54843,4027.68642
2026-07-29 06:40:00,4027.9683,4030.30792,4027.93529,4030.15954
2026-07-29 06:45:00,4029.90857,4030.47036,4029.13147,4029.51436
2026-07-29 06:50:00,4030.23146,4030.23146,4026.5754,4028.16521
2026-07-29 06:55:00,4027.75364,4029.13216,4027.75364,4028.58082
2026-07-29 07:00:00,4028.68301,4029.49591,4028.52194,4029.41034
2026-07-29 07:05:00,4029.18165,4029.18165,4028.4055,4028.80564
2026-07-29 07:10:00,4028.74378,4028.87674,4028.52194,4028.79124
2026-07-29 07:15:00,4028.70501,4028.93993,4028.67744,4028.70175
2026-07-29 07:20:00,4028.72615,4028.84654,4028.35965,4028.82749
2026-07-29 07:25:00,4028.78279,4028.92666,4028.52194,4028.81627
2026-07-29 07:30:00,4028.75021,4028.88987,4028.35965,4028.41952
2026-07-29 07:35:00,4028.40334,4028.8983,4028.35965,4028.69261
2026-07-29 07:40:00,4028.71092,4028.88486,4028.65004,4028.70401
2026-07-29 07:45:00,4028.75752,4028.98698,4028.68423,4028.85908
2026-07-29 07:50:00,4028.78669,4028.86927,4028.68423,4028.84515
2026-07-29 07:55:00,4028.76701,4028.94766,4028.46512,4028.56155
2026-07-29 08:00:00,4028.67948,4029.33355,4026.08906,4027.11343
2026-07-29 08:05:00,4026.84641,4027.38623,4025.55416,4027.20716
2026-07-29 08:10:00,4027.10788,4028.1342,4025.77092,4026.04959
2026-07-29 08:15:00,4026.44615,4026.44615,4022.84979,4022.98253
2026-07-29 08:20:00,4023.18267,4023.27277,4018.12506,4018.731
2026-07-29 08:25:00,4019.70115,4020.74705,4017.35497,4020.45516
2026-07-29 08:30:00,4019.85669,4021.52758,4013.93883,4014.31269
2026-07-29 08:35:00,4014.81429,4017.52986,4014.81429,4015.09727
2026-07-29 08:40:00,4015.39949,4018.80802,4015.25798,4018.61483
2026-07-29 08:45:00,4018.53684,4018.71773,4014.96701,4017.68816
2026-07-29 08:50:00,4017.37717,4019.13106,4016.54818,4017.76516
2026-07-29 08:55:00,4017.98388,4020.04889,4017.34521,4019.85146
2026-07-29 09:00:00,4019.51908,4019.51908,4017.33155,4017.54224
2026-07-29 09:05:00,4017.80348,4019.13106,4016.54818,4018.92328
2026-07-29 09:10:00,4018.63343,4022.56836,4018.61467,4022.44861
2026-07-29 09:15:00,4022.1356,4022.99158,4016.29863,4016.75882
2026-07-29 09:20:00,4017.39299,4019.08799,4015.58045,4018.8887
2026-07-29 09:25:00,4018.47976,4019.36972,4015.54127,4018.23618
2026-07-29 09:30:00,4018.51146,4019.36467,4017.67778,4017.85924
2026-07-29 09:35:00,4018.16388,4020.42375,4016.70151,4020.3662
2026-07-29 09:40:00,4020.23498,4022.03111,4018.48503,4021.06333
2026-07-29 09:45:00,4019.14001,4023.33535,4018.98194,4019.34232
2026-07-29 09:50:00,4019.85105,4024.38473,4019.85105,4024.29051
2026-07-29 09:55:00,4024.0904,4026.25116,4023.49722,4026.09803
2026-07-29 10:00:00,4025.76084,4026.2778,4018.00064,4021.40967
2026-07-29 10:05:00,4020.66586,4023.82102,4018.95691,4019.54291
2026-07-29 10:10:00,4020.30929,4021.39382,4018.16209,4021.28181
2026-07-29 10:15:00,4021.11321,4025.48975,4021.11321,4025.39076
2026-07-29 10:20:00,4025.03492,4027.54843,4023.82102,4024.17535
2026-07-29 10:25:00,4024.78275,4026.41327,4022.64196,4022.93659
2026-07-29 10:30:00,4023.53379,4024.68552,4022.04078,4024.40618
2026-07-29 10:35:00,4023.69101,4027.22403,4023.40488,4027.02483
2026-07-29 10:40:00,4026.70869,4026.70869,4023.90707,4025.65518
2026-07-29 10:45:00,4025.42421,4026.04966,4022.0117,4024.48367
2026-07-29 10:50:00,4024.50458,4024.50458,4021.23211,4023.28748
2026-07-29 10:55:00,4022.66142,4023.82102,4020.90873,4021.76694
2026-07-29 11:00:00,4021.47326,4024.04886,4012.92109,4013.88852
2026-07-29 11:05:00,4015.60707,4015.60707,4009.78989,4014.31914
2026-07-29 11:10:00,4014.05718,4017.35497,4012.80983,4013.06013
2026-07-29 11:15:00,4013.52475,4016.17675,4012.35806,4015.82631
2026-07-29 11:20:00,4015.3797,4017.03222,4015.25798,4015.29581
2026-07-29 11:25:00,4015.26425,4018.9374,4015.26425,4018.67919
2026-07-29 11:30:00,4018.32997,4021.07041,4015.90298,4020.00987
2026-07-29 11:35:00,4020.19078,4028.90058,4020.19078,4028.41566
2026-07-29 11:40:00,4027.80629,4029.65828,4027.06186,4027.23084
2026-07-29 11:45:00,4027.41027,4027.87288,4025.7649,4025.81758
2026-07-29 11:50:00,4025.88692,4026.25108,4022.68796,4022.82921
2026-07-29 11:55:00,4023.03664,4025.45451,4022.64505,4025.38218
2026-07-29 12:00:00,4025.1075,4028.84654,4024.59859,4028.65913
2026-07-29 12:05:00,4028.56268,4028.56268,4022.84979,4023.18436
2026-07-29 12:10:00,4023.92616,4028.19738,4023.92616,4028.03079
2026-07-29 12:15:00,4027.77772,4029.65828,4026.73754,4026.9642
2026-07-29 12:20:00,4027.39004,4034.00616,4026.44911,4033.52098
2026-07-29 12:25:00,4032.24915,4034.76676,4030.79528,4031.18932
2026-07-29 12:30:00,4031.70818,4037.15231,4030.95776,4031.07696
2026-07-29 12:35:00,4031.18412,4034.23341,4031.18412,4033.87197
2026-07-29 12:40:00,4033.27437,4037.95679,4033.27437,4034.68936
2026-07-29 12:45:00,4034.9087,4035.02401,4032.90853,4032.95942
2026-07-29 12:50:00,4033.08166,4033.66683,4029.65828,4029.80404
2026-07-29 12:55:00,4029.97705,4032.626,4029.33476,4030.93109
2026-07-29 13:00:00,4031.68917,4031.68917,4028.68575,4028.99899
2026-07-29 13:05:00,4029.62051,4032.25806,4028.19738,4032.0529
2026-07-29 13:10:00,4031.70881,4031.70881,4027.99888,4028.12995
2026-07-29 13:15:00,4028.28784,4028.37545,4027.06186,4028.14868
2026-07-29 13:20:00,4027.79829,4028.68423,4026.41327,4026.55086
2026-07-29 13:25:00,4026.77677,4027.71065,4025.95085,4026.95244
2026-07-29 13:30:00,4027.0586,4027.395,4025.11673,4025.15334
2026-07-29 13:35:00,4025.20721,4029.33355,4025.20721,4027.88021
2026-07-29 13:40:00,4027.94658,4027.94658,4025.53578,4025.57208
2026-07-29 13:45:00,4025.65409,4026.73754,4025.65409,4026.60763
2026-07-29 13:50:00,4026.57717,4026.79587,4024.55974,4024.94027
2026-07-29 13:55:00,4025.74395,4025.74395,4023.49722,4023.53011
2026-07-29 14:00:00,4023.58498,4023.65912,4021.87902,4022.46288
2026-07-29 14:05:00,4022.93738,4022.93738,4021.78837,4022.85828
2026-07-29 14:10:00,4022.79399,4023.01163,4022.04078,4022.8908
2026-07-29 14:15:00,4022.61889,4022.76861,4020.90873,4022.16867
2026-07-29 14:20:00,4022.09761,4023.69007,4021.07041,4023.51986
2026-07-29 14:25:00,4023.22442,4025.53657,4023.22442,4025.14234
2026-07-29 14:30:00,4024.92759,4026.89969,4023.17348,4026.67158
2026-07-29 14:35:00,4026.2317,4026.89969,4024.95472,4025.86131
2026-07-29 14:40:00,4025.7624,4027.12711,4025.27875,4026.1756
2026-07-29 14:45:00,4026.32832,4028.43012,4024.12016,4024.49048
2026-07-29 14:50:00,4025.26314,4026.73754,4022.73837,4026.66931
2026-07-29 14:55:00,4026.51787,4028.03178,4025.72527,4026.47127
2026-07-29 15:00:00,4026.39184,4029.0726,4026.39184,4029.00729
2026-07-29 15:05:00,4028.77764,4029.33355,4027.22403,4028.2583
2026-07-29 15:10:00,4027.97537,4032.18651,4027.63884,4031.91394
2026-07-29 15:15:00,4031.44139,4031.44139,4028.01302,4028.18245
2026-07-29 15:20:00,4028.11212,4031.44527,4027.01631,4031.15548
2026-07-29 15:25:00,4030.67108,4031.26046,4029.93053,4030.57446
2026-07-29 15:30:00,4030.46392,4034.37286,4027.49814,4032.19034
2026-07-29 15:35:00,4032.02288,4032.42066,4030.6935,4030.87353
2026-07-29 15:40:00,4031.124,4036.87135,4030.73781,4036.40687
2026-07-29 15:45:00,4035.71218,4039.09847,4034.69841,4034.83605
2026-07-29 15:50:00,4035.06139,4035.96494,4033.36567,4034.3298
2026-07-29 15:55:00,4034.55442,4034.82345,4032.42066,4033.89322
2026-07-29 16:00:00,4033.0193,4037.4677,4033.0193,4036.60074
2026-07-29 16:05:00,4036.22538,4037.63072,4035.185,4035.60446
2026-07-29 16:10:00,4036.41728,4038.11985,4034.69841,4036.42927
2026-07-29 16:15:00,4036.44769,4040.57301,4036.44445,4040.26361
2026-07-29 16:20:00,4039.73691,4040.69417,4035.20343,4039.63607
2026-07-29 16:25:00,4037.11224,4042.03719,4037.11224,4041.26524
2026-07-29 16:30:00,4041.2236,4043.39992,4041.16465,4043.21469
2026-07-29 16:35:00,4042.76072,4044.16225,4042.52739,4043.45406
2026-07-29 16:40:00,4043.33456,4043.67165,4042.20057,4042.69855
2026-07-29 16:45:00,4042.53632,4042.85426,4040.7353,4041.16975
2026-07-29 16:50:00,4041.8452,4042.61276,4040.2408,4041.62957
2026-07-29 16:55:00,4041.72666,4042.03719,4040.81468,4041.94494
2026-07-29 17:00:00,4041.75014,4044.48938,4040.89385,4043.81026
2026-07-29 17:05:00,4043.76427,4044.48938,4042.20057,4044.32483
2026-07-29 17:10:00,4044.16032,4046.28955,4042.67443,4046.00829
2026-07-29 17:15:00,4045.91308,4046.12583,4044.65297,4045.85421
2026-07-29 17:20:00,4045.56611,4047.76361,4045.46632,4047.57574
2026-07-29 17:25:00,4047.21994,4047.59748,4044.98018,4045.07731
2026-07-29 17:30:00,4045.25939,4046.78079,4045.10288,4046.66706
2026-07-29 17:35:00,4046.42713,4047.51484,4045.79844,4047.43525
2026-07-29 17:40:00,4047.26624,4047.27214,4046.45328,4046.69059
2026-07-29 17:45:00,4046.90467,4047.10794,4044.98018,4045.14451
2026-07-29 17:50:00,4045.41228,4045.41228,4043.01771,4043.18203
2026-07-29 17:55:00,4043.43672,4044.32581,4042.84499,4043.64549
2026-07-29 18:00:00,4043.71881,4044.17363,4043.01771,4043.05747
2026-07-29 18:05:00,4043.17756,4044.22541,4041.66247,4042.14099
2026-07-29 18:10:00,4043.01409,4043.01409,4039.26162,4040.38996
2026-07-29 18:15:00,4040.34653,4041.87381,4039.49174,4041.73415
2026-07-29 18:20:00,4041.65536,4041.65536,4038.80778,4038.92753
2026-07-29 18:25:00,4039.07073,4039.54957,4036.00619,4037.79932
2026-07-29 18:30:00,4037.43933,4037.63072,4036.16403,4037.44981
2026-07-29 18:35:00,4037.2985,4038.31434,4035.79265,4038.16729
2026-07-29 18:40:00,4037.9151,4039.09847,4037.9151,4038.98438
2026-07-29 18:45:00,4038.81021,4039.75115,4037.97031,4038.22571
2026-07-29 18:50:00,4038.65487,4039.42553,4037.63072,4039.25771
2026-07-29 18:55:00,4038.78771,4039.75115,4037.65189,4037.91849
2026-07-29 19:00:00,4038.26985,4038.26985,4037.1417,4037.32885
2026-07-29 19:05:00,4037.40923,4037.9395,4036.00113,4036.81415
2026-07-29 19:10:00,4036.38883,4038.11493,4036.16403,4036.2278
2026-07-29 19:15:00,4036.33623,4037.52016,4035.97622,4037.41204
2026-07-29 19:20:00,4037.26153,4038.18085,4034.2101,4034.39759
2026-07-29 19:25:00,4034.66901,4034.8612,4033.55921,4033.75103
2026-07-29 19:30:00,4033.8543,4034.78644,4031.24455,4034.29298
2026-07-29 19:35:00,4033.82191,4034.69841,4033.72192,4034.12962
2026-07-29 19:40:00,4034.3221,4034.8612,4031.96582,4034.69492
2026-07-29 19:45:00,4034.63423,4035.59382,4034.45224,4034.77126
2026-07-29 19:50:00,4034.97494,4036.32694,4034.97494,4035.56741
2026-07-29 19:55:00,4035.64505,4036.02796,4032.58327,4033.1117
2026-07-29 20:00:00,4033.06851,4033.5364,4032.42066,4033.08679
2026-07-29 20:05:00,4033.26428,4033.55921,4031.66552,4033.13895
2026-07-29 20:10:00,4032.9542,4033.55921,4031.60781,4031.70815
2026-07-29 20:15:00,4031.85326,4032.19561,4030.41474,4030.57313
2026-07-29 20:20:00,4031.00121,4032.90853,4031.00121,4031.67012
2026-07-29 20:25:00,4031.6153,4032.76459,4030.63281,4032.59507
2026-07-29 20:30:00,4032.2452,4034.20979,4032.2452,4034.02534
2026-07-29 20:35:00,4033.87956,4033.87956,4029.99304,4030.36984
2026-07-29 20:40:00,4031.02086,4031.02086,4027.06186,4027.20501
2026-07-29 20:45:00,4027.47461,4027.87586,4026.73754,4027.64298
2026-07-29 20:50:00,4027.33483,4028.79492,4025.92697,4026.76024
2026-07-29 20:55:00,4026.56297,4027.07814,4026.21236,4027.02247
2026-07-29 21:00:00,4026.89221,4029.1712,4026.78281,4028.11733
2026-07-29 21:05:00,4028.25381,4028.25381,4025.44079,4025.57477
2026-07-29 21:10:00,4025.72115,4029.33355,4025.72115,4029.22214
2026-07-29 21:15:00,4028.9976,4032.67159,4027.35383,4032.07072
2026-07-29 21:20:00,4031.11039,4033.23385,4031.11039,4032.15478
2026-07-29 21:25:00,4032.34704,4033.0152,4031.4828,4032.87335
2026-07-29 21:30:00,4032.5723,4033.23385,4031.60781,4031.65338
2026-07-29 21:35:00,4031.6829,4031.94371,4030.30792,4031.6915
2026-07-29 21:40:00,4031.35592,4032.09548,4031.34034,4031.51038
2026-07-29 21:45:00,4031.80644,4035.08721,4030.95776,4034.7433
2026-07-29 21:50:00,4034.29431,4035.79926,4032.90853,4033.0331
2026-07-29 21:55:00,4033.21488,4033.21488,4031.24412,4031.43542
2026-07-29 22:00:00,4031.88884,4032.58327,4030.63281,4030.71916
2026-07-29 22:05:00,4030.79789,4030.95776,4029.91494,4030.74207
2026-07-29 22:10:00,4030.59093,4030.78593,4027.58725,4027.89782
2026-07-29 22:15:00,4028.52944,4029.12236,4020.42375,4021.96191
2026-07-29 22:20:00,4021.89118,4022.40458,4015.09676,4017.64585
2026-07-29 22:25:00,4017.1858,4017.35497,4015.09676,4015.41536
2026-07-29 22:30:00,4015.68728,4017.19359,4010.58795,4016.30077
2026-07-29 22:35:00,4015.50799,4021.0663,4015.50799,4020.59399
2026-07-29 22:40:00,4019.67117,4021.39382,4017.83921,4020.80859
2026-07-29 22:45:00,4020.51554,4022.68796,4019.35991,4022.63305
2026-07-29 22:50:00,4022.41647,4022.41647,4019.77396,4022.06514
2026-07-29 22:55:00,4021.77443,4023.33535,4021.23813,4022.05859
2026-07-29 23:00:00,4022.34351,4025.44079,4019.90358,4020.79335
2026-07-29 23:05:00,4021.70361,4021.70361,4016.61282,4016.85459
2026-07-29 23:10:00,4017.16294,4018.16209,4015.41921,4015.60886
2026-07-29 23:15:00,4015.91164,4018.16209,4014.93556,4017.89263
2026-07-29 23:20:00,4017.81879,4022.84979,4017.35497,4022.54776
2026-07-29 23:25:00,4021.89586,4022.0947,4016.62278,4017.38868
2026-07-29 23:30:00,4018.41569,4019.28236,4011.98709,4012.38721
2026-07-29 23:35:00,4012.65158,4017.54714,4012.65158,4016.84501
2026-07-29 23:40:00,4016.4706,4016.4706,4014.15206,4014.7259
2026-07-29 23:45:00,4014.55865,4014.55865,4012.51906,4013.90969
2026-07-29 23:50:00,4012.65412,4015.52947,4008.17668,4008.43146
2026-07-29 23:55:00,4008.87259,4008.8991,4004.96616,4005.05123
2026-07-30 00:00:00,4005.37829,4006.99326,4002.72185,4003.18445
2026-07-30 00:05:00,4003.46991,4006.08926,4000.16001,4000.56737
2026-07-30 00:10:00,4001.30555,4002.22102,3996.32338,3996.69894
2026-07-30 00:15:00,3997.3779,4008.3336,3997.3779,4007.01127
2026-07-30 00:20:00,4004.78609,4010.26628,4004.78609,4009.08344
2026-07-30 00:25:00,4008.91337,4010.82921,4003.84369,4004.36404
2026-07-30 00:30:00,4004.88079,4008.49802,4004.88079,4008.36719
2026-07-30 00:35:00,4007.95522,4008.6587,4005.51671,4005.82259
2026-07-30 00:40:00,4006.39131,4006.39131,4000.82119,4001.34345
2026-07-30 00:45:00,4002.36184,4002.36184,3999.64414,4001.35336
2026-07-30 00:50:00,4001.10564,4004.52609,4000.31092,4004.10906
2026-07-30 00:55:00,4003.43132,4005.12656,4003.43132,4003.80684
2026-07-30 01:00:00,4003.8815,4006.95435,4003.66079,4006.82125
2026-07-30 01:05:00,4006.49272,4008.82772,4006.49272,4008.72959
2026-07-30 01:10:00,4008.54402,4008.54402,4006.73131,4006.82804
2026-07-30 01:15:00,4006.98754,4007.7159,4006.56935,4006.77518
2026-07-30 01:20:00,4007.0783,4010.26628,4003.23067,4009.73913
2026-07-30 01:25:00,4008.88693,4010.61162,4008.88693,4010.41058
2026-07-30 01:30:00,4010.14703,4011.94696,4010.14703,4011.80061
2026-07-30 01:35:00,4011.60354,4013.39857,4008.80368,4009.61669
2026-07-30 01:40:00,4011.06856,4011.06856,4008.01603,4008.43899
2026-07-30 01:45:00,4008.8925,4011.82108,4008.8925,4010.28018
2026-07-30 01:50:00,4010.93627,4013.66741,4010.93627,4011.35897
2026-07-30 01:55:00,4011.73932,4013.37812,4008.98012,4009.11848
2026-07-30 02:00:00,4009.30043,4011.57547,4008.01603,4009.41636
2026-07-30 02:05:00,4009.31991,4015.08452,4008.27191,4014.27444
2026-07-30 02:10:00,4012.5134,4016.06426,4010.74881,4010.85057
2026-07-30 02:15:00,4011.01494,4011.17129,4008.33734,4010.09044
2026-07-30 02:20:00,4008.98884,4016.54818,4008.60314,4016.26936
2026-07-30 02:25:00,4015.6297,4016.74431,4014.45203,4016.50943
2026-07-30 02:30:00,4016.19606,4018.11013,4014.60283,4017.50436
2026-07-30 02:35:00,4016.6943,4019.22337,4015.74171,4017.46439
2026-07-30 02:40:00,4017.30299,4017.30299,4016.38686,4016.44685
2026-07-30 02:45:00,4016.55762,4017.57438,4015.90298,4017.32476
2026-07-30 02:50:00,4016.99384,4024.14487,4016.99384,4023.80132
2026-07-30 02:55:00,4023.15002,4031.60781,4023.15002,4028.01696
2026-07-30 03:00:00,4028.81066,4034.66334,4026.73754,4031.30822
2026-07-30 03:05:00,4032.04445,4040.89385,4032.04445,4040.07091
2026-07-30 03:10:00,4039.9646,4049.8947,4038.45993,4049.02155
2026-07-30 03:15:00,4047.34919,4047.34919,4040.89385,4045.41366
2026-07-30 03:20:00,4045.7102,4049.61418,4044.65297,4049.48588
2026-07-30 03:25:00,4048.92087,4048.92087,4038.61644,4039.61584
2026-07-30 03:30:00,4041.77754,4041.77754,4037.3047,4039.74055
2026-07-30 03:35:00,4039.95517,4040.86751,4036.65281,4040.03585
2026-07-30 03:40:00,4038.58386,4046.14657,4038.58386,4045.76561
2026-07-30 03:45:00,4045.15118,4047.73717,4044.98018,4046.73635
2026-07-30 03:50:00,4045.91312,4047.76361,4045.63476,4046.41343
2026-07-30 03:55:00,4046.28373,4046.28373,4042.20057,4042.26289
2026-07-30 04:00:00,4042.22297,4083.96635,4034.02762,4068.80243
2026-07-30 04:05:00,4070.87137,4083.20842,4065.86705,4077.65688
2026-07-30 04:10:00,4079.04779,4086.4697,4070.99017,4080.98685
2026-07-30 04:15:00,4082.65124,4083.13258,4071.16395,4073.91856
2026-07-30 04:20:00,4073.7669,4073.7669,4067.37121,4072.0858
2026-07-30 04:25:00,4070.00475,4070.00475,4064.00533,4065.93093
2026-07-30 04:30:00,4065.66612,4078.49635,4051.69969,4059.31793
2026-07-30 04:35:00,4057.6069,4066.69378,4055.97242,4066.10841
2026-07-30 04:40:00,4065.00146,4085.23214,4065.00146,4083.28374
2026-07-30 04:45:00,4080.74066,4093.40007,4080.43116,4082.69017
2026-07-30 04:50:00,4088.12756,4105.84871,4088.12756,4104.85253
2026-07-30 04:55:00,4103.00346,4108.98797,4103.00346,4108.25897
2026-07-30 05:00:00,4106.83651,4114.04122,4102.73242,4107.17176
2026-07-30 05:05:00,4109.81499,4109.81499,4095.939,4096.87341
2026-07-30 05:10:00,4098.98501,4101.21806,4092.9928,4100.86719
2026-07-30 05:15:00,4100.17911,4104.41635,4097.07736,4103.83952
2026-07-30 05:20:00,4103.32855,4103.32855,4086.6367,4086.94655
2026-07-30 05:25:00,4087.10593,4087.80607,4081.79926,4084.08945
2026-07-30 05:30:00,4083.52224,4087.54547,4069.98304,4072.33282
2026-07-30 05:35:00,4075.34335,4075.34335,4066.36304,4067.28691
2026-07-30 05:40:00,4068.64402,4072.82206,4066.36304,4069.90829
2026-07-30 05:45:00,4071.66498,4071.66498,4067.85177,4070.10739
2026-07-30 05:50:00,4069.43172,4070.66678,4063.45328,4064.41778
2026-07-30 05:55:00,4065.69057,4068.38937,4046.50268,4047.97756
2026-07-30 06:00:00,4049.91172,4053.50628,4040.72178,4046.52859
2026-07-30 06:05:00,4047.4874,4053.50628,4047.4874,4052.31494
2026-07-30 06:10:00,4052.16499,4056.82531,4049.6225,4056.08115
2026-07-30 06:15:00,4054.67124,4054.67124,4048.44528,4048.98171
2026-07-30 06:20:00,4050.06037,4050.38681,4045.1438,4048.31281
2026-07-30 06:25:00,4048.44139,4055.7296,4048.41909,4054.36116
2026-07-30 06:30:00,4052.60789,4058.71794,4052.60789,4058.14741
2026-07-30 06:35:00,4057.22746,4062.58898,4057.22746,4062.41277
2026-07-30 06:40:00,4061.88272,4068.31112,4060.41583,4067.93665
2026-07-30 06:45:00,4067.30472,4069.34158,4065.70567,4069.16063
2026-07-30 06:50:00,4068.77443,4071.82987,4064.04942,4065.08919
2026-07-30 06:55:00,4065.16153,4067.31233,4065.03104,4066.93415
2026-07-30 07:00:00,4066.17292,4068.55761,4065.70174,4066.15731
2026-07-30 07:05:00,4066.20109,4066.45473,4066.11263,4066.35795
2026-07-30 07:10:00,4066.28006,4066.30452,4066.03237,4066.30452
2026-07-30 07:15:00,4066.24009,4066.47495,4066.03237,4066.20002
2026-07-30 07:20:00,4066.23245,4066.39749,4066.1977,4066.32556
2026-07-30 07:25:00,4066.24655,4066.40024,4066.03237,4066.29657
2026-07-30 07:30:00,4066.21412,4066.39213,4065.37117,4066.1705
2026-07-30 07:35:00,4065.99747,4066.34934,4065.99747,4066.15099
2026-07-30 07:40:00,4066.17233,4066.36304,4066.01412,4066.31255
2026-07-30 07:45:00,4066.21584,4066.30322,4066.03237,4066.20625
2026-07-30 07:50:00,4066.11548,4066.1977,4064.77066,4066.03411
2026-07-30 07:55:00,4065.84837,4066.44847,4065.75511,4065.84109
2026-07-30 08:00:00,4066.06402,4074.95812,4066.06402,4074.44606
2026-07-30 08:05:00,4073.58424,4075.56553,4064.54497,4068.43072
2026-07-30 08:10:00,4067.93922,4077.47197,4067.93922,4077.07005
2026-07-30 08:15:00,4076.30841,4077.47197,4074.31551,4074.51057
2026-07-30 08:20:00,4074.82719,4075.67279,4072.68972,4074.78805
2026-07-30 08:25:00,4073.97331,4075.64395,4073.48568,4073.515
2026-07-30 08:30:00,4073.68735,4075.64395,4073.68735,4074.02797
2026-07-30 08:35:00,4074.02209,4079.30162,4074.02209,4076.86692
2026-07-30 08:40:00,4077.13568,4080.07973,4076.43053,4079.70996
2026-07-30 08:45:00,4079.23997,4084.81278,4079.23997,4084.00867
2026-07-30 08:50:00,4081.98553,4085.63491,4081.98553,4084.83834
2026-07-30 08:55:00,4084.85536,4090.64878,4084.84197,4087.01395
2026-07-30 09:00:00,4087.51378,4095.5136,4086.10926,4094.67193
2026-07-30 09:05:00,4092.64455,4099.3687,4092.64455,4099.04651
2026-07-30 09:10:00,4098.37534,4098.69661,4091.01394,4091.79598
2026-07-30 09:15:00,4093.21965,4094.04895,4090.31414,4093.60246
2026-07-30 09:20:00,4092.4563,4094.50109,4092.4563,4093.4672
2026-07-30 09:25:00,4093.31896,4094.80438,4091.15084,4093.11126
2026-07-30 09:30:00,4093.4735,4093.66301,4091.82045,4093.49407
2026-07-30 09:35:00,4093.06381,4095.29816,4092.93057,4094.91956
2026-07-30 09:40:00,4094.20481,4094.20481,4090.16162,4090.49835
2026-07-30 09:45:00,4091.19551,4092.3228,4089.81228,4092.17539
2026-07-30 09:50:00,4091.79139,4092.55859,4087.44015,4088.16321
2026-07-30 09:55:00,4089.77133,4089.77133,4085.29297,4085.42413
2026-07-30 10:00:00,4085.58152,4086.2954,4081.13292,4081.38716
2026-07-30 10:05:00,4081.78828,4085.0476,4080.96637,4084.78205
2026-07-30 10:10:00,4084.04725,4084.08089,4079.16181,4082.43288
2026-07-30 10:15:00,4082.06506,4083.48316,4079.43978,4079.8098
2026-07-30 10:20:00,4080.30914,4081.96932,4075.47785,4079.61353
2026-07-30 10:25:00,4079.09378,4080.46681,4073.31976,4074.17145
2026-07-30 10:30:00,4074.49591,4076.85751,4073.20053,4073.56001
2026-07-30 10:35:00,4074.26182,4074.26182,4069.73203,4070.30281
2026-07-30 10:40:00,4071.5851,4071.5851,4065.95037,4066.44908
2026-07-30 10:45:00,4067.48255,4067.48255,4065.04065,4066.8028
2026-07-30 10:50:00,4066.27246,4067.62295,4065.56924,4067.17653
2026-07-30 10:55:00,4066.05719,4071.51666,4066.05719,4071.0237
2026-07-30 11:00:00,4070.19925,4086.03051,4070.19925,4084.46994
2026-07-30 11:05:00,4081.96532,4093.31423,4081.96532,4092.72015
2026-07-30 11:10:00,4091.526,4091.526,4077.9708,4078.48592
2026-07-30 11:15:00,4079.19735,4079.64426,4073.65162,4074.08289
2026-07-30 11:20:00,4074.7399,4079.72057,4073.82926,4079.13434
2026-07-30 11:25:00,4078.24098,4083.96635,4078.24098,4083.8432
2026-07-30 11:30:00,4083.38412,4086.4697,4080.30031,4086.26575
2026-07-30 11:35:00,4085.84583,4087.6218,4085.50719,4086.59249
2026-07-30 11:40:00,4086.4212,4089.97955,4086.4212,4088.62814
2026-07-30 11:45:00,4088.74537,4088.84508,4084.46677,4084.62488
2026-07-30 11:50:00,4085.47331,4089.64502,4085.47331,4088.94772
2026-07-30 11:55:00,4088.88496,4089.97955,4084.95757,4085.30117
2026-07-30 12:00:00,4085.79498,4089.47843,4084.13314,4089.06733
2026-07-30 12:05:00,4088.13308,4089.81228,4088.13308,4088.60586
2026-07-30 12:10:00,4088.49195,4088.72845,4083.59474,4083.89274
2026-07-30 12:15:00,4084.30319,4085.06005,4079.93984,4081.20672
2026-07-30 12:20:00,4080.50008,4083.86013,4080.50008,4081.12695
2026-07-30 12:25:00,4081.67401,4083.68769,4080.41452,4082.24333
2026-07-30 12:30:00,4081.68035,4083.80157,4075.64395,4075.90082
2026-07-30 12:35:00,4076.34576,4078.10864,4075.64395,4075.82893
2026-07-30 12:40:00,4076.00758,4080.41941,4073.33167,4073.88985
2026-07-30 12:45:00,4074.90963,4076.97326,4074.90963,4076.29018
2026-07-30 12:50:00,4076.18214,4076.18214,4071.47499,4071.80715
2026-07-30 12:55:00,4072.24083,4072.24083,4065.84121,4066.24464
2026-07-30 13:00:00,4066.9253,4069.17599,4064.21459,4069.00038
2026-07-30 13:05:00,4068.74328,4069.82503,4065.31527,4065.88728
2026-07-30 13:10:00,4066.87955,4066.87955,4060.91371,4061.09248
2026-07-30 13:15:00,4061.07463,4063.8349,4058.65969,4059.43929
2026-07-30 13:20:00,4061.14621,4061.14621,4055.47895,4056.08599
2026-07-30 13:25:00,4056.62586,4057.61818,4052.84915,4053.23895
2026-07-30 13:30:00,4053.91544,4054.64423,4051.91668,4054.16151
2026-07-30 13:35:00,4053.28683,4054.9856,4050.65593,4053.08181
2026-07-30 13:40:00,4052.77226,4053.99927,4051.10202,4053.61466
2026-07-30 13:45:00,4053.309,4057.57895,4051.27782,4055.50855
2026-07-30 13:50:00,4055.98785,4059.1656,4055.98785,4059.12253
2026-07-30 13:55:00,4059.05705,4059.64184,4056.79513,4057.07295
2026-07-30 14:00:00,4057.3985,4060.57271,4056.62674,4057.4235
2026-07-30 14:05:00,4058.49506,4058.49506,4053.67026,4057.06719
2026-07-30 14:10:00,4056.66196,4057.13465,4053.17769,4054.33502
2026-07-30 14:15:00,4054.21223,4054.63433,4053.06684,4053.40321
2026-07-30 14:20:00,4053.62656,4054.23514,4051.86386,4052.55419
2026-07-30 14:25:00,4052.43978,4055.31449,4052.33303,4053.96313
2026-07-30 14:30:00,4054.16449,4054.16449,4052.40394,4052.47471
2026-07-30 14:35:00,4052.57364,4052.57364,4050.05277,4050.32691
2026-07-30 14:40:00,4050.78804,4050.78804,4047.59977,4049.30997
2026-07-30 14:45:00,4048.67475,4051.04314,4046.61703,4047.08848
2026-07-30 14:50:00,4047.88266,4047.93465,4046.28955,4047.46736
2026-07-30 14:55:00,4047.61663,4047.88882,4045.79844,4045.92137
2026-07-30 15:00:00,4046.04247,4047.10834,4042.52739,4042.583
2026-07-30 15:05:00,4043.01332,4045.63476,4043.01332,4043.32501
2026-07-30 15:10:00,4043.60425,4045.63476,4043.60425,4045.25828
2026-07-30 15:15:00,4045.10245,4045.96213,4038.28292,4039.05531
2026-07-30 15:20:00,4040.43753,4043.85878,4038.67488,4043.55046
2026-07-30 15:25:00,4043.15082,4046.94456,4043.15082,4046.68781
2026-07-30 15:30:00,4046.26761,4051.69969,4046.26761,4048.16997
2026-07-30 15:35:00,4048.614,4049.64631,4029.82067,4030.60065
2026-07-30 15:40:00,4031.73748,4036.10569,4031.73748,4035.91556
2026-07-30 15:45:00,4035.59529,4037.63072,4030.32798,4032.72766
2026-07-30 15:50:00,4033.91814,4035.22532,4030.95776,4032.17048
2026-07-30 15:55:00,4033.21812,4035.18683,4030.95776,4032.99485
2026-07-30 16:00:00,4033.28733,4037.3279,4032.42103,4037.18113
2026-07-30 16:05:00,4036.96841,4039.42479,4036.31653,4038.18977
2026-07-30 16:10:00,4037.98741,4037.98741,4031.77035,4031.9815
2026-07-30 16:15:00,4032.2656,4033.27462,4031.93291,4032.71898
2026-07-30 16:20:00,4033.01397,4038.6091,4031.47912,4038.24498
2026-07-30 16:25:00,4038.01428,4039.65532,4029.1712,4029.79429
2026-07-30 16:30:00,4031.05705,4036.81576,4031.05705,4036.60124
2026-07-30 16:35:00,4036.11017,4036.74982,4034.69841,4036.5553
2026-07-30 16:40:00,4036.2986,4037.1417,4035.18683,4036.96298
2026-07-30 16:45:00,4036.91816,4037.3047,4035.18683,4035.40272
2026-07-30 16:50:00,4035.77761,4040.89385,4035.00817,4039.10886
2026-07-30 16:55:00,4039.38428,4039.75115,4035.34966,4035.86226
2026-07-30 17:00:00,4035.95156,4046.68592,4035.95156,4046.05042
2026-07-30 17:05:00,4044.6977,4047.27214,4043.34465,4044.21263
2026-07-30 17:10:00,4044.57498,4047.43595,4043.18736,4047.30052
2026-07-30 17:15:00,4047.09518,4050.38996,4044.90989,4049.94449
2026-07-30 17:20:00,4049.26598,4051.02981,4043.67165,4046.86625
2026-07-30 17:25:00,4045.82594,4047.76361,4044.16225,4044.38916
2026-07-30 17:30:00,4044.81897,4045.18207,4040.5673,4040.9604
2026-07-30 17:35:00,4041.13328,4041.57923,4038.11985,4038.30303
2026-07-30 17:40:00,4038.56499,4046.3071,4037.61661,4045.34508
2026-07-30 17:45:00,4043.5732,4047.59977,4042.44541,4042.59449
2026-07-30 17:50:00,4042.84337,4044.81657,4040.43792,4043.4051
2026-07-30 17:55:00,4043.5446,4043.67192,4038.44601,4038.96472
2026-07-30 18:00:00,4038.7194,4043.69013,4038.08636,4042.39607
2026-07-30 18:05:00,4040.20384,4052.84915,4040.20384,4050.78852
2026-07-30 18:10:00,4051.48257,4054.49238,4049.8947,4054.07917
2026-07-30 18:15:00,4053.88713,4055.52183,4053.47613,4054.10707
2026-07-30 18:20:00,4054.54757,4062.15512,4054.54757,4061.25589
2026-07-30 18:25:00,4059.50738,4067.35541,4059.50738,4065.37594
2026-07-30 18:30:00,4065.75182,4072.65619,4062.051,4068.57157
2026-07-30 18:35:00,4069.22401,4072.33876,4065.23503,4065.83226
2026-07-30 18:40:00,4067.17054,4067.17054,4063.65704,4065.56037
2026-07-30 18:45:00,4064.74903,4070.66678,4064.59408,4065.53232
2026-07-30 18:50:00,4066.94962,4066.94962,4059.59485,4059.93613
2026-07-30 18:55:00,4060.53055,4061.60336,4059.54774,4061.34024
2026-07-30 19:00:00,4060.96414,4066.5284,4060.96414,4066.25508
2026-07-30 19:05:00,4065.63016,4068.18274,4065.63016,4068.08907
2026-07-30 19:10:00,4067.83534,4067.91286,4065.04065,4065.22931
2026-07-30 19:15:00,4065.87368,4068.26513,4065.2059,4066.53946
2026-07-30 19:20:00,4066.26708,4072.43941,4066.10112,4069.70061
2026-07-30 19:25:00,4070.05247,4071.82703,4068.91544,4070.88914
2026-07-30 19:30:00,4071.18905,4071.18905,4060.27162,4060.89309
2026-07-30 19:35:00,4061.55546,4068.01725,4061.55546,4066.2203
2026-07-30 19:40:00,4066.92358,4066.92358,4064.87541,4065.62853
2026-07-30 19:45:00,4065.47557,4067.35541,4064.71019,4067.20473
2026-07-30 19:50:00,4066.90875,4072.49033,4066.90875,4069.11417
2026-07-30 19:55:00,4070.0429,4070.0429,4063.90194,4064.35922
2026-07-30 20:00:00,4065.12585,4068.55147,4062.26269,4068.18096
2026-07-30 20:05:00,4067.54581,4071.06716,4065.2059,4070.60159
2026-07-30 20:10:00,4069.89492,4077.35073,4063.71912,4067.37165
2026-07-30 20:15:00,4066.67118,4076.97326,4066.67118,4074.31365
2026-07-30 20:20:00,4074.85578,4077.30572,4074.412,4077.08436
2026-07-30 20:25:00,4076.61416,4077.47197,4074.81358,4076.40897
2026-07-30 20:30:00,4076.13827,4078.30343,4076.13827,4078.24008
2026-07-30 20:35:00,4078.08362,4081.3141,4076.97326,4077.22207
2026-07-30 20:40:00,4077.64023,4081.63265,4076.78976,4081.14302
2026-07-30 20:45:00,4080.7554,4083.05003,4080.10645,4080.39382
2026-07-30 20:50:00,4080.89503,4081.1037,4078.96884,4079.00511
2026-07-30 20:55:00,4079.12427,4079.63446,4078.6361,4079.52049
2026-07-30 21:00:00,4079.34113,4079.34113,4078.80246,4079.27703
2026-07-30 21:05:00,4079.18588,4082.63248,4078.01978,4081.22532
2026-07-30 21:10:00,4081.27503,4082.74734,4078.96884,4079.30663
2026-07-30 21:15:00,4079.94448,4081.83902,4079.04568,4080.20908
2026-07-30 21:20:00,4081.04921,4081.04921,4076.7671,4080.10462
2026-07-30 21:25:00,4079.51899,4082.12048,4076.47466,4077.0364
2026-07-30 21:30:00,4077.11869,4077.63823,4076.97326,4077.50598
2026-07-30 21:35:00,4077.30039,4078.54811,4077.13948,4078.50234
2026-07-30 21:40:00,4078.27774,4079.13522,4077.30572,4079.04772
2026-07-30 21:45:00,4078.81695,4078.81695,4076.3085,4077.08218
2026-07-30 21:50:00,4076.93439,4079.55702,4076.79149,4079.18918
2026-07-30 21:55:00,4078.65685,4080.30031,4077.13948,4077.3533
2026-07-30 22:00:00,4077.71508,4079.85062,4074.81358,4077.457
2026-07-30 22:05:00,4076.78657,4082.29915,4076.78657,4082.21109
2026-07-30 22:10:00,4081.95289,4082.68574,4074.81358,4077.5699
2026-07-30 22:15:00,4076.21408,4079.36404,4073.31976,4073.53244
2026-07-30 22:20:00,4073.99139,4075.47262,4072.32448,4074.88432
2026-07-30 22:25:00,4073.62671,4081.17105,4073.62671,4078.67896
2026-07-30 22:30:00,4079.33409,4087.95633,4072.49033,4073.81786
2026-07-30 22:35:00,4073.67428,4076.97326,4073.65162,4074.7613
2026-07-30 22:40:00,4075.58988,4080.15126,4075.58988,4076.35526
2026-07-30 22:45:00,4077.15291,4079.39531,4073.48568,4074.61392
2026-07-30 22:50:00,4074.89104,4077.58217,4068.01725,4068.35293
2026-07-30 22:55:00,4068.96132,4073.48821,4068.59051,4073.11716
2026-07-30 23:00:00,4072.35882,4074.05569,4066.85916,4069.20724
2026-07-30 23:05:00,4071.4547,4076.3085,4062.78838,4076.04465
2026-07-30 23:10:00,4075.42252,4076.19599,4069.16762,4075.54938
2026-07-30 23:15:00,4074.83959,4076.47466,4074.77786,4074.84622
2026-07-30 23:20:00,4074.94458,4083.29931,4073.0175,4082.66215
2026-07-30 23:25:00,4082.38667,4082.562,4075.47785,4075.69457
2026-07-30 23:30:00,4075.96605,4080.46681,4075.96605,4078.19713
2026-07-30 23:35:00,4078.24194,4097.85682,4075.47785,4096.55195
2026-07-30 23:40:00,4094.21775,4094.21775,4086.08148,4093.63626
2026-07-30 23:45:00,4093.30834,4101.21806,4088.30744,4100.41271
2026-07-30 23:50:00,4098.71513,4101.72272,4094.33344,4101.30255
2026-07-30 23:55:00,4100.55285,4109.92491,4100.55285,4107.91581
2026-07-31 00:00:00,4103.34053,4117.93774,4103.34053,4109.78271
2026-07-31 00:05:00,4110.3827,4110.47683,4092.3228,4093.44429
2026-07-31 00:10:00,4095.92682,4102.57238,4095.92682,4097.98129
2026-07-31 00:15:00,4098.54081,4099.44002,4093.01445,4093.96684
2026-07-31 00:20:00,4096.06044,4098.1927,4089.14332,4097.67189
2026-07-31 00:25:00,4096.93519,4096.93519,4087.25785,4095.08657
2026-07-31 00:30:00,4093.67583,4102.3958,4093.67583,4101.83581
2026-07-31 00:35:00,4100.76418,4105.25884,4099.88432,4103.84676
2026-07-31 00:40:00,4103.78127,4109.67247,4102.27468,4109.02756
2026-07-31 00:45:00,4108.20881,4110.48997,4102.05923,4102.93265
2026-07-31 00:50:00,4103.08822,4105.33598,4098.69661,4098.96395
2026-07-31 00:55:00,4099.55662,4100.88979,4097.35311,4099.30837
2026-07-31 01:00:00,4098.6825,4100.041,4097.18523,4099.04076
2026-07-31 01:05:00,4098.64399,4099.49597,4091.44453,4091.79684
2026-07-31 01:10:00,4092.32523,4092.32523,4083.6328,4083.94619
2026-07-31 01:15:00,4084.36962,4095.63531,4081.24046,4095.09342
2026-07-31 01:20:00,4094.40774,4096.51387,4094.40774,4095.52014
2026-07-31 01:25:00,4095.64012,4095.64012,4092.65777,4094.26034
2026-07-31 01:30:00,4094.18835,4096.17827,4092.9928,4096.02651
2026-07-31 01:35:00,4095.50746,4099.8729,4093.66301,4098.78717
2026-07-31 01:40:00,4098.80384,4101.89603,4098.62795,4101.5825
2026-07-31 01:45:00,4100.99612,4104.9218,4100.99612,4102.32188
2026-07-31 01:50:00,4102.44262,4108.29465,4097.19944,4105.93408
2026-07-31 01:55:00,4105.93449,4109.47645,4105.76449,4108.13816
2026-07-31 02:00:00,4108.29996,4114.46161,4107.61963,4113.88028
2026-07-31 02:05:00,4112.77452,4115.3957,4111.50399,4112.61543
2026-07-31 02:10:00,4112.42506,4116.07327,4110.15208,4115.58107
2026-07-31 02:15:00,4114.62204,4115.43058,4113.87198,4115.28022
2026-07-31 02:20:00,4115.05355,4118.09125,4114.21048,4114.40118
2026-07-31 02:25:00,4114.49134,4119.46447,4114.49134,4116.46047
2026-07-31 02:30:00,4116.6744,4117.08399,4114.03256,4116.61492
2026-07-31 02:35:00,4115.5639,4115.5639,4110.74848,4111.18393
2026-07-31 02:40:00,4112.08087,4112.46617,4109.00083,4109.32869
2026-07-31 02:45:00,4109.83982,4109.83982,4107.55677,4108.93982
2026-07-31 02:50:00,4108.37249,4109.79496,4107.54134,4108.63116
2026-07-31 02:55:00,4108.45441,4110.99692,4106.94484,4109.17571
2026-07-31 03:00:00,4109.45777,4111.07569,4107.48372,4107.74905
2026-07-31 03:05:00,4108.27049,4108.59913,4107.11352,4108.47696
2026-07-31 03:10:00,4108.24279,4108.68951,4106.28305,4106.61582
2026-07-31 03:15:00,4107.09325,4107.09325,4104.35248,4105.99276
2026-07-31 03:20:00,4106.0042,4107.78837,4104.52226,4107.63055
2026-07-31 03:25:00,4107.21253,4108.98169,4101.49525,4102.76765
2026-07-31 03:30:00,4105.48704,4105.48704,4099.53675,4101.35619
2026-07-31 03:35:00,4101.28081,4108.29465,4099.59088,4102.60311
2026-07-31 03:40:00,4103.27369,4106.27027,4103.27369,4103.84823
2026-07-31 03:45:00,4104.52466,4108.80105,4104.52466,4106.4888
2026-07-31 03:50:00,4106.5701,4108.16608,4102.73242,4104.14794
2026-07-31 03:55:00,4103.97247,4103.97247,4102.22751,4102.66525
2026-07-31 04:00:00,4102.85985,4105.75853,4102.73242,4104.85364
2026-07-31 04:05:00,4105.10344,4106.30565,4104.61931,4104.74156
2026-07-31 04:10:00,4105.11583,4106.77618,4105.11583,4106.58929
2026-07-31 04:15:00,4106.53971,4106.74695,4103.74261,4104.71165
2026-07-31 04:20:00,4104.60483,4105.25884,4102.05923,4103.05592
2026-07-31 04:25:00,4103.00642,4103.21004,4100.71352,4102.87027
2026-07-31 04:30:00,4101.99049,4106.52345,4101.99049,4106.28816
2026-07-31 04:35:00,4105.94687,4107.09364,4105.20074,4106.79234
2026-07-31 04:40:00,4106.30071,4106.30071,4104.07945,4104.74597
2026-07-31 04:45:00,4104.51544,4105.25884,4100.77136,4101.55493
2026-07-31 04:50:00,4102.9391,4102.9391,4099.81787,4099.95716
2026-07-31 04:55:00,4100.17912,4100.17912,4099.03263,4099.16782
2026-07-31 05:00:00,4099.2736,4103.0691,4099.15967,4102.91376
2026-07-31 05:05:00,4102.5921,4105.25884,4102.46374,4103.27026
2026-07-31 05:10:00,4103.65099,4105.59593,4103.28746,4105.39205
2026-07-31 05:15:00,4104.90669,4112.85679,4103.57421,4112.59827
2026-07-31 05:20:00,4112.06323,4112.06323,4109.47645,4111.14779
2026-07-31 05:25:00,4111.08609,4114.88766,4110.65894,4114.16848
2026-07-31 05:30:00,4113.89019,4114.27423,4112.18028,4112.72496
2026-07-31 05:35:00,4113.30032,4115.05699,4112.34939,4113.12645
2026-07-31 05:40:00,4113.04644,4114.04507,4111.50399,4113.23674
2026-07-31 05:45:00,4112.85246,4113.53353,4111.50399,4112.86742
2026-07-31 05:50:00,4112.6224,4113.06491,4109.93615,4110.20104
2026-07-31 05:55:00,4110.70702,4112.45001,4109.64534,4111.91463
2026-07-31 06:00:00,4110.52359,4116.41214,4109.71877,4116.20304
2026-07-31 06:05:00,4115.86654,4116.75793,4113.53353,4114.78392
2026-07-31 06:10:00,4114.83132,4115.74167,4113.87198,4113.91419
2026-07-31 06:15:00,4113.96801,4114.71835,4113.67656,4113.76925
2026-07-31 06:20:00,4113.84906,4113.90172,4112.85679,4113.51108
2026-07-31 06:25:00,4113.39372,4114.67349,4112.51851,4112.65695
2026-07-31 06:30:00,4112.87523,4114.58525,4107.78837,4109.08895
2026-07-31 06:35:00,4108.95601,4109.4296,4106.84966,4106.99478
2026-07-31 06:40:00,4107.2308,4107.25015,4102.90075,4103.33019
2026-07-31 06:45:00,4104.07703,4104.07703,4101.04987,4101.23409
2026-07-31 06:50:00,4101.51038,4102.73242,4099.20066,4102.59904
2026-07-31 06:55:00,4102.34624,4103.57421,4100.42078,4103.49754
2026-07-31 07:00:00,4103.37557,4103.69611,4103.16403,4103.60866
2026-07-31 07:05:00,4103.5521,4103.73826,4103.40583,4103.65218
2026-07-31 07:10:00,4103.56081,4103.71398,4103.40583,4103.64173
2026-07-31 07:15:00,4103.58263,4103.89182,4103.47041,4103.5046
2026-07-31 07:20:00,4103.61535,4103.94939,4103.31142,4103.60726
2026-07-31 07:25:00,4103.65073,4103.91103,4103.30116,4103.69871
2026-07-31 07:30:00,4103.61118,4103.94962,4103.56889,4103.62918
2026-07-31 07:35:00,4103.69035,4103.76753,4103.40583,4103.53929
2026-07-31 07:40:00,4103.57215,4103.7285,4103.36249,4103.61979
2026-07-31 07:45:00,4103.58115,4103.71963,4103.40583,4103.60227
2026-07-31 07:50:00,4103.50184,4103.73748,4103.40583,4103.64952
2026-07-31 07:55:00,4103.57751,4103.76929,4103.54321,4103.55714
2026-07-31 08:00:00,4103.58768,4105.42737,4103.58768,4104.20217
2026-07-31 08:05:00,4104.41702,4106.41463,4102.22751,4105.1052
2026-07-31 08:10:00,4104.83422,4107.23086,4104.83422,4106.88598
2026-07-31 08:15:00,4106.35143,4108.12587,4106.35143,4107.67143
2026-07-31 08:20:00,4107.70655,4108.29465,4107.61963,4107.66988
2026-07-31 08:25:00,4107.68695,4108.12587,4107.44659,4107.65213
2026-07-31 08:30:00,4107.71271,4108.29465,4107.45092,4108.22053
2026-07-31 08:35:00,4108.06133,4110.37007,4107.52002,4110.06377
2026-07-31 08:40:00,4109.65803,4110.48997,4109.65803,4110.29959
2026-07-31 08:45:00,4110.23716,4110.58897,4110.04747,4110.5043
2026-07-31 08:50:00,4110.20566,4111.16593,4110.20566,4110.56704
2026-07-31 08:55:00,4110.59949,4111.68859,4109.47645,4109.68321
2026-07-31 09:00:00,4109.75098,4111.16593,4109.7134,4110.66999
2026-07-31 09:05:00,4110.77774,4112.01118,4109.48976,4109.94125
2026-07-31 09:10:00,4110.89223,4110.89223,4106.94484,4107.05054
2026-07-31 09:15:00,4107.23152,4107.51284,4106.60753,4106.89679
2026-07-31 09:20:00,4106.81514,4107.31779,4104.7533,4107.09316
2026-07-31 09:25:00,4106.68971,4106.68971,4104.62723,4104.8408
2026-07-31 09:30:00,4105.23863,4105.23863,4103.5705,4105.04803
2026-07-31 09:35:00,4104.90827,4104.9397,4103.23745,4104.69293
2026-07-31 09:40:00,4104.31624,4107.45092,4104.31624,4105.08971
2026-07-31 09:45:00,4105.51829,4110.15208,4105.51829,4108.91314
2026-07-31 09:50:00,4109.20964,4109.53466,4107.13524,4107.45087
2026-07-31 09:55:00,4108.02525,4108.02525,4106.06586,4106.29518
2026-07-31 10:00:00,4106.71503,4106.71503,4101.57752,4104.47349
2026-07-31 10:05:00,4103.76978,4105.76449,4102.3958,4103.21716
2026-07-31 10:10:00,4103.1113,4103.57421,4101.04987,4101.57866
2026-07-31 10:15:00,4101.61752,4102.23772,4100.71352,4100.77084
2026-07-31 10:20:00,4100.71579,4103.15872,4099.70482,4102.69552
2026-07-31 10:25:00,4101.5191,4104.09421,4096.56152,4097.1886
2026-07-31 10:30:00,4098.42221,4098.42221,4093.78901,4094.03195
2026-07-31 10:35:00,4094.50006,4094.50006,4092.31285,4093.26479
2026-07-31 10:40:00,4093.00678,4093.00678,4090.81612,4091.87971
2026-07-31 10:45:00,4092.02771,4093.38898,4090.92094,4093.11255
2026-07-31 10:50:00,4092.60836,4095.17505,4092.60836,4095.08176
2026-07-31 10:55:00,4094.98863,4094.98863,4093.32788,4093.69405
2026-07-31 11:00:00,4093.40878,4101.21806,4092.53491,4100.89753
2026-07-31 11:05:00,4100.10738,4101.04987,4096.84952,4100.61635
2026-07-31 11:10:00,4099.77936,4099.77936,4090.74082,4091.78373
2026-07-31 11:15:00,4093.34699,4093.34699,4088.30744,4091.69798
2026-07-31 11:20:00,4091.26776,4094.83641,4091.26776,4092.83451
2026-07-31 11:25:00,4093.08231,4094.06393,4091.76477,4094.05573
2026-07-31 11:30:00,4094.41438,4094.41438,4087.86822,4088.06353
2026-07-31 11:35:00,4088.41923,4088.41923,4084.94677,4085.18077
2026-07-31 11:40:00,4085.51256,4087.4719,4084.29995,4086.03715
2026-07-31 11:45:00,4086.2823,4090.98755,4083.79957,4084.32854
2026-07-31 11:50:00,4085.29137,4085.29137,4082.33207,4085.07654
2026-07-31 11:55:00,4084.9042,4087.38518,4084.9042,4086.20253
2026-07-31 12:00:00,4086.28907,4086.93491,4081.96587,4085.07144
2026-07-31 12:05:00,4084.28632,4088.64175,4084.28632,4086.88476
2026-07-31 12:10:00,4087.25119,4089.64502,4087.25119,4089.26352
2026-07-31 12:15:00,4089.41775,4089.41775,4081.79926,4082.98178
2026-07-31 12:20:00,4083.73014,4083.79957,4081.82043,4083.12838
2026-07-31 12:25:00,4083.08107,4083.08107,4082.13251,4082.76204
2026-07-31 12:30:00,4082.63332,4083.79957,4080.78158,4082.69755
2026-07-31 12:35:00,4083.28609,4083.28609,4081.46606,4082.14553
2026-07-31 12:40:00,4081.81418,4082.51759,4076.27254,4076.54011
2026-07-31 12:45:00,4076.98306,4077.9708,4075.42677,4077.76918
2026-07-31 12:50:00,4077.32685,4077.80451,4073.87457,4077.54743
2026-07-31 12:55:00,4077.14492,4078.16899,4076.39771,4077.93559
2026-07-31 13:00:00,4077.57182,4077.57182,4073.81757,4074.02242
2026-07-31 13:05:00,4074.37617,4075.81007,4073.17763,4075.67292
2026-07-31 13:10:00,4075.4553,4076.37232,4072.9132,4073.02589
2026-07-31 13:15:00,4073.18566,4074.1111,4072.49033,4072.7325
2026-07-31 13:20:00,4072.93735,4073.98354,4072.93735,4073.09833
2026-07-31 13:25:00,4073.25669,4075.24042,4072.71289,4074.85962
2026-07-31 13:30:00,4074.1751,4076.46856,4074.1751,4076.35581
2026-07-31 13:35:00,4076.3023,4078.73401,4076.18557,4078.23531
2026-07-31 13:40:00,4077.44712,4079.46804,4075.58718,4075.71833
2026-07-31 13:45:00,4075.98688,4077.67959,4075.98688,4076.48342
2026-07-31 13:50:00,4076.62456,4076.66228,4075.22547,4076.4519
2026-07-31 13:55:00,4076.10824,4076.10824,4074.5706,4074.67355
2026-07-31 14:00:00,4074.84001,4075.76282,4074.64754,4074.73485
2026-07-31 14:05:00,4074.87434,4074.97963,4074.14952,4074.50215
2026-07-31 14:10:00,4074.53894,4076.37508,4073.9242,4075.78276
2026-07-31 14:15:00,4074.4528,4077.80451,4074.4528,4076.65401
2026-07-31 14:20:00,4076.95777,4077.75077,4073.02641,4073.86321
2026-07-31 14:25:00,4075.08265,4079.96736,4075.08265,4079.84579
2026-07-31 14:30:00,4079.54074,4080.96637,4078.94665,4080.86736
2026-07-31 14:35:00,4080.65533,4081.46606,4079.86441,4080.02572
2026-07-31 14:40:00,4080.41358,4080.96637,4079.52748,4079.72767
2026-07-31 14:45:00,4080.09375,4080.09375,4077.08094,4077.43245
2026-07-31 14:50:00,4077.88009,4078.74698,4074.48152,4077.3302
2026-07-31 14:55:00,4077.13346,4079.67979,4077.13346,4079.38138
2026-07-31 15:00:00,4078.97774,4082.37818,4078.97774,4082.06332
2026-07-31 15:05:00,4081.63575,4082.79917,4081.29949,4081.37631
2026-07-31 15:10:00,4081.46582,4082.83011,4079.63446,4079.84336
2026-07-31 15:15:00,4080.20657,4082.29915,4079.68687,4082.17693
2026-07-31 15:20:00,4081.91333,4082.32517,4080.63331,4081.93944
2026-07-31 15:25:00,4081.432,4082.63248,4080.79984,4081.27722
2026-07-31 15:30:00,4081.1597,4081.29949,4079.46804,4079.58503
2026-07-31 15:35:00,4079.786,4080.96637,4077.63823,4077.87367
2026-07-31 15:40:00,4078.26015,4080.13383,4076.9528,4077.27155
2026-07-31 15:45:00,4077.78903,4077.78903,4073.55754,4075.74192
2026-07-31 15:50:00,4075.39877,4076.14234,4073.65162,4075.40841
2026-07-31 15:55:00,4074.85145,4076.04405,4073.98354,4074.73353
2026-07-31 16:00:00,4074.49697,4076.93261,4073.15384,4073.51249
2026-07-31 16:05:00,4073.81981,4081.63265,4073.81981,4081.45095
2026-07-31 16:10:00,4081.26944,4082.63248,4081.26944,4081.70999
2026-07-31 16:15:00,4081.65837,4087.63898,4081.46606,4086.84674
2026-07-31 16:20:00,4086.46314,4088.52621,4083.13258,4083.27195
2026-07-31 16:25:00,4083.49891,4086.4697,4082.46581,4086.27105
2026-07-31 16:30:00,4085.85023,4085.85023,4079.31043,4079.75126
2026-07-31 16:35:00,4080.32382,4080.32382,4078.1021,4078.48683
2026-07-31 16:40:00,4079.29638,4079.29638,4077.62959,4078.085
2026-07-31 16:45:00,4078.20133,4081.63265,4077.83617,4078.45659
2026-07-31 16:50:00,4079.27937,4079.27937,4076.40558,4078.32327
2026-07-31 16:55:00,4078.03208,4079.09387,4077.96332,4079.01362
2026-07-31 17:00:00,4078.85183,4078.85183,4075.08301,4075.3665
2026-07-31 17:05:00,4076.03989,4078.57292,4076.03989,4077.82095
2026-07-31 17:10:00,4078.10959,4078.67973,4076.60507,4077.16951
2026-07-31 17:15:00,4077.00548,4078.6361,4075.37092,4077.66159
2026-07-31 17:20:00,4077.29251,4079.42146,4074.97963,4076.10441
2026-07-31 17:25:00,4076.0134,4076.59076,4074.38094,4074.62694
2026-07-31 17:30:00,4075.1017,4075.1017,4070.37208,4071.7996
2026-07-31 17:35:00,4071.80671,4071.99283,4068.51377,4071.68962
2026-07-31 17:40:00,4070.88029,4073.88796,4070.88029,4073.7039
2026-07-31 17:45:00,4073.3791,4073.65162,4071.83833,4073.56986
2026-07-31 17:50:00,4073.36252,4073.43072,4069.83843,4070.4239
2026-07-31 17:55:00,4070.50365,4071.66124,4070.3354,4070.4629
2026-07-31 18:00:00,4070.51518,4070.81363,4064.11751,4064.62633
2026-07-31 18:05:00,4065.30232,4065.30232,4062.43773,4063.63548
2026-07-31 18:10:00,4063.82488,4064.71019,4061.24355,4061.47008
2026-07-31 18:15:00,4061.85284,4064.65167,4060.60612,4063.96672
2026-07-31 18:20:00,4062.40823,4067.35541,4061.61141,4062.06125
2026-07-31 18:25:00,4063.00345,4063.00345,4058.60627,4059.11195
2026-07-31 18:30:00,4059.13633,4059.44827,4055.91394,4056.2898
2026-07-31 18:35:00,4056.93988,4059.94291,4055.47895,4059.8791
2026-07-31 18:40:00,4059.71962,4060.71149,4058.11217,4059.99015
2026-07-31 18:45:00,4059.77739,4064.11302,4058.11217,4063.5383
2026-07-31 18:50:00,4062.45066,4062.84892,4059.26527,4059.51063
2026-07-31 18:55:00,4059.92913,4064.04942,4058.17242,4063.94295
2026-07-31 19:00:00,4063.72802,4064.09033,4061.90341,4062.54238
2026-07-31 19:05:00,4062.62702,4062.62702,4058.95462,4059.55843
2026-07-31 19:10:00,4060.37548,4060.37548,4056.46601,4057.69372
2026-07-31 19:15:00,4057.40673,4057.40673,4054.82118,4054.96341
2026-07-31 19:20:00,4055.29973,4057.36506,4052.6849,4052.96319
2026-07-31 19:25:00,4053.41438,4053.41438,4052.02804,4052.29326
2026-07-31 19:30:00,4052.40122,4053.50628,4051.64618,4051.87541
2026-07-31 19:35:00,4052.31152,4052.31152,4050.32851,4050.47073
2026-07-31 19:40:00,4050.77013,4052.8534,4050.77013,4052.67188
2026-07-31 19:45:00,4052.36997,4056.03294,4052.30941,4055.76575
2026-07-31 19:50:00,4055.03555,4056.79513,4055.03555,4056.4731
2026-07-31 19:55:00,4056.47203,4056.47203,4053.83493,4053.99402
2026-07-31 20:00:00,4054.23189,4056.30146,4053.83493,4055.98648
2026-07-31 20:05:00,4055.7691,4057.94749,4055.7691,4057.8403
2026-07-31 20:10:00,4057.6012,4057.61818,4056.12629,4056.90584
2026-07-31 20:15:00,4056.74048,4056.74048,4053.01342,4053.12964
2026-07-31 20:20:00,4053.26141,4055.2433,4052.92688,4054.99567
2026-07-31 20:25:00,4054.52598,4054.52598,4052.6849,4052.97491
2026-07-31 20:30:00,4053.05212,4056.46601,4053.01342,4055.23786
2026-07-31 20:35:00,4055.35806,4056.30146,4053.01342,4053.3105
2026-07-31 20:40:00,4053.79172,4054.85405,4053.27526,4054.71703
2026-07-31 20:45:00,4054.2764,4057.12431,4053.86495,4056.1946
2026-07-31 20:50:00,4056.5571,4056.58468,4054.82118,4054.87389
2026-07-31 20:55:00,4054.97072,4054.9856,4054.19728,4054.32586
2026-07-31 21:00:00,4054.5264,4054.5264,4052.35645,4054.13552
2026-07-31 21:05:00,4053.43471,4057.78283,4052.71004,4057.56221
2026-07-31 21:10:00,4057.02604,4058.93575,4057.02604,4057.55259
2026-07-31 21:15:00,4058.09719,4059.91222,4054.328,4057.49141
2026-07-31 21:20:00,4057.12569,4059.92449,4056.63056,4059.68403
2026-07-31 21:25:00,4059.23966,4060.67965,4058.66349,4058.94132
2026-07-31 21:30:00,4059.41055,4059.41055,4053.83493,4053.91932
2026-07-31 21:35:00,4054.14097,4055.51879,4053.16899,4053.61035
2026-07-31 21:40:00,4054.54365,4054.54365,4051.38838,4051.4647
2026-07-31 21:45:00,4051.70201,4053.01342,4051.53664,4052.98298
2026-07-31 21:50:00,4052.89899,4054.38323,4052.30997,4053.98414
2026-07-31 21:55:00,4053.38541,4055.59741,4053.38541,4055.43147
2026-07-31 22:00:00,4055.1924,4056.36077,4052.57943,4056.01247
2026-07-31 22:05:00,4055.18544,4058.94503,4055.18544,4058.87949
2026-07-31 22:10:00,4058.89753,4058.89753,4056.30146,4058.40706
2026-07-31 22:15:00,4057.82604,4060.42099,4055.47895,4055.89288
2026-07-31 22:20:00,4056.43894,4058.68807,4050.05873,4050.30311
2026-07-31 22:25:00,4050.75455,4052.63918,4049.80008,4050.00104
2026-07-31 22:30:00,4050.36432,4050.36432,4047.10834,4048.81158
2026-07-31 22:35:00,4048.62325,4050.92343,4044.98018,4045.27269
2026-07-31 22:40:00,4045.74831,4045.9191,4042.52739,4042.73574
2026-07-31 22:45:00,4042.94921,4045.55326,4042.80249,4043.3256
2026-07-31 22:50:00,4044.2233,4045.9549,4041.5471,4045.64525
2026-07-31 22:55:00,4044.80617,4046.28955,4041.2066,4041.52452
2026-07-31 23:00:00,4042.17359,4042.20057,4037.95679,4042.0521
2026-07-31 23:05:00,4041.6506,4043.18427,4036.16403,4037.5587
2026-07-31 23:10:00,4037.48767,4037.51003,4035.85845,4036.06259
2026-07-31 23:15:00,4036.37681,4037.89906,4035.34966,4037.7475
2026-07-31 23:20:00,4037.53492,4044.98018,4036.41659,4043.88934
2026-07-31 23:25:00,4043.49489,4044.99383,4041.5471,4042.77662
2026-07-31 23:30:00,4042.39853,4043.01771,4037.55776,4037.92312
2026-07-31 23:35:00,4038.42453,4040.20499,4031.47264,4034.81536
2026-07-31 23:40:00,4033.96074,4034.19271,4022.52615,4023.20989
2026-07-31 23:45:00,4024.30582,4028.33188,4024.30582,4025.14023
2026-07-31 23:50:00,4026.44941,4026.82255,4023.82102,4026.35107
2026-07-31 23:55:00,4025.2634,4031.9609,4025.2634,4028.85385
2026-08-01 00:00:00,4030.39643,4031.77035,4026.21745,4031.65912
2026-08-01 00:05:00,4031.40555,4031.40555,4021.07041,4021.85252
2026-08-01 00:10:00,4023.36308,4030.47385,4023.36308,4030.06639
2026-08-01 00:15:00,4029.53931,4033.88463,4029.53931,4032.7077
2026-08-01 00:20:00,4033.09836,4036.97873,4033.09836,4035.82188
2026-08-01 00:25:00,4036.2034,4039.91435,4035.18683,4039.32522
2026-08-01 00:30:00,4039.16573,4039.23741,4037.79375,4038.95186
2026-08-01 00:35:00,4038.32801,4042.03719,4038.32801,4040.99784
2026-08-01 00:40:00,4041.43978,4042.52739,4040.40404,4041.64712
2026-08-01 00:45:00,4041.80849,4043.89607,4040.67722,4043.33991
2026-08-01 00:50:00,4042.22385,4048.09132,4042.22385,4047.78935
2026-08-01 00:55:00,4047.10322,4049.73069,4046.45328,4049.47086
2026-08-01 01:00:00,4048.8852,4049.73069,4046.13812,4047.73637
2026-08-01 01:05:00,4047.45647,4047.45647,4044.55252,4046.94742
2026-08-01 01:10:00,4046.62171,4046.94456,4043.83517,4045.868
2026-08-01 01:15:00,4045.12101,4051.60436,4043.99871,4044.28415
2026-08-01 01:20:00,4044.79374,4044.98018,4043.01771,4043.50345
2026-08-01 01:25:00,4043.42441,4044.30295,4041.93964,4042.13079
2026-08-01 01:30:00,4042.37293,4042.37293,4038.18217,4038.43594
2026-08-01 01:35:00,4038.78515,4042.30487,4037.63072,4041.71882
2026-08-01 01:40:00,4040.20836,4043.18786,4040.20836,4041.03619
2026-08-01 01:45:00,4041.4032,4042.21671,4041.07428,4041.23103
2026-08-01 01:50:00,4041.47856,4045.96213,4039.88871,4045.78505
2026-08-01 01:55:00,4045.41544,4046.45328,4044.81657,4045.72025
2026-08-01 02:00:00,4045.5834,4046.38628,4043.99871,4044.75124
2026-08-01 02:05:00,4044.54293,4044.65297,4041.46505,4041.86163
2026-08-01 02:10:00,4042.6482,4046.43931,4042.6482,4046.18023
2026-08-01 02:15:00,4045.51373,4047.57468,4043.18117,4045.44112
2026-08-01 02:20:00,4045.28624,4046.78079,4045.28624,4046.04725
2026-08-01 02:25:00,4046.24671,4048.74691,4044.65297,4046.18377
2026-08-01 02:30:00,4046.64037,4049.40271,4046.64037,4049.27351
2026-08-01 02:35:00,4049.07577,4050.25153,4047.80386,4049.39129
2026-08-01 02:40:00,4048.86807,4048.86807,4042.36397,4042.61568
2026-08-01 02:45:00,4042.93092,4044.3304,4042.20057,4043.39825
2026-08-01 02:50:00,4043.4954,4045.1438,4043.34465,4044.35709
2026-08-01 02:55:00,4044.39865,4045.28731,4042.52151,4043.59633
2026-08-01 03:00:00,4043.37403,4045.983,4043.37403,4043.9652
2026-08-01 03:05:00,4044.93792,4044.93792,4042.77452,4042.83243
2026-08-01 03:10:00,4042.89481,4044.84418,4041.71045,4044.13272
2026-08-01 03:15:00,4043.15724,4046.54833,4043.15724,4046.44822
2026-08-01 03:20:00,4046.29732,4047.02255,4045.63476,4046.65114
2026-08-01 03:25:00,4046.16868,4050.39974,4044.98018,4049.5241
2026-08-01 03:30:00,4047.99429,4052.84915,4047.99429,4052.57998
2026-08-01 03:35:00,4052.20665,4052.82506,4048.41909,4050.78111
2026-08-01 03:40:00,4050.71916,4052.29411,4049.714,4051.23008
2026-08-01 03:45:00,4050.82168,4053.83493,4050.82168,4052.22356
2026-08-01 03:50:00,4052.46123,4054.49238,4052.46123,4053.59012
2026-08-01 03:55:00,4053.99595,4054.16363,4052.6849,4053.54071
2026-08-01 04:00:00,4053.58704,4054.49238,4052.92407,4053.96638
2026-08-01 04:05:00,4053.79808,4053.79808,4051.20087,4052.13322
2026-08-01 04:10:00,4051.87246,4051.87246,4047.90609,4048.02328
2026-08-01 04:15:00,4048.18926,4050.43537,4047.698,4050.36448
2026-08-01 04:20:00,4050.27238,4050.92608,4049.5667,4050.78847
2026-08-01 04:25:00,4050.3403,4051.60782,4050.3403,4050.8013
2026-08-01 04:30:00,4050.60658,4050.99635,4049.61036,4049.66916
2026-08-01 04:35:00,4049.75144,4050.89642,4048.2552,4050.61211
2026-08-01 04:40:00,4050.07333,4051.48153,4050.07333,4051.33433
2026-08-01 04:45:00,4051.0619,4051.0619,4048.17458,4049.58689
2026-08-01 04:50:00,4049.07107,4051.20726,4049.07107,4050.13419
2026-08-01 04:55:00,4050.30486,4050.81569,4049.73069,4049.7796
2026-08-01 05:00:00,4049.75513,4052.52019,4048.74691,4049.12298
2026-08-01 05:05:00,4049.19301,4049.66438,4048.90097,4049.51861
2026-08-01 05:10:00,4049.32128,4049.57989,4047.27214,4048.08528
2026-08-01 05:15:00,4047.9884,4048.64332,4047.26287,4048.42955
2026-08-01 05:20:00,4047.89337,4049.73069,4047.45951,4049.12308
2026-08-01 05:25:00,4049.19962,4050.55387,4049.01134,4049.7476
2026-08-01 05:30:00,4050.05554,4050.55087,4049.23874,4049.26484
2026-08-01 05:35:00,4049.49011,4051.41893,4049.49011,4050.29474
2026-08-01 05:40:00,4050.67793,4053.65467,4049.8947,4052.84717
2026-08-01 05:45:00,4051.76172,4055.64343,4051.76172,4053.76818
2026-08-01 05:50:00,4053.97634,4054.9856,4051.69969,4051.74887
2026-08-01 05:55:00,4051.87145,4052.35645,4050.22276,4052.30418
2026-08-01 06:00:00,4052.20325,4052.86075,4049.181,4049.29797
2026-08-01 06:05:00,4049.468,4049.83163,4045.4711,4046.83727
2026-08-01 06:10:00,4046.50818,4047.44874,4046.25381,4047.33885
2026-08-01 06:15:00,4047.007,4048.26161,4046.42479,4048.1236
2026-08-01 06:20:00,4047.84093,4048.4323,4047.78648,4048.27831
2026-08-01 06:25:00,4048.07053,4048.65514,4047.10834,4047.24616
2026-08-01 06:30:00,4047.12354,4050.55087,4046.80976,4050.44087
2026-08-01 06:35:00,4050.23403,4052.6849,4050.06454,4051.98814
2026-08-01 06:40:00,4051.8837,4052.19224,4051.12056,4051.33735
2026-08-01 06:45:00,4051.74178,4052.02804,4050.52757,4051.14968
2026-08-01 06:50:00,4051.2937,4055.12765,4046.12583,4046.76435
2026-08-01 06:55:00,4047.93373,4047.93373,4043.34465,4045.25141
2026-08-01 07:00:00,4044.91865,4044.91865,4042.03719,4042.66171
2026-08-01 07:05:00,4042.68261,4042.81764,4042.64079,4042.6797
2026-08-01 07:10:00,4042.68246,4042.85945,4042.62074,4042.75959
2026-08-01 07:15:00,4042.67774,4042.84307,4042.66477,4042.73871
2026-08-01 07:20:00,4042.67807,4042.86044,4042.61945,4042.6569
2026-08-01 07:25:00,4042.67966,4042.82566,4042.63606,4042.73601
2026-08-01 07:30:00,4042.68249,4042.85014,4042.61191,4042.75422
2026-08-01 07:35:00,4042.66928,4042.84213,4042.64982,4042.7357
2026-08-01 07:40:00,4042.67966,4042.86214,4042.62104,4042.65447
2026-08-01 07:45:00,4042.67967,4042.83143,4042.63284,4042.73184
2026-08-01 07:50:00,4042.68264,4042.86116,4042.62397,4042.76916
2026-08-01 07:55:00,4042.68234,4042.85732,4042.65175,4042.73765
2026-08-01 08:00:00,4042.68428,4042.87431,4042.63006,4042.65925
2026-08-01 08:05:00,4042.68714,4042.85226,4042.63912,4042.73322
2026-08-01 08:10:00,4042.69061,4042.86,4042.62528,4042.77256
2026-08-01 08:15:00,4042.68397,4042.86085,4042.62892,4042.72765
2026-08-01 08:20:00,4042.66441,4042.86762,4042.63008,4042.65427
2026-08-01 08:25:00,4042.68328,4042.83119,4042.62753,4042.72045
2026-08-01 08:30:00,4042.68257,4042.85617,4042.6259,4042.77391
2026-08-01 08:35:00,4042.68396,4042.86354,4042.64118,4042.74839
2026-08-01 08:40:00,4042.68597,4042.86655,4042.63591,4042.65479
2026-08-01 08:45:00,4042.6846,4042.85448,4042.6253,4042.71884
2026-08-01 08:50:00,4042.68587,4042.85147,4042.62745,4042.77479
2026-08-01 08:55:00,4042.68395,4042.86531,4042.63629,4042.75341
2026-08-01 09:00:00,4042.68594,4042.86121,4042.6395,4042.65249
2026-08-01 09:05:00,4042.68264,4042.85574,4042.62234,4042.71147
2026-08-01 09:10:00,4042.68264,4042.84594,4042.62994,4042.7752
2026-08-01 09:15:00,4042.68395,4042.86613,4042.63226,4042.75828
2026-08-01 09:20:00,4042.68592,4042.86158,4042.64696,4042.65396
2026-08-01 09:25:00,4042.6846,4042.86253,4042.62365,4042.71834
2026-08-01 09:30:00,4042.68592,4042.87252,4042.64191,4042.80459
2026-08-01 09:35:00,4042.71729,4042.87261,4042.63096,4042.76652
2026-08-01 09:40:00,4042.69077,4042.86109,4042.65503,4042.65587
2026-08-01 09:45:00,4042.68656,4042.86843,4042.62583,4042.72215
2026-08-01 09:50:00,4042.68432,4042.83065,4042.63443,4042.77295
2026-08-01 09:55:00,4042.68264,4042.86326,4042.62361,4042.76542
2026-08-01 10:00:00,4042.68264,4042.85476,4042.65664,4042.65664
2026-08-01 10:05:00,4042.68623,4042.8735,4042.62574,4042.73531
2026-08-01 10:10:00,4042.69265,4042.83032,4042.64898,4042.77861
2026-08-01 10:15:00,4042.68854,4042.86803,4042.63221,4042.77679
2026-08-01 10:20:00,4042.69229,4042.85435,4042.66105,4042.66105
2026-08-01 10:25:00,4042.68981,4042.87429,4042.63293,4042.7405
2026-08-01 10:30:00,4042.69274,4042.82036,4042.65499,4042.77554
2026-08-01 10:35:00,4042.68661,4042.86354,4042.62691,4042.77557
2026-08-01 10:40:00,4042.6858,4042.84116,4042.65795,4042.65795
2026-08-01 10:45:00,4042.68458,4042.86764,4042.62755,4042.74555
2026-08-01 10:50:00,4042.69282,4042.8113,4042.66167,4042.77366
2026-08-01 10:55:00,4042.68664,4042.86826,4042.63239,4042.78437
2026-08-01 11:00:00,4042.69218,4042.84104,4042.66481,4042.66481
2026-08-01 11:05:00,4042.68977,4042.87318,4042.63035,4042.75034
2026-08-01 11:10:00,4042.69275,4042.80822,4042.66402,4042.77284
2026-08-01 11:15:00,4042.68947,4042.8653,4042.62744,4042.78244
2026-08-01 11:20:00,4042.68575,4042.82634,4042.66263,4042.66263
2026-08-01 11:25:00,4042.68456,4042.86455,4042.62401,4042.74871
2026-08-01 11:30:00,4042.68609,4042.81151,4042.67088,4042.76513
2026-08-01 11:35:00,4042.68401,4042.86613,4042.62991,4042.68152
2026-08-01 11:40:00,4042.68572,4042.82139,4042.66711,4042.66711
2026-08-01 11:45:00,4042.68644,4042.86734,4042.62528,4042.75793
2026-08-01 11:50:00,4042.69141,4042.82504,4042.67775,4042.76355
2026-08-01 11:55:00,4042.68617,4042.86437,4042.62746,4042.67556
2026-08-01 12:00:00,4042.68407,4042.80886,4042.6673,4042.6673
2026-08-01 12:05:00,4042.68314,4042.86519,4042.62423,4042.75721
2026-08-01 12:10:00,4042.68613,4042.82851,4042.68306,4042.75845
2026-08-01 12:15:00,4042.68404,4042.86496,4042.62692,4042.67332
2026-08-01 12:20:00,4042.68568,4042.80451,4042.66073,4042.67243
2026-08-01 12:25:00,4042.68519,4042.87344,4042.62888,4042.7674
2026-08-01 12:30:00,4042.69317,4042.84235,4042.68358,4042.75815
2026-08-01 12:35:00,4042.68689,4042.86642,4042.62729,4042.67134
2026-08-01 12:40:00,4042.68704,4042.80967,4042.6535,4042.67644
2026-08-01 12:45:00,4042.6851,4042.87103,4042.62974,4042.76764
2026-08-01 12:50:00,4042.6897,4042.8461,4042.67766,4042.75383
2026-08-01 12:55:00,4042.68735,4042.86231,4042.62855,4042.66978
2026-08-01 13:00:00,4042.68864,4042.81963,4042.65201,4042.68238
2026-08-01 13:05:00,4042.68646,4042.87256,4042.62936,4042.77234
2026-08-01 13:10:00,4042.69164,4042.85387,4042.66927,4042.74774
2026-08-01 13:15:00,4042.68557,4042.86501,4042.63076,4042.66854
2026-08-01 13:20:00,4042.68996,4042.82789,4042.64627,4042.68562
2026-08-01 13:25:00,4042.68639,4042.86655,4042.62533,4042.77015
2026-08-01 13:30:00,4042.6862,4042.85276,4042.65749,4042.74115
2026-08-01 13:35:00,4042.68428,4042.86529,4042.62742,4042.66114
2026-08-01 13:40:00,4042.68562,4042.83428,4042.63636,4042.7347
2026-08-01 13:45:00,4042.68441,4042.86457,4042.62401,4042.77239
2026-08-01 13:50:00,4042.68621,4042.85887,4042.65202,4042.73864
2026-08-01 13:55:00,4042.68416,4042.86613,4042.62989,4042.65912
2026-08-01 14:00:00,4042.6856,4042.84257,4042.63559,4042.73296
2026-08-01 14:05:00,4042.68765,4042.86497,4042.62527,4042.77743
2026-08-01 14:10:00,4042.68981,4042.86078,4042.64375,4042.74557
2026-08-01 14:15:00,4042.68228,4042.87259,4042.6381,4042.66255
2026-08-01 14:20:00,4042.69082,4042.85026,4042.63428,4042.72504
2026-08-01 14:25:00,4042.68591,4042.85283,4042.62101,4042.77068
2026-08-01 14:30:00,4042.68101,4042.86198,4042.63792,4042.74806
2026-08-01 14:35:00,4042.68082,4042.865,4042.63917,4042.65806
2026-08-01 14:40:00,4042.6869,4042.85256,4042.62857,4042.7203
2026-08-01 14:45:00,4042.68437,4042.85475,4042.6257,4042.77806
2026-08-01 14:50:00,4042.6882,4042.86694,4042.63483,4042.75351
2026-08-01 14:55:00,4042.68258,4042.86299,4042.64266,4042.65577
2026-08-01 15:00:00,4042.68559,4042.85715,4042.62564,4042.71432
2026-08-01 15:05:00,4042.6843,4042.84432,4042.62503,4042.77358
2026-08-01 15:10:00,4042.68297,4042.86451,4042.62737,4042.75619
2026-08-01 15:15:00,4042.68264,4042.85493,4042.6424,4042.64906
2026-08-01 15:20:00,4042.67937,4042.85925,4042.62202,4042.71353
2026-08-01 15:25:00,4042.68101,4042.83436,4042.62693,4042.77023
2026-08-01 15:30:00,4042.67937,4042.86108,4042.6225,4042.75932
2026-08-01 15:35:00,4042.68101,4042.85277,4042.65064,4042.65101
2026-08-01 15:40:00,4042.68101,4042.86034,4042.62101,4042.71877
2026-08-01 15:45:00,4042.68097,4042.8308,4042.6327,4042.77295
2026-08-01 15:50:00,4042.68297,4042.86163,4042.62198,4042.76378
2026-08-01 15:55:00,4042.68101,4042.84804,4042.65179,4042.65179
2026-08-01 16:00:00,4042.68101,4042.86205,4042.62421,4042.72415
2026-08-01 16:05:00,4042.68101,4042.81948,4042.6364,4042.76864
2026-08-01 16:10:00,4042.67937,4042.85791,4042.61906,4042.76642
2026-08-01 16:15:00,4042.67937,4042.84608,4042.65789,4042.65789
2026-08-01 16:20:00,4042.6856,4042.86613,4042.62987,4042.73232
2026-08-01 16:25:00,4042.68418,4042.81451,4042.64541,4042.77049
2026-08-01 16:30:00,4042.68264,4042.8593,4042.62038,4042.77299
2026-08-01 16:35:00,4042.68112,4042.8379,4042.65634,4042.65634
2026-08-01 16:40:00,4042.68264,4042.86274,4042.62419,4042.73429
2026-08-01 16:45:00,4042.68089,4042.80557,4042.65211,4042.76857
2026-08-01 16:50:00,4042.68264,4042.86033,4042.62098,4042.77501
2026-08-01 16:55:00,4042.67951,4042.83084,4042.65848,4042.65848
2026-08-01 17:00:00,4042.68264,4042.86333,4042.62365,4042.73924
2026-08-01 17:05:00,4042.68101,4042.79747,4042.65953,4042.76622
2026-08-01 17:10:00,4042.68264,4042.86529,4042.62572,4042.68269
2026-08-01 17:15:00,4042.68264,4042.82502,4042.66426,4042.66426
2026-08-01 17:20:00,4042.68563,4042.86133,4042.62236,4042.7438
2026-08-01 17:25:00,4042.68083,4042.80822,4042.66612,4042.76176
2026-08-01 17:30:00,4042.68101,4042.8645,4042.62664,4042.67826
2026-08-01 17:35:00,4042.68264,4042.81292,4042.66244,4042.66244
2026-08-01 17:40:00,4042.68101,4042.85765,4042.62038,4042.74819
2026-08-01 17:45:00,4042.68081,4042.81701,4042.67479,4042.75859
2026-08-01 17:50:00,4042.68101,4042.86436,4042.62425,4042.67237
2026-08-01 17:55:00,4042.68122,4042.80414,4042.66374,4042.66743
2026-08-01 18:00:00,4042.6824,4042.85873,4042.61936,4042.75081
2026-08-01 18:05:00,4042.67937,4042.82225,4042.67926,4042.75669
2026-08-01 18:10:00,4042.68288,4042.86164,4042.62199,4042.66835
2026-08-01 18:15:00,4042.68101,4042.79743,4042.6557,4042.66951
2026-08-01 18:20:00,4042.68101,4042.86207,4042.62256,4042.75615
2026-08-01 18:25:00,4042.68101,4042.8313,4042.68101,4042.75117
2026-08-01 18:30:00,4042.68101,4042.85961,4042.62071,4042.66474
2026-08-01 18:35:00,4042.68101,4042.80672,4042.64848,4042.67674
2026-08-01 18:40:00,4042.68407,4042.86124,4042.62341,4042.75801
2026-08-01 18:45:00,4042.67937,4042.83664,4042.67033,4042.74526
2026-08-01 18:50:00,4042.67937,4042.85927,4042.62038,4042.66156
2026-08-01 18:55:00,4042.68128,4042.81698,4042.64374,4042.67943
2026-08-01 19:00:00,4042.68264,4042.86438,4042.6259,4042.76422
2026-08-01 19:05:00,4042.68264,4042.84416,4042.66199,4042.74079
2026-08-01 19:10:00,4042.67937,4042.85872,4042.61938,4042.65696
2026-08-01 19:15:00,4042.67937,4042.82222,4042.63455,4042.73379
2026-08-01 19:20:00,4042.67937,4042.86165,4042.62363,4042.76524
2026-08-01 19:25:00,4042.68072,4042.84948,4042.65736,4042.73943
2026-08-01 19:30:00,4042.68279,4042.86045,4042.62095,4042.65452
2026-08-01 19:35:00,4042.67937,4042.82977,4042.62967,4042.72789
2026-08-01 19:40:00,4042.67787,4042.85794,4042.61907,4042.76592
2026-08-01 19:45:00,4042.67937,4042.85248,4042.64511,4042.7359
2026-08-01 19:50:00,4042.68264,4042.86613,4042.62656,4042.65589
2026-08-01 19:55:00,4042.68295,4042.84128,4042.62913,4042.72754
2026-08-01 20:00:00,4042.68417,4042.85844,4042.62365,4042.77089
2026-08-01 20:05:00,4042.68233,4042.85914,4042.6454,4042.74152
2026-08-01 20:10:00,4042.68437,4042.86109,4042.62687,4042.65096
2026-08-01 20:15:00,4042.67937,4042.84271,4042.62254,4042.71823
2026-08-01 20:20:00,4042.67937,4042.85284,4042.62099,4042.77065
2026-08-01 20:25:00,4042.68101,4042.8603,4042.63793,4042.74312
2026-08-01 20:30:00,4042.67937,4042.85999,4042.63117,4042.64986
2026-08-01 20:35:00,4042.67937,4042.84801,4042.62034,4042.71316
2026-08-01 20:40:00,4042.67937,4042.8464,4042.62094,4042.76991
2026-08-01 20:45:00,4042.67937,4042.86045,4042.62969,4042.74814
2026-08-01 20:50:00,4042.67937,4042.85959,4042.63631,4042.64923
2026-08-01 20:55:00,4042.6797,4042.85402,4042.62072,4042.70995
2026-08-01 21:00:00,4042.68101,4042.84618,4042.62655,4042.7752
2026-08-01 21:05:00,4042.6846,4042.8645,4042.62908,4042.75699
2026-08-01 21:10:00,4042.68592,4042.86172,4042.6467,4042.65396
2026-08-01 21:15:00,4042.6846,4042.85913,4042.62364,4042.71189
2026-08-01 21:20:00,4042.67937,4042.83638,4042.62678,4042.77187
2026-08-01 21:25:00,4042.68134,4042.86109,4042.62255,4042.75767
2026-08-01 21:30:00,4042.67937,4042.85114,4042.64899,4042.64937
2026-08-01 21:35:00,4042.67937,4042.8587,4042.61937,4042.71723
2026-08-01 21:40:00,4042.67937,4042.82741,4042.63115,4042.76968
2026-08-01 21:45:00,4042.67937,4042.86,4042.62034,4042.76213
2026-08-01 21:50:00,4042.67937,4042.84642,4042.65016,4042.65016
2026-08-01 21:55:00,4042.67937,4042.86044,4042.62094,4042.72251
2026-08-01 22:00:00,4042.67937,4042.81965,4042.63629,4042.76867
2026-08-01 22:05:00,4042.67937,4042.85796,4042.61907,4042.76634
2026-08-01 22:10:00,4042.67937,4042.84086,4042.6514,4042.6514
2026-08-01 22:15:00,4042.67937,4042.86124,4042.62343,4042.72769
2026-08-01 22:20:00,4042.67937,4042.81126,4042.64224,4042.76719
2026-08-01 22:25:00,4042.67937,4042.85602,4042.61875,4042.77025
2026-08-01 22:30:00,4042.67937,4042.83452,4042.65311,4042.65311
2026-08-01 22:35:00,4042.67937,4042.86109,4042.62256,4042.73273
2026-08-01 22:40:00,4042.67937,4042.80232,4042.64896,4042.76527
2026-08-01 22:45:00,4042.67937,4042.85869,4042.61937,4042.77385
2026-08-01 22:50:00,4042.67937,4042.82744,4042.65525,4042.65525
2026-08-01 22:55:00,4042.67937,4042.86,4042.62035,4042.73759
2026-08-01 23:00:00,4042.67937,4042.79582,4042.65639,4042.76291
2026-08-01 23:05:00,4042.67937,4042.86044,4042.62093,4042.7771
2026-08-01 23:10:00,4042.67937,4042.81968,4042.65782,4042.65782
2026-08-01 23:15:00,4042.67937,4042.85797,4042.61908,4042.74224
2026-08-01 23:20:00,4042.67937,4042.8051,4042.66447,4042.76013
2026-08-01 23:25:00,4042.67937,4042.86124,4042.62342,4042.67492
2026-08-01 23:30:00,4042.67937,4042.8113,4042.6608,4042.6608
2026-08-01 23:35:00,4042.67937,4042.85601,4042.61875,4042.74663
2026-08-01 23:40:00,4042.67937,4042.81388,4042.67314,4042.75696
2026-08-01 23:45:00,4042.67937,4042.8611,4042.62257,4042.67067
2026-08-01 23:50:00,4042.67937,4042.80236,4042.66197,4042.66415
2026-08-01 23:55:00,4042.67937,4042.85868,4042.61936,4042.75073
2026-08-02 00:00:00,4042.67937,4042.82209,4042.67937,4042.75342
2026-08-02 00:05:00,4042.67937,4042.86001,4042.62036,4042.66673
2026-08-02 00:10:00,4042.67937,4042.79578,4042.65408,4042.66786
2026-08-02 00:15:00,4042.67937,4042.86043,4042.62092,4042.75451
2026-08-02 00:20:00,4042.67937,4042.82965,4042.67937,4042.74954
2026-08-02 00:25:00,4042.67937,4042.85798,4042.61908,4042.66312
2026-08-02 00:30:00,4042.67937,4042.80507,4042.64686,4042.6719
2026-08-02 00:35:00,4042.67937,4042.86124,4042.62341,4042.75794
2026-08-02 00:40:00,4042.67937,4042.83651,4042.67051,4042.74535
2026-08-02 00:45:00,4042.67937,4042.85599,4042.61874,4042.65987
2026-08-02 00:50:00,4042.67937,4042.81385,4042.64037,4042.67624
2026-08-02 00:55:00,4042.67937,4042.8611,4042.62258,4042.761
2026-08-02 01:00:00,4042.67937,4042.84262,4042.662,4042.74088
2026-08-02 01:05:00,4042.67937,4042.85867,4042.61936,4042.65701
2026-08-02 01:10:00,4042.67937,4042.82205,4042.63465,4042.7339
2026-08-02 01:15:00,4042.67937,4042.86002,4042.62037,4042.76365
2026-08-02 01:20:00,4042.67937,4042.84793,4042.65411,4042.73617
2026-08-02 01:25:00,4042.67937,4042.86042,4042.62091,4042.65457
2026-08-02 01:30:00,4042.67937,4042.82962,4042.62976,4042.72869
2026-08-02 01:35:00,4042.67937,4042.85799,4042.61908,4042.76588
2026-08-02 01:40:00,4042.67937,4042.85239,4042.64689,4042.73271
2026-08-02 01:45:00,4042.67937,4042.86124,4042.6234,4042.65255
2026-08-02 01:50:00,4042.67937,4042.83649,4042.62573,4042.72349
2026-08-02 01:55:00,4042.67937,4042.85505,4042.61874,4042.76768
2026-08-02 02:00:00,4042.67937,4042.85598,4042.64039,4042.7379
2026-08-02 02:05:00,4042.67937,4042.8611,4042.62679,4042.65098
2026-08-02 02:10:00,4042.67937,4042.8426,4042.62259,4042.71834
2026-08-02 02:15:00,4042.67937,4042.85121,4042.61935,4042.76902
2026-08-02 02:20:00,4042.67937,4042.85866,4042.63468,4042.74302
2026-08-02 02:25:00,4042.67937,4042.86002,4042.63107,4042.64987
2026-08-02 02:30:00,4042.67937,4042.84791,4042.62037,4042.71326
2026-08-02 02:35:00,4042.67937,4042.8465,4042.6209,4042.7699
2026-08-02 02:40:00,4042.67937,4042.86042,4042.62978,4042.74803
2026-08-02 02:45:00,4042.67937,4042.858,4042.6362,4042.64923
2026-08-02 02:50:00,4042.67937,4042.85238,4042.61909,4042.70832
2026-08-02 02:55:00,4042.67937,4042.84096,4042.62338,4042.7703
2026-08-02 03:00:00,4042.67937,4042.86124,4042.62575,4042.7529
2026-08-02 03:05:00,4042.67937,4042.85507,4042.64214,4042.64906
2026-08-02 03:10:00,4042.67937,4042.85597,4042.61874,4042.71178
2026-08-02 03:15:00,4042.67937,4042.83463,4042.62677,4042.77024
2026-08-02 03:20:00,4042.67937,4042.8611,4042.62261,4042.75758
2026-08-02 03:25:00,4042.67937,4042.85123,4042.64884,4042.64936
2026-08-02 03:30:00,4042.67937,4042.85865,4042.61935,4042.71712
2026-08-02 03:35:00,4042.67937,4042.82757,4042.63105,4042.7697
2026-08-02 03:40:00,4042.67937,4042.86003,4042.62038,4042.76205
2026-08-02 03:45:00,4042.67937,4042.84652,4042.65013,4042.65013
2026-08-02 03:50:00,4042.67937,4042.86041,4042.62089,4042.7224
2026-08-02 03:55:00,4042.67937,4042.81981,4042.63618,4042.76869
2026-08-02 04:00:00,4042.67937,4042.85801,4042.61909,4042.76626
2026-08-02 04:05:00,4042.67937,4042.84099,4042.65137,4042.65137
2026-08-02 04:10:00,4042.67937,4042.86123,4042.62337,4042.72759
2026-08-02 04:15:00,4042.67937,4042.81144,4042.64211,4042.76723
2026-08-02 04:20:00,4042.67937,4042.85596,4042.61874,4042.77017
2026-08-02 04:25:00,4042.67937,4042.83466,4042.65307,4042.65307
2026-08-02 04:30:00,4042.67937,4042.86111,4042.62262,4042.73263
2026-08-02 04:35:00,4042.67937,4042.80251,4042.64881,4042.76531
2026-08-02 04:40:00,4042.67937,4042.85865,4042.61934,4042.77378
2026-08-02 04:45:00,4042.67937,4042.8276,4042.6552,4042.6552
2026-08-02 04:50:00,4042.67937,4042.86003,4042.62039,4042.7375
2026-08-02 04:55:00,4042.67937,4042.79562,4042.65623,4042.76296
2026-08-02 05:00:00,4042.67937,4042.86041,4042.62089,4042.77703
2026-08-02 05:05:00,4042.67937,4042.81985,4042.65776,4042.65776
2026-08-02 05:10:00,4042.67937,4042.85802,4042.61909,4042.74215
2026-08-02 05:15:00,4042.67937,4042.80492,4042.6643,4042.76019
2026-08-02 05:20:00,4042.67937,4042.86123,4042.62336,4042.67501
2026-08-02 05:25:00,4042.67937,4042.81148,4042.66073,4042.66073
2026-08-02 05:30:00,4042.67937,4042.85594,4042.61874,4042.74654
2026-08-02 05:35:00,4042.67937,4042.81371,4042.67295,4042.75703
2026-08-02 05:40:00,4042.67937,4042.86111,4042.62263,4042.67076
2026-08-02 05:45:00,4042.67937,4042.80255,4042.66214,4042.66408
2026-08-02 05:50:00,4042.67937,4042.85864,4042.61934,4042.75065
2026-08-02 05:55:00,4042.67937,4042.82193,4042.67937,4042.7535
2026-08-02 06:00:00,4042.67937,4042.86004,4042.62039,4042.6668
2026-08-02 06:05:00,4042.67937,4042.79558,4042.65423,4042.66779
2026-08-02 06:10:00,4042.67937,4042.8604,4042.62088,4042.75444
2026-08-02 06:15:00,4042.67937,4042.8295,4042.67937,4042.74963
2026-08-02 06:20:00,4042.67937,4042.85803,4042.6191,4042.66319
2026-08-02 06:25:00,4042.67937,4042.80488,4042.647,4042.67182
2026-08-02 06:30:00,4042.67937,4042.86123,4042.62335,4042.75788
2026-08-02 06:35:00,4042.67937,4042.83638,4042.67068,4042.74544
2026-08-02 06:40:00,4042.67937,4042.85593,4042.61874,4042.65993
2026-08-02 06:45:00,4042.67937,4042.81367,4042.64049,4042.67615
2026-08-02 06:50:00,4042.67937,4042.86111,4042.62264,4042.76094
2026-08-02 06:55:00,4042.67937,4042.8425,4042.66217,4042.74098
2026-08-02 07:00:00,4042.67937,4042.85863,4042.61933,4042.65707
2026-08-02 07:05:00,4042.67937,4042.82189,4042.63476,4042.73401
2026-08-02 07:10:00,4042.67937,4042.86005,4042.6204,4042.7636
2026-08-02 07:15:00,4042.67937,4042.84783,4042.65426,4042.73627
2026-08-02 07:20:00,4042.67937,4042.8604,4042.62087,4042.65461
2026-08-02 07:25:00,4042.67937,4042.82947,4042.62985,4042.7288
2026-08-02 07:30:00,4042.67937,4042.85804,4042.6191,4042.76584
2026-08-02 07:35:00,4042.67937,4042.85231,4042.64703,4042.73261
2026-08-02 07:40:00,4042.67937,4042.86123,4042.62334,4042.65259
2026-08-02 07:45:00,4042.67937,4042.83635,4042.62581,4042.7236
2026-08-02 07:50:00,4042.67937,4042.85512,4042.61874,4042.76765
2026-08-02 07:55:00,4042.67937,4042.85592,4042.64052,4042.73779
2026-08-02 08:00:00,4042.67937,4042.86111,4042.62671,4042.65101
2026-08-02 08:05:00,4042.67937,4042.84248,4042.62265,4042.71844
2026-08-02 08:10:00,4042.67937,4042.8513,4042.61933,4042.769
2026-08-02 08:15:00,4042.67937,4042.85862,4042.63478,4042.74292
2026-08-02 08:20:00,4042.67937,4042.86005,4042.63097,4042.64989
2026-08-02 08:25:00,4042.67937,4042.84781,4042.62041,4042.71337
2026-08-02 08:30:00,4042.67937,4042.84661,4042.62086,4042.76988
2026-08-02 08:35:00,4042.67937,4042.86039,4042.62987,4042.74793
2026-08-02 08:40:00,4042.67937,4042.85805,4042.63609,4042.64924
2026-08-02 08:45:00,4042.67937,4042.85229,4042.6191,4042.70842
2026-08-02 08:50:00,4042.67937,4042.84108,4042.62332,4042.7703
2026-08-02 08:55:00,4042.67937,4042.86123,4042.62582,4042.7528
2026-08-02 09:00:00,4042.67937,4042.85513,4042.64201,4042.64906
2026-08-02 09:05:00,4042.67937,4042.8559,4042.61874,4042.71167
2026-08-02 09:10:00,4042.67937,4042.83477,4042.6267,4042.77024
2026-08-02 09:15:00,4042.67937,4042.86112,4042.62266,4042.75749
2026-08-02 09:20:00,4042.67937,4042.85132,4042.6487,4042.64935
2026-08-02 09:25:00,4042.67937,4042.85861,4042.61933,4042.71701
2026-08-02 09:30:00,4042.67937,4042.82772,4042.63095,4042.76972
2026-08-02 09:35:00,4042.67937,4042.86006,4042.62042,4042.76195
2026-08-02 09:40:00,4042.67937,4042.84663,4042.65011,4042.65011
2026-08-02 09:45:00,4042.67937,4042.86039,4042.62085,4042.72229
2026-08-02 09:50:00,4042.67937,4042.81998,4042.63606,4042.76872
2026-08-02 09:55:00,4042.67937,4042.85806,4042.61911,4042.76617
2026-08-02 10:00:00,4042.67937,4042.84111,4042.65134,4042.65134
2026-08-02 10:05:00,4042.67937,4042.86123,4042.62331,4042.72748
2026-08-02 10:10:00,4042.67937,4042.81162,4042.64198,4042.76726
2026-08-02 10:15:00,4042.67937,4042.85589,4042.61874,4042.7701
2026-08-02 10:20:00,4042.67937,4042.8348,4042.65303,4042.65303
2026-08-02 10:25:00,4042.67937,4042.86112,4042.62267,4042.73253
2026-08-02 10:30:00,4042.67937,4042.8027,4042.64867,4042.76535
2026-08-02 10:35:00,4042.67937,4042.8586,4042.61932,4042.77371
2026-08-02 10:40:00,4042.67937,4042.82775,4042.65515,4042.65515
2026-08-02 10:45:00,4042.67937,4042.86007,4042.62042,4042.7374
2026-08-02 10:50:00,4042.67937,4042.79543,4042.65607,4042.76301
2026-08-02 10:55:00,4042.67937,4042.86038,4042.62085,4042.77697
2026-08-02 11:00:00,4042.67937,4042.82001,4042.65771,4042.65771
2026-08-02 11:05:00,4042.67937,4042.85807,4042.61911,4042.74205
2026-08-02 11:10:00,4042.67937,4042.80473,4042.66412,4042.76025
2026-08-02 11:15:00,4042.67937,4042.86123,4042.6233,4042.6751
2026-08-02 11:20:00,4042.67937,4042.81165,4042.66067,4042.66067
2026-08-02 11:25:00,4042.67937,4042.85588,4042.61874,4042.74645
2026-08-02 11:30:00,4042.67937,4042.81354,4042.67277,4042.7571
2026-08-02 11:35:00,4042.67937,4042.86112,4042.62268,4042.67084
2026-08-02 11:40:00,4042.67937,4042.80273,4042.66231,4042.66401
2026-08-02 11:45:00,4042.67937,4042.85859,4042.61932,4042.75057
2026-08-02 11:50:00,4042.67937,4042.82176,4042.67937,4042.75358
2026-08-02 11:55:00,4042.67937,4042.86007,4042.62043,4042.66688
2026-08-02 12:00:00,4042.67937,4042.79539,4042.65439,4042.66771
2026-08-02 12:05:00,4042.67937,4042.86038,4042.62084,4042.75436
2026-08-02 12:10:00,4042.67937,4042.82935,4042.67937,4042.74971
2026-08-02 12:15:00,4042.67937,4042.85808,4042.61911,4042.66326
2026-08-02 12:20:00,4042.67937,4042.8047,4042.64714,4042.67173
2026-08-02 12:25:00,4042.67937,4042.86122,4042.62329,4042.75781
2026-08-02 12:30:00,4042.67937,4042.83625,4042.67087,4042.74553
2026-08-02 12:35:00,4042.67937,4042.85587,4042.61874,4042.66
2026-08-02 12:40:00,4042.67937,4042.8135,4042.64062,4042.67606
2026-08-02 12:45:00,4042.67937,4042.86112,4042.62269,4042.76088
2026-08-02 12:50:00,4042.67937,4042.84239,4042.66234,4042.74107
2026-08-02 12:55:00,4042.67937,4042.85858,4042.61931,4042.65712
2026-08-02 13:00:00,4042.67937,4042.82173,4042.63487,4042.73412
2026-08-02 13:05:00,4042.67937,4042.86008,4042.62044,4042.76355
2026-08-02 13:10:00,4042.67937,4042.84773,4042.65442,4042.73637
2026-08-02 13:15:00,4042.67937,4042.86037,4042.62083,4042.65466
2026-08-02 13:20:00,4042.67937,4042.82932,4042.62995,4042.72891
2026-08-02 13:25:00,4042.67937,4042.85809,4042.61912,4042.7658
2026-08-02 13:30:00,4042.67937,4042.85223,4042.64717,4042.73251
2026-08-02 13:35:00,4042.67937,4042.86122,4042.62328,4042.65263
2026-08-02 13:40:00,4042.67937,4042.83622,4042.62588,4042.7237
2026-08-02 13:45:00,4042.67937,4042.85519,4042.61874,4042.76761
2026-08-02 13:50:00,4042.67937,4042.85585,4042.64064,4042.73769
2026-08-02 13:55:00,4042.67937,4042.86113,4042.62663,4042.65104
2026-08-02 14:00:00,4042.67937,4042.84236,4042.6227,4042.71855
2026-08-02 14:05:00,4042.67937,4042.85139,4042.61931,4042.76897
2026-08-02 14:10:00,4042.67937,4042.85857,4042.63489,4042.74281
2026-08-02 14:15:00,4042.67937,4042.86008,4042.63088,4042.64991
2026-08-02 14:20:00,4042.67937,4042.84771,4042.62045,4042.71347
2026-08-02 14:25:00,4042.67937,4042.84671,4042.62082,4042.76987
2026-08-02 14:30:00,4042.67937,4042.86037,4042.62996,4042.74783
2026-08-02 14:35:00,4042.67937,4042.8581,4042.63597,4042.64925
2026-08-02 14:40:00,4042.67937,4042.85221,4042.61912,4042.70852
2026-08-02 14:45:00,4042.67937,4042.8412,4042.62326,4042.7703
2026-08-02 14:50:00,4042.67937,4042.86122,4042.62589,4042.7527
2026-08-02 14:55:00,4042.67937,4042.8552,4042.64188,4042.64906
2026-08-02 15:00:00,4042.67937,4042.85584,4042.61874,4042.71156
2026-08-02 15:05:00,4042.67937,4042.83491,4042.62662,4042.77025
2026-08-02 15:10:00,4042.67937,4042.86113,4042.62272,4042.75739
2026-08-02 15:15:00,4042.67937,4042.8514,4042.64855,4042.64934
2026-08-02 15:20:00,4042.67937,4042.85856,4042.6193,4042.7169
2026-08-02 15:25:00,4042.67937,4042.82787,4042.63086,4042.76973
2026-08-02 15:30:00,4042.67937,4042.86009,4042.62045,4042.76187
2026-08-02 15:35:00,4042.67937,4042.84673,4042.65009,4042.65009
2026-08-02 15:40:00,4042.67937,4042.86036,4042.62081,4042.72219
2026-08-02 15:45:00,4042.67937,4042.82014,4042.63595,4042.76874
2026-08-02 15:50:00,4042.67937,4042.85811,4042.61912,4042.76608
2026-08-02 15:55:00,4042.67937,4042.84123,4042.65131,4042.65131
2026-08-02 16:00:00,4042.67937,4042.86122,4042.62325,4042.72738
2026-08-02 16:05:00,4042.67937,4042.81179,4042.64185,4042.7673
2026-08-02 16:10:00,4042.67937,4042.85583,4042.61874,4042.77002
2026-08-02 16:15:00,4042.67937,4042.83493,4042.65299,4042.65299
2026-08-02 16:20:00,4042.67937,4042.86113,4042.62273,4042.73243
2026-08-02 16:25:00,4042.67937,4042.80288,4042.64853,4042.7654
2026-08-02 16:30:00,4042.67937,4042.85855,4042.6193,4042.77363
2026-08-02 16:35:00,4042.67937,4042.8279,4042.65511,4042.65511
2026-08-02 16:40:00,4042.67937,4042.8601,4042.62046,4042.7373
2026-08-02 16:45:00,4042.67937,4042.79523,4042.65591,4042.76306
2026-08-02 16:50:00,4042.67937,4042.86036,4042.6208,4042.7769
2026-08-02 16:55:00,4042.67937,4042.82018,4042.65765,4042.65765
2026-08-02 17:00:00,4042.67937,4042.85812,4042.61913,4042.74196
2026-08-02 17:05:00,4042.67937,4042.80455,4042.66395,4042.76031
2026-08-02 17:10:00,4042.67937,4042.86122,4042.62324,4042.67519
2026-08-02 17:15:00,4042.67937,4042.81183,4042.6606,4042.6606
2026-08-02 17:20:00,4042.67937,4042.85581,4042.61874,4042.74637
2026-08-02 17:25:00,4042.67937,4042.81336,4042.67259,4042.75717
2026-08-02 17:30:00,4042.67937,4042.86113,4042.62274,4042.67092
2026-08-02 17:35:00,4042.67937,4042.80292,4042.66247,4042.66394
2026-08-02 17:40:00,4042.67937,4042.85854,4042.6193,4042.75049
2026-08-02 17:45:00,4042.67937,4042.8216,4042.67937,4042.75365
2026-08-02 17:50:00,4042.67937,4042.8601,4042.62047,4042.66696
2026-08-02 17:55:00,4042.67937,4042.79519,4042.65454,4042.66763
2026-08-02 18:00:00,4042.67937,4042.86035,4042.6208,4042.75429
2026-08-02 18:05:00,4042.67937,4042.8292,4042.67937,4042.74979
2026-08-02 18:10:00,4042.67937,4042.85813,4042.61913,4042.66333
2026-08-02 18:15:00,4042.67937,4042.80451,4042.64728,4042.67165
2026-08-02 18:20:00,4042.67937,4042.86122,4042.62323,4042.75774
2026-08-02 18:25:00,4042.67937,4042.83611,4042.67105,4042.74562
2026-08-02 18:30:00,4042.67937,4042.8558,4042.61874,4042.66006
2026-08-02 18:35:00,4042.67937,4042.81333,4042.64074,4042.67596
2026-08-02 18:40:00,4042.67937,4042.86114,4042.62275,4042.76082
2026-08-02 18:45:00,4042.67937,4042.84227,4042.66251,4042.74117
2026-08-02 18:50:00,4042.67937,4042.85854,4042.61929,4042.65718
2026-08-02 18:55:00,4042.67937,4042.82157,4042.63498,4042.73422
2026-08-02 19:00:00,4042.67937,4042.86011,4042.62048,4042.7635
2026-08-02 19:05:00,4042.67937,4042.84763,4042.65458,4042.73647
2026-08-02 19:10:00,4042.67937,4042.86034,4042.62079,4042.65471
2026-08-02 19:15:00,4042.67937,4042.82918,4042.63004,4042.72902
2026-08-02 19:20:00,4042.67937,4042.85814,4042.61913,4042.76576
2026-08-02 19:25:00,4042.67937,4042.85214,4042.64731,4042.7324
2026-08-02 19:30:00,4042.67937,4042.86121,4042.62322,4042.65266
2026-08-02 19:35:00,4042.67937,4042.83609,4042.62595,4042.72381
2026-08-02 19:40:00,4042.67937,4042.85526,4042.61874,4042.76758
2026-08-02 19:45:00,4042.67937,4042.85579,4042.64077,4042.73758
2026-08-02 19:50:00,4042.67937,4042.86114,4042.62656,4042.65107
2026-08-02 19:55:00,4042.67937,4042.84225,4042.62276,4042.71865
2026-08-02 20:00:00,4042.67937,4042.85147,4042.61929,4042.76895
2026-08-02 20:05:00,4042.67937,4042.85853,4042.635,4042.74271
2026-08-02 20:10:00,4042.67937,4042.86011,4042.63078,4042.64993
2026-08-02 20:15:00,4042.67937,4042.84761,4042.62048,4042.71357
2026-08-02 20:20:00,4042.67937,4042.84682,4042.62078,4042.76986
2026-08-02 20:25:00,4042.67937,4042.86034,4042.63006,4042.74773
2026-08-02 20:30:00,4042.67937,4042.85815,4042.63586,4042.64926
2026-08-02 20:35:00,4042.67937,4042.85213,4042.61914,4042.70862
2026-08-02 20:40:00,4042.67937,4042.84132,4042.6232,4042.77029
2026-08-02 20:45:00,4042.67937,4042.86121,4042.62597,4042.7526
2026-08-02 20:50:00,4042.67937,4042.85527,4042.64175,4042.64906
2026-08-02 20:55:00,4042.67937,4042.85577,4042.61874,4042.71145
2026-08-02 21:00:00,4042.67937,4042.83504,4042.62654,4042.77026
2026-08-02 21:05:00,4042.67937,4042.86114,4042.62277,4042.7573
2026-08-02 21:10:00,4042.67937,4042.85149,4042.64841,4042.64933
2026-08-02 21:15:00,4042.67937,4042.85852,4042.61928,4042.71679
2026-08-02 21:20:00,4042.67937,4042.82802,4042.63076,4042.76975
2026-08-02 21:25:00,4042.67937,4042.86012,4042.62049,4042.76177
2026-08-02 21:30:00,4042.67937,4042.84684,4042.65007,4042.65007
2026-08-02 21:35:00,4042.67937,4042.86033,4042.62077,4042.72208
2026-08-02 21:40:00,4042.67937,4042.82031,4042.63584,4042.76877
2026-08-02 21:45:00,4042.67937,4042.85816,4042.61914,4042.766
2026-08-02 21:50:00,4042.67937,4042.84135,4042.65128,4042.65128
2026-08-02 21:55:00,4042.67937,4042.86121,4042.62319,4042.72727
2026-08-02 22:00:00,4042.67937,4042.81197,4042.64173,4042.76733
2026-08-02 22:05:00,4042.67937,4042.85576,4042.61874,4042.76994
2026-08-02 22:10:00,4042.67937,4042.83507,4042.65295,4042.65295
2026-08-02 22:15:00,4042.67937,4042.86114,4042.62278,4042.73233
2026-08-02 22:20:00,4042.67937,4042.80307,4042.64838,4042.76544
2026-08-02 22:25:00,4042.67937,4042.85851,4042.61928,4042.77357
2026-08-02 22:30:00,4042.67937,4042.82805,4042.65506,4042.65506
2026-08-02 22:35:00,4042.67937,4042.86013,4042.6205,4042.7372
2026-08-02 22:40:00,4042.67937,4042.79503,4042.65575,4042.76311
2026-08-02 22:45:00,4042.67937,4042.86033,4042.62076,4042.77685
2026-08-02 22:50:00,4042.67937,4042.82034,4042.65759,4042.65759
2026-08-02 22:55:00,4042.67937,4042.85817,4042.61915,4042.74187
2026-08-02 23:00:00,4042.67937,4042.80436,4042.66378,4042.76037
2026-08-02 23:05:00,4042.67937,4042.86121,4042.62318,4042.67528
2026-08-02 23:10:00,4042.67937,4042.81201,4042.66054,4042.66054
2026-08-02 23:15:00,4042.67937,4042.85575,4042.61874,4042.74628
2026-08-02 23:20:00,4042.67937,4042.81319,4042.67241,4042.75724
2026-08-02 23:25:00,4042.67937,4042.86114,4042.62279,4042.67101
2026-08-02 23:30:00,4042.67937,4042.80311,4042.66264,4042.66386
2026-08-02 23:35:00,4042.67937,4042.8585,4042.61928,4042.75041
2026-08-02 23:40:00,4042.67937,4042.82144,4042.67937,4042.75373
2026-08-02 23:45:00,4042.67937,4042.86013,4042.62051,4042.66704
2026-08-02 23:50:00,4042.67937,4042.795,4042.6547,4042.66755
2026-08-02 23:55:00,4042.67937,4042.86032,4042.62076,4042.75421
2026-08-03 00:00:00,4042.67937,4042.82906,4042.67937,4042.74987
2026-08-03 00:05:00,4042.67937,4042.85818,4042.61915,4042.6634
2026-08-03 00:10:00,4042.67937,4042.80432,4042.64742,4042.67156
2026-08-03 00:15:00,4042.67937,4042.86121,4042.62317,4042.75768
2026-08-03 00:20:00,4042.67937,4042.83598,4042.67123,4042.74571
2026-08-03 00:25:00,4042.67937,4042.85573,4042.61874,4042.66012
2026-08-03 00:30:00,4042.67937,4042.81315,4042.64087,4042.67587
2026-08-03 00:35:00,4042.67937,4042.86115,4042.62281,4042.76076
2026-08-03 00:40:00,4042.67937,4042.84215,4042.66268,4042.74126
2026-08-03 00:45:00,4042.67937,4042.85849,4042.61927,4042.65723
2026-08-03 00:50:00,4042.67937,4042.82141,4042.63509,4042.73433
2026-08-03 00:55:00,4042.67937,4042.86014,4042.62051,4042.76345
2026-08-03 01:00:00,4042.67937,4042.84753,4042.65473,4042.73657
2026-08-03 01:05:00,4042.67937,4042.86032,4042.62075,4042.65475
2026-08-03 01:10:00,4042.67937,4042.82903,4042.63013,4042.72912
2026-08-03 01:15:00,4042.67937,4042.85819,4042.61915,4042.76572
2026-08-03 01:20:00,4042.67937,4042.85206,4042.64745,4042.73229
2026-08-03 01:25:00,4042.67937,4042.86121,4042.62316,4042.6527
2026-08-03 01:30:00,4042.67937,4042.83595,4042.62603,4042.72392
2026-08-03 01:35:00,4042.67937,4042.85533,4042.61874,4042.76755
2026-08-03 01:40:00,4042.67937,4042.85572,4042.6409,4042.73748
2026-08-03 01:45:00,4042.67937,4042.86115,4042.62648,4042.6511
2026-08-03 01:50:00,4042.67937,4042.84213,4042.62282,4042.71875
2026-08-03 01:55:00,4042.67937,4042.85156,4042.61927,4042.76893
2026-08-03 02:00:00,4042.67937,4042.85848,4042.63511,4042.7426
2026-08-03 02:05:00,4042.67937,4042.86015,4042.63069,4042.64995
2026-08-03 02:10:00,4042.67937,4042.84751,4042.62052,4042.71368
2026-08-03 02:15:00,4042.67937,4042.84692,4042.62074,4042.76984
2026-08-03 02:20:00,4042.67937,4042.86031,4042.63015,4042.74762
2026-08-03 02:25:00,4042.67937,4042.8582,4042.63575,4042.64927
2026-08-03 02:30:00,4042.67937,4042.85204,4042.61916,4042.70872
2026-08-03 02:35:00,4042.67937,4042.84145,4042.62315,4042.77029
2026-08-03 02:40:00,4042.67937,4042.8612,4042.62604,4042.75251
2026-08-03 02:45:00,4042.67937,4042.85534,4042.64162,4042.64906
2026-08-03 02:50:00,4042.67937,4042.85571,4042.61874,4042.71134
2026-08-03 02:55:00,4042.67937,4042.83518,4042.62646,4042.77026
2026-08-03 03:00:00,4042.67937,4042.86115,4042.62283,4042.75721
2026-08-03 03:05:00,4042.67937,4042.85158,4042.64827,4042.64932
2026-08-03 03:10:00,4042.67937,4042.85847,4042.61926,4042.71668
2026-08-03 03:15:00,4042.67937,4042.82817,4042.63067,4042.76976
2026-08-03 03:20:00,4042.67937,4042.86015,4042.62053,4042.76169
2026-08-03 03:25:00,4042.67937,4042.84694,4042.65005,4042.65005
2026-08-03 03:30:00,4042.67937,4042.86031,4042.62073,4042.72197
2026-08-03 03:35:00,4042.67937,4042.82047,4042.63573,4042.76879
2026-08-03 03:40:00,4042.67937,4042.85821,4042.61916,4042.76592
2026-08-03 03:45:00,4042.67937,4042.84147,4042.65125,4042.65125
2026-08-03 03:50:00,4042.67937,4042.8612,4042.62313,4042.72717
2026-08-03 03:55:00,4042.67937,4042.81215,4042.6416,4042.76736
2026-08-03 04:00:00,4042.67937,4042.86199,4042.62527,4042.77925
2026-08-03 04:05:00,4042.68918,4042.84562,4042.66088,4042.66088
2026-08-03 04:10:00,4042.68785,4042.87265,4042.63465,4042.74302
2026-08-03 04:15:00,4042.69082,4042.80884,4042.64948,4042.77042
2026-08-03 04:20:00,4042.68488,4042.86005,4042.62088,4042.77192
2026-08-03 04:25:00,4042.67774,4042.82643,4042.65342,4042.65342
2026-08-03 04:30:00,4042.67774,4042.8585,4042.61887,4042.73556
2026-08-03 04:35:00,4042.67774,4042.79338,4042.6541,4042.76149
2026-08-03 04:40:00,4042.67774,4042.85869,4042.61913,4042.77521
2026-08-03 04:45:00,4042.67774,4042.81872,4042.65595,4042.65595
2026-08-03 04:50:00,4042.67774,4042.85654,4042.61751,4042.74022
2026-08-03 04:55:00,4042.67774,4042.80271,4042.6605,4042.75869
2026-08-03 05:00:00,4042.67801,4042.85958,4042.61991,4042.79269
2026-08-03 05:05:00,4042.68426,4043.50815,4042.67411,4042.90853
2026-08-03 05:10:00,4042.99326,4042.99326,4042.64003,4042.75887
2026-08-03 05:15:00,4042.69303,4042.82039,4042.66788,4042.75258
2026-08-03 05:20:00,4042.67293,4042.84648,4042.60769,4042.65593
2026-08-03 05:25:00,4042.6653,4042.78491,4042.64483,4042.64483
2026-08-03 05:30:00,4042.66025,4042.84559,4042.61124,4042.73762
2026-08-03 05:35:00,4042.66564,4042.80893,4042.66532,4042.74508
2026-08-03 05:40:00,4042.67191,4042.85176,4042.6073,4042.65369
2026-08-03 05:45:00,4042.66699,4042.79701,4042.65415,4042.66569
2026-08-03 05:50:00,4042.67843,4042.86351,4042.62388,4042.75734
2026-08-03 05:55:00,4042.68288,4042.83368,4042.67838,4042.75359
2026-08-03 06:00:00,4042.68199,4042.86163,4042.49336,4042.52091
2026-08-03 06:05:00,4042.55967,4042.78263,4042.5119,4042.73915
2026-08-03 06:10:00,4042.66795,4042.77908,4042.36397,4042.55934
2026-08-03 06:15:00,4042.46404,4042.758,4042.46404,4042.73085
2026-08-03 06:20:00,4042.66351,4042.80847,4042.20057,4042.71217
2026-08-03 06:25:00,4042.58581,4042.80459,4042.52739,4042.69282
2026-08-03 06:30:00,4042.69932,4042.88569,4042.62948,4042.78473
2026-08-03 06:35:00,4042.70552,4042.84596,4042.66657,4042.74135
2026-08-03 06:40:00,4042.67937,4042.85999,4042.6225,4042.66061
2026-08-03 06:45:00,4042.68236,4042.82422,4042.63857,4042.68266
2026-08-03 06:50:00,4042.6828,4043.18117,4042.35989,4043.13852
2026-08-03 06:55:00,4042.99856,4042.99856,4042.68698,4042.7451
2026-08-03 07:00:00,4042.68784,4042.8634,4042.63038,4042.66469
2026-08-03 07:05:00,4042.688,4042.83038,4042.63203,4042.73096
2026-08-03 07:10:00,4042.68101,4042.82289,4042.52739,4042.73347
2026-08-03 07:15:00,4042.64456,4042.8415,4042.36397,4042.71631
2026-08-03 07:20:00,4042.64331,4043.99871,4041.38377,4043.78701
2026-08-03 07:25:00,4043.36925,4043.37799,4042.69082,4042.69722
2026-08-03 07:30:00,4042.69844,4042.86211,4042.62364,4042.77396
2026-08-03 07:35:00,4042.68622,4042.86692,4042.65,4042.73518
2026-08-03 07:40:00,4042.67956,4042.8562,4042.51669,4042.64288
2026-08-03 07:45:00,4042.67184,4042.84201,4042.62272,4042.71853
2026-08-03 07:50:00,4042.68085,4043.45984,4042.52739,4042.56217
2026-08-03 07:55:00,4042.47299,4043.99871,4042.47299,4043.20594
2026-08-03 08:00:00,4043.13867,4088.47459,4022.31329,4077.28765
2026-08-03 08:05:00,4076.30761,4077.91367,4072.26549,4073.84794
2026-08-03 08:10:00,4074.19012,4077.13948,4073.45125,4077.015
2026-08-03 08:15:00,4076.81523,4079.16155,4068.60275,4069.09926
2026-08-03 08:20:00,4070.15037,4070.15037,4065.52335,4066.05785
2026-08-03 08:25:00,4067.19387,4067.19387,4064.04942,4065.62329
2026-08-03 08:30:00,4065.15396,4066.36304,4065.15396,4066.36155
2026-08-03 08:35:00,4066.32578,4066.38409,4064.04942,4065.45245
2026-08-03 08:40:00,4064.82355,4067.18998,4064.6064,4067.13553
2026-08-03 08:45:00,4067.01789,4067.01789,4064.37978,4064.52907
2026-08-03 08:50:00,4064.73975,4065.2059,4063.55398,4064.32065
2026-08-03 08:55:00,4064.21083,4064.71019,4063.88426,4063.98869
2026-08-03 09:00:00,4064.12722,4064.7064,4063.05867,4064.54717
2026-08-03 09:05:00,4064.04818,4065.04065,4063.50864,4063.87357
2026-08-03 09:10:00,4064.14596,4065.74575,4062.39844,4065.404
2026-08-03 09:15:00,4064.89657,4070.00699,4064.89657,4069.68082
2026-08-03 09:20:00,4068.80739,4070.92734,4068.18274,4070.26099
2026-08-03 09:25:00,4069.20341,4071.21146,4069.20341,4071.13746
2026-08-03 09:30:00,4070.97485,4071.16395,4068.75488,4068.98633
2026-08-03 09:35:00,4069.42674,4069.83843,4068.51377,4068.78939
2026-08-03 09:40:00,4068.91169,4069.01042,4067.35541,4068.20364
2026-08-03 09:45:00,4067.93591,4073.17694,4066.85916,4067.26543
2026-08-03 09:50:00,4068.01136,4071.99283,4068.01136,4071.36928
2026-08-03 09:55:00,4071.13442,4073.32628,4071.13442,4072.0959
2026-08-03 10:00:00,4072.61578,4077.9708,4072.61578,4077.18122
2026-08-03 10:05:00,4077.11051,4078.71416,4073.46585,4075.09744
2026-08-03 10:10:00,4075.19491,4075.19491,4070.16973,4070.29229
2026-08-03 10:15:00,4070.64179,4072.12088,4069.17599,4069.87676
2026-08-03 10:20:00,4069.67504,4070.00407,4066.69378,4067.63306
2026-08-03 10:25:00,4067.50854,4067.50854,4061.98463,4065.3291
2026-08-03 10:30:00,4064.60968,4069.85967,4063.90541,4064.38049
2026-08-03 10:35:00,4065.19933,4065.19933,4060.24274,4061.5193
2026-08-03 10:40:00,4061.19278,4061.35183,4057.28892,4057.47163
2026-08-03 10:45:00,4057.78087,4059.26527,4056.13694,4059.01378
2026-08-03 10:50:00,4058.53565,4059.61805,4057.45354,4059.39343
2026-08-03 10:55:00,4059.07825,4060.27646,4056.13694,4056.35969
2026-08-03 11:00:00,4056.75851,4060.41904,4052.52634,4056.35571
2026-08-03 11:05:00,4056.9684,4061.4782,4056.95971,4059.66491
2026-08-03 11:10:00,4058.83874,4060.41904,4053.01685,4053.40545
2026-08-03 11:15:00,4053.90739,4053.90739,4048.41909,4048.76807
2026-08-03 11:20:00,4049.04327,4052.6781,4047.93559,4051.86854
2026-08-03 11:25:00,4049.85377,4054.9856,4049.85377,4053.42424
2026-08-03 11:30:00,4053.53163,4054.01099,4050.05141,4052.0565
2026-08-03 11:35:00,4051.65526,4056.9536,4051.65526,4052.79932
2026-08-03 11:40:00,4053.29058,4053.29058,4047.92746,4048.20798
2026-08-03 11:45:00,4048.60051,4055.47895,4048.60051,4055.07269
2026-08-03 11:50:00,4054.26395,4055.13265,4051.40456,4052.14538
2026-08-03 11:55:00,4053.5495,4056.46601,4050.22276,4055.72557
2026-08-03 12:00:00,4054.72257,4060.41904,4054.72257,4060.3002
2026-08-03 12:05:00,4060.03575,4060.03575,4056.64282,4057.09446
2026-08-03 12:10:00,4057.83314,4057.83314,4053.6706,4054.94761
2026-08-03 12:15:00,4054.76295,4057.95008,4052.52067,4057.14935
2026-08-03 12:20:00,4055.12716,4060.25417,4055.12716,4055.7155
2026-08-03 12:25:00,4056.33004,4058.93575,4053.50284,4058.57403
2026-08-03 12:30:00,4057.91555,4058.60627,4053.6706,4055.05934
2026-08-03 12:35:00,4054.86105,4058.42533,4051.557,4056.32357
2026-08-03 12:40:00,4054.80893,4059.75966,4054.80893,4059.58168
2026-08-03 12:45:00,4059.10215,4064.22466,4058.05866,4063.20766
2026-08-03 12:50:00,4061.93349,4065.70174,4061.93349,4064.02745
2026-08-03 12:55:00,4063.66853,4063.66853,4060.26407,4062.88456
2026-08-03 13:00:00,4062.83258,4062.96007,4061.07862,4062.74547
2026-08-03 13:05:00,4062.4609,4064.37978,4062.23342,4062.37369
2026-08-03 13:10:00,4062.69473,4063.94719,4062.69473,4063.86627
2026-08-03 13:15:00,4063.7718,4066.55884,4062.60049,4066.2761
2026-08-03 13:20:00,4065.85515,4066.85916,4061.57345,4061.88861
2026-08-03 13:25:00,4062.57761,4064.46577,4062.57761,4063.03983
2026-08-03 13:30:00,4063.32692,4064.21459,4062.88971,4064.13331
2026-08-03 13:35:00,4063.95175,4063.95175,4061.23274,4062.24325
2026-08-03 13:40:00,4061.84179,4063.22376,4060.85553,4061.74881
2026-08-03 13:45:00,4061.77636,4061.77636,4059.43006,4060.76022
2026-08-03 13:50:00,4060.56266,4064.87541,4059.90745,4064.76948
2026-08-03 13:55:00,4064.55686,4066.36304,4064.04942,4064.47766
2026-08-03 14:00:00,4064.37979,4065.79296,4063.63652,4065.74481
2026-08-03 14:05:00,4065.51846,4067.85177,4065.28999,4066.4491
2026-08-03 14:10:00,4067.07253,4067.07253,4064.87541,4065.92178
2026-08-03 14:15:00,4065.73479,4069.50718,4065.61538,4067.39738
2026-08-03 14:20:00,4067.88809,4070.52811,4067.88809,4068.6288
2026-08-03 14:25:00,4068.81392,4069.17599,4067.52085,4067.61301
2026-08-03 14:30:00,4067.65898,4070.28952,4066.75221,4070.18206
2026-08-03 14:35:00,4070.10629,4070.53612,4068.37601,4069.34912
2026-08-03 14:40:00,4068.8494,4069.6728,4068.84485,4068.85723
2026-08-03 14:45:00,4068.89054,4070.92835,4068.63356,4070.36991
2026-08-03 14:50:00,4069.67171,4071.66124,4067.02456,4067.46581
2026-08-03 14:55:00,4067.70183,4067.70183,4064.88641,4065.18093
2026-08-03 15:00:00,4065.77708,4065.77708,4062.86932,4063.15951
2026-08-03 15:05:00,4063.54195,4063.54195,4060.7488,4060.87912
2026-08-03 15:10:00,4060.98783,4061.4085,4056.30146,4057.14753
2026-08-03 15:15:00,4057.04606,4057.66005,4054.49238,4057.0726
2026-08-03 15:20:00,4056.65998,4058.46197,4056.04386,4056.45676
2026-08-03 15:25:00,4057.27623,4060.91371,4057.27623,4059.71897
2026-08-03 15:30:00,4059.9056,4060.41904,4057.74335,4058.26278
2026-08-03 15:35:00,4059.39297,4059.39297,4054.78221,4058.47606
2026-08-03 15:40:00,4058.11834,4063.63322,4056.95971,4063.25295
2026-08-03 15:45:00,4062.76359,4064.90369,4059.43006,4059.77572
2026-08-03 15:50:00,4060.33373,4063.86455,4059.26527,4063.43242
2026-08-03 15:55:00,4062.305,4069.23493,4062.305,4068.71028
2026-08-03 16:00:00,4067.90581,4069.6728,4067.90581,4069.33188
2026-08-03 16:05:00,4069.27854,4069.27854,4067.35541,4067.4913
2026-08-03 16:10:00,4067.67318,4068.23367,4066.17404,4066.22806
2026-08-03 16:15:00,4066.29353,4068.95658,4064.61922,4068.70977
2026-08-03 16:20:00,4068.36124,4070.70747,4066.61989,4070.35574
2026-08-03 16:25:00,4069.84541,4070.99821,4066.1977,4068.25776
2026-08-03 16:30:00,4067.41161,4069.01042,4063.27283,4064.1352
2026-08-03 16:35:00,4066.1,4066.48257,4062.06841,4066.33506
2026-08-03 16:40:00,4065.991,4066.69378,4064.79782,4064.93885
2026-08-03 16:45:00,4065.15022,4066.69238,4063.48065,4064.00482
2026-08-03 16:50:00,4065.03809,4065.03809,4062.56348,4063.5095
2026-08-03 16:55:00,4063.71802,4066.04556,4062.95047,4065.8129
2026-08-03 17:00:00,4065.41199,4065.41199,4060.34882,4060.71086
2026-08-03 17:05:00,4061.46792,4062.83727,4059.66841,4062.3046
2026-08-03 17:10:00,4060.97844,4063.88426,4060.97844,4063.23824
2026-08-03 17:15:00,4063.00891,4063.24761,4053.6706,4054.11217
2026-08-03 17:20:00,4054.94186,4055.97242,4052.84915,4055.80407
2026-08-03 17:25:00,4055.49182,4058.93575,4053.69448,4058.27154
2026-08-03 17:30:00,4058.31162,4059.28141,4057.84336,4059.23117
2026-08-03 17:35:00,4059.13672,4060.91371,4055.51044,4056.10667
2026-08-03 17:40:00,4056.71432,4060.08932,4056.71432,4058.82887
2026-08-03 17:45:00,4058.58391,4060.52701,4057.68618,4059.98613
2026-08-03 17:50:00,4059.09407,4062.49606,4059.09407,4062.21772
2026-08-03 17:55:00,4061.68214,4063.28275,4060.91371,4061.51378
2026-08-03 18:00:00,4061.51322,4061.85544,4059.43006,4059.48167
2026-08-03 18:05:00,4059.47591,4061.64815,4059.22471,4059.70866
2026-08-03 18:10:00,4060.11609,4061.83188,4059.84797,4060.15721
2026-08-03 18:15:00,4060.87935,4062.06841,4057.61702,4058.03864
2026-08-03 18:20:00,4058.76452,4059.1005,4057.12431,4059.07039
2026-08-03 18:25:00,4058.98458,4060.00323,4055.61632,4056.01559
2026-08-03 18:30:00,4056.83933,4058.27686,4055.31449,4056.58963
2026-08-03 18:35:00,4057.08587,4059.75966,4055.80792,4058.04281
2026-08-03 18:40:00,4057.8767,4060.15426,4057.8767,4059.86716
2026-08-03 18:45:00,4059.60153,4059.60153,4058.11217,4058.26793
2026-08-03 18:50:00,4058.60141,4059.92449,4058.11217,4058.26112
2026-08-03 18:55:00,4058.4329,4060.6627,4058.4329,4058.77361
2026-08-03 19:00:00,4058.93993,4060.76381,4057.78283,4058.6972
2026-08-03 19:05:00,4058.50264,4059.1005,4057.2295,4058.70724
2026-08-03 19:10:00,4058.77337,4061.90341,4058.72961,4061.68891
2026-08-03 19:15:00,4061.35276,4062.21195,4058.60627,4058.79639
2026-08-03 19:20:00,4059.10208,4060.75689,4054.328,4054.84638
2026-08-03 19:25:00,4054.87935,4056.36668,4052.52067,4052.59515
2026-08-03 19:30:00,4052.79889,4054.04921,4047.59977,4048.07108
2026-08-03 19:35:00,4048.141,4052.19224,4045.56467,4051.97877
2026-08-03 19:40:00,4051.5627,4054.10486,4050.60541,4051.23108
2026-08-03 19:45:00,4052.19117,4056.18075,4052.19117,4056.02932
2026-08-03 19:50:00,4055.57475,4057.94749,4055.22426,4056.22199
2026-08-03 19:55:00,4056.37604,4057.99494,4055.27783,4055.85168
2026-08-03 20:00:00,4056.88545,4056.88545,4054.328,4055.78746
2026-08-03 20:05:00,4055.67948,4055.67948,4054.16363,4054.35203
2026-08-03 20:10:00,4054.38077,4056.95971,4053.64019,4056.85553
2026-08-03 20:15:00,4056.62063,4056.62063,4054.16363,4054.36118
2026-08-03 20:20:00,4054.72891,4055.64343,4053.01342,4054.39121
2026-08-03 20:25:00,4054.17237,4054.328,4052.6849,4054.22359
2026-08-03 20:30:00,4054.02519,4054.27424,4050.22276,4050.4675
2026-08-03 20:35:00,4050.60677,4052.52067,4050.60677,4051.79337
2026-08-03 20:40:00,4051.94815,4052.03434,4049.17855,4049.32449
2026-08-03 20:45:00,4049.55838,4050.22276,4048.81352,4049.03783
2026-08-03 20:50:00,4049.24196,4049.24196,4046.04716,4047.95262
2026-08-03 20:55:00,4047.38202,4049.25526,4046.94456,4047.9521
2026-08-03 21:00:00,4047.45628,4051.1367,4047.22776,4050.68427
2026-08-03 21:05:00,4049.97732,4052.84915,4049.8947,4050.00586
2026-08-03 21:10:00,4050.11061,4051.17218,4048.18309,4048.38955
2026-08-03 21:15:00,4048.93083,4050.03854,4046.78564,4048.93709
2026-08-03 21:20:00,4048.6034,4048.6034,4045.78323,4046.04081
2026-08-03 21:25:00,4046.56942,4049.8947,4046.56942,4049.55522
2026-08-03 21:30:00,4049.46568,4051.04314,4048.2552,4050.85445
2026-08-03 21:35:00,4050.47711,4052.19224,4050.10519,4051.12703
2026-08-03 21:40:00,4051.38647,4055.15004,4051.38647,4054.95867
2026-08-03 21:45:00,4054.5753,4057.32622,4053.01342,4056.6615
2026-08-03 21:50:00,4054.96325,4062.72853,4054.37571,4061.34341
2026-08-03 21:55:00,4061.51479,4062.55023,4060.7488,4062.36448
2026-08-03 22:00:00,4062.07967,4064.21459,4060.41904,4060.62434
2026-08-03 22:05:00,4060.96705,4061.83238,4058.771,4058.93659
2026-08-03 22:10:00,4059.03035,4059.75966,4055.31449,4055.64429
2026-08-03 22:15:00,4056.10485,4056.26019,4053.82048,4056.11115
2026-08-03 22:20:00,4056.29729,4056.29729,4047.57433,4052.00719
2026-08-03 22:25:00,4052.29076,4053.01342,4050.02043,4052.62903
2026-08-03 22:30:00,4052.22406,4053.18934,4048.2552,4050.91375
2026-08-03 22:35:00,4050.24194,4051.75114,4046.12583,4046.29873
2026-08-03 22:40:00,4046.58482,4046.61286,4043.01771,4043.2903
2026-08-03 22:45:00,4043.33232,4046.61703,4042.80435,4044.85261
2026-08-03 22:50:00,4045.28745,4045.9169,4043.83517,4045.56939
2026-08-03 22:55:00,4044.68647,4048.65813,4044.68647,4048.52703
2026-08-03 23:00:00,4048.27683,4051.53553,4042.03719,4042.26097
2026-08-03 23:05:00,4042.65734,4044.98018,4041.63617,4044.76675
2026-08-03 23:10:00,4044.20857,4045.62736,4040.09758,4040.75361
2026-08-03 23:15:00,4042.23939,4042.23939,4037.0887,4037.38635
2026-08-03 23:20:00,4037.92761,4037.92761,4033.39652,4033.57583
2026-08-03 23:25:00,4033.89575,4034.69841,4032.25806,4033.15221
2026-08-03 23:30:00,4033.48476,4034.8612,4030.30792,4030.52309
2026-08-03 23:35:00,4030.95223,4031.68883,4022.04078,4022.51764
2026-08-03 23:40:00,4023.64009,4034.8612,4023.64009,4032.76416
2026-08-03 23:45:00,4032.81145,4034.36439,4028.19738,4030.96167
2026-08-03 23:50:00,4030.65555,4033.4434,4029.98307,4030.20438
2026-08-03 23:55:00,4030.60077,4032.44496,4029.65059,4032.21434
2026-08-04 00:00:00,4031.9135,4035.51251,4028.37932,4030.83951
2026-08-04 00:05:00,4033.05195,4033.05195,4028.19738,4029.74287
2026-08-04 00:10:00,4030.60196,4032.68517,4027.38623,4031.75685
2026-08-04 00:15:00,4030.03328,4034.2101,4030.03328,4033.10209
2026-08-04 00:20:00,4032.82715,4035.28014,4030.10091,4034.86565
2026-08-04 00:25:00,4034.24005,4035.67537,4033.81561,4034.75404
2026-08-04 00:30:00,4034.88245,4036.27706,4032.25806,4034.99481
2026-08-04 00:35:00,4034.83682,4036.97873,4033.39652,4033.70579
2026-08-04 00:40:00,4034.25679,4037.95679,4033.29153,4036.87763
2026-08-04 00:45:00,4036.80698,4037.63072,4034.8612,4034.962
2026-08-04 00:50:00,4035.1325,4036.97873,4034.69841,4035.03781
2026-08-04 00:55:00,4035.04259,4038.77221,4035.04259,4037.0648
2026-08-04 01:00:00,4037.94783,4037.94783,4032.42066,4032.75857
2026-08-04 01:05:00,4033.37556,4035.34555,4030.46641,4034.95555
2026-08-04 01:10:00,4034.41648,4035.83824,4032.7459,4032.93454
2026-08-04 01:15:00,4033.19497,4037.19796,4033.19497,4037.04602
2026-08-04 01:20:00,4036.66729,4037.85369,4036.65281,4036.78067
2026-08-04 01:25:00,4036.74618,4039.74759,4031.44527,4031.87993
2026-08-04 01:30:00,4032.69059,4033.99482,4030.6256,4031.06068
2026-08-04 01:35:00,4031.85449,4036.569,4031.85449,4036.38746
2026-08-04 01:40:00,4035.84801,4038.07245,4035.84801,4037.95003
2026-08-04 01:45:00,4037.54451,4039.75115,4036.81576,4038.36825
2026-08-04 01:50:00,4038.4227,4039.75115,4037.95679,4039.70159
2026-08-04 01:55:00,4039.51698,4039.6818,4035.83824,4037.22433
2026-08-04 02:00:00,4036.96789,4037.63072,4035.83824,4037.48658
2026-08-04 02:05:00,4037.20351,4037.20351,4035.02401,4035.1475
2026-08-04 02:10:00,4035.38567,4036.48987,4035.24842,4036.33901
2026-08-04 02:15:00,4036.2551,4037.1417,4035.48592,4036.24827
2026-08-04 02:20:00,4036.40047,4037.07867,4035.10828,4036.6892
2026-08-04 02:25:00,4035.79379,4038.6091,4035.79379,4037.49738
2026-08-04 02:30:00,4037.54139,4037.74884,4036.65281,4037.44149
2026-08-04 02:35:00,4037.29713,4038.29898,4036.76622,4037.0887
2026-08-04 02:40:00,4037.27181,4038.93534,4036.22436,4038.47448
2026-08-04 02:45:00,4038.40168,4039.26162,4037.4677,4037.91561
2026-08-04 02:50:00,4037.77734,4037.98917,4036.00113,4036.1446
2026-08-04 02:55:00,4036.37373,4037.36019,4035.95216,4037.17526
2026-08-04 03:00:00,4036.68133,4037.79375,4034.26565,4034.53118
2026-08-04 03:05:00,4034.91327,4034.91327,4033.55921,4034.77085
2026-08-04 03:10:00,4034.5738,4035.02401,4034.29874,4034.60331
2026-08-04 03:15:00,4034.51988,4037.4677,4033.86558,4037.2357
2026-08-04 03:20:00,4036.68221,4036.97873,4034.2101,4035.32795
2026-08-04 03:25:00,4035.21296,4036.14567,4034.53562,4034.72074
2026-08-04 03:30:00,4035.03567,4035.18683,4034.35353,4034.85477
2026-08-04 03:35:00,4034.73066,4036.48987,4034.70203,4035.92148
2026-08-04 03:40:00,4035.9701,4036.67407,4035.51251,4035.59886
2026-08-04 03:45:00,4035.79281,4036.32694,4034.88182,4035.02763
2026-08-04 03:50:00,4035.27432,4035.27432,4030.95776,4031.11038
2026-08-04 03:55:00,4031.3479,4031.3479,4030.61437,4031.21233
2026-08-04 04:00:00,4031.02941,4031.93291,4029.79402,4031.89414
2026-08-04 04:05:00,4031.75586,4034.62177,4030.68245,4034.21726
2026-08-04 04:10:00,4033.2583,4038.77221,4032.90713,4036.84424
2026-08-04 04:15:00,4036.61042,4038.77221,4035.34966,4038.6684
2026-08-04 04:20:00,4038.45014,4038.6091,4036.94462,4038.28392
2026-08-04 04:25:00,4038.15615,4038.15615,4036.48987,4036.9547
2026-08-04 04:30:00,4037.23265,4038.11985,4037.01144,4037.16436
2026-08-04 04:35:00,4037.41862,4038.28292,4036.65281,4037.67232
2026-08-04 04:40:00,4037.66349,4039.79322,4037.66349,4039.56655
2026-08-04 04:45:00,4039.05668,4042.3677,4039.05668,4040.68743
2026-08-04 04:50:00,4040.88874,4043.99871,4040.88874,4043.87026
2026-08-04 04:55:00,4043.65516,4044.65297,4043.23837,4043.431
2026-08-04 05:00:00,4043.77754,4048.74691,4041.96527,4047.65646
2026-08-04 05:05:00,4047.45397,4048.583,4046.45328,4046.66735
2026-08-04 05:10:00,4047.04783,4048.583,4045.79844,4046.84902
2026-08-04 05:15:00,4047.17975,4049.5667,4046.44807,4048.98969
2026-08-04 05:20:00,4048.80323,4052.93088,4048.2345,4052.5743
2026-08-04 05:25:00,4051.913,4054.61557,4051.913,4053.16243
2026-08-04 05:30:00,4053.93743,4055.80792,4050.70481,4052.80876
2026-08-04 05:35:00,4052.86455,4054.82118,4052.52067,4054.17649
2026-08-04 05:40:00,4054.04953,4054.328,4053.17769,4053.22384
2026-08-04 05:45:00,4053.33757,4055.15004,4052.6849,4054.65315
2026-08-04 05:50:00,4054.61715,4055.73811,4054.41076,4055.53935
2026-08-04 05:55:00,4055.2006,4055.2006,4052.02804,4052.25382
2026-08-04 06:00:00,4052.35143,4053.0401,4050.38681,4050.93964
2026-08-04 06:05:00,4050.84796,4052.13031,4050.84796,4051.97306
2026-08-04 06:10:00,4051.57516,4052.90792,4051.55611,4052.77239
2026-08-04 06:15:00,4052.5271,4052.84915,4052.14624,4052.18132
2026-08-04 06:20:00,4052.22539,4052.30394,4051.69969,4052.16912
2026-08-04 06:25:00,4051.77312,4055.97242,4050.55327,4054.34773
2026-08-04 06:30:00,4054.52789,4057.94749,4053.91924,4057.77363
2026-08-04 06:35:00,4057.46874,4057.78283,4057.02624,4057.4909
2026-08-04 06:40:00,4057.5049,4057.61818,4056.63056,4056.7003
2026-08-04 06:45:00,4056.78282,4056.95971,4056.28137,4056.8899
2026-08-04 06:50:00,4056.76346,4057.01359,4054.65677,4054.77613
2026-08-04 06:55:00,4054.93195,4055.47895,4054.37214,4055.3131
2026-08-04 07:00:00,4055.25693,4055.27787,4053.50628,4053.51693
2026-08-04 07:05:00,4053.51497,4053.53753,4053.34198,4053.38299
2026-08-04 07:10:00,4053.35356,4053.63054,4053.34198,4053.52444
2026-08-04 07:15:00,4053.45535,4053.65531,4053.43066,4053.59202
2026-08-04 07:20:00,4053.49875,4053.63043,4053.39998,4053.49412
2026-08-04 07:25:00,4053.44391,4053.57872,4053.17769,4053.50082
2026-08-04 07:30:00,4053.39226,4053.54455,4053.17769,4053.50828
2026-08-04 07:35:00,4053.41103,4053.635,4053.41103,4053.43481
2026-08-04 07:40:00,4053.46389,4053.65266,4053.39949,4053.55094
2026-08-04 07:45:00,4053.51841,4053.51841,4053.27571,4053.44109
2026-08-04 07:50:00,4053.33712,4053.7875,4053.10741,4053.34345
2026-08-04 07:55:00,4053.32873,4053.45713,4053.26607,4053.26607
2026-08-04 08:00:00,4053.29434,4054.49238,4051.67596,4051.94525
2026-08-04 08:05:00,4052.47562,4053.53904,4049.40271,4051.18458
2026-08-04 08:10:00,4050.83931,4051.86386,4050.10905,4051.10165
2026-08-04 08:15:00,4051.20807,4052.02804,4050.48056,4051.95385
2026-08-04 08:20:00,4051.78764,4052.52067,4051.20726,4052.48356
2026-08-04 08:25:00,4052.30612,4053.01366,4050.87904,4052.13717
2026-08-04 08:30:00,4051.88639,4053.25468,4051.63591,4051.89691
2026-08-04 08:35:00,4052.46973,4053.50628,4052.46973,4053.4297
2026-08-04 08:40:00,4053.31181,4053.48355,4052.86786,4053.41765
2026-08-04 08:45:00,4053.26735,4053.34198,4052.61122,4053.11882
2026-08-04 08:50:00,4053.00943,4053.00943,4051.69969,4052.45396
2026-08-04 08:55:00,4052.30392,4053.50628,4050.65192,4053.4173
2026-08-04 09:00:00,4053.22317,4053.82851,4051.53553,4051.68982
2026-08-04 09:05:00,4051.80902,4055.00573,4051.80902,4054.09616
2026-08-04 09:10:00,4053.53444,4053.53444,4050.71495,4051.56459
2026-08-04 09:15:00,4051.66635,4052.35319,4051.04314,4051.0764
2026-08-04 09:20:00,4051.13048,4054.05471,4051.13048,4052.3802
2026-08-04 09:25:00,4053.2179,4053.2179,4051.37139,4052.28706
2026-08-04 09:30:00,4052.08989,4052.08989,4051.20726,4051.65303
2026-08-04 09:35:00,4051.44397,4052.27979,4051.04317,4052.19069
2026-08-04 09:40:00,4051.97886,4052.52067,4051.69969,4052.2515
2026-08-04 09:45:00,4051.96565,4054.40637,4051.67614,4054.13929
2026-08-04 09:50:00,4053.63111,4053.63111,4051.86386,4052.91022
2026-08-04 09:55:00,4052.69903,4053.45299,4052.139,4053.32326
2026-08-04 10:00:00,4053.13634,4063.47801,4053.13634,4058.53379
2026-08-04 10:05:00,4059.19192,4065.99246,4058.84885,4064.77759
2026-08-04 10:10:00,4061.95914,4069.34158,4061.95914,4064.5172
2026-08-04 10:15:00,4065.34368,4065.34368,4062.39844,4062.57562
2026-08-04 10:20:00,4062.78545,4063.22376,4058.83519,4059.20456
2026-08-04 10:25:00,4059.98365,4061.21726,4058.44156,4060.9819
2026-08-04 10:30:00,4060.57497,4060.7488,4058.93575,4060.64062
2026-08-04 10:35:00,4060.37986,4060.37986,4057.78283,4057.94741
2026-08-04 10:40:00,4058.16951,4058.82198,4056.13694,4056.23935
2026-08-04 10:45:00,4056.29436,4057.27884,4055.47895,4057.11141
2026-08-04 10:50:00,4056.8886,4058.39936,4054.9856,4055.1888
2026-08-04 10:55:00,4055.52735,4055.52735,4049.84213,4050.49752
2026-08-04 11:00:00,4051.77759,4051.77759,4046.78079,4046.9771
2026-08-04 11:05:00,4047.32726,4048.17226,4043.67165,4044.03334
2026-08-04 11:10:00,4044.40064,4048.583,4042.61423,4048.47695
2026-08-04 11:15:00,4048.13817,4050.22276,4046.78079,4050.10005
2026-08-04 11:20:00,4049.81676,4050.55516,4048.54394,4048.64233
2026-08-04 11:25:00,4049.014,4050.38681,4048.91084,4049.76234
2026-08-04 11:30:00,4049.63023,4051.20726,4048.60083,4049.48261
2026-08-04 11:35:00,4050.18216,4054.9856,4048.11187,4054.76831
2026-08-04 11:40:00,4054.55959,4059.46291,4051.8196,4058.60894
2026-08-04 11:45:00,4056.45928,4060.41904,4056.45928,4058.42781
2026-08-04 11:50:00,4058.61052,4061.57345,4056.69133,4061.37976
2026-08-04 11:55:00,4060.89218,4060.89218,4059.1005,4059.91879
2026-08-04 12:00:00,4059.90327,4059.90327,4056.95971,4057.26534
2026-08-04 12:05:00,4057.76783,4057.76783,4056.07309,4057.22223
2026-08-04 12:10:00,4057.05365,4058.60627,4056.91752,4058.48151
2026-08-04 12:15:00,4058.25715,4059.00797,4058.07445,4058.35089
2026-08-04 12:20:00,4058.39267,4059.43006,4057.38375,4057.59282
2026-08-04 12:25:00,4057.90929,4057.90929,4056.30146,4056.41507
2026-08-04 12:30:00,4056.79225,4059.59485,4055.97242,4058.00699
2026-08-04 12:35:00,4058.1153,4064.10976,4057.74929,4063.21698
2026-08-04 12:40:00,4061.01825,4065.04065,4060.7488,4061.24451
2026-08-04 12:45:00,4061.57183,4063.9954,4061.07862,4062.50573
2026-08-04 12:50:00,4062.14949,4062.14949,4060.7488,4061.37996
2026-08-04 12:55:00,4061.28692,4061.28692,4058.81644,4059.06043
2026-08-04 13:00:00,4059.5292,4060.08932,4058.21681,4058.78671
2026-08-04 13:05:00,4059.27798,4059.27798,4056.79513,4058.14989
2026-08-04 13:10:00,4057.64907,4060.58391,4057.64907,4058.26952
2026-08-04 13:15:00,4058.53154,4060.7488,4057.5541,4060.38763
2026-08-04 13:20:00,4060.44657,4061.90653,4059.4598,4059.68403
2026-08-04 13:25:00,4060.10637,4060.26938,4058.11217,4058.73937
2026-08-04 13:30:00,4058.67553,4059.89208,4056.46601,4057.98155
2026-08-04 13:35:00,4057.20988,4059.1005,4056.46601,4056.81896
2026-08-04 13:40:00,4056.78928,4056.78928,4053.05696,4053.28473
2026-08-04 13:45:00,4053.71456,4054.38985,4052.84915,4054.20811
2026-08-04 13:50:00,4053.72267,4055.31449,4053.72267,4055.2841
2026-08-04 13:55:00,4055.19265,4055.21794,4052.97061,4053.24424
2026-08-04 14:00:00,4053.7758,4053.7758,4051.53553,4053.18695
2026-08-04 14:05:00,4052.78452,4054.49238,4052.02804,4054.36342
2026-08-04 14:10:00,4054.06054,4055.45424,4053.77735,4055.13552
2026-08-04 14:15:00,4054.49757,4059.71186,4054.49757,4059.50043
2026-08-04 14:20:00,4059.14984,4059.14984,4055.80792,4057.57378
2026-08-04 14:25:00,4057.47101,4061.12897,4057.12431,4061.00901
2026-08-04 14:30:00,4060.62652,4064.57501,4060.54209,4064.25943
2026-08-04 14:35:00,4063.74931,4063.74931,4062.23342,4063.03258
2026-08-04 14:40:00,4062.77946,4063.71912,4062.72853,4062.97392
2026-08-04 14:45:00,4062.97506,4065.54571,4061.90688,4065.36796
2026-08-04 14:50:00,4065.11017,4065.53645,4064.04942,4064.14031
2026-08-04 14:55:00,4064.27095,4066.28922,4063.44838,4065.8081
2026-08-04 15:00:00,4064.93627,4064.93627,4062.58875,4063.87329
2026-08-04 15:05:00,4063.67684,4063.67684,4060.7488,4060.96273
2026-08-04 15:10:00,4061.3502,4061.3502,4057.61818,4057.75029
2026-08-04 15:15:00,4057.92011,4061.31683,4057.61171,4060.85118
2026-08-04 15:20:00,4060.24281,4062.44507,4060.24281,4061.62789
2026-08-04 15:25:00,4061.72628,4064.37978,4061.72628,4063.13696
2026-08-04 15:30:00,4062.96218,4067.02456,4062.75515,4063.41842
2026-08-04 15:35:00,4064.25186,4064.25186,4059.92449,4060.06233
2026-08-04 15:40:00,4060.44335,4062.57081,4059.70781,4062.29785
2026-08-04 15:45:00,4061.89107,4063.97811,4061.13277,4061.51553
2026-08-04 15:50:00,4062.29124,4062.29124,4059.65393,4061.38585
2026-08-04 15:55:00,4061.11449,4062.11461,4058.60627,4061.60119
2026-08-04 16:00:00,4060.95253,4065.22284,4060.95253,4064.8928
2026-08-04 16:05:00,4064.26691,4066.58882,4063.84485,4064.08152
2026-08-04 16:10:00,4064.47773,4064.47773,4063.22376,4064.17224
2026-08-04 16:15:00,4063.9659,4064.37978,4062.21337,4063.03876
2026-08-04 16:20:00,4062.83718,4065.04065,4061.57345,4064.89674
2026-08-04 16:25:00,4064.42432,4064.42432,4060.49885,4060.9812
2026-08-04 16:30:00,4061.84937,4061.84937,4057.12431,4057.37328
2026-08-04 16:35:00,4057.45418,4057.45418,4056.63056,4056.81146
2026-08-04 16:40:00,4056.78654,4059.1005,4056.63056,4059.04648
2026-08-04 16:45:00,4058.9235,4062.72853,4058.771,4061.62444
2026-08-04 16:50:00,4061.55519,4062.72853,4060.88069,4061.38102
2026-08-04 16:55:00,4061.69305,4062.50579,4059.38467,4062.00585
2026-08-04 17:00:00,4061.3658,4064.93867,4061.3658,4063.82536
2026-08-04 17:05:00,4064.2019,4065.48303,4064.2019,4064.40895
2026-08-04 17:10:00,4064.67437,4065.8301,4061.41427,4061.75994
2026-08-04 17:15:00,4062.24218,4064.56113,4060.7488,4063.96123
2026-08-04 17:20:00,4062.63801,4065.12181,4062.63801,4064.6694
2026-08-04 17:25:00,4063.94364,4065.53645,4063.38887,4063.45351
2026-08-04 17:30:00,4063.52274,4066.1977,4063.16283,4066.01456
2026-08-04 17:35:00,4065.70254,4066.50667,4062.72233,4063.22533
2026-08-04 17:40:00,4063.88938,4065.04065,4061.90341,4062.56057
2026-08-04 17:45:00,4062.84752,4064.48345,4062.72853,4064.33032
2026-08-04 17:50:00,4064.07628,4065.53645,4063.66812,4064.81031
2026-08-04 17:55:00,4064.91978,4065.53645,4064.07041,4065.50262
2026-08-04 18:00:00,4065.35699,4071.48036,4064.22702,4070.63224
2026-08-04 18:05:00,4069.29074,4072.65619,4068.84485,4070.03069
2026-08-04 18:10:00,4070.21133,4070.66678,4068.84485,4069.38871
2026-08-04 18:15:00,4069.72164,4069.72164,4067.35541,4067.42247
2026-08-04 18:20:00,4067.52809,4067.88873,4061.24355,4061.71984
2026-08-04 18:25:00,4062.57174,4062.90965,4060.7488,4062.41627
2026-08-04 18:30:00,4061.12872,4064.37978,4061.12872,4061.49383
2026-08-04 18:35:00,4061.96105,4064.00689,4059.53119,4059.89294
2026-08-04 18:40:00,4060.6543,4060.6543,4058.771,4058.968
2026-08-04 18:45:00,4059.09334,4059.48256,4056.46337,4056.55778
2026-08-04 18:50:00,4056.66568,4057.36405,4055.97242,4056.87698
2026-08-04 18:55:00,4056.67734,4056.72368,4054.9856,4055.44756
2026-08-04 19:00:00,4055.36481,4055.36481,4053.01342,4053.23589
2026-08-04 19:05:00,4053.61464,4053.61464,4050.87904,4050.97759
2026-08-04 19:10:00,4051.08333,4051.93816,4048.2552,4050.29204
2026-08-04 19:15:00,4049.80731,4051.69969,4049.80731,4051.64249
2026-08-04 19:20:00,4051.51401,4051.51401,4049.33271,4050.50859
2026-08-04 19:25:00,4050.218,4051.22982,4050.218,4051.18008
2026-08-04 19:30:00,4051.07348,4051.20726,4049.40271,4051.08913
2026-08-04 19:35:00,4050.79861,4050.79861,4047.10834,4047.47534
2026-08-04 19:40:00,4047.38194,4049.9326,4046.48706,4049.82654
2026-08-04 19:45:00,4049.54236,4050.71495,4048.74691,4050.57111
2026-08-04 19:50:00,4050.1631,4051.18498,4048.2552,4048.41326
2026-08-04 19:55:00,4048.43039,4049.66359,4047.65,4049.54053
2026-08-04 20:00:00,4049.35514,4049.73666,4048.583,4049.42735
2026-08-04 20:05:00,4049.26213,4050.2152,4047.87343,4047.91101
2026-08-04 20:10:00,4047.94928,4049.11981,4046.91725,4048.88516
2026-08-04 20:15:00,4048.5784,4049.23874,4046.28955,4047.84895
2026-08-04 20:20:00,4046.91469,4049.07479,4046.91469,4048.07259
2026-08-04 20:25:00,4048.2932,4049.73069,4047.93398,4049.59681
2026-08-04 20:30:00,4049.51876,4051.53553,4048.74691,4051.46185
2026-08-04 20:35:00,4051.30103,4051.30103,4049.23874,4049.36524
2026-08-04 20:40:00,4049.56906,4049.88898,4047.76361,4047.99149
2026-08-04 20:45:00,4048.12678,4060.41904,4045.56485,4060.21394
2026-08-04 20:50:00,4059.78013,4059.78013,4054.16363,4054.84166
2026-08-04 20:55:00,4055.38421,4056.31884,4053.6706,4053.93407
2026-08-04 21:00:00,4053.96032,4055.30179,4053.00953,4054.955
2026-08-04 21:05:00,4054.02135,4055.64343,4052.89129,4053.10124
2026-08-04 21:10:00,4053.65778,4058.20612,4053.65778,4057.85593
2026-08-04 21:15:00,4056.95173,4058.60627,4056.6121,4056.69808
2026-08-04 21:20:00,4056.80738,4058.95611,4055.17473,4058.78104
2026-08-04 21:25:00,4058.54635,4060.91371,4058.54635,4060.69303
2026-08-04 21:30:00,4060.36843,4064.87541,4060.04899,4064.40121
2026-08-04 21:35:00,4064.05812,4064.05812,4062.06841,4062.3035
2026-08-04 21:40:00,4062.28292,4065.77012,4060.7488,4064.46119
2026-08-04 21:45:00,4062.58801,4080.30031,4062.58801,4079.32111
2026-08-04 21:50:00,4077.71323,4084.01032,4075.14569,4076.39378
2026-08-04 21:55:00,4077.49513,4077.49513,4070.24683,4072.76497
2026-08-04 22:00:00,4070.88083,4077.33294,4066.36304,4069.17016
2026-08-04 22:05:00,4068.83899,4069.43852,4062.72853,4063.0625
2026-08-04 22:10:00,4063.51775,4064.21459,4061.90341,4062.01981
2026-08-04 22:15:00,4062.2176,4065.37117,4061.90341,4065.15602
2026-08-04 22:20:00,4064.73896,4068.20211,4064.73896,4067.97618
2026-08-04 22:25:00,4067.3257,4069.01042,4067.3257,4067.59207
2026-08-04 22:30:00,4067.72661,4075.31176,4067.64586,4074.29147
2026-08-04 22:35:00,4074.08551,4082.96587,4074.08551,4081.65176
2026-08-04 22:40:00,4081.38319,4084.01137,4079.02737,4083.1447
2026-08-04 22:45:00,4081.40795,4081.40795,4077.13948,4078.42251
2026-08-04 22:50:00,4078.33601,4078.33601,4074.38576,4074.60922
2026-08-04 22:55:00,4074.9047,4076.40922,4070.60897,4070.9014
2026-08-04 23:00:00,4071.28831,4071.53287,4065.00829,4065.70188
2026-08-04 23:05:00,4066.64463,4066.64463,4062.50782,4065.212
2026-08-04 23:10:00,4064.89832,4067.25107,4063.38887,4063.62545
2026-08-04 23:15:00,4063.75206,4065.37117,4063.22376,4063.25825
2026-08-04 23:20:00,4063.37448,4085.91609,4063.37448,4084.81954
2026-08-04 23:25:00,4082.77151,4087.30483,4077.47197,4078.68524
2026-08-04 23:30:00,4079.04613,4082.67588,4076.14234,4081.34739
2026-08-04 23:35:00,4078.93276,4089.24944,4078.93276,4085.93185
2026-08-04 23:40:00,4084.51319,4089.85805,4084.51319,4086.61149
2026-08-04 23:45:00,4087.91021,4092.13736,4079.86994,4091.11808
2026-08-04 23:50:00,4089.83909,4093.66301,4087.80607,4088.0632
2026-08-04 23:55:00,4088.51701,4089.4142,4084.63361,4084.75837
2026-08-05 00:00:00,4084.95314,4089.09885,4083.72213,4088.7033
2026-08-05 00:05:00,4087.91315,4089.84349,4086.97074,4089.16642
2026-08-05 00:10:00,4087.48411,4090.75003,4087.48411,4090.66913
2026-08-05 00:15:00,4090.49714,4091.14949,4083.29931,4083.6308
2026-08-05 00:20:00,4084.224,4084.66043,4081.95142,4082.18076
2026-08-05 00:25:00,4082.61727,4085.96878,4081.63265,4085.79592
2026-08-05 00:30:00,4085.43461,4088.45903,4080.04417,4087.31831
2026-08-05 00:35:00,4084.73728,4085.31918,4076.3085,4078.03724
2026-08-05 00:40:00,4077.43839,4080.13383,4076.93299,4077.21506
2026-08-05 00:45:00,4077.96577,4080.93989,4077.96577,4078.65004
2026-08-05 00:50:00,4079.13887,4083.6328,4079.13887,4082.27164
2026-08-05 00:55:00,4082.53887,4084.36627,4082.53887,4084.18787
2026-08-05 01:00:00,4083.89592,4084.76276,4081.79926,4081.97888
2026-08-05 01:05:00,4082.26749,4082.46581,4080.79984,4080.95277
2026-08-05 01:10:00,4081.22979,4085.96878,4081.22979,4084.97697
2026-08-05 01:15:00,4084.86846,4086.69636,4077.13948,4077.39073
2026-08-05 01:20:00,4077.78384,4077.78384,4076.31906,4077.12885
2026-08-05 01:25:00,4077.00862,4077.47262,4075.9762,4077.43863
2026-08-05 01:30:00,4077.24776,4079.4384,4076.6586,4079.26609
2026-08-05 01:35:00,4078.95821,4084.74422,4077.22805,4083.29032
2026-08-05 01:40:00,4080.68943,4086.6367,4080.68943,4084.36297
2026-08-05 01:45:00,4084.45751,4084.45751,4083.10464,4083.72927
2026-08-05 01:50:00,4083.5346,4088.47459,4082.7483,4088.13629
2026-08-05 01:55:00,4087.47884,4088.44551,4087.13778,4087.8135
2026-08-05 02:00:00,4087.75988,4087.75988,4086.37552,4087.09229
2026-08-05 02:05:00,4086.95475,4086.95475,4084.80046,4086.65446
2026-08-05 02:10:00,4086.45299,4086.96909,4085.2435,4086.73463
2026-08-05 02:15:00,4086.42134,4086.42134,4084.32622,4084.61178
2026-08-05 02:20:00,4085.01459,4087.38617,4083.40065,4084.79942
2026-08-05 02:25:00,4085.62762,4089.64502,4085.54449,4089.55533
2026-08-05 02:30:00,4089.35908,4089.35908,4087.13778,4087.29324
2026-08-05 02:35:00,4087.52712,4088.33623,4085.30109,4085.44914
2026-08-05 02:40:00,4085.63912,4089.00166,4084.93151,4088.73478
2026-08-05 02:45:00,4088.02132,4091.74903,4088.02132,4091.24306
2026-08-05 02:50:00,4090.36992,4093.32788,4090.36992,4091.18557
2026-08-05 02:55:00,4091.44211,4093.74217,4090.81612,4093.62954
2026-08-05 03:00:00,4093.40369,4100.57549,4091.72927,4099.91308
2026-08-05 03:05:00,4098.31229,4105.94294,4097.62092,4100.76625
2026-08-05 03:10:00,4101.09649,4101.20639,4098.86461,4099.94056
2026-08-05 03:15:00,4100.1045,4101.92794,4097.68676,4098.43804
2026-08-05 03:20:00,4099.7771,4100.33053,4097.35311,4098.54176
2026-08-05 03:25:00,4098.94562,4100.71352,4095.49519,4096.14447
2026-08-05 03:30:00,4097.4998,4097.4998,4092.3228,4094.11575
2026-08-05 03:35:00,4093.98471,4095.84272,4093.32788,4095.2311
2026-08-05 03:40:00,4095.31571,4095.50723,4093.8306,4095.16639
2026-08-05 03:45:00,4094.52506,4096.35931,4093.9982,4094.1809
2026-08-05 03:50:00,4094.49995,4094.83176,4090.35186,4090.48277
2026-08-05 03:55:00,4090.69599,4090.69599,4087.09702,4087.40955
2026-08-05 04:00:00,4088.04835,4088.04835,4085.37829,4087.25788
2026-08-05 04:05:00,4087.07561,4088.79349,4087.07561,4088.09534
2026-08-05 04:10:00,4088.35794,4088.35794,4086.4697,4088.1716
2026-08-05 04:15:00,4087.97095,4088.30744,4087.18672,4087.34211
2026-08-05 04:20:00,4087.59686,4088.30744,4086.56583,4088.20988
2026-08-05 04:25:00,4087.98039,4087.98039,4084.63361,4084.80463
2026-08-05 04:30:00,4085.05042,4085.46799,4083.79957,4083.91593
2026-08-05 04:35:00,4084.10596,4084.14024,4079.3859,4079.7262
2026-08-05 04:40:00,4080.31851,4080.31851,4076.97326,4077.10973
2026-08-05 04:45:00,4077.29257,4079.7415,4075.86501,4079.20593
2026-08-05 04:50:00,4078.29259,4081.14033,4078.29259,4079.68719
2026-08-05 04:55:00,4079.64957,4080.96637,4079.41784,4080.08181
2026-08-05 05:00:00,4080.31708,4082.13251,4079.30117,4081.13711
2026-08-05 05:05:00,4081.28249,4083.32927,4080.30031,4083.0914
2026-08-05 05:10:00,4082.53335,4084.46677,4082.53335,4083.4477
2026-08-05 05:15:00,4083.68198,4084.43405,4081.46606,4084.18144
2026-08-05 05:20:00,4083.8538,4084.63361,4081.94335,4082.19073
2026-08-05 05:25:00,4082.65848,4082.65848,4079.46804,4080.41497
2026-08-05 05:30:00,4080.28511,4081.05584,4079.13522,4079.79757
2026-08-05 05:35:00,4079.23625,4080.87781,4079.23625,4080.83777
2026-08-05 05:40:00,4080.63747,4082.46581,4080.61054,4082.03062
2026-08-05 05:45:00,4081.96844,4082.13251,4079.96736,4080.11254
2026-08-05 05:50:00,4080.35256,4080.35256,4077.9071,4077.99655
2026-08-05 05:55:00,4078.128,4079.30162,4076.47466,4079.08716
2026-08-05 06:00:00,4078.7486,4079.14928,4078.72293,4079.01201
2026-08-05 06:05:00,4078.97566,4079.96736,4078.46976,4079.72266
2026-08-05 06:10:00,4079.68034,4080.30031,4078.96884,4079.19006
2026-08-05 06:15:00,4079.39483,4079.39483,4075.60153,4076.05344
2026-08-05 06:20:00,4077.0342,4077.0342,4074.97963,4075.19474
2026-08-05 06:25:00,4075.14793,4076.2063,4075.10527,4075.74456
2026-08-05 06:30:00,4075.85999,4077.04435,4075.31176,4076.89536
2026-08-05 06:35:00,4076.69431,4077.63823,4076.69431,4077.2074
2026-08-05 06:40:00,4077.31554,4078.6361,4076.90792,4078.00057
2026-08-05 06:45:00,4077.9394,4077.9708,4076.3085,4076.41727
2026-08-05 06:50:00,4076.59814,4078.13711,4076.59814,4076.85695
2026-08-05 06:55:00,4077.03245,4078.01811,4076.70557,4077.39577
2026-08-05 07:00:00,4077.53527,4077.92031,4077.13948,4077.75367
2026-08-05 07:05:00,4077.66304,4077.85202,4077.63823,4077.75267
2026-08-05 07:10:00,4077.6844,4077.90224,4077.60992,4077.65022
2026-08-05 07:15:00,4077.65701,4077.7744,4077.30572,4077.68867
2026-08-05 07:20:00,4077.61067,4077.89482,4077.55082,4077.80373
2026-08-05 07:25:00,4077.72737,4077.80419,4077.59503,4077.73273
2026-08-05 07:30:00,4077.6634,4077.82917,4077.60224,4077.63936
2026-08-05 07:35:00,4077.65891,4077.79372,4077.60478,4077.65322
2026-08-05 07:40:00,4077.67792,4078.03744,4077.46756,4077.96696
2026-08-05 07:45:00,4077.87569,4077.87569,4077.63823,4077.76111
2026-08-05 07:50:00,4077.70109,4077.83528,4077.5837,4077.61932
2026-08-05 07:55:00,4077.645,4077.8012,4077.6054,4077.70545
2026-08-05 08:00:00,4077.6532,4079.23281,4077.13948,4077.21803
2026-08-05 08:05:00,4077.18803,4078.6361,4076.97326,4077.58333
2026-08-05 08:10:00,4077.4507,4077.4965,4076.64085,4076.71293
2026-08-05 08:15:00,4076.881,4077.92862,4076.14234,4076.35248
2026-08-05 08:20:00,4076.33798,4077.63823,4076.14234,4076.73483
2026-08-05 08:25:00,4076.83938,4079.80091,4075.76546,4079.64916
2026-08-05 08:30:00,4079.25374,4080.78215,4079.239,4080.6672
2026-08-05 08:35:00,4080.27708,4084.18702,4080.27708,4083.95761
2026-08-05 08:40:00,4083.59479,4086.05472,4083.37188,4083.59216
2026-08-05 08:45:00,4084.00399,4085.57053,4081.29949,4082.85326
2026-08-05 08:50:00,4082.65067,4083.79957,4080.79984,4081.05886
2026-08-05 08:55:00,4081.47519,4081.47519,4076.3085,4076.59445
2026-08-05 09:00:00,4077.15309,4077.15309,4069.34158,4069.48259
2026-08-05 09:05:00,4069.70916,4071.65702,4069.16569,4069.91661
2026-08-05 09:10:00,4070.40088,4073.1061,4070.40088,4072.78945
2026-08-05 09:15:00,4072.4035,4074.64754,4072.15865,4074.23394
2026-08-05 09:20:00,4073.85979,4073.93784,4069.17599,4069.35917
2026-08-05 09:25:00,4069.67062,4069.92922,4065.90565,4067.90599
2026-08-05 09:30:00,4067.68677,4069.83843,4067.02456,4068.72343
2026-08-05 09:35:00,4069.23558,4069.50718,4068.0834,4069.4652
2026-08-05 09:40:00,4069.29529,4069.79348,4068.40966,4069.06377
2026-08-05 09:45:00,4069.17562,4071.53876,4068.6012,4071.02398
2026-08-05 09:50:00,4070.05373,4072.13493,4070.05373,4071.83443
2026-08-05 09:55:00,4071.85608,4073.07926,4071.66124,4072.94209
2026-08-05 10:00:00,4072.75749,4074.48152,4070.99821,4073.21469
2026-08-05 10:05:00,4073.31602,4074.0453,4073.02225,4073.25734
2026-08-05 10:10:00,4073.64722,4073.64722,4071.66124,4073.04793
2026-08-05 10:15:00,4072.75249,4075.22442,4071.07629,4074.89625
2026-08-05 10:20:00,4074.16679,4077.63823,4074.16679,4077.42121
2026-08-05 10:25:00,4076.89473,4078.80246,4076.64085,4078.71547
2026-08-05 10:30:00,4078.47654,4080.79984,4078.2042,4079.0609
2026-08-05 10:35:00,4079.19359,4082.15064,4079.19359,4081.13607
2026-08-05 10:40:00,4081.69791,4081.85004,4079.14704,4080.3968
2026-08-05 10:45:00,4080.31364,4080.31364,4078.13711,4079.02387
2026-08-05 10:50:00,4078.74231,4083.29931,4078.60506,4082.71478
2026-08-05 10:55:00,4082.42207,4083.13258,4081.96587,4082.03607
2026-08-05 11:00:00,4082.04942,4084.80234,4078.12536,4080.16205
2026-08-05 11:05:00,4079.85525,4082.79917,4079.85525,4082.41362
2026-08-05 11:10:00,4082.25427,4086.13574,4080.57537,4086.02981
2026-08-05 11:15:00,4085.61499,4088.1403,4083.96635,4086.85357
2026-08-05 11:20:00,4086.95258,4087.63898,4086.89905,4087.46784
2026-08-05 11:25:00,4087.36878,4088.03297,4082.58054,4082.82176
2026-08-05 11:30:00,4083.33141,4085.9952,4082.29915,4082.47312
2026-08-05 11:35:00,4082.75702,4089.81228,4081.98209,4088.22267
2026-08-05 11:40:00,4088.05096,4092.81984,4088.05096,4092.6435
2026-08-05 11:45:00,4092.35617,4094.66874,4092.35617,4093.71629
2026-08-05 11:50:00,4093.77385,4094.83641,4093.38328,4094.73665
2026-08-05 11:55:00,4094.4374,4102.05923,4092.90541,4101.8736
2026-08-05 12:00:00,4101.34543,4102.05923,4098.1927,4098.61116
2026-08-05 12:05:00,4098.75473,4099.20775,4097.01737,4098.40552
2026-08-05 12:10:00,4098.13479,4100.88169,4097.4288,4099.56544
2026-08-05 12:15:00,4099.46312,4100.73685,4096.68169,4096.84461
2026-08-05 12:20:00,4097.10921,4103.25784,4096.41207,4100.87587
2026-08-05 12:25:00,4101.26722,4107.61963,4101.26722,4102.90961
2026-08-05 12:30:00,4103.52484,4108.96988,4103.40583,4108.01027
2026-08-05 12:35:00,4107.63647,4121.16217,4104.56266,4120.39698
2026-08-05 12:40:00,4118.90103,4128.81916,4118.10732,4126.20648
2026-08-05 12:45:00,4126.49523,4130.86583,4126.49523,4130.63479
2026-08-05 12:50:00,4130.02226,4130.89641,4126.09341,4126.20539
2026-08-05 12:55:00,4126.70236,4135.36861,4126.70236,4130.94473
2026-08-05 13:00:00,4131.61954,4131.61954,4127.45584,4128.35369
2026-08-05 13:05:00,4128.18236,4135.30725,4127.9529,4134.82495
2026-08-05 13:10:00,4133.88917,4135.6493,4131.65059,4134.76152
2026-08-05 13:15:00,4135.02161,4135.82034,4131.35967,4131.45561
2026-08-05 13:20:00,4131.5857,4132.40217,4130.5915,4132.21156
2026-08-05 13:25:00,4131.94085,4132.98197,4130.56766,4132.34316
2026-08-05 13:30:00,4132.24112,4132.24112,4128.65281,4128.96697
2026-08-05 13:35:00,4129.37875,4129.37875,4127.91181,4128.15041
2026-08-05 13:40:00,4128.38997,4128.81916,4127.79658,4128.28157
2026-08-05 13:45:00,4128.04883,4130.18338,4127.45251,4128.51103
2026-08-05 13:50:00,4128.74621,4128.74621,4127.79658,4127.82271
2026-08-05 13:55:00,4127.9423,4129.33064,4127.9423,4128.86085
2026-08-05 14:00:00,4128.90558,4135.37399,4128.90558,4135.00201
2026-08-05 14:05:00,4133.99682,4140.10102,4133.99682,4139.90867
2026-08-05 14:10:00,4139.55877,4141.3012,4138.99083,4139.53047
2026-08-05 14:15:00,4140.72598,4140.72598,4138.21643,4140.31077
2026-08-05 14:20:00,4139.87685,4140.81991,4139.55317,4140.068
2026-08-05 14:25:00,4139.93954,4139.93954,4138.38768,4138.51372
2026-08-05 14:30:00,4138.71491,4138.71491,4137.36036,4138.03349
2026-08-05 14:35:00,4137.95048,4137.95048,4134.22542,4134.63101
2026-08-05 14:40:00,4135.49877,4136.16247,4133.19225,4135.94584
2026-08-05 14:45:00,4135.75523,4135.75523,4133.83471,4134.05447
2026-08-05 14:50:00,4134.33192,4134.5646,4132.98936,4133.15341
2026-08-05 14:55:00,4133.43198,4135.6493,4133.43198,4134.85877
2026-08-05 15:00:00,4134.91838,4136.07422,4134.91838,4136.00924
2026-08-05 15:05:00,4135.74513,4138.21984,4135.74513,4137.91183
2026-08-05 15:10:00,4137.38599,4137.87396,4135.9914,4137.78219
2026-08-05 15:15:00,4137.57853,4137.57853,4136.33355,4136.78507
2026-08-05 15:20:00,4136.69088,4140.90526,4136.55368,4140.57188
2026-08-05 15:25:00,4139.84891,4142.80516,4138.38768,4138.47327
2026-08-05 15:30:00,4138.67083,4144.18598,4138.67083,4140.45679
2026-08-05 15:35:00,4140.83517,4153.11548,4140.83517,4152.48371
2026-08-05 15:40:00,4150.86492,4156.38695,4150.37572,4151.21286
2026-08-05 15:45:00,4152.7522,4171.35945,4152.7522,4162.11479
2026-08-05 15:50:00,4163.80997,4172.22964,4163.80997,4166.86573
2026-08-05 15:55:00,4167.90906,4169.96789,4162.62161,4163.61832
2026-08-05 16:00:00,4164.93596,4164.93596,4160.59913,4160.91886
2026-08-05 16:05:00,4161.39121,4167.19018,4161.39121,4166.20005
2026-08-05 16:10:00,4164.44542,4173.9139,4164.44542,4173.68778
2026-08-05 16:15:00,4173.38874,4174.48647,4167.70859,4167.92223
2026-08-05 16:20:00,4168.26999,4168.26999,4163.89074,4166.15191
2026-08-05 16:25:00,4165.81379,4167.5853,4164.23753,4167.15452
2026-08-05 16:30:00,4166.32956,4171.62836,4166.32956,4171.32125
2026-08-05 16:35:00,4170.60139,4178.02668,4169.8835,4174.58369
2026-08-05 16:40:00,4175.01628,4176.41163,4173.6227,4173.86524
2026-08-05 16:45:00,4174.29349,4176.58606,4171.75918,4172.31434
2026-08-05 16:50:00,4172.92415,4176.30348,4172.92415,4173.51721
2026-08-05 16:55:00,4174.02941,4177.98203,4174.02941,4177.67399
2026-08-05 17:00:00,4176.90168,4179.30077,4173.1028,4173.78102
2026-08-05 17:05:00,4175.23561,4175.23561,4169.27246,4169.84008
2026-08-05 17:10:00,4170.18915,4171.70748,4166.49306,4166.78632
2026-08-05 17:15:00,4167.2817,4168.4035,4166.16448,4166.48539
2026-08-05 17:20:00,4166.95552,4168.75104,4166.95552,4167.65095
2026-08-05 17:25:00,4167.74766,4169.39297,4164.35881,4165.41576
2026-08-05 17:30:00,4165.3621,4165.3621,4163.63562,4163.83556
2026-08-05 17:35:00,4164.1954,4165.76417,4162.57354,4165.37773
2026-08-05 17:40:00,4164.38295,4166.40142,4164.38295,4166.24466
2026-08-05 17:45:00,4165.91057,4169.36944,4164.06413,4164.47944
2026-08-05 17:50:00,4165.33995,4168.05602,4165.33995,4166.01324
2026-08-05 17:55:00,4166.78973,4171.51989,4164.86874,4171.25667
2026-08-05 18:00:00,4170.65389,4172.01389,4169.62015,4169.66453
2026-08-05 18:05:00,4169.84906,4170.48962,4168.57726,4168.62646
2026-08-05 18:10:00,4168.41115,4170.31569,4168.22975,4168.86011
2026-08-05 18:15:00,4168.6317,4170.31762,4164.93128,4166.3759
2026-08-05 18:20:00,4166.72914,4166.72914,4162.91707,4163.19985
2026-08-05 18:25:00,4163.73258,4164.63004,4162.50416,4163.74003
2026-08-05 18:30:00,4163.72057,4165.79879,4163.71737,4165.67095
2026-08-05 18:35:00,4165.32388,4165.62526,4164.06729,4164.52333
2026-08-05 18:40:00,4164.71022,4166.1459,4162.33091,4165.90498
2026-08-05 18:45:00,4165.48432,4166.92531,4160.07987,4162.99197
2026-08-05 18:50:00,4162.55997,4162.55997,4160.59913,4161.07498
2026-08-05 18:55:00,4161.20698,4161.47778,4160.07987,4160.16279
2026-08-05 19:00:00,4160.20114,4164.58437,4159.17125,4164.12597
2026-08-05 19:05:00,4163.68512,4166.84029,4163.68512,4166.65096
2026-08-05 19:10:00,4166.23569,4166.23569,4163.02402,4163.14306
2026-08-05 19:15:00,4163.33862,4163.33862,4160.88266,4162.69727
2026-08-05 19:20:00,4162.94094,4162.94094,4155.58511,4157.99367
2026-08-05 19:25:00,4157.69176,4158.00416,4156.79428,4157.47771
2026-08-05 19:30:00,4157.01479,4158.00416,4154.91009,4157.31186
2026-08-05 19:35:00,4157.28188,4159.04176,4155.23976,4158.79482
2026-08-05 19:40:00,4158.28263,4158.86327,4155.93051,4157.28799
2026-08-05 19:45:00,4156.87786,4158.17706,4156.87786,4157.576
2026-08-05 19:50:00,4157.79134,4157.79134,4156.6215,4157.57882
2026-08-05 19:55:00,4157.39563,4159.04176,4152.38315,4158.57495
2026-08-05 20:00:00,4157.77575,4158.96979,4152.65147,4152.86573
2026-08-05 20:05:00,4153.1727,4154.03149,4152.30661,4152.89552
2026-08-05 20:10:00,4153.02833,4153.3279,4151.27236,4151.40366
2026-08-05 20:15:00,4151.61717,4155.19868,4150.27668,4154.61738
2026-08-05 20:20:00,4153.24975,4158.17706,4153.24975,4156.41127
2026-08-05 20:25:00,4156.30658,4157.48555,4155.9902,4156.43671
2026-08-05 20:30:00,4156.60195,4158.00416,4155.28791,4157.48131
2026-08-05 20:35:00,4157.39712,4158.24219,4153.4626,4156.07312
2026-08-05 20:40:00,4155.65547,4156.6215,4154.7317,4155.06036
2026-08-05 20:45:00,4155.67705,4156.79428,4154.25277,4154.67428
2026-08-05 20:50:00,4154.9573,4156.09682,4154.33649,4155.73459
2026-08-05 20:55:00,4155.27319,4161.81122,4155.27319,4161.57112
2026-08-05 21:00:00,4161.06535,4162.75988,4159.96208,4162.68264
2026-08-05 21:05:00,4162.38652,4165.15123,4161.98286,4164.98445
2026-08-05 21:10:00,4164.58851,4170.06348,4164.46473,4168.09253
2026-08-05 21:15:00,4168.90605,4171.86577,4168.90605,4171.75115
2026-08-05 21:20:00,4171.51931,4173.1002,4169.79401,4169.97723
2026-08-05 21:25:00,4170.36009,4180.07775,4169.79401,4179.41077
2026-08-05 21:30:00,4178.43019,4180.95158,4175.19101,4180.74784
2026-08-05 21:35:00,4180.44021,4187.254,4178.31715,4186.34336
2026-08-05 21:40:00,4186.20549,4187.78006,4182.70035,4187.60378
2026-08-05 21:45:00,4187.27687,4187.27687,4183.22527,4186.45626
2026-08-05 21:50:00,4186.0936,4189.18353,4185.50828,4189.01925
2026-08-05 21:55:00,4188.72041,4192.51393,4188.6125,4192.23189
2026-08-05 22:00:00,4191.54952,4194.20884,4189.53454,4193.51191
2026-08-05 22:05:00,4191.7343,4197.99156,4191.7343,4197.29057
2026-08-05 22:10:00,4197.42064,4199.38689,4197.42064,4199.30796
2026-08-05 22:15:00,4199.13308,4207.69166,4198.50533,4207.4326
2026-08-05 22:20:00,4207.1674,4212.47736,4203.25996,4212.27084
2026-08-05 22:25:00,4211.80908,4211.97767,4205.68308,4206.77944
2026-08-05 22:30:00,4208.39759,4211.96182,4198.15281,4199.12093
2026-08-05 22:35:00,4199.29699,4202.21036,4198.03416,4201.49831
2026-08-05 22:40:00,4201.54125,4203.28873,4194.0338,4194.328
2026-08-05 22:45:00,4194.91703,4195.85062,4191.99329,4195.43156
2026-08-05 22:50:00,4194.92922,4194.92922,4187.95544,4188.33629
2026-08-05 22:55:00,4188.83682,4189.92607,4183.83989,4184.10763
2026-08-05 23:00:00,4184.38768,4194.25506,4183.16763,4193.78539
2026-08-05 23:05:00,4192.55281,4196.21501,4192.55281,4195.0517
2026-08-05 23:10:00,4194.80132,4194.80683,4186.20228,4188.29635
2026-08-05 23:15:00,4188.53265,4189.00804,4186.90337,4187.04344
2026-08-05 23:20:00,4187.482,4197.80035,4187.482,4197.48434
2026-08-05 23:25:00,4196.91168,4196.91168,4194.279,4196.4612
2026-08-05 23:30:00,4195.83594,4201.77189,4195.83594,4201.46922
2026-08-05 23:35:00,4201.00272,4202.05658,4193.92719,4194.17679
2026-08-05 23:40:00,4194.61829,4201.50414,4194.58162,4199.22103
2026-08-05 23:45:00,4199.53345,4199.7701,4193.13336,4193.42546
2026-08-05 23:50:00,4193.79558,4202.56356,4186.18319,4201.4725
2026-08-05 23:55:00,4199.51865,4204.37258,4199.51865,4203.94021
2026-08-06 00:00:00,4203.04279,4208.89736,4203.04279,4208.46411
2026-08-06 00:05:00,4207.71013,4227.07867,4207.71013,4226.16971
2026-08-06 00:10:00,4224.51602,4234.05877,4224.51602,4226.00567
2026-08-06 00:15:00,4226.95357,4235.89892,4226.95357,4234.07998
2026-08-06 00:20:00,4230.15239,4238.54533,4230.15239,4231.91671
2026-08-06 00:25:00,4232.57593,4238.00644,4230.33522,4237.52109
2026-08-06 00:30:00,4236.89174,4239.80327,4233.45601,4233.97057
2026-08-06 00:35:00,4234.78543,4234.78543,4230.65533,4230.89127
2026-08-06 00:40:00,4230.84427,4241.33868,4230.84427,4240.36431
2026-08-06 00:45:00,4239.07867,4244.30659,4239.07867,4243.90985
2026-08-06 00:50:00,4243.33825,4248.05408,4236.36866,4236.99136
2026-08-06 00:55:00,4238.36312,4246.2845,4235.49343,4243.81868
2026-08-06 01:00:00,4243.79968,4258.7624,4243.50256,4258.12722
2026-08-06 01:05:00,4256.86609,4257.64081,4253.32823,4253.56025
2026-08-06 01:10:00,4253.58619,4260.03238,4252.44836,4258.62078
2026-08-06 01:15:00,4258.67684,4259.53469,4250.87872,4251.51722
2026-08-06 01:20:00,4252.60753,4260.57688,4252.60753,4260.45107
2026-08-06 01:25:00,4260.27814,4267.13964,4257.67446,4258.32511
2026-08-06 01:30:00,4259.54584,4259.54584,4255.31915,4258.15301
2026-08-06 01:35:00,4257.98689,4258.01431,4254.95702,4257.69562
2026-08-06 01:40:00,4257.13405,4258.58104,4254.77599,4254.90616
2026-08-06 01:45:00,4255.09366,4255.80263,4251.15844,4251.24778
2026-08-06 01:50:00,4251.38298,4251.87503,4242.61992,4243.07696
2026-08-06 01:55:00,4244.06521,4244.62658,4234.23805,4234.42576
2026-08-06 02:00:00,4234.83156,4237.2187,4227.11571,4227.86213
2026-08-06 02:05:00,4229.55447,4234.95532,4225.7867,4234.77018
2026-08-06 02:10:00,4234.33557,4236.21113,4232.62507,4233.71501
2026-08-06 02:15:00,4233.55534,4236.21113,4233.52102,4236.18821
2026-08-06 02:20:00,4236.11456,4239.98304,4235.67284,4239.64585
2026-08-06 02:25:00,4238.8047,4241.67062,4238.8047,4241.24128
2026-08-06 02:30:00,4241.01108,4242.50138,4239.56089,4239.79075
2026-08-06 02:35:00,4240.16377,4245.92391,4240.16377,4245.68026
2026-08-06 02:40:00,4245.20535,4247.00586,4244.48217,4244.6684
2026-08-06 02:45:00,4244.93373,4247.07774,4241.06196,4242.64996
2026-08-06 02:50:00,4242.57425,4247.00586,4241.66898,4246.60137
2026-08-06 02:55:00,4245.71309,4246.13312,4237.82684,4240.74209
2026-08-06 03:00:00,4240.0459,4242.00999,4239.44378,4241.24455
2026-08-06 03:05:00,4240.71005,4243.40151,4240.71005,4242.51321
2026-08-06 03:10:00,4242.88119,4243.40151,4241.7482,4242.04215
2026-08-06 03:15:00,4242.61396,4242.61396,4238.79682,4239.1528
2026-08-06 03:20:00,4239.86933,4239.86933,4237.64726,4239.03444
2026-08-06 03:25:00,4238.11459,4244.80185,4235.79107,4244.19546
2026-08-06 03:30:00,4243.36884,4246.29365,4241.51355,4245.25823
2026-08-06 03:35:00,4243.85449,4249.96612,4243.85449,4249.40223
2026-08-06 03:40:00,4248.04035,4250.7564,4248.04035,4249.97166
2026-08-06 03:45:00,4249.62086,4250.25502,4247.32139,4250.05428
2026-08-06 03:50:00,4249.73107,4250.53108,4248.81033,4249.11782
2026-08-06 03:55:00,4249.24843,4252.42388,4248.83256,4251.05209
2026-08-06 04:00:00,4251.78143,4254.23296,4249.31528,4251.89887
2026-08-06 04:05:00,4252.21117,4256.58707,4250.63404,4256.40809
2026-08-06 04:10:00,4256.13542,4257.23769,4253.97793,4255.41678
2026-08-06 04:15:00,4256.35425,4256.78614,4252.60472,4256.48317
2026-08-06 04:20:00,4255.64781,4265.11985,4255.64454,4264.80165
2026-08-06 04:25:00,4264.09069,4264.47524,4262.66466,4262.71659
2026-08-06 04:30:00,4262.88683,4263.16114,4256.58707,4257.00994
2026-08-06 04:35:00,4257.82769,4257.91651,4255.50023,4257.57795
2026-08-06 04:40:00,4256.74773,4260.08746,4256.74773,4259.99662
2026-08-06 04:45:00,4259.81595,4261.35618,4258.53837,4260.89351
2026-08-06 04:50:00,4259.98633,4262.39291,4257.85574,4262.32122
2026-08-06 04:55:00,4262.05386,4263.11975,4261.46355,4261.60403
2026-08-06 05:00:00,4261.81634,4261.81634,4259.66945,4259.83614
2026-08-06 05:05:00,4260.33387,4261.66631,4258.52094,4260.85588
2026-08-06 05:10:00,4259.95389,4259.95389,4256.58707,4258.49363
2026-08-06 05:15:00,4258.32523,4259.12339,4253.14661,4253.95849
2026-08-06 05:20:00,4255.2248,4255.68133,4250.62121,4255.33366
2026-08-06 05:25:00,4254.72975,4256.31411,4252.96644,4253.21418
2026-08-06 05:30:00,4253.53664,4255.6951,4250.56412,4250.65801
2026-08-06 05:35:00,4250.7911,4250.7911,4249.17141,4250.29409
2026-08-06 05:40:00,4250.22134,4253.88302,4249.28488,4253.59247
2026-08-06 05:45:00,4253.11222,4253.90822,4248.98003,4249.28654
2026-08-06 05:50:00,4249.88425,4249.88425,4247.54704,4248.23682
2026-08-06 05:55:00,4248.46178,4249.94826,4246.8255,4247.01607
2026-08-06 06:00:00,4247.35423,4249.89375,4245.8228,4248.25218
2026-08-06 06:05:00,4248.2017,4248.76378,4247.18624,4247.32028
2026-08-06 06:10:00,4247.50121,4249.19547,4246.87351,4249.01994
2026-08-06 06:15:00,4248.50347,4250.49177,4246.1042,4246.25645
2026-08-06 06:20:00,4246.50641,4246.81942,4245.74364,4246.70711
2026-08-06 06:25:00,4246.32008,4247.25905,4245.79844,4245.8802
2026-08-06 06:30:00,4246.02907,4249.07942,4246.02907,4248.67219
2026-08-06 06:35:00,4247.67603,4250.14427,4247.00586,4247.07067
2026-08-06 06:40:00,4247.17529,4247.3596,4245.56491,4245.82485
2026-08-06 06:45:00,4246.31061,4246.31061,4243.76167,4243.91502
2026-08-06 06:50:00,4244.23171,4245.02271,4244.12189,4244.62724
2026-08-06 06:55:00,4244.53423,4247.25534,4243.58158,4246.99711
2026-08-06 07:00:00,4246.60064,4247.54704,4246.60064,4247.11369
2026-08-06 07:05:00,4247.01837,4247.20156,4246.55902,4247.20156
2026-08-06 07:10:00,4247.15127,4247.35906,4246.76712,4246.83152
2026-08-06 07:15:00,4247.01166,4247.36992,4246.8255,4246.86182
2026-08-06 07:20:00,4246.91216,4247.26089,4246.91216,4247.17992
2026-08-06 07:25:00,4247.08633,4247.16399,4246.64515,4247.10315
2026-08-06 07:30:00,4247.03824,4247.5071,4246.69869,4246.78088
2026-08-06 07:35:00,4247.00562,4247.36663,4247.00562,4247.08253
2026-08-06 07:40:00,4247.0454,4247.22301,4246.98653,4247.13821
2026-08-06 07:45:00,4247.04268,4247.23269,4247.00038,4247.11381
2026-08-06 07:50:00,4247.04932,4247.23477,4246.99617,4247.00881
2026-08-06 07:55:00,4247.04554,4247.22416,4246.98303,4247.07951
2026-08-06 08:00:00,4247.04554,4254.05198,4245.95111,4249.86806
2026-08-06 08:05:00,4250.75136,4250.75136,4246.26113,4248.52836
2026-08-06 08:10:00,4248.21062,4248.26883,4246.85181,4246.98186
2026-08-06 08:15:00,4247.30276,4247.99935,4247.30276,4247.58605
2026-08-06 08:20:00,4247.67517,4248.53348,4247.48608,4248.28776
2026-08-06 08:25:00,4247.79355,4248.99086,4247.54704,4248.05512
2026-08-06 08:30:00,4247.83622,4249.71314,4247.37185,4249.65511
2026-08-06 08:35:00,4249.44232,4250.25502,4249.21854,4249.41376
2026-08-06 08:40:00,4249.52617,4249.71314,4248.3869,4248.55458
2026-08-06 08:45:00,4248.84414,4248.99086,4248.04344,4248.92443
2026-08-06 08:50:00,4248.68727,4249.18502,4248.44932,4249.13143
2026-08-06 08:55:00,4249.02535,4249.74069,4248.2788,4249.45655
2026-08-06 09:00:00,4249.0283,4252.52055,4249.0283,4252.20631
2026-08-06 09:05:00,4251.49303,4254.77599,4251.49303,4252.29827
2026-08-06 09:10:00,4252.43665,4256.76826,4251.70068,4254.7335
2026-08-06 09:15:00,4254.91439,4259.66945,4254.83402,4259.59076
2026-08-06 09:20:00,4259.41344,4263.48327,4257.50739,4263.00204
2026-08-06 09:25:00,4262.11815,4263.17803,4260.93996,4262.75985
2026-08-06 09:30:00,4262.01569,4263.84684,4261.66631,4261.8433
2026-08-06 09:35:00,4261.85326,4279.90584,4254.61382,4279.33525
2026-08-06 09:40:00,4278.25325,4282.28845,4276.68528,4281.9181
2026-08-06 09:45:00,4281.20922,4281.20922,4273.13905,4273.41246
2026-08-06 09:50:00,4273.81292,4277.34291,4273.28085,4276.85926
2026-08-06 09:55:00,4276.57714,4278.80373,4275.51413,4277.9627
2026-08-06 10:00:00,4276.31551,4279.90584,4265.84762,4267.20434
2026-08-06 10:05:00,4267.4211,4275.14856,4263.41684,4274.39432
2026-08-06 10:10:00,4272.6114,4275.08082,4264.49614,4264.88127
2026-08-06 10:15:00,4265.64492,4275.98108,4265.64492,4273.93637
2026-08-06 10:20:00,4274.26055,4283.42802,4273.13905,4282.79311
2026-08-06 10:25:00,4281.74516,4284.12304,4274.68465,4275.42902
2026-08-06 10:30:00,4277.13556,4285.93128,4272.86889,4284.16267
2026-08-06 10:35:00,4281.74688,4291.66693,4281.74688,4289.54179
2026-08-06 10:40:00,4288.6401,4288.6401,4285.04092,4285.26864
2026-08-06 10:45:00,4285.54847,4294.79471,4284.95589,4290.63945
2026-08-06 10:50:00,4291.04174,4295.69722,4286.23805,4294.95724
2026-08-06 10:55:00,4293.20955,4299.15389,4293.20955,4295.86705
2026-08-06 11:00:00,4295.38811,4302.01401,4292.39816,4293.28309
2026-08-06 11:05:00,4294.89562,4299.22614,4287.42926,4298.19823
2026-08-06 11:10:00,4296.38046,4296.82465,4280.82192,4281.48907
2026-08-06 11:15:00,4281.79912,4286.51035,4280.94981,4285.0507
2026-08-06 11:20:00,4285.2976,4286.55928,4273.86956,4277.17524
2026-08-06 11:25:00,4275.81517,4285.40819,4275.45487,4276.67449
2026-08-06 11:30:00,4279.38349,4285.77551,4271.80614,4283.29148
2026-08-06 11:35:00,4283.99004,4294.34695,4282.47184,4292.93661
2026-08-06 11:40:00,4290.79805,4296.55665,4288.71639,4288.87832
2026-08-06 11:45:00,4289.12035,4293.97513,4286.6941,4288.9895
2026-08-06 11:50:00,4288.17611,4296.92094,4288.17611,4290.25225
2026-08-06 11:55:00,4291.42896,4291.42896,4285.40819,4287.15635
2026-08-06 12:00:00,4286.71454,4294.28809,4284.67372,4293.324
2026-08-06 12:05:00,4291.92332,4304.07478,4291.92332,4300.94662
2026-08-06 12:10:00,4302.13481,4302.37061,4293.85148,4297.88775
2026-08-06 12:15:00,4297.6034,4300.33374,4294.65845,4295.66668
2026-08-06 12:20:00,4297.26938,4297.26938,4293.13528,4293.85492
2026-08-06 12:25:00,4293.89155,4294.85187,4292.10871,4294.50373
2026-08-06 12:30:00,4294.16043,4294.16043,4283.0221,4283.44356
2026-08-06 12:35:00,4283.58493,4287.42926,4281.08445,4286.37773
2026-08-06 12:40:00,4286.0705,4288.72689,4281.36752,4281.79865
2026-08-06 12:45:00,4282.71055,4285.86429,4276.78788,4278.31304
2026-08-06 12:50:00,4280.80088,4280.80088,4274.9658,4277.43948
2026-08-06 12:55:00,4277.91472,4279.66814,4277.23683,4278.89432
2026-08-06 13:00:00,4278.65596,4278.65596,4276.0626,4276.40465
2026-08-06 13:05:00,4276.32425,4280.82192,4275.87976,4278.57704
2026-08-06 13:10:00,4278.92353,4279.53952,4274.60032,4275.11081
2026-08-06 13:15:00,4276.03318,4276.10429,4264.75606,4265.08656
2026-08-06 13:20:00,4265.51576,4266.93975,4264.57418,4264.78511
2026-08-06 13:25:00,4265.16994,4266.01282,4261.4847,4263.77132
2026-08-06 13:30:00,4262.71811,4266.62191,4262.71811,4264.05044
2026-08-06 13:35:00,4264.27647,4267.01907,4264.06399,4266.59695
2026-08-06 13:40:00,4265.85242,4265.85242,4262.21124,4263.31037
2026-08-06 13:45:00,4263.04648,4264.43667,4260.78847,4261.57756
2026-08-06 13:50:00,4261.42794,4263.66505,4261.42794,4263.53399
2026-08-06 13:55:00,4263.18804,4265.61746,4262.9418,4265.30629
2026-08-06 14:00:00,4264.45304,4266.3881,4262.39291,4263.17668
2026-08-06 14:05:00,4263.53509,4266.75769,4263.53509,4266.4938
2026-08-06 14:10:00,4266.09482,4266.68349,4263.67801,4264.26795
2026-08-06 14:15:00,4265.53944,4265.53944,4262.7563,4263.23202
2026-08-06 14:20:00,4263.39415,4264.4239,4260.75841,4262.20116
2026-08-06 14:25:00,4262.70481,4262.95952,4254.8648,4256.05598
2026-08-06 14:30:00,4258.16306,4258.94378,4253.32823,4257.55494
2026-08-06 14:35:00,4257.87595,4260.93996,4256.79249,4259.89884
2026-08-06 14:40:00,4260.1776,4260.57688,4258.54579,4259.04726
2026-08-06 14:45:00,4259.71836,4260.47185,4257.67446,4260.38758
2026-08-06 14:50:00,4260.25876,4263.91599,4259.30658,4259.59101
2026-08-06 14:55:00,4260.22115,4262.57952,4260.22115,4262.56053
2026-08-06 15:00:00,4262.52598,4264.93795,4262.02958,4264.8021
2026-08-06 15:05:00,4264.49186,4264.49186,4258.7624,4260.3178
2026-08-06 15:10:00,4260.16401,4260.30277,4257.49319,4258.32877
2026-08-06 15:15:00,4257.92706,4259.28941,4256.9023,4257.28513
2026-08-06 15:20:00,4257.77623,4257.77623,4254.56449,4254.69056
2026-08-06 15:25:00,4254.87906,4255.21645,4253.88141,4254.79567
2026-08-06 15:30:00,4254.87885,4255.56314,4244.1349,4245.83318
2026-08-06 15:35:00,4248.83653,4262.21124,4248.83653,4261.23439
2026-08-06 15:40:00,4260.36742,4264.93795,4260.36742,4263.84239
2026-08-06 15:45:00,4264.0827,4266.75769,4262.32947,4264.98545
2026-08-06 15:50:00,4265.80173,4267.85028,4263.48327,4267.45197
2026-08-06 15:55:00,4267.34526,4267.87901,4265.11985,4266.82197
2026-08-06 16:00:00,4266.47414,4268.03244,4264.734,4268.00992
2026-08-06 16:05:00,4267.87178,4267.87178,4264.04268,4266.93351
2026-08-06 16:10:00,4267.32417,4267.32417,4257.31193,4257.61857
2026-08-06 16:15:00,4258.03971,4261.4847,4254.77599,4255.12747
2026-08-06 16:20:00,4256.03191,4258.94378,4255.32048,4258.00108
2026-08-06 16:25:00,4257.56397,4257.56397,4256.04358,4256.17506
2026-08-06 16:30:00,4256.15037,4258.88714,4254.59496,4255.33485
2026-08-06 16:35:00,4255.60141,4255.60141,4253.14733,4253.56147
2026-08-06 16:40:00,4253.35691,4255.76616,4250.43567,4255.21403
2026-08-06 16:45:00,4253.77977,4257.67446,4253.77977,4255.26547
2026-08-06 16:50:00,4255.82814,4255.82814,4252.68826,4253.59143
2026-08-06 16:55:00,4253.33782,4255.826,4252.24306,4255.19041
2026-08-06 17:00:00,4254.10084,4256.76826,4253.50915,4255.71276
2026-08-06 17:05:00,4254.74457,4259.53333,4254.74457,4259.23751
2026-08-06 17:10:00,4258.8086,4263.84684,4258.8086,4263.64985
2026-08-06 17:15:00,4263.22898,4263.29236,4261.66631,4262.96246
2026-08-06 17:20:00,4262.53705,4264.2393,4258.58104,4262.24213
2026-08-06 17:25:00,4260.65389,4263.84684,4260.65389,4261.8606
2026-08-06 17:30:00,4262.17513,4262.24045,4260.21386,4260.65655
2026-08-06 17:35:00,4260.78941,4261.07033,4257.85574,4257.99856
2026-08-06 17:40:00,4258.00168,4258.334,4255.63203,4256.03072
2026-08-06 17:45:00,4256.87432,4257.40062,4253.61924,4257.19554
2026-08-06 17:50:00,4256.78622,4258.2817,4252.38662,4257.41972
2026-08-06 17:55:00,4255.44826,4262.02958,4255.44826,4261.7703
2026-08-06 18:00:00,4261.22887,4264.75606,4261.22887,4261.90059
2026-08-06 18:05:00,4263.14088,4264.02865,4260.75841,4263.94657
2026-08-06 18:10:00,4263.62921,4268.94344,4262.62735,4268.74316
2026-08-06 18:15:00,4268.45538,4269.69651,4268.45538,4268.79684
2026-08-06 18:20:00,4269.00861,4270.47825,4264.93795,4265.24363
2026-08-06 18:25:00,4265.79285,4268.9394,4265.09275,4268.74123
2026-08-06 18:30:00,4268.30241,4273.86956,4268.30241,4272.78677
2026-08-06 18:35:00,4272.74392,4275.35005,4271.75334,4272.18973
2026-08-06 18:40:00,4272.97491,4272.97491,4270.42548,4272.46535
2026-08-06 18:45:00,4271.7044,4274.23491,4271.7044,4272.14924
2026-08-06 18:50:00,4272.48284,4276.0626,4272.48284,4275.82615
2026-08-06 18:55:00,4275.39336,4278.16156,4274.34223,4277.6147
2026-08-06 19:00:00,4276.61763,4284.71091,4276.61763,4280.28693
2026-08-06 19:05:00,4281.88826,4281.88826,4276.87816,4277.09955
2026-08-06 19:10:00,4277.51103,4278.25789,4276.35476,4277.26089
2026-08-06 19:15:00,4277.1819,4283.0221,4275.63083,4281.75531
2026-08-06 19:20:00,4281.85127,4284.05117,4281.55506,4283.84949
2026-08-06 19:25:00,4283.57502,4284.96,4279.55493,4281.74241
2026-08-06 19:30:00,4280.58157,4284.36576,4278.61712,4279.09889
2026-08-06 19:35:00,4280.15086,4280.15086,4276.30938,4276.50355
2026-08-06 19:40:00,4276.9638,4278.48928,4273.07325,4273.64062
2026-08-06 19:45:00,4274.53793,4275.7092,4272.40878,4274.66316
2026-08-06 19:50:00,4274.86297,4275.87976,4272.91013,4273.92706
2026-08-06 19:55:00,4273.9129,4273.9129,4272.04375,4272.74766
2026-08-06 20:00:00,4272.40442,4274.46938,4270.7666,4273.36112
2026-08-06 20:05:00,4272.87621,4272.87621,4269.85482,4269.94265
2026-08-06 20:10:00,4269.8542,4271.13337,4269.12568,4269.68199
2026-08-06 20:15:00,4269.60599,4270.06195,4268.03244,4268.50992
2026-08-06 20:20:00,4268.34141,4270.48352,4268.21461,4268.80431
2026-08-06 20:25:00,4268.80665,4271.31386,4267.85028,4269.92149
2026-08-06 20:30:00,4269.67632,4269.85482,4267.12183,4269.72527
2026-08-06 20:35:00,4269.38142,4269.4291,4267.81781,4268.73846
2026-08-06 20:40:00,4268.6435,4268.85351,4266.2116,4266.91743
2026-08-06 20:45:00,4266.79273,4269.66346,4264.85804,4269.19578
2026-08-06 20:50:00,4268.2064,4271.02577,4268.2064,4269.14105
2026-08-06 20:55:00,4269.80914,4271.31386,4269.80914,4270.35644
2026-08-06 21:00:00,4270.65555,4272.60865,4269.67252,4272.60865
2026-08-06 21:05:00,4273.09588,4273.09588,4267.66815,4270.1121
2026-08-06 21:10:00,4269.2962,4269.2962,4267.12183,4268.38197
2026-08-06 21:15:00,4268.21098,4271.29836,4264.80659,4265.93417
2026-08-06 21:20:00,4267.53402,4267.53402,4261.37339,4261.90217
2026-08-06 21:25:00,4262.83819,4264.39232,4260.75841,4264.1987
2026-08-06 21:30:00,4263.8128,4266.75769,4262.93802,4263.6457
2026-08-06 21:35:00,4264.25936,4266.93975,4262.59931,4262.96121
2026-08-06 21:40:00,4263.68378,4263.68378,4259.84483,4260.06702
2026-08-06 21:45:00,4260.53584,4261.47021,4256.04358,4256.41583
2026-08-06 21:50:00,4257.01957,4258.27041,4255.13808,4255.37774
2026-08-06 21:55:00,4255.80856,4262.7563,4252.16492,4262.25505
2026-08-06 22:00:00,4261.84719,4264.93795,4261.4847,4264.59064
2026-08-06 22:05:00,4263.94556,4265.48371,4258.64369,4259.69061
2026-08-06 22:10:00,4262.15223,4262.15223,4256.76826,4257.74234
2026-08-06 22:15:00,4257.55246,4258.72443,4254.05198,4255.77075
2026-08-06 22:20:00,4255.46312,4261.84794,4251.62617,4261.46318
2026-08-06 22:25:00,4261.06037,4261.68044,4257.49319,4260.54216
2026-08-06 22:30:00,4260.1316,4270.03715,4256.66368,4267.95575
2026-08-06 22:35:00,4268.20082,4270.35725,4268.18084,4269.97452
2026-08-06 22:40:00,4269.41657,4270.949,4267.13951,4267.36721
2026-08-06 22:45:00,4267.66919,4267.66919,4257.31827,4258.93926
2026-08-06 22:50:00,4261.90281,4261.90281,4252.24306,4252.34078
2026-08-06 22:55:00,4252.46741,4253.83108,4249.89375,4250.97314
2026-08-06 23:00:00,4250.88557,4255.68133,4249.13249,4251.67938
2026-08-06 23:05:00,4252.03083,4256.14913,4236.72909,4239.01003
2026-08-06 23:10:00,4241.97922,4241.97922,4231.37139,4239.11879
2026-08-06 23:15:00,4238.29819,4240.36995,4236.85805,4239.45235
2026-08-06 23:20:00,4238.25835,4248.08836,4238.25835,4247.02194
2026-08-06 23:25:00,4246.06037,4247.14278,4240.8821,4246.96371
2026-08-06 23:30:00,4246.47583,4250.79702,4246.47583,4249.97663
2026-08-06 23:35:00,4249.6315,4262.02958,4249.6315,4261.50021
2026-08-06 23:40:00,4260.48918,4272.7484,4260.21386,4272.01709
2026-08-06 23:45:00,4271.09227,4277.07167,4265.21717,4268.0597
2026-08-06 23:50:00,4268.53371,4268.53371,4263.21242,4264.51803
2026-08-06 23:55:00,4264.75552,4268.76121,4264.75552,4267.7922
2026-08-07 00:00:00,4267.73098,4268.76121,4267.0477,4268.3594
2026-08-07 00:05:00,4268.26556,4269.67252,4266.33693,4269.35307
2026-08-07 00:10:00,4268.82492,4276.91558,4264.93795,4271.15847
2026-08-07 00:15:00,4272.80423,4273.57545,4263.3015,4265.02688
2026-08-07 00:20:00,4264.69359,4266.02961,4262.7563,4263.6747
2026-08-07 00:25:00,4263.56338,4266.61026,4261.45915,4266.05079
2026-08-07 00:30:00,4264.83204,4269.85482,4264.83204,4268.24149
2026-08-07 00:35:00,4268.51124,4275.33134,4268.51124,4272.48147
2026-08-07 00:40:00,4272.6025,4274.23491,4270.91043,4274.09769
2026-08-07 00:45:00,4273.88483,4276.14572,4268.29226,4268.92385
2026-08-07 00:50:00,4269.77915,4271.48023,4263.11975,4267.93012
2026-08-07 00:55:00,4266.91603,4272.22626,4266.91603,4269.79144
2026-08-07 01:00:00,4269.2892,4274.41761,4268.57899,4270.82683
2026-08-07 01:05:00,4270.53055,4270.53055,4269.30703,4269.41252
2026-08-07 01:10:00,4269.5427,4270.53078,4263.3015,4263.72531
2026-08-07 01:15:00,4263.84214,4263.84214,4256.76826,4257.09368
2026-08-07 01:20:00,4257.65747,4258.74861,4250.97772,4251.57504
2026-08-07 01:25:00,4252.7699,4259.21593,4251.02479,4254.52531
2026-08-07 01:30:00,4255.4734,4256.8031,4251.7602,4252.27575
2026-08-07 01:35:00,4252.94685,4253.81812,4248.08836,4251.65715
2026-08-07 01:40:00,4250.88547,4252.63965,4249.19314,4249.44232
2026-08-07 01:45:00,4249.65965,4251.51992,4248.62982,4248.76753
2026-08-07 01:50:00,4249.11222,4250.02627,4239.30254,4240.88893
2026-08-07 01:55:00,4242.9589,4244.5832,4232.44593,4238.4254
2026-08-07 02:00:00,4236.78748,4237.64726,4233.8795,4237.33578
2026-08-07 02:05:00,4236.68479,4242.14143,4236.03169,4241.87712
2026-08-07 02:10:00,4241.27453,4242.17611,4232.06758,4233.28533
2026-08-07 02:15:00,4235.08978,4235.08978,4226.00685,4227.02259
2026-08-07 02:20:00,4227.31713,4229.81545,4224.912,4227.20086
2026-08-07 02:25:00,4226.32445,4229.29914,4224.22648,4227.70321
2026-08-07 02:30:00,4227.65316,4232.44593,4227.65316,4232.39031
2026-08-07 02:35:00,4232.2737,4235.85225,4231.48182,4235.52837
2026-08-07 02:40:00,4234.93087,4234.95532,4232.62507,4233.26149
2026-08-07 02:45:00,4234.07357,4235.21062,4231.82206,4234.73904
2026-08-07 02:50:00,4233.53542,4237.9643,4233.53542,4235.30386
2026-08-07 02:55:00,4235.32133,4242.48786,4234.63164,4240.99314
2026-08-07 03:00:00,4241.19154,4242.68137,4240.70226,4240.75258
2026-08-07 03:05:00,4240.87511,4243.02705,4240.87511,4241.16766
2026-08-07 03:10:00,4241.22537,4244.99521,4241.22537,4243.65692
2026-08-07 03:15:00,4243.21731,4243.21731,4239.08436,4240.85624
2026-08-07 03:20:00,4240.51526,4242.50709,4238.54533,4239.78945
2026-08-07 03:25:00,4239.65351,4242.68137,4237.8136,4240.46065
2026-08-07 03:30:00,4240.98759,4241.60163,4240.2646,4240.38722
2026-08-07 03:35:00,4240.45921,4243.40151,4239.98304,4243.0307
2026-08-07 03:40:00,4242.33251,4243.04141,4241.78155,4242.98165
2026-08-07 03:45:00,4242.80838,4243.11308,4240.8821,4241.93134
2026-08-07 03:50:00,4241.14641,4248.44932,4241.14641,4248.05443
2026-08-07 03:55:00,4247.2965,4247.54704,4246.1042,4247.11993
2026-08-07 04:00:00,4246.94938,4246.94938,4244.30202,4244.44194
2026-08-07 04:05:00,4244.62482,4248.51562,4243.9601,4248.3025
2026-08-07 04:10:00,4247.76302,4248.99086,4247.00586,4247.30184
2026-08-07 04:15:00,4247.35128,4248.81033,4247.00586,4248.44886
2026-08-07 04:20:00,4248.43196,4249.53255,4247.47322,4247.62356
2026-08-07 04:25:00,4247.73444,4248.44501,4246.8255,4246.92219
2026-08-07 04:30:00,4247.04999,4248.32313,4244.12189,4244.42539
2026-08-07 04:35:00,4244.97696,4244.97696,4243.20154,4243.53261
2026-08-07 04:40:00,4243.71482,4243.76578,4240.70226,4241.70706
2026-08-07 04:45:00,4241.49529,4244.7193,4240.94209,4244.27657
2026-08-07 04:50:00,4243.71619,4245.38315,4242.30161,4242.7664
2026-08-07 04:55:00,4243.72978,4243.72978,4241.06196,4242.88918
2026-08-07 05:00:00,4242.50511,4248.26883,4242.21072,4248.05236
2026-08-07 05:05:00,4247.69214,4248.61573,4247.69214,4247.97361
2026-08-07 05:10:00,4247.9346,4251.01246,4247.71075,4248.59768
2026-08-07 05:15:00,4249.62343,4249.62343,4246.29375,4246.48818
2026-08-07 05:20:00,4246.82311,4247.00586,4243.71943,4244.34028
2026-08-07 05:25:00,4245.20428,4247.16542,4237.09799,4238.0224
2026-08-07 05:30:00,4237.98728,4237.98728,4236.3906,4237.02055
2026-08-07 05:35:00,4237.03239,4239.26406,4236.3906,4238.904
2026-08-07 05:40:00,4238.49815,4238.49815,4234.05877,4234.14409
2026-08-07 05:45:00,4234.21318,4238.54533,4232.86878,4237.83704
2026-08-07 05:50:00,4237.86219,4249.11543,4237.66594,4247.08958
2026-08-07 05:55:00,4242.15994,4251.88146,4242.15994,4248.28142
2026-08-07 06:00:00,4247.72377,4249.35197,4246.64515,4246.74833
2026-08-07 06:05:00,4246.81293,4247.59819,4246.13517,4246.30184
2026-08-07 06:10:00,4246.55652,4246.55652,4243.5978,4244.07219
2026-08-07 06:15:00,4245.10894,4245.38315,4242.33565,4244.96118
2026-08-07 06:20:00,4244.76456,4244.76456,4243.22145,4243.55306
2026-08-07 06:25:00,4243.48455,4243.80008,4240.34262,4241.42164
2026-08-07 06:30:00,4240.84012,4241.96148,4240.84012,4241.51069
2026-08-07 06:35:00,4241.35772,4242.89574,4240.40089,4240.73657
2026-08-07 06:40:00,4241.34495,4241.34495,4235.67284,4235.82318
2026-08-07 06:45:00,4236.08014,4238.54533,4235.01312,4237.41656
2026-08-07 06:50:00,4237.71926,4240.40031,4236.81504,4240.18939
2026-08-07 06:55:00,4239.91332,4241.60163,4239.91332,4240.8196
2026-08-07 07:00:00,4240.67481,4240.70226,4240.16282,4240.53141
2026-08-07 07:05:00,4240.43863,4240.62332,4240.34262,4240.57221
2026-08-07 07:10:00,4240.44503,4240.61511,4240.34262,4240.4082
2026-08-07 07:15:00,4240.43864,4240.62053,4240.34262,4240.50537
2026-08-07 07:20:00,4240.43437,4240.8821,4240.34262,4240.52913
2026-08-07 07:25:00,4240.43397,4240.64192,4240.34262,4240.51374
2026-08-07 07:30:00,4240.43054,4240.67265,4240.34262,4240.35395
2026-08-07 07:35:00,4240.40837,4240.66436,4240.34262,4240.57277
2026-08-07 07:40:00,4240.5168,4240.55795,4240.3355,4240.50604
2026-08-07 07:45:00,4240.41448,4240.54273,4240.27172,4240.29372
2026-08-07 07:50:00,4240.32518,4240.64426,4239.98304,4240.02545
2026-08-07 07:55:00,4240.15868,4240.4751,4240.15868,4240.34418
2026-08-07 08:00:00,4240.28508,4240.34262,4236.57007,4236.88247
2026-08-07 08:05:00,4237.37288,4238.37437,4236.21113,4238.23418
2026-08-07 08:10:00,4238.02009,4238.79019,4236.70428,4238.63327
2026-08-07 08:15:00,4238.24538,4241.42172,4238.24538,4241.2865
2026-08-07 08:20:00,4241.04665,4241.89064,4239.80327,4241.49526
2026-08-07 08:25:00,4240.58843,4243.04141,4240.58843,4242.26796
2026-08-07 08:30:00,4242.53624,4243.22145,4241.52512,4242.39916
2026-08-07 08:35:00,4242.77524,4242.77524,4240.34262,4240.64635
2026-08-07 08:40:00,4240.72156,4240.8821,4239.85847,4240.0526
2026-08-07 08:45:00,4240.39685,4241.80795,4239.62218,4241.75266
2026-08-07 08:50:00,4241.5396,4242.86139,4241.33179,4242.81862
2026-08-07 08:55:00,4242.70778,4242.70778,4241.00764,4241.05535
2026-08-07 09:00:00,4241.11125,4242.86139,4240.78096,4241.11901
2026-08-07 09:05:00,4241.56179,4245.74364,4238.84193,4244.44143
2026-08-07 09:10:00,4244.34151,4244.77722,4243.76167,4244.73199
2026-08-07 09:15:00,4244.52079,4245.82797,4244.47476,4245.79413
2026-08-07 09:20:00,4245.64313,4246.15564,4245.64313,4246.02965
2026-08-07 09:25:00,4245.97494,4246.19546,4243.94177,4244.12593
2026-08-07 09:30:00,4244.44821,4248.08836,4244.22011,4247.9566
2026-08-07 09:35:00,4247.69035,4247.74747,4247.05916,4247.28282
2026-08-07 09:40:00,4247.69282,4247.69282,4245.92391,4246.26333
2026-08-07 09:45:00,4246.86226,4248.73958,4245.56339,4248.60196
2026-08-07 09:50:00,4248.16448,4252.24306,4248.16448,4251.70081
2026-08-07 09:55:00,4251.60725,4252.78557,4251.15844,4252.5991
2026-08-07 10:00:00,4252.50007,4252.50007,4247.36663,4249.62161
2026-08-07 10:05:00,4249.48388,4250.97772,4248.98922,4250.15857
2026-08-07 10:10:00,4250.09084,4250.93537,4244.21547,4244.4768
2026-08-07 10:15:00,4244.98349,4246.33478,4241.9349,4242.14264
2026-08-07 10:20:00,4242.46098,4244.84252,4241.08582,4241.83244
2026-08-07 10:25:00,4243.29808,4243.40151,4239.26406,4243.1213
2026-08-07 10:30:00,4242.37741,4243.40151,4241.42172,4241.46517
2026-08-07 10:35:00,4241.58315,4243.04141,4236.21113,4236.8193
2026-08-07 10:40:00,4237.69662,4238.02821,4231.37139,4231.98044
2026-08-07 10:45:00,4232.64295,4236.92907,4232.64295,4233.50225
2026-08-07 10:50:00,4233.98571,4234.59665,4231.52876,4234.40685
2026-08-07 10:55:00,4234.34776,4234.34776,4230.65533,4232.01982
2026-08-07 11:00:00,4231.79789,4241.60952,4230.24215,4236.17914
2026-08-07 11:05:00,4237.22675,4246.64515,4237.22675,4246.31558
2026-08-07 11:10:00,4246.13846,4246.13846,4241.42172,4243.76773
2026-08-07 11:15:00,4243.04798,4245.92391,4243.04798,4244.74796
2026-08-07 11:20:00,4244.87203,4248.62982,4242.3214,4242.85014
2026-08-07 11:25:00,4243.79944,4245.92391,4238.23588,4245.68067
2026-08-07 11:30:00,4245.30138,4245.624,4240.16282,4244.04215
2026-08-07 11:35:00,4243.78648,4243.78648,4242.50138,4243.45776
2026-08-07 11:40:00,4243.24061,4255.95099,4243.09004,4254.91086
2026-08-07 11:45:00,4252.95814,4260.16477,4252.78557,4253.76991
2026-08-07 11:50:00,4253.97456,4254.37044,4253.14733,4254.22393
2026-08-07 11:55:00,4254.02737,4258.94378,4254.02737,4258.66396
2026-08-07 12:00:00,4258.1045,4261.84794,4256.7334,4261.54434
2026-08-07 12:05:00,4260.89768,4261.30311,4258.82665,4259.31198
2026-08-07 12:10:00,4259.95588,4259.95588,4257.85574,4259.15544
2026-08-07 12:15:00,4259.11179,4261.30311,4258.66817,4260.91821
2026-08-07 12:20:00,4260.71389,4260.71389,4257.49319,4260.07314
2026-08-07 12:25:00,4258.45426,4261.30311,4258.45426,4259.87781
2026-08-07 12:30:00,4260.12462,4260.8054,4257.31193,4258.48641
2026-08-07 12:35:00,4258.18636,4258.18636,4252.78557,4252.88679
2026-08-07 12:40:00,4252.97766,4254.05198,4250.43567,4250.7279
2026-08-07 12:45:00,4251.2462,4253.25771,4246.0541,4251.23123
2026-08-07 12:50:00,4250.97126,4255.86245,4250.61006,4254.20829
2026-08-07 12:55:00,4254.27525,4255.70612,4250.25502,4250.60061
2026-08-07 13:00:00,4251.15804,4258.54624,4249.53289,4257.4531
2026-08-07 13:05:00,4255.87044,4260.03238,4255.87044,4258.58675
2026-08-07 13:10:00,4258.27609,4258.27609,4254.05198,4256.57728
2026-08-07 13:15:00,4256.19555,4256.24712,4253.20103,4254.53144
2026-08-07 13:20:00,4254.36182,4256.64427,4253.50915,4254.9397
2026-08-07 13:25:00,4254.77905,4257.49319,4254.77905,4257.06792
2026-08-07 13:30:00,4256.88562,4260.93996,4255.34827,4259.54954
2026-08-07 13:35:00,4259.63993,4260.57688,4257.85574,4259.76389
2026-08-07 13:40:00,4259.80005,4260.93996,4259.80005,4260.83362
2026-08-07 13:45:00,4260.72456,4261.08642,4259.85761,4260.84336
2026-08-07 13:50:00,4260.39642,4261.12153,4259.30658,4259.41402
2026-08-07 13:55:00,4259.69463,4265.05298,4259.51098,4264.59374
2026-08-07 14:00:00,4263.54255,4269.71926,4262.39291,4262.58163
2026-08-07 14:05:00,4263.01984,4267.66815,4263.01984,4266.28007
2026-08-07 14:10:00,4266.09337,4267.94298,4264.57418,4264.8781
2026-08-07 14:15:00,4265.46855,4266.93975,4262.7563,4262.95816
2026-08-07 14:20:00,4263.04981,4267.78154,4261.91461,4267.63664
2026-08-07 14:25:00,4267.3651,4267.3651,4264.72848,4266.54068
2026-08-07 14:30:00,4266.19786,4268.07388,4263.53352,4267.89478
2026-08-07 14:35:00,4267.64869,4268.1429,4264.68865,4264.96181
2026-08-07 14:40:00,4265.45413,4266.75769,4259.13877,4266.21975
2026-08-07 14:45:00,4265.09494,4265.15254,4262.3271,4264.099
2026-08-07 14:50:00,4263.69515,4266.39362,4263.69515,4265.69191
2026-08-07 14:55:00,4265.71021,4268.00597,4265.46572,4265.9398
2026-08-07 15:00:00,4266.93245,4266.93245,4263.84684,4265.8592
2026-08-07 15:05:00,4265.32664,4266.23652,4262.11014,4264.84252
2026-08-07 15:10:00,4264.12798,4271.31386,4264.12798,4268.62963
2026-08-07 15:15:00,4268.904,4270.40184,4268.39679,4268.50654
2026-08-07 15:20:00,4268.76801,4270.67834,4266.58835,4270.03429
2026-08-07 15:25:00,4268.93874,4268.93874,4265.41456,4265.49063
2026-08-07 15:30:00,4265.7348,4274.232,4265.7348,4273.47035
2026-08-07 15:35:00,4272.51974,4277.15997,4272.51974,4273.56502
2026-08-07 15:40:00,4274.0173,4274.73973,4271.13142,4271.74013
2026-08-07 15:45:00,4271.66382,4275.14994,4271.49631,4274.98856
2026-08-07 15:50:00,4274.53281,4279.70436,4272.97636,4274.62557
2026-08-07 15:55:00,4275.34795,4281.00518,4275.33134,4279.83373
2026-08-07 16:00:00,4279.60288,4281.02241,4278.50331,4278.72524
2026-08-07 16:05:00,4278.69241,4284.30658,4278.58361,4283.25164
2026-08-07 16:10:00,4282.93026,4290.00429,4281.45623,4287.17036
2026-08-07 16:15:00,4287.50345,4289.82026,4282.50983,4289.39065
2026-08-07 16:20:00,4288.70102,4290.3724,4287.74566,4290.13332
2026-08-07 16:25:00,4289.97013,4289.97013,4283.99544,4284.25156
2026-08-07 16:30:00,4284.69107,4287.06165,4281.18846,4286.65291
2026-08-07 16:35:00,4286.02391,4293.31959,4284.9546,4293.0785
2026-08-07 16:40:00,4292.55972,4295.09828,4292.14601,4294.74999
2026-08-07 16:45:00,4294.20988,4294.20988,4291.84999,4293.92961
2026-08-07 16:50:00,4293.33945,4294.97917,4289.08428,4294.78857
2026-08-07 16:55:00,4294.43419,4298.30217,4293.52898,4298.09852
2026-08-07 17:00:00,4297.60965,4297.74798,4293.50393,4293.92442
2026-08-07 17:05:00,4293.92586,4295.13337,4290.3724,4292.02256
2026-08-07 17:10:00,4292.17363,4292.92385,4290.55649,4291.18821
2026-08-07 17:15:00,4291.113,4292.39816,4289.70724,4292.25084
2026-08-07 17:20:00,4291.9441,4292.25414,4289.01877,4289.52975
2026-08-07 17:25:00,4290.4336,4290.4336,4285.22455,4285.49944
2026-08-07 17:30:00,4285.87194,4287.24544,4284.49015,4286.31107
2026-08-07 17:35:00,4286.45414,4288.53246,4286.45414,4287.16799
2026-08-07 17:40:00,4287.50233,4287.50233,4284.85731,4285.20737
2026-08-07 17:45:00,4285.48123,4286.51154,4283.5725,4283.80789
2026-08-07 17:50:00,4284.20866,4286.87787,4283.69632,4286.74358
2026-08-07 17:55:00,4286.49177,4290.75005,4286.25494,4290.41231
2026-08-07 18:00:00,4289.73716,4293.68828,4289.73716,4293.55884
2026-08-07 18:05:00,4293.23743,4295.71717,4293.02534,4295.54488
2026-08-07 18:10:00,4295.20094,4300.15051,4294.00764,4299.67801
2026-08-07 18:15:00,4299.04602,4301.26937,4297.3786,4297.59823
2026-08-07 18:20:00,4297.88755,4298.11742,4294.61026,4294.74647
2026-08-07 18:25:00,4294.94659,4296.49829,4294.15796,4296.11139
2026-08-07 18:30:00,4295.42801,4313.88064,4287.56698,4309.27003
2026-08-07 18:35:00,4302.62878,4319.28127,4300.52036,4305.19158
2026-08-07 18:40:00,4304.34455,4309.78753,4304.34455,4309.71499
2026-08-07 18:45:00,4309.51193,4310.75205,4307.00319,4307.42702
2026-08-07 18:50:00,4308.17812,4308.17812,4305.01733,4305.42788
2026-08-07 18:55:00,4306.16548,4308.02431,4303.66672,4303.81895
2026-08-07 19:00:00,4303.98955,4307.51794,4303.98955,4307.2226
2026-08-07 19:05:00,4306.71922,4306.71922,4304.96362,4305.72916
2026-08-07 19:10:00,4305.46039,4307.00319,4305.33431,4306.85008
2026-08-07 19:15:00,4306.51253,4307.37422,4305.46766,4307.30299
2026-08-07 19:20:00,4307.18884,4310.12378,4305.62717,4308.93291
2026-08-07 19:25:00,4309.42543,4310.34483,4306.37884,4306.77307
2026-08-07 19:30:00,4307.43786,4307.43786,4302.18292,4305.13118
2026-08-07 19:35:00,4304.79442,4308.17944,4303.66672,4307.58185
2026-08-07 19:40:00,4306.83736,4318.02005,4306.83736,4317.21135
2026-08-07 19:45:00,4315.58287,4320.22312,4315.58287,4316.57554
2026-08-07 19:50:00,4317.58795,4319.28127,4314.99461,4319.21482
2026-08-07 19:55:00,4319.05816,4320.22978,4314.4824,4314.75235
2026-08-07 20:00:00,4315.26494,4317.97573,4314.18301,4314.64171
2026-08-07 20:05:00,4315.46751,4318.90818,4312.76146,4313.01157
2026-08-07 20:10:00,4313.44216,4313.44216,4309.09672,4309.4144
2026-08-07 20:15:00,4310.0349,4311.1391,4308.48649,4310.61272
2026-08-07 20:20:00,4309.3033,4313.69166,4309.3033,4313.25821
2026-08-07 20:25:00,4313.05154,4313.91523,4311.86206,4313.7112
2026-08-07 20:30:00,4313.19039,4316.48465,4313.19039,4314.77811
2026-08-07 20:35:00,4314.90957,4317.97573,4314.90957,4317.77708
2026-08-07 20:40:00,4317.52276,4317.97573,4315.36702,4317.86424
2026-08-07 20:45:00,4317.64049,4319.42729,4316.79732,4319.23512
2026-08-07 20:50:00,4318.88468,4320.40093,4317.78929,4317.95003
2026-08-07 20:55:00,4318.41945,4320.74477,4316.67098,4317.06364
2026-08-07 21:00:00,4317.18739,4323.55677,4316.20924,4322.62653
2026-08-07 21:05:00,4321.27088,4325.82273,4321.25373,4325.41936
2026-08-07 21:10:00,4324.70789,4326.19511,4321.40664,4322.371
2026-08-07 21:15:00,4324.22319,4324.22319,4317.78929,4317.9867
2026-08-07 21:20:00,4318.19306,4324.96126,4316.93102,4324.12055
2026-08-07 21:25:00,4322.32572,4326.75666,4322.32572,4325.30882
2026-08-07 21:30:00,4325.52651,4327.69291,4324.69835,4326.50305
2026-08-07 21:35:00,4326.89457,4327.61786,4320.94414,4321.36561
2026-08-07 21:40:00,4322.00924,4324.85913,4322.00924,4323.43549
2026-08-07 21:45:00,4323.6159,4325.07244,4322.82886,4324.88593
2026-08-07 21:50:00,4324.4506,4325.82082,4321.33443,4324.37336
2026-08-07 21:55:00,4323.35102,4326.60151,4320.96098,4321.5482
2026-08-07 22:00:00,4322.61851,4325.63371,4320.28049,4325.26063
2026-08-07 22:05:00,4324.31894,4327.35651,4316.29834,4317.11322
2026-08-07 22:10:00,4316.98317,4322.73161,4316.74551,4317.67262
2026-08-07 22:15:00,4319.8302,4319.8302,4310.85926,4316.10465
2026-08-07 22:20:00,4315.35402,4315.92577,4312.49311,4312.68537
2026-08-07 22:25:00,4313.02278,4314.3181,4310.53063,4313.86482
2026-08-07 22:30:00,4312.85904,4361.47941,4303.7292,4352.27664
2026-08-07 22:35:00,4353.31169,4362.54581,4349.82253,4351.44078
2026-08-07 22:40:00,4352.73521,4369.06291,4352.73521,4368.38202
2026-08-07 22:45:00,4367.02388,4371.01145,4367.02388,4370.59683
2026-08-07 22:50:00,4370.16316,4370.16316,4365.28724,4365.5902
2026-08-07 22:55:00,4365.81299,4368.91083,4356.34938,4357.1706
2026-08-07 23:00:00,4357.766,4361.23785,4351.47001,4351.95569
2026-08-07 23:05:00,4353.01437,4353.01437,4348.39327,4349.45094
2026-08-07 23:10:00,4350.06139,4351.99407,4346.88111,4348.40432
2026-08-07 23:15:00,4348.16116,4352.35585,4338.65057,4339.44829
2026-08-07 23:20:00,4340.60294,4351.96691,4338.49994,4347.29462
2026-08-07 23:25:00,4348.5642,4357.48834,4347.684,4354.89803
2026-08-07 23:30:00,4355.36566,4357.48834,4352.24343,4353.13362
2026-08-07 23:35:00,4354.42202,4363.19211,4351.2314,4362.48001
2026-08-07 23:40:00,4360.69226,4367.35724,4360.69226,4363.37849
2026-08-07 23:45:00,4364.8896,4364.8896,4352.74658,4358.07896
2026-08-07 23:50:00,4357.47156,4357.47156,4353.69411,4355.74516
2026-08-07 23:55:00,4355.61482,4356.90906,4343.10532,4344.60952
2026-08-08 00:00:00,4345.06197,4351.76503,4337.26271,4338.61836
2026-08-08 00:05:00,4340.77348,4340.77348,4332.38021,4336.54306
2026-08-08 00:10:00,4335.85346,4340.62805,4328.62956,4331.75626
2026-08-08 00:15:00,4331.80665,4345.57035,4330.5079,4344.67279
2026-08-08 00:20:00,4342.93955,4349.97538,4342.93955,4349.57086
2026-08-08 00:25:00,4348.91996,4351.98886,4348.91996,4351.72655
2026-08-08 00:30:00,4351.01897,4352.0899,4345.18119,4347.49701
2026-08-08 00:35:00,4346.501,4349.37628,4344.80604,4345.32046
2026-08-08 00:40:00,4346.43202,4349.90648,4343.89233,4346.308
2026-08-08 00:45:00,4348.0305,4348.0305,4341.78534,4342.20857
2026-08-08 00:50:00,4343.09134,4346.50324,4339.75794,4345.1483
2026-08-08 00:55:00,4345.50867,4347.74896,4342.31421,4342.52471
2026-08-08 01:00:00,4342.85808,4347.63706,4341.97386,4345.45752
2026-08-08 01:05:00,4345.31062,4350.20168,4344.38373,4349.65574
2026-08-08 01:10:00,4348.96371,4352.44836,4348.96371,4351.7623
2026-08-08 01:15:00,4350.88136,4355.96986,4350.88136,4355.9101
2026-08-08 01:20:00,4355.76736,4357.21005,4354.68172,4356.9603
2026-08-08 01:25:00,4356.42975,4357.3118,4353.69732,4354.25339
2026-08-08 01:30:00,4355.48756,4355.48756,4348.01513,4349.39606
2026-08-08 01:35:00,4348.86526,4353.31505,4348.86526,4353.09422
2026-08-08 01:40:00,4352.7407,4353.35595,4350.15314,4350.29767
2026-08-08 01:45:00,4350.5081,4351.04207,4349.19903,4350.87341
2026-08-08 01:50:00,4350.47579,4350.47579,4340.46617,4340.83579
2026-08-08 01:55:00,4341.49048,4344.61485,4341.21295,4342.56365
2026-08-08 02:00:00,4343.37473,4343.52667,4339.33608,4339.85593
2026-08-08 02:05:00,4339.98504,4348.77354,4338.97677,4348.43276
2026-08-08 02:10:00,4347.66126,4349.3389,4344.9924,4346.94981
2026-08-08 02:15:00,4346.52602,4347.44805,4344.58107,4344.9687
2026-08-08 02:20:00,4345.78616,4345.78616,4339.21394,4340.2534
2026-08-08 02:25:00,4342.54005,4342.54005,4335.00954,4337.24267
2026-08-08 02:30:00,4336.89306,4339.33608,4332.71885,4338.92772
2026-08-08 02:35:00,4338.20607,4340.87801,4336.12233,4338.25335
2026-08-08 02:40:00,4338.79902,4342.1624,4338.01839,4338.1768
2026-08-08 02:45:00,4338.43947,4341.59684,4337.68627,4338.13119
2026-08-08 02:50:00,4338.78348,4339.1556,4333.88229,4334.0696
2026-08-08 02:55:00,4334.40082,4335.27463,4328.96671,4329.28519
2026-08-08 03:00:00,4329.80834,4334.25798,4326.71361,4334.17094
2026-08-08 03:05:00,4333.86065,4338.20659,4332.93678,4336.8024
2026-08-08 03:10:00,4336.95372,4337.66145,4335.19747,4336.10947
2026-08-08 03:15:00,4336.01133,4336.13737,4334.63372,4335.97485
2026-08-08 03:20:00,4335.66919,4338.99285,4335.19747,4338.51862
2026-08-08 03:25:00,4337.52962,4341.40835,4337.52962,4341.18955
2026-08-08 03:30:00,4340.74375,4340.74375,4335.57338,4337.293
2026-08-08 03:35:00,4336.42922,4338.20659,4329.94155,4334.55997
2026-08-08 03:40:00,4334.03991,4338.01839,4334.03991,4337.79399
2026-08-08 03:45:00,4337.59713,4337.59713,4335.94936,4336.02716
2026-08-08 03:50:00,4336.12537,4341.40835,4336.12537,4341.30812
2026-08-08 03:55:00,4341.12762,4343.1846,4340.69603,4341.08548
2026-08-08 04:00:00,4341.7327,4341.7327,4339.33608,4339.97531
2026-08-08 04:05:00,4339.86749,4343.10532,4338.94528,4341.32922
2026-08-08 04:10:00,4341.32978,4343.24855,4336.94478,4337.94066
2026-08-08 04:15:00,4340.23056,4340.23056,4335.57338,4337.57964
2026-08-08 04:20:00,4337.35285,4337.38466,4332.38021,4332.61805
2026-08-08 04:25:00,4333.02693,4334.82162,4332.42662,4333.74904
2026-08-08 04:30:00,4334.03454,4337.45391,4333.13112,4337.33858
2026-08-08 04:35:00,4336.96413,4338.95952,4336.96413,4337.60687
2026-08-08 04:40:00,4337.82066,4337.88883,4334.60326,4335.11699
2026-08-08 04:45:00,4336.24504,4338.01839,4334.07013,4336.42051
2026-08-08 04:50:00,4336.50145,4337.1434,4334.07013,4334.28868
2026-08-08 04:55:00,4334.71747,4335.38542,4333.9374,4334.19335
2026-08-08 05:00:00,4334.6684,4342.53952,4332.47805,4340.10563
2026-08-08 05:05:00,4341.07377,4343.16613,4338.77194,4342.82871
2026-08-08 05:10:00,4342.03243,4346.12543,4342.03243,4343.80346
2026-08-08 05:15:00,4343.93381,4349.14974,4343.29395,4346.79673
2026-08-08 05:20:00,4346.99659,4349.52808,4346.99659,4348.42455
2026-08-08 05:25:00,4348.59275,4349.74444,4347.63706,4348.05008
2026-08-08 05:30:00,4347.98329,4348.01513,4345.55884,4346.48436
2026-08-08 05:35:00,4346.3944,4346.3944,4344.64959,4346.03606
2026-08-08 05:40:00,4345.76444,4348.20419,4344.67857,4347.77883
2026-08-08 05:45:00,4347.37989,4348.8641,4347.37989,4347.9569
2026-08-08 05:50:00,4348.15454,4349.79584,4343.61199,4344.77181
2026-08-08 05:55:00,4347.43438,4347.43438,4338.70533,4344.0159
2026-08-08 06:00:00,4342.32336,4345.55884,4342.32336,4343.57503
2026-08-08 06:05:00,4343.79456,4344.60465,4342.7281,4342.87016
2026-08-08 06:10:00,4343.0175,4343.0175,4338.95952,4341.91455
2026-08-08 06:15:00,4341.49368,4341.97386,4340.20866,4340.53322
2026-08-08 06:20:00,4341.1801,4341.1801,4339.14779,4339.26772
2026-08-08 06:25:00,4339.33269,4339.52439,4337.07768,4338.65035
2026-08-08 06:30:00,4338.35526,4340.6723,4335.76136,4337.21021
2026-08-08 06:35:00,4336.89891,4340.99766,4335.8135,4340.6097
2026-08-08 06:40:00,4339.87934,4342.71399,4339.87934,4340.46677
2026-08-08 06:45:00,4340.64039,4341.77249,4339.33608,4339.5409
2026-08-08 06:50:00,4339.93611,4341.03143,4339.85064,4340.93829
2026-08-08 06:55:00,4340.77769,4342.7281,4340.29805,4342.63347
2026-08-08 07:00:00,4342.38579,4342.9167,4341.59684,4342.30622
2026-08-08 07:05:00,4342.24694,4342.53952,4342.1624,4342.36928
2026-08-08 07:10:00,4342.27982,4342.44611,4342.1624,4342.35543
2026-08-08 07:15:00,4342.2529,4342.41764,4342.1624,4342.23318
2026-08-08 07:20:00,4342.25889,4342.45409,4342.19668,4342.32403
2026-08-08 07:25:00,4342.26044,4342.38762,4342.23749,4342.34958
2026-08-08 07:30:00,4342.26044,4342.4265,4341.97386,4342.37871
2026-08-08 07:35:00,4342.28811,4342.57458,4342.1624,4342.31359
2026-08-08 07:40:00,4342.33282,4342.45801,4342.1624,4342.34253
2026-08-08 07:45:00,4342.25794,4342.39331,4342.1624,4342.34866
2026-08-08 07:50:00,4342.25917,4342.61884,4342.08169,4342.27017
2026-08-08 07:55:00,4342.27465,4342.40854,4342.24845,4342.24845
2026-08-08 08:00:00,4342.26798,4342.46356,4342.20854,4342.34614
2026-08-08 08:05:00,4342.27364,4342.41865,4342.25722,4342.34952
2026-08-08 08:10:00,4342.2645,4342.45547,4342.19886,4342.25019
2026-08-08 08:15:00,4342.26044,4342.39048,4342.23993,4342.24489
2026-08-08 08:20:00,4342.26044,4342.45351,4342.19625,4342.3376
2026-08-08 08:25:00,4342.25941,4342.41853,4342.25941,4342.34748
2026-08-08 08:30:00,4342.26259,4342.45602,4342.19861,4342.24799
2026-08-08 08:35:00,4342.26233,4342.38925,4342.23366,4342.25075
2026-08-08 08:40:00,4342.26233,4342.45704,4342.19996,4342.34375
2026-08-08 08:45:00,4342.26233,4342.42517,4342.26028,4342.34599
2026-08-08 08:50:00,4342.26257,4342.4536,4342.19553,4342.2423
2026-08-08 08:55:00,4342.26074,4342.39934,4342.22416,4342.25524
2026-08-08 09:00:00,4342.2621,4342.45959,4342.20847,4342.35028
2026-08-08 09:05:00,4342.26361,4342.43384,4342.25691,4342.34714
2026-08-08 09:10:00,4342.27031,4342.45817,4342.201,4342.24475
2026-08-08 09:15:00,4342.26641,4342.41373,4342.22341,4342.33106
2026-08-08 09:20:00,4342.26946,4342.46122,4342.20847,4342.35408
2026-08-08 09:25:00,4342.26546,4342.44206,4342.24995,4342.34545
2026-08-08 09:30:00,4342.27025,4342.46279,4342.20176,4342.2418
2026-08-08 09:35:00,4342.26676,4342.42433,4342.21749,4342.3255
2026-08-08 09:40:00,4342.26952,4342.45995,4342.20623,4342.35688
2026-08-08 09:45:00,4342.26542,4342.44767,4342.24157,4342.34366
2026-08-08 09:50:00,4342.27019,4342.46452,4342.20353,4342.23921
2026-08-08 09:55:00,4342.26679,4342.43235,4342.21233,4342.3252
2026-08-08 10:00:00,4342.26958,4342.46133,4342.20503,4342.363
2026-08-08 10:05:00,4342.26987,4342.45237,4342.23393,4342.3418
2026-08-08 10:10:00,4342.27013,4342.46525,4342.20629,4342.2371
2026-08-08 10:15:00,4342.26681,4342.43962,4342.2081,4342.32709
2026-08-08 10:20:00,4342.26964,4342.45442,4342.20478,4342.36111
2026-08-08 10:25:00,4342.26538,4342.45613,4342.22707,4342.33988
2026-08-08 10:30:00,4342.27007,4342.46496,4342.21004,4342.23546
2026-08-08 10:35:00,4342.26683,4342.44606,4342.20483,4342.32904
2026-08-08 10:40:00,4342.26971,4342.4502,4342.20558,4342.3625
2026-08-08 10:45:00,4342.26536,4342.45891,4342.22105,4342.33792
2026-08-08 10:50:00,4342.27,4342.45599,4342.20951,4342.22859
2026-08-08 10:55:00,4342.26081,4342.44442,4342.19673,4342.32847
2026-08-08 11:00:00,4342.26233,4342.44293,4342.23488,4342.35969
2026-08-08 11:05:00,4342.23398,4342.55321,4342.23398,4342.31776
2026-08-08 11:10:00,4342.30224,4342.45946,4342.22046,4342.23367
2026-08-08 11:15:00,4342.26647,4342.45442,4342.20124,4342.33241
2026-08-08 11:20:00,4342.26795,4342.43887,4342.21019,4342.36378
2026-08-08 11:25:00,4342.26534,4342.46147,4342.21172,4342.34682
2026-08-08 11:30:00,4342.26987,4342.45805,4342.22679,4342.23355
2026-08-08 11:35:00,4342.26685,4342.46002,4342.20099,4342.33504
2026-08-08 11:40:00,4342.2699,4342.42789,4342.20661,4342.35986
2026-08-08 11:45:00,4342.26233,4342.45739,4342.20083,4342.34724
2026-08-08 11:50:00,4342.26233,4342.44605,4342.23021,4342.23021
2026-08-08 11:55:00,4342.26233,4342.45532,4342.19809,4342.33453
2026-08-08 12:00:00,4342.26238,4342.41812,4342.21149,4342.3573
2026-08-08 12:05:00,4342.26007,4342.45416,4342.19859,4342.35072
2026-08-08 12:10:00,4342.26226,4342.44447,4342.2292,4342.2292
2026-08-08 12:15:00,4342.26155,4342.457,4342.20172,4342.33841
2026-08-08 12:20:00,4342.26815,4342.414,4342.22258,4342.35998
2026-08-08 12:25:00,4342.26348,4342.45576,4342.2031,4342.3593
2026-08-08 12:30:00,4342.26778,4342.43269,4342.2307,4342.2307
2026-08-08 12:35:00,4342.26044,4342.45583,4342.20096,4342.31336
2026-08-08 12:40:00,4342.26044,4342.40035,4342.22185,4342.35442
2026-08-08 12:45:00,4342.26044,4342.45072,4342.19725,4342.36061
2026-08-08 12:50:00,4342.26233,4342.42761,4342.23258,4342.23258
2026-08-08 12:55:00,4342.26079,4342.45739,4342.20084,4342.32052
2026-08-08 13:00:00,4342.26233,4342.39274,4342.23093,4342.3542
2026-08-08 13:05:00,4342.26233,4342.45531,4342.19808,4342.36314
2026-08-08 13:10:00,4342.26216,4342.41986,4342.23496,4342.23496
2026-08-08 13:15:00,4342.26078,4342.46167,4342.20063,4342.34212
2026-08-08 13:20:00,4342.26233,4342.39474,4342.24432,4342.35554
2026-08-08 13:25:00,4342.26577,4342.45883,4342.20553,4342.37075
2026-08-08 13:30:00,4342.2676,4342.41517,4342.23766,4342.23766
2026-08-08 13:35:00,4342.2614,4342.45942,4342.19936,4342.34641
2026-08-08 13:40:00,4342.27028,4342.40422,4342.25308,4342.35251
2026-08-08 13:45:00,4342.26579,4342.46147,4342.20828,4342.26262
2026-08-08 13:50:00,4342.26776,4342.40853,4342.24649,4342.24649
2026-08-08 13:55:00,4342.2664,4342.45811,4342.201,4342.34739
2026-08-08 14:00:00,4342.26822,4342.41358,4342.26247,4342.35029
2026-08-08 14:05:00,4342.26581,4342.46121,4342.20663,4342.258
2026-08-08 14:10:00,4342.26749,4342.40054,4342.24802,4342.24817
2026-08-08 14:15:00,4342.26506,4342.46275,4342.20173,4342.34958
2026-08-08 14:20:00,4342.27039,4342.42419,4342.26326,4342.34886
2026-08-08 14:25:00,4342.26663,4342.45417,4342.1986,4342.24799
2026-08-08 14:30:00,4342.26206,4342.39216,4342.23931,4342.25039
2026-08-08 14:35:00,4342.2631,4342.46262,4342.20354,4342.35032
2026-08-08 14:40:00,4342.26827,4342.43034,4342.26455,4342.34748
2026-08-08 14:45:00,4342.26585,4342.45767,4342.20312,4342.25007
2026-08-08 14:50:00,4342.26769,4342.40209,4342.23216,4342.25665
2026-08-08 14:55:00,4342.26468,4342.46337,4342.20442,4342.35287
2026-08-08 15:00:00,4342.26859,4342.43776,4342.25373,4342.34523
2026-08-08 15:05:00,4342.26377,4342.45426,4342.20289,4342.24657
2026-08-08 15:10:00,4342.26736,4342.40958,4342.22515,4342.26133
2026-08-08 15:15:00,4342.26462,4342.46307,4342.20293,4342.35609
2026-08-08 15:20:00,4342.26863,4342.4442,4342.24655,4342.34354
2026-08-08 15:25:00,4342.26383,4342.45341,4342.19804,4342.23778
2026-08-08 15:30:00,4342.262,4342.41527,4342.21136,4342.31596
2026-08-08 15:35:00,4342.25856,4342.45602,4342.19676,4342.35333
2026-08-08 15:40:00,4342.26267,4342.44434,4342.23197,4342.34032
2026-08-08 15:45:00,4342.26028,4342.45881,4342.20551,4342.241
2026-08-08 15:50:00,4342.26729,4342.42638,4342.21401,4342.32314
2026-08-08 15:55:00,4342.26451,4342.45944,4342.19937,4342.36121
2026-08-08 16:00:00,4342.26869,4342.45444,4342.22857,4342.3399
2026-08-08 16:05:00,4342.26395,4342.45958,4342.20832,4342.2389
2026-08-08 16:10:00,4342.26727,4342.43367,4342.20982,4342.32503
2026-08-08 16:15:00,4342.26444,4342.45614,4342.19911,4342.36307
2026-08-08 16:20:00,4342.26871,4342.45816,4342.22168,4342.33799
2026-08-08 16:25:00,4342.26401,4342.45934,4342.21211,4342.23729
2026-08-08 16:30:00,4342.26725,4342.44015,4342.20659,4342.3271
2026-08-08 16:35:00,4342.26413,4342.44622,4342.19618,4342.35883
2026-08-08 16:40:00,4342.2627,4342.45533,4342.2115,4342.33109
2026-08-08 16:45:00,4342.26038,4342.45419,4342.2114,4342.23047
2026-08-08 16:50:00,4342.26195,4342.44232,4342.19862,4342.32777
2026-08-08 16:55:00,4342.26049,4342.44669,4342.20163,4342.36531
2026-08-08 17:00:00,4342.26873,4342.46263,4342.21046,4342.34176
2026-08-08 17:05:00,4342.26606,4342.4558,4342.22248,4342.23555
2026-08-08 17:10:00,4342.26723,4342.45047,4342.20311,4342.33096
2026-08-08 17:15:00,4342.26425,4342.44062,4342.2044,4342.36567
2026-08-08 17:20:00,4342.26874,4342.46336,4342.1624,4342.33605
2026-08-08 17:25:00,4342.25855,4342.44444,4342.1624,4342.18335
2026-08-08 17:30:00,4342.25516,4342.44717,4342.1624,4342.33064
2026-08-08 17:35:00,4342.25669,4342.42364,4342.1624,4342.35607
2026-08-08 17:40:00,4342.25856,4342.45171,4342.1624,4342.34536
2026-08-08 17:45:00,4342.26044,4342.44426,4342.23021,4342.23021
2026-08-08 17:50:00,4342.26195,4342.45339,4342.19809,4342.33379
2026-08-08 17:55:00,4342.26039,4342.42,4342.20939,4342.35918
2026-08-08 18:00:00,4342.2627,4342.45604,4342.19678,4342.34757
2026-08-08 18:05:00,4342.2603,4342.43492,4342.1624,4342.22553
2026-08-08 18:10:00,4342.25667,4342.45144,4342.1624,4342.33462
2026-08-08 18:15:00,4342.25676,4342.40362,4342.1624,4342.3504
2026-08-08 18:20:00,4342.25442,4342.44603,4342.1624,4342.34972
2026-08-08 18:25:00,4342.25657,4342.4308,4342.1624,4342.22882
2026-08-08 18:30:00,4342.25856,4342.45583,4342.20097,4342.31325
2026-08-08 18:35:00,4342.26044,4342.40054,4342.2217,4342.35445
2026-08-08 18:40:00,4342.26044,4342.45072,4342.19536,4342.35872
2026-08-08 18:45:00,4342.26044,4342.42587,4342.23258,4342.23258
2026-08-08 18:50:00,4342.26044,4342.4555,4342.19895,4342.31864
2026-08-08 18:55:00,4342.26044,4342.39085,4342.22905,4342.35231
2026-08-08 19:00:00,4342.26044,4342.45531,4342.19617,4342.36379
2026-08-08 19:05:00,4342.2606,4342.4202,4342.23679,4342.23679
2026-08-08 19:10:00,4342.26233,4342.45224,4342.1624,4342.3186
2026-08-08 19:15:00,4342.25497,4342.38053,4342.1624,4342.34191
2026-08-08 19:20:00,4342.2529,4342.45335,4342.1624,4342.25728
2026-08-08 19:25:00,4342.25875,4342.40969,4342.1624,4342.23779
2026-08-08 19:30:00,4342.26044,4342.44981,4342.1624,4342.34198
2026-08-08 19:35:00,4342.25688,4342.39394,4342.1624,4342.34085
2026-08-08 19:40:00,4342.25448,4342.45018,4342.1624,4342.19334
2026-08-08 19:45:00,4342.25645,4342.39621,4342.1624,4342.188
2026-08-08 19:50:00,4342.25509,4342.44714,4342.1624,4342.3436
2026-08-08 19:55:00,4342.25691,4342.40324,4342.1624,4342.33736
2026-08-08 20:00:00,4342.2545,4342.45358,4342.1624,4342.25037
2026-08-08 20:05:00,4342.26044,4342.39089,4342.24029,4342.24473
2026-08-08 20:10:00,4342.26044,4342.45342,4342.19619,4342.33779
2026-08-08 20:15:00,4342.26044,4342.41513,4342.26009,4342.34753
2026-08-08 20:20:00,4342.2626,4342.45032,4342.1624,4342.24216
2026-08-08 20:25:00,4342.2564,4342.38383,4342.1624,4342.19071
2026-08-08 20:30:00,4342.25504,4342.45143,4342.1624,4342.34651
2026-08-08 20:35:00,4342.25695,4342.41985,4342.1624,4342.32924
2026-08-08 20:40:00,4342.25454,4342.44605,4342.1624,4342.18899
2026-08-08 20:45:00,4342.25638,4342.39181,4342.1624,4342.19226
2026-08-08 20:50:00,4342.25501,4342.45207,4342.1624,4342.34776
2026-08-08 20:55:00,4342.25698,4342.42704,4342.1624,4342.32467
2026-08-08 21:00:00,4342.25457,4342.45077,4342.1624,4342.23707
2026-08-08 21:05:00,4342.25887,4342.40639,4342.21746,4342.25788
2026-08-08 21:10:00,4342.26044,4342.45551,4342.19898,4342.34862
2026-08-08 21:15:00,4342.26044,4342.4368,4342.24032,4342.34277
2026-08-08 21:20:00,4342.26252,4342.4553,4342.19616,4342.23602
2026-08-08 21:25:00,4342.26077,4342.41698,4342.21159,4342.32078
2026-08-08 21:30:00,4342.26215,4342.4561,4342.19868,4342.35323
2026-08-08 21:35:00,4342.26233,4342.44413,4342.23402,4342.32258
2026-08-08 21:40:00,4342.26233,4342.45698,4342.19986,4342.23534
2026-08-08 21:45:00,4342.26233,4342.42482,4342.20835,4342.31449
2026-08-08 21:50:00,4342.26233,4342.45379,4342.19745,4342.35556
2026-08-08 21:55:00,4342.26233,4342.44879,4342.22637,4342.32044
2026-08-08 22:00:00,4342.26233,4342.45771,4342.20267,4342.23324
2026-08-08 22:05:00,4342.26233,4342.43209,4342.20416,4342.30891
2026-08-08 22:10:00,4342.26233,4342.45048,4342.19724,4342.35741
2026-08-08 22:15:00,4342.26233,4342.4525,4342.21951,4342.326
2026-08-08 22:20:00,4342.26233,4342.45742,4342.20645,4342.23163
2026-08-08 22:25:00,4342.26233,4342.43853,4342.20093,4342.30338
2026-08-08 22:30:00,4342.26233,4342.44622,4342.19804,4342.35878
2026-08-08 22:35:00,4342.26233,4342.45524,4342.2135,4342.33148
2026-08-08 22:40:00,4342.26233,4342.45611,4342.21119,4342.23051
2026-08-08 22:45:00,4342.26233,4342.4441,4342.19869,4342.29795
2026-08-08 22:50:00,4342.26233,4342.44103,4342.19985,4342.35965
2026-08-08 22:55:00,4342.26233,4342.45698,4342.20837,4342.33684
2026-08-08 23:00:00,4342.26233,4342.4538,4342.21682,4342.22989
2026-08-08 23:05:00,4342.26233,4342.44877,4342.19745,4342.29266
2026-08-08 23:10:00,4342.26233,4342.43495,4342.20266,4342.36002
2026-08-08 23:15:00,4342.26233,4342.45771,4342.20418,4342.34205
2026-08-08 23:20:00,4342.26233,4342.4505,4342.22333,4342.22978
2026-08-08 23:25:00,4342.26233,4342.45249,4342.19723,4342.29796
2026-08-08 23:30:00,4342.26233,4342.42804,4342.20644,4342.35987
2026-08-08 23:35:00,4342.26233,4342.45742,4342.20094,4342.34704
2026-08-08 23:40:00,4342.26233,4342.44624,4342.23018,4342.23018
2026-08-08 23:45:00,4342.26233,4342.45523,4342.19803,4342.3037
2026-08-08 23:50:00,4342.26233,4342.42034,4342.21116,4342.35922
2026-08-08 23:55:00,4342.26233,4342.45612,4342.1987,4342.3518
2026-08-09 00:00:00,4342.26233,4342.44105,4342.23108,4342.23108
2026-08-09 00:05:00,4342.26233,4342.45697,4342.19984,4342.30936
2026-08-09 00:10:00,4342.26233,4342.41191,4342.2168,4342.35807
2026-08-09 00:15:00,4342.26233,4342.45381,4342.19746,4342.35628
2026-08-09 00:20:00,4342.26233,4342.43498,4342.23248,4342.23248
2026-08-09 00:25:00,4342.26233,4342.45771,4342.20264,4342.31491
2026-08-09 00:30:00,4342.26233,4342.40282,4342.2233,4342.35642
2026-08-09 00:35:00,4342.26233,4342.45247,4342.19723,4342.36044
2026-08-09 00:40:00,4342.26233,4342.42807,4342.23437,4342.23437
2026-08-09 00:45:00,4342.26233,4342.45742,4342.20095,4342.3203
2026-08-09 00:50:00,4342.26233,4342.39315,4342.23061,4342.35429
2026-08-09 00:55:00,4342.26233,4342.45522,4342.19803,4342.36426
2026-08-09 01:00:00,4342.26233,4342.42037,4342.23674,4342.23674
2026-08-09 01:05:00,4342.26233,4342.45612,4342.1987,4342.3255
2026-08-09 01:10:00,4342.26233,4342.38867,4342.23868,4342.3517
2026-08-09 01:15:00,4342.26233,4342.45697,4342.19983,4342.26178
2026-08-09 01:20:00,4342.26233,4342.41194,4342.23955,4342.23955
2026-08-09 01:25:00,4342.26233,4342.45382,4342.19746,4342.33045
2026-08-09 01:30:00,4342.26233,4342.39858,4342.24744,4342.34867
2026-08-09 01:35:00,4342.26233,4342.45771,4342.20263,4342.25696
2026-08-09 01:40:00,4342.26233,4342.40286,4342.2428,4342.2428
2026-08-09 01:45:00,4342.26233,4342.45246,4342.19723,4342.33513
2026-08-09 01:50:00,4342.26233,4342.40794,4342.25683,4342.34521
2026-08-09 01:55:00,4342.26233,4342.45743,4342.20097,4342.25243
2026-08-09 02:00:00,4342.26233,4342.39319,4342.24254,4342.24645
2026-08-09 02:05:00,4342.26233,4342.45521,4342.19802,4342.3395
2026-08-09 02:10:00,4342.26233,4342.41667,4342.26233,4342.34136
2026-08-09 02:15:00,4342.26233,4342.45613,4342.19871,4342.24824
2026-08-09 02:20:00,4342.26233,4342.38863,4342.23415,4342.25049
2026-08-09 02:25:00,4342.26233,4342.45696,4342.19982,4342.34351
2026-08-09 02:30:00,4342.26233,4342.4247,4342.26128,4342.33715
2026-08-09 02:35:00,4342.26233,4342.45383,4342.19746,4342.24441
2026-08-09 02:40:00,4342.26233,4342.39854,4342.22649,4342.25487
2026-08-09 02:45:00,4342.26233,4342.4577,4342.20261,4342.34715
2026-08-09 02:50:00,4342.26233,4342.43197,4342.25163,4342.33261
2026-08-09 02:55:00,4342.26233,4342.45245,4342.19723,4342.24097
2026-08-09 03:00:00,4342.26233,4342.4079,4342.21962,4342.25956
2026-08-09 03:05:00,4342.26233,4342.45743,4342.20098,4342.35038
2026-08-09 03:10:00,4342.26233,4342.43843,4342.24257,4342.32778
2026-08-09 03:15:00,4342.26233,4342.4552,4342.19802,4342.23796
2026-08-09 03:20:00,4342.26233,4342.41663,4342.21359,4342.3202
2026-08-09 03:25:00,4342.26233,4342.45614,4342.19872,4342.35317
2026-08-09 03:30:00,4342.26233,4342.44402,4342.23418,4342.32269
2026-08-09 03:35:00,4342.26233,4342.45696,4342.19981,4342.23539
2026-08-09 03:40:00,4342.26233,4342.42467,4342.20845,4342.31461
2026-08-09 03:45:00,4342.26233,4342.45384,4342.19747,4342.35551
2026-08-09 03:50:00,4342.26233,4342.4487,4342.22652,4342.32032
2026-08-09 03:55:00,4342.26233,4342.4577,4342.2026,4342.23328
2026-08-09 04:00:00,4342.26233,4342.43194,4342.20424,4342.30902
2026-08-09 04:05:00,4342.26233,4342.45056,4342.19723,4342.35738
2026-08-09 04:10:00,4342.26233,4342.45243,4342.21964,4342.32588
2026-08-09 04:15:00,4342.26233,4342.45743,4342.20637,4342.23166
2026-08-09 04:20:00,4342.26233,4342.43841,4342.20099,4342.30349
2026-08-09 04:25:00,4342.26233,4342.44632,4342.19801,4342.35876
2026-08-09 04:30:00,4342.26233,4342.45519,4342.21361,4342.33137
2026-08-09 04:35:00,4342.26233,4342.45615,4342.21108,4342.23053
2026-08-09 04:40:00,4342.26233,4342.444,4342.19873,4342.29806
2026-08-09 04:45:00,4342.26233,4342.44115,4342.1998,4342.35964
2026-08-09 04:50:00,4342.26233,4342.45695,4342.20847,4342.33674
2026-08-09 04:55:00,4342.26233,4342.45385,4342.2167,4342.2299
2026-08-09 05:00:00,4342.26233,4342.44868,4342.19747,4342.29277
2026-08-09 05:05:00,4342.26233,4342.43509,4342.20259,4342.36001
2026-08-09 05:10:00,4342.26233,4342.4577,4342.20425,4342.34194
2026-08-09 05:15:00,4342.26233,4342.45058,4342.22319,4342.22978
2026-08-09 05:20:00,4342.26233,4342.45242,4342.19723,4342.29785
2026-08-09 05:25:00,4342.26233,4342.42819,4342.20635,4342.35988
2026-08-09 05:30:00,4342.26233,4342.45744,4342.201,4342.34694
2026-08-09 05:35:00,4342.26233,4342.44634,4342.23017,4342.23017
2026-08-09 05:40:00,4342.26233,4342.45518,4342.198,4342.30358
2026-08-09 05:45:00,4342.26233,4342.4205,4342.21106,4342.35924
2026-08-09 05:50:00,4342.26233,4342.45615,4342.19873,4342.3517
2026-08-09 05:55:00,4342.26233,4342.44117,4342.23106,4342.23106
2026-08-09 06:00:00,4342.26233,4342.45695,4342.19979,4342.30924
2026-08-09 06:05:00,4342.26233,4342.41209,4342.21668,4342.3581
2026-08-09 06:10:00,4342.26233,4342.45387,4342.19747,4342.35619
2026-08-09 06:15:00,4342.26233,4342.43511,4342.23245,4342.23245
2026-08-09 06:20:00,4342.26233,4342.4577,4342.20257,4342.3148
2026-08-09 06:25:00,4342.26233,4342.40301,4342.22316,4342.35646
2026-08-09 06:30:00,4342.26233,4342.45241,4342.19723,4342.36036
2026-08-09 06:35:00,4342.26233,4342.42822,4342.23433,4342.23433
2026-08-09 06:40:00,4342.26233,4342.45744,4342.20101,4342.32019
2026-08-09 06:45:00,4342.26233,4342.39335,4342.23045,4342.35434
2026-08-09 06:50:00,4342.26233,4342.45517,4342.198,4342.36418
2026-08-09 06:55:00,4342.26233,4342.42053,4342.23668,4342.23668
2026-08-09 07:00:00,4342.26233,4342.45616,4342.19874,4342.32539
2026-08-09 07:05:00,4342.26233,4342.38846,4342.23851,4342.35176
2026-08-09 07:10:00,4342.26233,4342.45694,4342.19978,4342.26188
2026-08-09 07:15:00,4342.26233,4342.41212,4342.23949,4342.23949
2026-08-09 07:20:00,4342.26233,4342.45388,4342.19748,4342.33035
2026-08-09 07:25:00,4342.26233,4342.39838,4342.24726,4342.34873
2026-08-09 07:30:00,4342.26233,4342.4577,4342.20256,4342.25705
2026-08-09 07:35:00,4342.26233,4342.40305,4342.24273,4342.24273
2026-08-09 07:40:00,4342.26233,4342.45239,4342.19723,4342.33504
2026-08-09 07:45:00,4342.26233,4342.40775,4342.25663,4342.34529
2026-08-09 07:50:00,4342.26233,4342.45744,4342.20102,4342.25252
2026-08-09 07:55:00,4342.26233,4342.39129,4342.24272,4342.24457
2026-08-09 08:00:00,4342.26044,4342.45333,4342.19614,4342.33761
2026-08-09 08:05:00,4342.26044,4342.41479,4342.26044,4342.33947
2026-08-09 08:10:00,4342.26044,4342.45424,4342.19682,4342.24635
2026-08-09 08:15:00,4342.26044,4342.38675,4342.23226,4342.2486
2026-08-09 08:20:00,4342.26044,4342.45508,4342.19794,4342.34163
2026-08-09 08:25:00,4342.26044,4342.42282,4342.25938,4342.33526
2026-08-09 08:30:00,4342.26044,4342.45194,4342.19558,4342.24252
2026-08-09 08:35:00,4342.26044,4342.39666,4342.2246,4342.25299
2026-08-09 08:40:00,4342.26044,4342.45582,4342.20073,4342.34527
2026-08-09 08:45:00,4342.26044,4342.43009,4342.24973,4342.33072
2026-08-09 08:50:00,4342.26044,4342.45057,4342.19535,4342.23908
2026-08-09 08:55:00,4342.26044,4342.40602,4342.21773,4342.25768
2026-08-09 09:00:00,4342.26044,4342.45554,4342.19909,4342.34849
2026-08-09 09:05:00,4342.26044,4342.43655,4342.24068,4342.32589
2026-08-09 09:10:00,4342.26044,4342.45332,4342.19613,4342.23607
2026-08-09 09:15:00,4342.26044,4342.41475,4342.2117,4342.31831
2026-08-09 09:20:00,4342.26044,4342.45425,4342.19683,4342.35129
2026-08-09 09:25:00,4342.26044,4342.44214,4342.23229,4342.3208
2026-08-09 09:30:00,4342.26044,4342.45507,4342.19793,4342.2335
2026-08-09 09:35:00,4342.26044,4342.42279,4342.20656,4342.31271
2026-08-09 09:40:00,4342.26044,4342.45195,4342.19558,4342.35363
2026-08-09 09:45:00,4342.26044,4342.44682,4342.22463,4342.31844
2026-08-09 09:50:00,4342.26044,4342.45582,4342.20072,4342.23139
2026-08-09 09:55:00,4342.26044,4342.43006,4342.20235,4342.30713
2026-08-09 10:00:00,4342.26044,4342.44867,4342.19534,4342.3555
2026-08-09 10:05:00,4342.26044,4342.45055,4342.21775,4342.324
2026-08-09 10:10:00,4342.26044,4342.45555,4342.20449,4342.22977
2026-08-09 10:15:00,4342.26044,4342.43652,4342.1991,4342.3016
2026-08-09 10:20:00,4342.26044,4342.44443,4342.19613,4342.35687
2026-08-09 10:25:00,4342.26044,4342.45331,4342.21172,4342.32949
2026-08-09 10:30:00,4342.26044,4342.45426,4342.2092,4342.22864
2026-08-09 10:35:00,4342.26044,4342.44212,4342.19684,4342.29617
2026-08-09 10:40:00,4342.26044,4342.43925,4342.19792,4342.35775
2026-08-09 10:45:00,4342.26044,4342.45507,4342.20658,4342.33485
2026-08-09 10:50:00,4342.26044,4342.45197,4342.21482,4342.22801
2026-08-09 10:55:00,4342.26044,4342.4468,4342.19558,4342.29088
2026-08-09 11:00:00,4342.26044,4342.43319,4342.20071,4342.35813
2026-08-09 11:05:00,4342.26044,4342.45582,4342.20236,4342.34005
2026-08-09 11:10:00,4342.26044,4342.44869,4342.22131,4342.22789
2026-08-09 11:15:00,4342.26044,4342.45054,4342.19534,4342.29597
2026-08-09 11:20:00,4342.26044,4342.42629,4342.20447,4342.35799
2026-08-09 11:25:00,4342.26044,4342.45555,4342.19911,4342.34506
2026-08-09 11:30:00,4342.26044,4342.44445,4342.22828,4342.22828
2026-08-09 11:35:00,4342.26044,4342.4533,4342.19612,4342.3017
2026-08-09 11:40:00,4342.26044,4342.41861,4342.20918,4342.35735
2026-08-09 11:45:00,4342.26044,4342.45427,4342.19685,4342.34982
2026-08-09 11:50:00,4342.26044,4342.43928,4342.22917,4342.22917
2026-08-09 11:55:00,4342.26044,4342.45506,4342.19791,4342.30736
2026-08-09 12:00:00,4342.26044,4342.41019,4342.2148,4342.35621
2026-08-09 12:05:00,4342.26044,4342.45198,4342.19559,4342.35431
2026-08-09 12:10:00,4342.26044,4342.43322,4342.23057,4342.23057
2026-08-09 12:15:00,4342.26044,4342.45582,4342.20069,4342.31292
2026-08-09 12:20:00,4342.26044,4342.40112,4342.22128,4342.35457
2026-08-09 12:25:00,4342.26044,4342.45053,4342.19534,4342.35847
2026-08-09 12:30:00,4342.26044,4342.42632,4342.23245,4342.23245
2026-08-09 12:35:00,4342.26044,4342.45555,4342.19912,4342.31831
2026-08-09 12:40:00,4342.26044,4342.39146,4342.22858,4342.35245
2026-08-09 12:45:00,4342.26044,4342.45329,4342.19611,4342.3623
2026-08-09 12:50:00,4342.26044,4342.41864,4342.2348,4342.2348
2026-08-09 12:55:00,4342.26044,4342.45427,4342.19685,4342.32351
2026-08-09 13:00:00,4342.26044,4342.38658,4342.23663,4342.34987
2026-08-09 13:05:00,4342.26044,4342.45506,4342.1979,4342.25999
2026-08-09 13:10:00,4342.26044,4342.41023,4342.23761,4342.23761
2026-08-09 13:15:00,4342.26044,4342.45199,4342.19559,4342.32847
2026-08-09 13:20:00,4342.26044,4342.39651,4342.24538,4342.34684
2026-08-09 13:25:00,4342.26044,4342.45582,4342.20068,4342.25516
2026-08-09 13:30:00,4342.26044,4342.40116,4342.24085,4342.24085
2026-08-09 13:35:00,4342.26044,4342.45051,4342.19534,4342.33316
2026-08-09 13:40:00,4342.26044,4342.40588,4342.25475,4342.3434
2026-08-09 13:45:00,4342.26044,4342.45556,4342.19913,4342.25063
2026-08-09 13:50:00,4342.26044,4342.3915,4342.24082,4342.24449
2026-08-09 13:55:00,4342.26044,4342.45328,4342.19611,4342.33753
2026-08-09 14:00:00,4342.26044,4342.41462,4342.26044,4342.33956
2026-08-09 14:05:00,4342.26044,4342.45428,4342.19686,4342.24643
2026-08-09 14:10:00,4342.26044,4342.38654,4342.23242,4342.24852
2026-08-09 14:15:00,4342.26044,4342.45505,4342.19789,4342.34155
2026-08-09 14:20:00,4342.26044,4342.42266,4342.25958,4342.33535
2026-08-09 14:25:00,4342.26044,4342.452,4342.19559,4342.24259
2026-08-09 14:30:00,4342.26044,4342.39647,4342.22475,4342.25289
2026-08-09 14:35:00,4342.26044,4342.45581,4342.20067,4342.3452
2026-08-09 14:40:00,4342.26044,4342.42995,4342.24993,4342.33082
2026-08-09 14:45:00,4342.26044,4342.4505,4342.19534,4342.23915
2026-08-09 14:50:00,4342.26044,4342.40584,4342.21786,4342.25758
2026-08-09 14:55:00,4342.26044,4342.45556,4342.19915,4342.34843
2026-08-09 15:00:00,4342.26044,4342.43643,4342.24086,4342.32599
2026-08-09 15:05:00,4342.26044,4342.45327,4342.1961,4342.23613
2026-08-09 15:10:00,4342.26044,4342.41458,4342.21181,4342.31843
2026-08-09 15:15:00,4342.26044,4342.45429,4342.19687,4342.35124
2026-08-09 15:20:00,4342.26044,4342.44203,4342.23245,4342.3209
2026-08-09 15:25:00,4342.26044,4342.45505,4342.19788,4342.23355
2026-08-09 15:30:00,4342.26044,4342.42263,4342.20665,4342.31283
2026-08-09 15:35:00,4342.26044,4342.45201,4342.1956,4342.35359
2026-08-09 15:40:00,4342.26044,4342.44673,4342.22478,4342.31832
2026-08-09 15:45:00,4342.26044,4342.45581,4342.20065,4342.23143
2026-08-09 15:50:00,4342.26044,4342.42992,4342.20242,4342.30725
2026-08-09 15:55:00,4342.26044,4342.44875,4342.19534,4342.35546
2026-08-09 16:00:00,4342.26044,4342.45049,4342.21789,4342.32389
2026-08-09 16:05:00,4342.26044,4342.45556,4342.2044,4342.2298
2026-08-09 16:10:00,4342.26044,4342.4364,4342.19916,4342.30171
2026-08-09 16:15:00,4342.26044,4342.44452,4342.1961,4342.35685
2026-08-09 16:20:00,4342.26044,4342.45326,4342.21184,4342.32938
2026-08-09 16:25:00,4342.26044,4342.45429,4342.20909,4342.22866
2026-08-09 16:30:00,4342.26044,4342.44201,4342.19688,4342.29628
2026-08-09 16:35:00,4342.26044,4342.43937,4342.19787,4342.35774
2026-08-09 16:40:00,4342.26044,4342.45504,4342.20667,4342.33474
2026-08-09 16:45:00,4342.26044,4342.45202,4342.2147,4342.22802
2026-08-09 16:50:00,4342.26044,4342.44672,4342.1956,4342.29098
2026-08-09 16:55:00,4342.26044,4342.43333,4342.20064,4342.35813
2026-08-09 17:00:00,4342.26044,4342.45581,4342.20244,4342.33995
2026-08-09 17:05:00,4342.26044,4342.44876,4342.22117,4342.22789
2026-08-09 17:10:00,4342.26044,4342.45047,4342.19534,4342.29585
2026-08-09 17:15:00,4342.26044,4342.42644,4342.20438,4342.358
2026-08-09 17:20:00,4342.26044,4342.45556,4342.19917,4342.34496
2026-08-09 17:25:00,4342.26044,4342.44454,4342.22827,4342.22827
2026-08-09 17:30:00,4342.26044,4342.45325,4342.19609,4342.30158
2026-08-09 17:35:00,4342.26044,4342.41877,4342.20907,4342.35737
2026-08-09 17:40:00,4342.26044,4342.4543,4342.19688,4342.34973
2026-08-09 17:45:00,4342.26044,4342.43939,4342.22915,4342.22915
2026-08-09 17:50:00,4342.26044,4342.45504,4342.19786,4342.30725
2026-08-09 17:55:00,4342.26044,4342.41037,4342.21467,4342.35624
2026-08-09 18:00:00,4342.26044,4342.45203,4342.1956,4342.35422
2026-08-09 18:05:00,4342.26044,4342.43335,4342.23053,4342.23053
2026-08-09 18:10:00,4342.26044,4342.45581,4342.20063,4342.3128
2026-08-09 18:15:00,4342.26044,4342.40131,4342.22114,4342.35461
2026-08-09 18:20:00,4342.26044,4342.45046,4342.19534,4342.3584
2026-08-09 18:25:00,4342.26044,4342.42647,4342.2324,4342.2324
2026-08-09 18:30:00,4342.26044,4342.45557,4342.19918,4342.3182
2026-08-09 18:35:00,4342.26044,4342.39166,4342.22842,4342.3525
2026-08-09 18:40:00,4342.26044,4342.45324,4342.19609,4342.36223
2026-08-09 18:45:00,4342.26044,4342.41881,4342.23475,4342.23475
2026-08-09 18:50:00,4342.26044,4342.45431,4342.19689,4342.32341
2026-08-09 18:55:00,4342.26044,4342.38638,4342.23646,4342.34993
2026-08-09 19:00:00,4342.26044,4342.45503,4342.19785,4342.26009
2026-08-09 19:05:00,4342.26044,4342.41041,4342.23754,4342.23754
2026-08-09 19:10:00,4342.26044,4342.45205,4342.19561,4342.32837
2026-08-09 19:15:00,4342.26044,4342.39631,4342.24519,4342.34691
2026-08-09 19:20:00,4342.26044,4342.45581,4342.20061,4342.25526
2026-08-09 19:25:00,4342.26044,4342.40135,4342.24078,4342.24078
2026-08-09 19:30:00,4342.26044,4342.45045,4342.19534,4342.33307
2026-08-09 19:35:00,4342.26044,4342.40569,4342.25456,4342.34347
2026-08-09 19:40:00,4342.26044,4342.45557,4342.19919,4342.25072
2026-08-09 19:45:00,4342.26044,4342.3917,4342.241,4342.24441
2026-08-09 19:50:00,4342.26044,4342.45323,4342.19608,4342.33744
2026-08-09 19:55:00,4342.26044,4342.41444,4342.26044,4342.33964
2026-08-09 20:00:00,4342.26044,4342.45432,4342.1969,4342.24651
2026-08-09 20:05:00,4342.26044,4342.38633,4342.23259,4342.24843
2026-08-09 20:10:00,4342.26044,4342.45503,4342.19784,4342.34147
2026-08-09 20:15:00,4342.26044,4342.42251,4342.25979,4342.33544
2026-08-09 20:20:00,4342.26044,4342.45206,4342.19561,4342.24267
2026-08-09 20:25:00,4342.26044,4342.39627,4342.2249,4342.2528
2026-08-09 20:30:00,4342.26044,4342.45581,4342.2006,4342.34513
2026-08-09 20:35:00,4342.26044,4342.42981,4342.25012,4342.33091
2026-08-09 20:40:00,4342.26044,4342.45043,4342.19534,4342.23922
2026-08-09 20:45:00,4342.26044,4342.40565,4342.21799,4342.25748
2026-08-09 20:50:00,4342.26044,4342.45557,4342.1992,4342.34837
2026-08-09 20:55:00,4342.26044,4342.4363,4342.24104,4342.32609
2026-08-09 21:00:00,4342.26044,4342.45323,4342.19608,4342.23618
2026-08-09 21:05:00,4342.26044,4342.41441,4342.21193,4342.31854
2026-08-09 21:10:00,4342.26044,4342.45432,4342.1969,4342.35118
2026-08-09 21:15:00,4342.26044,4342.44193,4342.23262,4342.32101
2026-08-09 21:20:00,4342.26044,4342.45502,4342.19783,4342.2336
2026-08-09 21:25:00,4342.26044,4342.42247,4342.20675,4342.31294
2026-08-09 21:30:00,4342.26044,4342.45207,4342.19561,4342.35354
2026-08-09 21:35:00,4342.26044,4342.44665,4342.22493,4342.31821
2026-08-09 21:40:00,4342.26044,4342.45581,4342.20059,4342.23147
2026-08-09 21:45:00,4342.26044,4342.42978,4342.2025,4342.30736
2026-08-09 21:50:00,4342.26044,4342.44882,4342.19533,4342.35543
2026-08-09 21:55:00,4342.26044,4342.45042,4342.21802,4342.32378
2026-08-09 22:00:00,4342.26044,4342.45558,4342.20431,4342.22983
2026-08-09 22:05:00,4342.26044,4342.43628,4342.19921,4342.30182
2026-08-09 22:10:00,4342.26044,4342.44462,4342.19607,4342.35683
2026-08-09 22:15:00,4342.26044,4342.45322,4342.21195,4342.32926
2026-08-09 22:20:00,4342.26044,4342.45433,4342.20899,4342.22868
2026-08-09 22:25:00,4342.26044,4342.44191,4342.19691,4342.29639
2026-08-09 22:30:00,4342.26044,4342.43948,4342.19782,4342.35773
2026-08-09 22:35:00,4342.26044,4342.45502,4342.20677,4342.33463
2026-08-09 22:40:00,4342.26044,4342.45208,4342.21457,4342.22803
2026-08-09 22:45:00,4342.26044,4342.44663,4342.19562,4342.29109
2026-08-09 22:50:00,4342.26044,4342.43346,4342.20057,4342.35812
2026-08-09 22:55:00,4342.26044,4342.45581,4342.20252,4342.33985
2026-08-09 23:00:00,4342.26044,4342.44884,4342.22102,4342.22789
2026-08-09 23:05:00,4342.26044,4342.4504,4342.19533,4342.29573
2026-08-09 23:10:00,4342.26044,4342.42659,4342.2043,4342.35801
2026-08-09 23:15:00,4342.26044,4342.45558,4342.19922,4342.34486
2026-08-09 23:20:00,4342.26044,4342.44464,4342.22826,4342.22826
2026-08-09 23:25:00,4342.26044,4342.45321,4342.19607,4342.30146
2026-08-09 23:30:00,4342.26044,4342.41894,4342.20897,4342.35739
2026-08-09 23:35:00,4342.26044,4342.45434,4342.19692,4342.34963
2026-08-09 23:40:00,4342.26044,4342.43951,4342.22913,4342.22913
2026-08-09 23:45:00,4342.26044,4342.45501,4342.19781,4342.30713
2026-08-09 23:50:00,4342.26044,4342.41055,4342.21455,4342.35627
2026-08-09 23:55:00,4342.26044,4342.45209,4342.19562,4342.35413
2026-08-10 00:00:00,4342.26044,4342.43349,4342.2305,4342.2305
2026-08-10 00:05:00,4342.26044,4342.45581,4342.20056,4342.31269
2026-08-10 00:10:00,4342.26044,4342.4015,4342.221,4342.35465
2026-08-10 00:15:00,4342.26044,4342.45039,4342.19533,4342.35831
2026-08-10 00:20:00,4342.26044,4342.42662,4342.23236,4342.23236
2026-08-10 00:25:00,4342.26044,4342.45558,4342.19924,4342.3181
2026-08-10 00:30:00,4342.26044,4342.39186,4342.22826,4342.35255
2026-08-10 00:35:00,4342.26044,4342.4532,4342.19606,4342.36215
2026-08-10 00:40:00,4342.26044,4342.41897,4342.23469,4342.23469
2026-08-10 00:45:00,4342.26044,4342.45435,4342.19693,4342.3233
2026-08-10 00:50:00,4342.26044,4342.38617,4342.23629,4342.34998
2026-08-10 00:55:00,4342.26044,4342.45501,4342.19781,4342.2602
2026-08-10 01:00:00,4342.26044,4342.41059,4342.23748,4342.23748
2026-08-10 01:05:00,4342.26044,4342.4521,4342.19562,4342.32828
2026-08-10 01:10:00,4342.26044,4342.39611,4342.24501,4342.34698
2026-08-10 01:15:00,4342.26044,4342.4558,4342.20055,4342.25536
2026-08-10 01:20:00,4342.26044,4342.40154,4342.24071,4342.24071
2026-08-10 01:25:00,4342.26044,4342.45038,4342.19533,4342.33297
2026-08-10 01:30:00,4342.26044,4342.4055,4342.25436,4342.34355
2026-08-10 01:35:00,4342.26044,4342.45559,4342.19925,4342.25081
2026-08-10 01:40:00,4342.26044,4342.3919,4342.24118,4342.24434
2026-08-10 01:45:00,4342.26044,4342.45319,4342.19606,4342.33736
2026-08-10 01:50:00,4342.26044,4342.41427,4342.26044,4342.33972
2026-08-10 01:55:00,4342.26044,4342.45435,4342.19693,4342.2466
2026-08-10 02:00:00,4342.26044,4342.38612,4342.23275,4342.24835
2026-08-10 02:05:00,4342.26044,4342.455,4342.1978,4342.34139
2026-08-10 02:10:00,4342.26044,4342.42235,4342.25999,4342.33553
2026-08-10 02:15:00,4342.26044,4342.45211,4342.19563,4342.24274
2026-08-10 02:20:00,4342.26044,4342.39607,4342.22505,4342.25271
2026-08-10 02:25:00,4342.26044,4342.4558,4342.20053,4342.34505
2026-08-10 02:30:00,4342.26044,4342.42967,4342.25031,4342.33101
2026-08-10 02:35:00,4342.26044,4342.45036,4342.19533,4342.23928
2026-08-10 02:40:00,4342.26044,4342.40547,4342.21812,4342.25738
2026-08-10 02:45:00,4342.26044,4342.45559,4342.19926,4342.34831
2026-08-10 02:50:00,4342.26044,4342.43618,4342.24122,4342.32619
2026-08-10 02:55:00,4342.26044,4342.45318,4342.19605,4342.23624
2026-08-10 03:00:00,4342.26044,4342.41424,4342.21204,4342.31865
2026-08-10 03:05:00,4342.26044,4342.45436,4342.19694,4342.35113
2026-08-10 03:10:00,4342.26044,4342.44182,4342.23278,4342.32112
2026-08-10 03:15:00,4342.26044,4342.455,4342.19779,4342.23364
2026-08-10 03:20:00,4342.26044,4342.42232,4342.20685,4342.31306
2026-08-10 03:25:00,4342.26044,4342.45212,4342.19563,4342.3535
2026-08-10 03:30:00,4342.26044,4342.44656,4342.22508,4342.31809
2026-08-10 03:35:00,4342.26044,4342.4558,4342.20052,4342.23151
2026-08-10 03:40:00,4342.26044,4342.42964,4342.20258,4342.30747
2026-08-10 03:45:00,4342.26044,4342.4489,4342.19533,4342.3554
2026-08-10 03:50:00,4342.26044,4342.45035,4342.21815,4342.32366
2026-08-10 03:55:00,4342.26044,4342.45559,4342.20423,4342.22986
2026-08-10 04:00:00,4342.26044,4342.43615,4342.19927,4342.3262
2026-08-10 04:05:00,4342.26233,4342.43876,4342.1624,4342.35117
2026-08-10 04:10:00,4342.25405,4342.45133,4342.1624,4342.31853
2026-08-10 04:15:00,4342.24913,4342.44483,4342.1624,4342.18359
2026-08-10 04:20:00,4342.25404,4342.4327,4342.1624,4342.28886
2026-08-10 04:25:00,4342.25111,4342.43334,4342.1624,4342.35213
2026-08-10 04:30:00,4342.25554,4342.44947,4342.1624,4342.3282
2026-08-10 04:35:00,4342.25095,4342.44253,4342.1624,4342.18338
2026-08-10 04:40:00,4342.25403,4342.43738,4342.1624,4342.28358
2026-08-10 04:45:00,4342.25105,4342.42724,4342.1624,4342.35247
2026-08-10 04:50:00,4342.25403,4342.45392,4342.20063,4342.33974
2026-08-10 04:55:00,4342.26044,4342.44892,4342.22088,4342.22789
2026-08-10 05:00:00,4342.26044,4342.45034,4342.19533,4342.29561
2026-08-10 05:05:00,4342.26044,4342.43332,4342.20772,4342.36369
2026-08-10 05:10:00,4342.26647,4342.7281,4342.20129,4342.71138
2026-08-10 05:15:00,4342.64183,4342.64183,4342.23627,4342.23766
2026-08-10 05:20:00,4342.26837,4342.44557,4342.1624,4342.29229
2026-08-10 05:25:00,4342.25091,4342.41687,4342.1624,4342.35548
2026-08-10 05:30:00,4342.25893,4342.45241,4342.1624,4342.34723
2026-08-10 05:35:00,4342.25674,4342.4395,4342.1624,4342.22722
2026-08-10 05:40:00,4342.25893,4342.4531,4342.19777,4342.33491
2026-08-10 05:45:00,4342.25848,4342.41054,4342.21254,4342.35626
2026-08-10 05:50:00,4342.26081,4342.45209,4342.19375,4342.35352
2026-08-10 05:55:00,4342.25865,4342.44359,4342.23784,4342.23784
2026-08-10 06:00:00,4342.26835,4342.55572,4342.16245,4342.34705
2026-08-10 06:05:00,4342.28937,4342.40835,4342.22985,4342.36054
2026-08-10 06:10:00,4342.26538,4342.46252,4342.20662,4342.36056
2026-08-10 06:15:00,4342.26408,4342.42504,4342.23425,4342.23425
2026-08-10 06:20:00,4342.26163,4342.45558,4342.1624,4342.33879
2026-08-10 06:25:00,4342.25856,4342.39101,4342.1624,4342.3527
2026-08-10 06:30:00,4342.25975,4342.45315,4342.1624,4342.19639
2026-08-10 06:35:00,4342.25495,4342.42102,4342.1624,4342.23459
2026-08-10 06:40:00,4342.26078,4342.4563,4342.197,4342.34186
2026-08-10 06:45:00,4342.26233,4342.38763,4342.238,4342.35065
2026-08-10 06:50:00,4342.26011,4342.7281,4342.19776,4342.66982
2026-08-10 06:55:00,4342.54376,4342.54842,4342.16142,4342.18657
2026-08-10 07:00:00,4342.28568,4342.53952,4342.21483,4342.34565
2026-08-10 07:05:00,4342.269,4342.59952,4342.1624,4342.51373
2026-08-10 07:10:00,4342.18929,4342.7281,4342.18929,4342.26905
2026-08-10 07:15:00,4342.273,4342.40193,4342.24252,4342.24252
2026-08-10 07:20:00,4342.26202,4342.45031,4342.19533,4342.33288
2026-08-10 07:25:00,4342.26044,4342.7281,4342.07634,4342.37425
2026-08-10 07:30:00,4342.29357,4343.58321,4341.6818,4343.34653
2026-08-10 07:35:00,4342.7836,4344.06425,4342.7836,4343.81475
2026-08-10 07:40:00,4343.82099,4343.86783,4343.67127,4343.73354
2026-08-10 07:45:00,4343.74511,4343.95088,4343.5418,4343.89168
2026-08-10 07:50:00,4343.78325,4343.82968,4343.4826,4343.52128
2026-08-10 07:55:00,4343.51061,4343.8359,4343.51061,4343.62261
2026-08-10 08:00:00,4343.64486,4355.9871,4335.00954,4335.8578
2026-08-10 08:05:00,4337.37228,4341.21988,4336.7015,4337.48661
2026-08-10 08:10:00,4337.46703,4346.22844,4337.46703,4345.95175
2026-08-10 08:15:00,4345.50754,4345.50754,4341.35591,4342.07626
2026-08-10 08:20:00,4343.53715,4343.53715,4339.42594,4340.03081
2026-08-10 08:25:00,4339.84922,4344.04865,4338.95952,4343.27985
2026-08-10 08:30:00,4343.48336,4344.9924,4341.94111,4342.94871
2026-08-10 08:35:00,4343.42772,4343.42772,4340.84299,4341.35876
2026-08-10 08:40:00,4341.15834,4342.49639,4340.95763,4341.23016
2026-08-10 08:45:00,4341.75214,4343.71414,4339.99942,4343.43992
2026-08-10 08:50:00,4342.6765,4344.23737,4342.35095,4342.57025
2026-08-10 08:55:00,4342.61853,4342.7281,4341.74632,4342.46
2026-08-10 09:00:00,4342.32391,4346.98455,4341.50901,4346.19459
2026-08-10 09:05:00,4344.54645,4347.82609,4344.54645,4346.83842
2026-08-10 09:10:00,4346.84049,4347.17985,4346.01389,4346.91071
2026-08-10 09:15:00,4346.50435,4347.63706,4344.23737,4344.58161
2026-08-10 09:20:00,4345.1484,4348.9606,4345.1484,4348.78144
2026-08-10 09:25:00,4348.31168,4349.72182,4347.44715,4349.46476
2026-08-10 09:30:00,4348.83657,4348.83657,4341.40835,4342.87911
2026-08-10 09:35:00,4342.5809,4342.5809,4340.46617,4340.70391
2026-08-10 09:40:00,4341.04609,4343.4826,4340.37901,4341.91098
2026-08-10 09:45:00,4341.80312,4342.7281,4341.20403,4342.62934
2026-08-10 09:50:00,4342.37995,4342.53952,4341.21988,4342.30157
2026-08-10 09:55:00,4342.09908,4342.51961,4333.41507,4333.87088
2026-08-10 10:00:00,4334.80988,4340.27778,4332.60222,4340.0545
2026-08-10 10:05:00,4339.6576,4342.57263,4339.64923,4342.40346
2026-08-10 10:10:00,4342.00005,4346.12543,4341.03143,4345.5813
2026-08-10 10:15:00,4344.26616,4348.22368,4338.77126,4343.00785
2026-08-10 10:20:00,4342.20793,4344.61485,4339.71271,4340.1301
2026-08-10 10:25:00,4340.19727,4340.43296,4337.83022,4338.32681
2026-08-10 10:30:00,4339.11711,4339.11711,4336.26398,4336.44892
2026-08-10 10:35:00,4336.68001,4336.70222,4333.71966,4336.4578
2026-08-10 10:40:00,4336.10278,4338.01839,4334.77427,4334.97893
2026-08-10 10:45:00,4335.34163,4335.34163,4334.44584,4334.82043
2026-08-10 10:50:00,4334.79423,4338.02936,4334.44584,4334.87299
2026-08-10 10:55:00,4335.32087,4336.23061,4331.25433,4332.14584
2026-08-10 11:00:00,4331.95814,4338.95952,4327.42292,4338.75247
2026-08-10 11:05:00,4337.46309,4337.48603,4320.95902,4325.05832
2026-08-10 11:10:00,4325.28238,4325.28238,4322.82886,4324.74399
2026-08-10 11:15:00,4324.24032,4326.38228,4321.37442,4321.84315
2026-08-10 11:20:00,4322.30647,4325.92263,4320.96098,4325.5442
2026-08-10 11:25:00,4325.00939,4327.50563,4321.33443,4322.1185
2026-08-10 11:30:00,4322.22261,4327.69446,4314.55611,4318.65801
2026-08-10 11:35:00,4315.87603,4321.33443,4315.87603,4317.51127
2026-08-10 11:40:00,4317.65577,4317.65577,4313.50559,4316.78663
2026-08-10 11:45:00,4315.72762,4320.12206,4315.72762,4319.43969
2026-08-10 11:50:00,4317.9514,4322.642,4317.9514,4319.99721
2026-08-10 11:55:00,4320.56161,4322.15794,4315.75699,4316.86293
2026-08-10 12:00:00,4318.19741,4323.38954,4318.19741,4322.35501
2026-08-10 12:05:00,4322.12734,4323.7634,4318.72166,4323.44178
2026-08-10 12:10:00,4322.84162,4325.85525,4321.98146,4322.56684
2026-08-10 12:15:00,4323.64325,4326.19511,4323.64325,4325.07714
2026-08-10 12:20:00,4324.85131,4328.25485,4324.46196,4326.46483
2026-08-10 12:25:00,4326.96209,4331.28977,4326.85737,4330.88172
2026-08-10 12:30:00,4329.83852,4334.86314,4325.25952,4329.35917
2026-08-10 12:35:00,4329.00797,4329.51193,4325.59868,4325.72667
2026-08-10 12:40:00,4325.87902,4329.37917,4323.95036,4329.07975
2026-08-10 12:45:00,4328.48343,4328.85082,4322.26833,4323.7377
2026-08-10 12:50:00,4323.50551,4324.69835,4319.09472,4319.59954
2026-08-10 12:55:00,4320.51355,4322.74595,4319.81699,4322.37614
2026-08-10 13:00:00,4321.4286,4321.4286,4318.90818,4319.07617
2026-08-10 13:05:00,4319.35652,4319.55215,4317.97573,4319.4272
2026-08-10 13:10:00,4319.18409,4319.28127,4318.33824,4318.43798
2026-08-10 13:15:00,4318.64137,4322.88106,4318.64137,4321.31755
2026-08-10 13:20:00,4321.29349,4325.82082,4321.29349,4324.61123
2026-08-10 13:25:00,4324.79273,4327.07477,4324.13733,4326.56885
2026-08-10 13:30:00,4325.55058,4327.96402,4325.55058,4327.78895
2026-08-10 13:35:00,4327.28995,4329.19174,4326.75666,4326.99426
2026-08-10 13:40:00,4327.35468,4327.35468,4324.97179,4325.69189
2026-08-10 13:45:00,4325.58368,4327.02278,4325.07244,4326.87824
2026-08-10 13:50:00,4326.53284,4327.58337,4326.53284,4327.46621
2026-08-10 13:55:00,4327.06146,4327.8802,4326.19511,4327.24387
2026-08-10 14:00:00,4326.9562,4327.46582,4324.32432,4324.43925
2026-08-10 14:05:00,4324.55844,4326.96285,4323.45383,4326.41401
2026-08-10 14:10:00,4325.19214,4332.24138,4325.19214,4332.0545
2026-08-10 14:15:00,4331.68677,4332.90459,4330.69161,4332.38839
2026-08-10 14:20:00,4331.67158,4337.07768,4331.67158,4336.81392
2026-08-10 14:25:00,4336.72826,4337.02227,4334.25798,4334.41231
2026-08-10 14:30:00,4334.66938,4335.1068,4333.69447,4333.72622
2026-08-10 14:35:00,4333.67188,4337.08883,4333.67188,4336.67042
2026-08-10 14:40:00,4335.98163,4335.98163,4330.31655,4331.4381
2026-08-10 14:45:00,4330.6105,4335.38542,4330.6105,4334.98366
2026-08-10 14:50:00,4334.87844,4336.72369,4332.74633,4336.15426
2026-08-10 14:55:00,4335.4328,4339.06144,4335.15445,4337.37602
2026-08-10 15:00:00,4337.83472,4339.60831,4335.57338,4336.91799
2026-08-10 15:05:00,4336.38894,4338.95952,4336.3254,4336.52039
2026-08-10 15:10:00,4336.86638,4337.01912,4334.07013,4335.35405
2026-08-10 15:15:00,4335.12394,4336.13737,4333.31889,4333.43618
2026-08-10 15:20:00,4333.62176,4336.13737,4333.13112,4336.0725
2026-08-10 15:25:00,4335.90952,4335.94936,4334.07013,4334.43369
2026-08-10 15:30:00,4334.37862,4339.29814,4332.94337,4338.3286
2026-08-10 15:35:00,4336.27756,4341.32224,4336.27756,4338.67085
2026-08-10 15:40:00,4339.40895,4343.67127,4339.40895,4340.08281
2026-08-10 15:45:00,4340.83272,4346.69217,4340.83272,4346.38181
2026-08-10 15:50:00,4345.73804,4352.17827,4345.73804,4350.19385
2026-08-10 15:55:00,4350.74261,4351.11668,4346.98688,4349.11933
2026-08-10 16:00:00,4348.83189,4348.83189,4343.98749,4345.51864
2026-08-10 16:05:00,4345.43951,4345.61901,4342.1624,4344.68424
2026-08-10 16:10:00,4344.551,4349.71727,4344.11995,4349.65053
2026-08-10 16:15:00,4349.53934,4350.73561,4344.1211,4344.81498
2026-08-10 16:20:00,4345.98874,4345.98874,4342.9167,4344.75942
2026-08-10 16:25:00,4344.61632,4347.38369,4344.23785,4347.01145
2026-08-10 16:30:00,4346.42946,4348.9606,4346.42946,4348.68014
2026-08-10 16:35:00,4348.54581,4349.87563,4346.50324,4349.48759
2026-08-10 16:40:00,4348.82809,4354.50205,4346.94874,4353.4201
2026-08-10 16:45:00,4351.58765,4357.86813,4351.58765,4357.80844
2026-08-10 16:50:00,4357.6194,4357.6194,4355.96986,4356.47111
2026-08-10 16:55:00,4356.51634,4359.57799,4356.51634,4359.44924
2026-08-10 17:00:00,4359.12755,4359.33222,4353.69411,4354.96302
2026-08-10 17:05:00,4354.82625,4355.5904,4354.82625,4355.22585
2026-08-10 17:10:00,4355.28821,4356.55216,4351.07886,4351.32419
2026-08-10 17:15:00,4351.67324,4357.10862,4350.31042,4356.82125
2026-08-10 17:20:00,4356.3752,4357.42504,4352.53152,4356.70948
2026-08-10 17:25:00,4355.01325,4359.00789,4352.17827,4354.08404
2026-08-10 17:30:00,4353.8411,4354.64205,4353.12554,4353.60629
2026-08-10 17:35:00,4353.51064,4358.63797,4352.75913,4358.02903
2026-08-10 17:40:00,4357.23361,4359.38794,4356.91879,4358.56291
2026-08-10 17:45:00,4358.23661,4361.48225,4357.81008,4358.3768
2026-08-10 17:50:00,4359.61155,4359.61155,4355.75284,4355.99635
2026-08-10 17:55:00,4356.36903,4356.36903,4355.19614,4356.03981
2026-08-10 18:00:00,4355.93208,4356.10691,4354.35138,4355.56316
2026-08-10 18:05:00,4355.47838,4356.48018,4352.96158,4353.38494
2026-08-10 18:10:00,4354.25995,4354.25995,4352.36769,4353.81142
2026-08-10 18:15:00,4353.45832,4355.22679,4353.45832,4353.99222
2026-08-10 18:20:00,4353.88022,4355.5904,4353.50457,4353.87424
2026-08-10 18:25:00,4353.84237,4355.93762,4352.36769,4355.60476
2026-08-10 18:30:00,4355.14512,4356.59242,4349.95254,4350.49129
2026-08-10 18:35:00,4351.26703,4351.42074,4348.9606,4350.62921
2026-08-10 18:40:00,4350.3136,4350.3136,4346.12543,4346.51376
2026-08-10 18:45:00,4346.58246,4349.14974,4346.01078,4348.43476
2026-08-10 18:50:00,4348.57678,4348.57678,4345.37001,4346.83969
2026-08-10 18:55:00,4347.04388,4347.44805,4345.55884,4347.2738
2026-08-10 19:00:00,4346.88484,4348.30427,4345.8452,4346.80765
2026-08-10 19:05:00,4347.44711,4348.80735,4345.74769,4347.22058
2026-08-10 19:10:00,4346.7483,4349.50335,4346.7483,4349.36057
2026-08-10 19:15:00,4349.10539,4349.71727,4347.53097,4348.71268
2026-08-10 19:20:00,4348.39715,4348.39715,4347.07007,4348.19712
2026-08-10 19:25:00,4348.11217,4348.61908,4345.93655,4346.15815
2026-08-10 19:30:00,4346.46751,4348.21674,4342.01812,4344.38808
2026-08-10 19:35:00,4343.78035,4346.03703,4341.59684,4343.0305
2026-08-10 19:40:00,4342.73478,4344.23737,4341.59493,4344.13589
2026-08-10 19:45:00,4344.00644,4344.55893,4342.89199,4344.42302
2026-08-10 19:50:00,4344.12595,4344.12595,4341.21988,4342.06781
2026-08-10 19:55:00,4341.67399,4343.10532,4341.67399,4341.87718
2026-08-10 20:00:00,4341.97026,4342.26055,4339.71271,4339.78251
2026-08-10 20:05:00,4339.91756,4341.21988,4339.91756,4340.53932
2026-08-10 20:10:00,4340.5631,4341.03143,4339.77441,4340.7791
2026-08-10 20:15:00,4340.58359,4341.41824,4338.91612,4339.33513
2026-08-10 20:20:00,4340.19463,4344.4261,4340.19463,4344.04694
2026-08-10 20:25:00,4343.91276,4343.91276,4342.26012,4342.38348
2026-08-10 20:30:00,4342.75937,4343.85995,4340.84299,4341.06621
2026-08-10 20:35:00,4341.42691,4342.80836,4338.74667,4338.95699
2026-08-10 20:40:00,4339.59426,4341.54182,4338.13278,4339.27638
2026-08-10 20:45:00,4338.92142,4339.52439,4337.14585,4338.14822
2026-08-10 20:50:00,4338.35003,4340.31658,4338.35003,4338.70677
2026-08-10 20:55:00,4339.07395,4339.33608,4335.88955,4336.40975
2026-08-10 21:00:00,4337.43459,4337.43459,4335.38542,4336.08174
2026-08-10 21:05:00,4335.87823,4335.87823,4333.9796,4335.23753
2026-08-10 21:10:00,4334.88465,4335.40806,4330.69161,4330.99112
2026-08-10 21:15:00,4331.5273,4331.5273,4329.56661,4329.65854
2026-08-10 21:20:00,4329.72388,4333.31889,4328.98052,4333.15328
2026-08-10 21:25:00,4332.71702,4336.55764,4332.54408,4334.35256
2026-08-10 21:30:00,4334.39132,4339.71271,4334.39132,4338.10148
2026-08-10 21:35:00,4338.24769,4338.71539,4335.76136,4338.06041
2026-08-10 21:40:00,4336.76586,4339.71271,4336.7015,4336.82168
2026-08-10 21:45:00,4336.99895,4338.33262,4333.48839,4334.09241
2026-08-10 21:50:00,4335.38524,4336.06751,4332.56791,4336.0152
2026-08-10 21:55:00,4335.86703,4336.13737,4334.25798,4335.92898
2026-08-10 22:00:00,4335.46537,4335.94988,4333.13112,4333.27337
2026-08-10 22:05:00,4333.45069,4335.58645,4332.94337,4335.48912
2026-08-10 22:10:00,4335.29165,4335.7007,4331.86975,4332.0946
2026-08-10 22:15:00,4332.42801,4332.42801,4329.41821,4330.21672
2026-08-10 22:20:00,4330.07523,4330.07523,4327.14771,4327.58681
2026-08-10 22:25:00,4328.51787,4328.51787,4325.82082,4327.43535
2026-08-10 22:30:00,4326.9757,4332.16137,4326.9757,4328.72507
2026-08-10 22:35:00,4330.09749,4332.00485,4327.31836,4331.85035
2026-08-10 22:40:00,4331.52938,4331.86131,4330.27374,4330.67121
2026-08-10 22:45:00,4331.21379,4332.56791,4328.67694,4332.41364
2026-08-10 22:50:00,4332.14601,4333.03105,4330.50407,4332.6519
2026-08-10 22:55:00,4332.39565,4336.51344,4329.38937,4334.66577
2026-08-10 23:00:00,4334.54036,4334.8989,4327.31836,4327.49257
2026-08-10 23:05:00,4327.82599,4331.62956,4327.82599,4330.63136
2026-08-10 23:10:00,4331.00032,4337.07768,4331.00032,4335.55356
2026-08-10 23:15:00,4335.62944,4337.45391,4335.13658,4335.34712
2026-08-10 23:20:00,4335.62306,4335.9326,4329.00433,4329.51759
2026-08-10 23:25:00,4330.45644,4334.07013,4330.12904,4333.05627
2026-08-10 23:30:00,4333.0574,4337.64206,4331.85314,4336.21149
2026-08-10 23:35:00,4335.38537,4338.58302,4335.38537,4338.27846
2026-08-10 23:40:00,4338.32133,4338.39479,4332.57294,4333.50622
2026-08-10 23:45:00,4335.58647,4335.58647,4327.50563,4329.46201
2026-08-10 23:50:00,4329.24497,4329.24497,4323.6559,4323.94746
2026-08-10 23:55:00,4324.52736,4324.87134,4318.19137,4318.97671
2026-08-11 00:00:00,4320.6466,4325.07244,4317.12328,4324.6613
2026-08-11 00:05:00,4324.56245,4325.63371,4323.20263,4325.52682
2026-08-11 00:10:00,4325.34674,4330.16656,4324.66117,4329.23689
2026-08-11 00:15:00,4326.91501,4335.38542,4326.91501,4335.01566
2026-08-11 00:20:00,4334.40345,4340.27778,4333.50667,4339.71937
2026-08-11 00:25:00,4338.62546,4347.63706,4338.07702,4346.16493
2026-08-11 00:30:00,4346.13388,4349.14974,4346.13388,4347.66426
2026-08-11 00:35:00,4348.31453,4348.31453,4345.93655,4347.31003
2026-08-11 00:40:00,4347.00515,4349.52808,4345.84335,4349.4446
2026-08-11 00:45:00,4349.25561,4350.28494,4346.88111,4347.1888
2026-08-11 00:50:00,4347.72482,4347.72482,4344.32519,4345.16285
2026-08-11 00:55:00,4345.11812,4345.11812,4343.29395,4344.77577
2026-08-11 01:00:00,4344.59106,4348.35775,4344.32036,4347.41496
2026-08-11 01:05:00,4346.06429,4351.42074,4345.05518,4346.59825
2026-08-11 01:10:00,4348.70264,4348.70264,4342.7281,4346.80069
2026-08-11 01:15:00,4346.55681,4350.52183,4346.55681,4350.35224
2026-08-11 01:20:00,4349.83486,4351.18308,4349.83486,4350.05513
2026-08-11 01:25:00,4350.18896,4350.18896,4347.98526,4349.58288
2026-08-11 01:30:00,4349.26754,4351.04049,4349.06856,4349.45993
2026-08-11 01:35:00,4350.28072,4351.94399,4348.56754,4350.71936
2026-08-11 01:40:00,4351.3092,4351.3092,4350.0957,4350.82596
2026-08-11 01:45:00,4350.75533,4352.6594,4350.0957,4352.37309
2026-08-11 01:50:00,4351.81515,4357.10862,4351.81515,4356.94773
2026-08-11 01:55:00,4356.57319,4358.42602,4356.57319,4358.12712
2026-08-11 02:00:00,4357.44972,4362.8114,4357.44972,4362.48599
2026-08-11 02:05:00,4361.83835,4361.83835,4357.67823,4361.08828
2026-08-11 02:10:00,4359.73054,4364.71564,4359.73054,4361.83005
2026-08-11 02:15:00,4362.49797,4362.83847,4361.47941,4362.81314
2026-08-11 02:20:00,4362.73448,4364.34346,4362.17544,4362.40676
2026-08-11 02:25:00,4362.75893,4363.95374,4362.75893,4363.36849
2026-08-11 02:30:00,4363.28318,4363.28318,4352.93606,4355.29266
2026-08-11 02:35:00,4355.18514,4359.31704,4355.0663,4357.28468
2026-08-11 02:40:00,4358.26786,4358.26786,4351.42074,4351.93897
2026-08-11 02:45:00,4352.15904,4356.04599,4351.20296,4355.45421
2026-08-11 02:50:00,4354.29552,4354.32494,4351.79947,4352.8361
2026-08-11 02:55:00,4353.01048,4356.32938,4352.74658,4355.92157
2026-08-11 03:00:00,4355.08366,4357.48834,4355.08366,4355.56275
2026-08-11 03:05:00,4356.22499,4356.22499,4352.93606,4355.39168
2026-08-11 03:10:00,4354.23072,4357.86813,4354.23072,4357.76177
2026-08-11 03:15:00,4357.52348,4358.05805,4356.52347,4357.35755
2026-08-11 03:20:00,4357.4437,4360.33836,4356.60235,4360.19769
2026-08-11 03:25:00,4359.83449,4360.32638,4358.63022,4360.25976
2026-08-11 03:30:00,4359.99656,4362.40997,4359.33286,4362.21383
2026-08-11 03:35:00,4361.61789,4364.44707,4361.61789,4363.28405
2026-08-11 03:40:00,4363.16735,4364.90615,4360.44291,4360.86573
2026-08-11 03:45:00,4361.71559,4361.71559,4357.73843,4360.10765
2026-08-11 03:50:00,4358.61337,4361.55298,4358.61337,4360.30968
2026-08-11 03:55:00,4360.11682,4360.18047,4357.78936,4359.52632
2026-08-11 04:00:00,4359.28349,4363.95374,4359.28349,4362.1122
2026-08-11 04:05:00,4362.84376,4365.28724,4362.84376,4363.84609
2026-08-11 04:10:00,4363.97732,4364.58721,4363.32757,4363.4873
2026-08-11 04:15:00,4363.7548,4364.67383,4361.90018,4364.44982
2026-08-11 04:20:00,4364.04926,4364.62173,4362.78904,4364.3731
2026-08-11 04:25:00,4363.82614,4367.00726,4363.82614,4366.86617
2026-08-11 04:30:00,4366.56433,4378.8987,4365.28724,4375.19122
2026-08-11 04:35:00,4376.09139,4381.54493,4376.09139,4381.26534
2026-08-11 04:40:00,4380.77192,4383.37202,4380.77192,4381.3625
2026-08-11 04:45:00,4381.72934,4383.71101,4374.07051,4377.28575
2026-08-11 04:50:00,4376.90653,4378.85887,4375.02734,4375.32282
2026-08-11 04:55:00,4375.77163,4379.05062,4374.70405,4378.99177
2026-08-11 05:00:00,4378.87004,4380.87404,4378.64066,4380.59255
2026-08-11 05:05:00,4380.18885,4382.8892,4380.18885,4382.15121
2026-08-11 05:10:00,4382.20147,4382.72592,4381.35296,4382.68622
2026-08-11 05:15:00,4382.56022,4383.08131,4381.92893,4382.06447
2026-08-11 05:20:00,4382.09947,4386.60233,4382.09947,4384.69821
2026-08-11 05:25:00,4384.90181,4390.62854,4384.90181,4390.42947
2026-08-11 05:30:00,4390.12131,4393.35803,4387.40784,4389.47551
2026-08-11 05:35:00,4388.83592,4388.83592,4386.23136,4388.05545
2026-08-11 05:40:00,4387.42977,4390.39382,4387.42977,4389.13924
2026-08-11 05:45:00,4389.80247,4394.42994,4387.88943,4393.51936
2026-08-11 05:50:00,4391.78047,4395.6044,4391.35781,4391.68878
2026-08-11 05:55:00,4392.30593,4393.02518,4387.88943,4389.70661
2026-08-11 06:00:00,4389.22345,4389.81563,4387.6969,4388.84763
2026-08-11 06:05:00,4388.74203,4388.8334,4386.83656,4386.98018
2026-08-11 06:10:00,4387.19871,4390.97216,4386.54209,4390.72741
2026-08-11 06:15:00,4390.24005,4391.50619,4389.62293,4391.39026
2026-08-11 06:20:00,4391.19409,4391.19409,4387.11942,4387.39648
2026-08-11 06:25:00,4387.59536,4391.49331,4387.59536,4391.13474
2026-08-11 06:30:00,4390.47173,4391.9364,4390.47173,4391.34096
2026-08-11 06:35:00,4391.24415,4391.53214,4390.249,4390.8636
2026-08-11 06:40:00,4390.68,4391.35781,4390.20107,4390.45046
2026-08-11 06:45:00,4390.81471,4391.00838,4389.04494,4389.15331
2026-08-11 06:50:00,4389.35818,4390.401,4389.02452,4390.37465
2026-08-11 06:55:00,4390.31998,4390.31998,4389.04494,4389.993
2026-08-11 07:00:00,4389.83451,4390.00834,4387.31189,4387.57267
2026-08-11 07:05:00,4387.68213,4387.6969,4387.31189,4387.54241
2026-08-11 07:10:00,4387.45508,4387.6969,4387.40137,4387.67288
2026-08-11 07:15:00,4387.57167,4387.66555,4387.37384,4387.41313
2026-08-11 07:20:00,4387.43722,4387.58359,4387.31189,4387.47478
2026-08-11 07:25:00,4387.40532,4387.63692,4387.31189,4387.53363
2026-08-11 07:30:00,4387.44226,4389.23759,4387.27137,4388.9667
2026-08-11 07:35:00,4388.86029,4389.1408,4388.6597,4389.02754
2026-08-11 07:40:00,4388.9403,4389.30011,4388.85232,4388.91199
2026-08-11 07:45:00,4389.01576,4389.23759,4388.96602,4389.02323
2026-08-11 07:50:00,4388.96982,4389.15796,4388.90018,4389.06408
2026-08-11 07:55:00,4388.96826,4389.15834,4388.92237,4389.03059
2026-08-11 08:00:00,4388.96596,4391.9364,4388.39839,4389.85183
2026-08-11 08:05:00,4389.90836,4391.35781,4389.81563,4390.63737
2026-08-11 08:10:00,4390.74824,4392.62089,4390.58658,4391.85076
2026-08-11 08:15:00,4391.92131,4392.53117,4391.19939,4392.18218
2026-08-11 08:20:00,4392.26407,4393.3507,4391.77143,4393.26377
2026-08-11 08:25:00,4393.16396,4393.22924,4392.45914,4392.48381
2026-08-11 08:30:00,4392.47309,4393.63161,4392.22761,4393.37996
2026-08-11 08:35:00,4392.90117,4394.25116,4392.90117,4394.12751
2026-08-11 08:40:00,4393.94731,4396.32395,4393.94731,4396.02938
2026-08-11 08:45:00,4395.56411,4398.69799,4395.56411,4398.09527
2026-08-11 08:50:00,4398.03643,4399.80243,4397.73077,4398.41511
2026-08-11 08:55:00,4398.94997,4400.47991,4398.94997,4399.51915
2026-08-11 09:00:00,4399.75928,4401.21474,4398.48953,4398.85575
2026-08-11 09:05:00,4399.61892,4401.86975,4397.14546,4398.26554
2026-08-11 09:10:00,4399.40573,4399.40573,4396.18411,4397.27149
2026-08-11 09:15:00,4396.97594,4397.73077,4395.02483,4395.13512
2026-08-11 09:20:00,4395.31242,4396.07956,4395.02483,4395.09828
2026-08-11 09:25:00,4395.24624,4395.6953,4394.99006,4395.33896
2026-08-11 09:30:00,4395.29754,4396.03787,4395.12239,4395.65519
2026-08-11 09:35:00,4395.60878,4398.89578,4395.60878,4398.8457
2026-08-11 09:40:00,4398.72735,4398.91287,4397.92418,4398.83344
2026-08-11 09:45:00,4398.744,4399.31454,4396.7515,4397.99233
2026-08-11 09:50:00,4398.10777,4398.48457,4396.79441,4397.32808
2026-08-11 09:55:00,4397.56673,4402.3249,4397.56673,4402.0834
2026-08-11 10:00:00,4401.5307,4402.92799,4396.37739,4401.78331
2026-08-11 10:05:00,4399.92915,4405.38337,4399.92915,4404.98276
2026-08-11 10:10:00,4404.15043,4408.29449,4404.15043,4404.8877
2026-08-11 10:15:00,4405.27902,4407.81064,4403.47879,4405.81347
2026-08-11 10:20:00,4406.16653,4411.53155,4405.16266,4411.00335
2026-08-11 10:25:00,4409.62097,4414.42635,4409.62097,4413.19544
2026-08-11 10:30:00,4413.39455,4415.01104,4412.25216,4412.41826
2026-08-11 10:35:00,4412.54657,4413.06267,4410.05522,4410.4736
2026-08-11 10:40:00,4411.36617,4412.2838,4407.22785,4411.63607
2026-08-11 10:45:00,4410.28626,4422.79946,4408.78229,4409.73925
2026-08-11 10:50:00,4411.47966,4413.25743,4411.36517,4412.63312
2026-08-11 10:55:00,4412.32274,4412.32274,4409.62133,4410.25099
2026-08-11 11:00:00,4411.64976,4411.64976,4392.55003,4393.77719
2026-08-11 11:05:00,4395.33697,4406.64522,4395.33697,4406.47416
2026-08-11 11:10:00,4405.99712,4415.40092,4402.86264,4413.09506
2026-08-11 11:15:00,4413.41398,4418.32722,4413.41398,4415.02417
2026-08-11 11:20:00,4415.74166,4420.28025,4414.42635,4415.82639
2026-08-11 11:25:00,4416.40029,4418.23311,4414.42635,4417.57179
2026-08-11 11:30:00,4416.25612,4420.98364,4416.25612,4420.87286
2026-08-11 11:35:00,4420.65266,4420.65266,4417.05072,4419.67831
2026-08-11 11:40:00,4419.24357,4421.06194,4416.56588,4420.77565
2026-08-11 11:45:00,4420.39398,4425.97686,4417.54649,4424.77593
2026-08-11 11:50:00,4421.77662,4430.98698,4421.77662,4430.30482
2026-08-11 11:55:00,4429.41914,4432.42764,4429.41914,4430.57525
2026-08-11 12:00:00,4430.75816,4431.23547,4424.7152,4425.0001
2026-08-11 12:05:00,4425.56234,4429.09026,4422.93991,4424.36385
2026-08-11 12:10:00,4425.11438,4433.71073,4423.21302,4432.6762
2026-08-11 12:15:00,4430.1116,4434.78647,4430.1116,4433.66056
2026-08-11 12:20:00,4433.36771,4434.38954,4427.12945,4427.4631
2026-08-11 12:25:00,4428.03137,4430.07132,4427.52147,4429.64476
2026-08-11 12:30:00,4429.50013,4430.54679,4423.98801,4424.43484
2026-08-11 12:35:00,4425.12029,4426.93346,4415.03167,4416.011
2026-08-11 12:40:00,4417.78482,4420.67106,4413.84181,4419.10145
2026-08-11 12:45:00,4419.3965,4420.24791,4415.79087,4417.05933
2026-08-11 12:50:00,4416.77284,4417.61948,4410.33783,4411.81984
2026-08-11 12:55:00,4411.60782,4412.20783,4409.71229,4411.97389
2026-08-11 13:00:00,4411.71515,4413.4522,4411.27082,4412.75386
2026-08-11 13:05:00,4412.82369,4414.04422,4411.3106,4413.61584
2026-08-11 13:10:00,4412.48511,4414.62123,4412.24637,4413.63563
2026-08-11 13:15:00,4413.97005,4416.93484,4413.06267,4416.43546
2026-08-11 13:20:00,4415.12093,4418.13201,4415.01104,4415.20699
2026-08-11 13:25:00,4415.55868,4421.06194,4414.82024,4419.05271
2026-08-11 13:30:00,4419.21027,4421.25741,4418.18917,4419.47974
2026-08-11 13:35:00,4419.66966,4420.19507,4418.87426,4418.99643
2026-08-11 13:40:00,4419.18369,4419.49883,4416.96113,4417.23667
2026-08-11 13:45:00,4417.72068,4417.72068,4415.12366,4415.97622
2026-08-11 13:50:00,4415.96296,4417.54649,4414.05663,4417.29624
2026-08-11 13:55:00,4416.85456,4417.93682,4416.17217,4417.818
2026-08-11 14:00:00,4417.55213,4419.69416,4417.13148,4418.41469
2026-08-11 14:05:00,4418.96867,4418.96867,4414.42635,4414.78277
2026-08-11 14:10:00,4415.43695,4415.43695,4412.86792,4413.4696
2026-08-11 14:15:00,4413.33264,4415.16489,4413.25743,4414.93247
2026-08-11 14:20:00,4414.55126,4416.33269,4410.92144,4412.77709
2026-08-11 14:25:00,4412.23635,4415.23739,4411.50521,4414.71657
2026-08-11 14:30:00,4413.60882,4419.8895,4410.73297,4419.57859
2026-08-11 14:35:00,4418.87399,4420.64933,4411.89447,4413.52436
2026-08-11 14:40:00,4413.15778,4415.83432,4408.58793,4409.31332
2026-08-11 14:45:00,4409.69756,4411.11601,4408.8358,4409.93983
2026-08-11 14:50:00,4410.26563,4410.26563,4405.88717,4406.19146
2026-08-11 14:55:00,4406.78726,4408.13392,4404.31623,4406.92213
2026-08-11 15:00:00,4406.34773,4408.58793,4405.28621,4407.41367
2026-08-11 15:05:00,4406.70502,4406.70502,4403.15266,4405.56063
2026-08-11 15:10:00,4404.86327,4406.25688,4400.24641,4402.13536
2026-08-11 15:15:00,4401.96938,4402.18348,4398.47565,4398.80281
2026-08-11 15:20:00,4399.46852,4399.46852,4396.57114,4399.16807
2026-08-11 15:25:00,4398.90674,4398.90674,4390.77936,4392.36558
2026-08-11 15:30:00,4392.64378,4399.39119,4375.41019,4380.53587
2026-08-11 15:35:00,4377.99569,4385.18806,4377.99569,4381.69999
2026-08-11 15:40:00,4383.27298,4383.27298,4373.49661,4373.78784
2026-08-11 15:45:00,4374.80103,4378.85887,4372.1581,4377.71196
2026-08-11 15:50:00,4376.02846,4376.85561,4369.67446,4372.21926
2026-08-11 15:55:00,4371.86375,4374.40765,4368.52912,4374.14702
2026-08-11 16:00:00,4373.48361,4380.20149,4372.54045,4379.88441
2026-08-11 16:05:00,4379.25945,4382.12833,4378.5702,4381.74552
2026-08-11 16:10:00,4380.86963,4382.31298,4375.64509,4376.7759
2026-08-11 16:15:00,4378.41014,4378.41014,4371.66815,4375.86251
2026-08-11 16:20:00,4375.08108,4375.08108,4368.52912,4373.72005
2026-08-11 16:25:00,4373.07702,4373.40899,4364.56508,4366.27679
2026-08-11 16:30:00,4370.29888,4370.29888,4360.71865,4360.89908
2026-08-11 16:35:00,4361.52846,4367.76589,4361.52846,4367.20025
2026-08-11 16:40:00,4366.22674,4368.91083,4365.09815,4365.67864
2026-08-11 16:45:00,4366.5541,4367.19364,4363.00175,4366.90884
2026-08-11 16:50:00,4366.71235,4368.1948,4362.20779,4363.12985
2026-08-11 16:55:00,4364.4273,4365.05077,4360.5285,4364.78252
2026-08-11 17:00:00,4364.40859,4367.00293,4363.76331,4364.03505
2026-08-11 17:05:00,4364.50483,4364.50483,4361.66042,4363.28369
2026-08-11 17:10:00,4363.2423,4363.97783,4361.8599,4363.77396
2026-08-11 17:15:00,4363.45093,4364.53247,4360.05653,4360.52521
2026-08-11 17:20:00,4361.42424,4362.57907,4357.86813,4358.16451
2026-08-11 17:25:00,4358.9493,4365.4778,4358.61241,4363.77529
2026-08-11 17:30:00,4364.32735,4366.69138,4359.57799,4362.16273
2026-08-11 17:35:00,4361.98581,4363.59601,4360.13511,4360.40877
2026-08-11 17:40:00,4360.90688,4360.90688,4357.26681,4358.00369
2026-08-11 17:45:00,4357.67982,4359.38851,4357.67982,4359.34573
2026-08-11 17:50:00,4359.21639,4361.66965,4358.81789,4360.60697
2026-08-11 17:55:00,4360.97442,4360.97442,4357.42737,4357.57737
2026-08-11 18:00:00,4357.80034,4363.76331,4356.48594,4363.45869
2026-08-11 18:05:00,4362.65777,4366.24023,4362.65777,4366.01019
2026-08-11 18:10:00,4365.94053,4366.40389,4364.33466,4364.47545
2026-08-11 18:15:00,4364.61571,4366.3047,4360.5285,4360.74534
2026-08-11 18:20:00,4360.87986,4363.73201,4360.04369,4363.43255
2026-08-11 18:25:00,4362.62401,4369.11974,4362.62401,4367.53685
2026-08-11 18:30:00,4368.20164,4371.01145,4368.20164,4370.01579
2026-08-11 18:35:00,4370.29584,4373.70354,4370.29584,4373.48186
2026-08-11 18:40:00,4372.87802,4376.32196,4372.58919,4376.11609
2026-08-11 18:45:00,4375.74676,4375.7494,4372.92286,4373.09393
2026-08-11 18:50:00,4373.44944,4376.36761,4372.33218,4372.78467
2026-08-11 18:55:00,4373.745,4373.745,4370.25965,4370.4767
2026-08-11 19:00:00,4370.80666,4371.5847,4366.97202,4371.43122
2026-08-11 19:05:00,4371.1102,4372.24145,4371.1102,4371.3595
2026-08-11 19:10:00,4371.79398,4372.64038,4370.8204,4372.41243
2026-08-11 19:15:00,4371.75159,4373.50801,4371.75159,4373.29088
2026-08-11 19:20:00,4372.763,4375.02734,4371.20252,4373.50016
2026-08-11 19:25:00,4373.18539,4375.9846,4371.3936,4375.67967
2026-08-11 19:30:00,4374.96702,4374.96702,4371.44367,4374.19635
2026-08-11 19:35:00,4374.01609,4374.01609,4372.83293,4373.81929
2026-08-11 19:40:00,4373.67242,4374.92282,4371.77582,4371.95117
2026-08-11 19:45:00,4372.23441,4374.12298,4370.24736,4373.84976
2026-08-11 19:50:00,4373.48522,4374.90507,4371.3936,4372.33248
2026-08-11 19:55:00,4372.20749,4372.92286,4371.32463,4372.83373
2026-08-11 20:00:00,4372.63306,4374.26184,4371.5847,4371.69673
2026-08-11 20:05:00,4372.11992,4374.64456,4370.75714,4373.39675
2026-08-11 20:10:00,4373.56788,4375.41019,4373.11409,4373.30361
2026-08-11 20:15:00,4373.56563,4374.83594,4373.35929,4373.58002
2026-08-11 20:20:00,4373.96877,4377.90036,4372.38991,4377.50741
2026-08-11 20:25:00,4376.68722,4380.77715,4374.51572,4380.59806
2026-08-11 20:30:00,4380.38837,4380.58525,4378.09203,4378.34502
2026-08-11 20:35:00,4378.70692,4379.62598,4378.62107,4379.56456
2026-08-11 20:40:00,4379.31202,4379.31202,4377.51707,4377.56887
2026-08-11 20:45:00,4377.625,4380.20149,4377.57065,4379.82302
2026-08-11 20:50:00,4379.81684,4381.73692,4379.55069,4380.67136
2026-08-11 20:55:00,4380.77613,4380.85837,4378.907,4379.13876
2026-08-11 21:00:00,4379.24595,4391.24374,4379.24595,4390.5726
2026-08-11 21:05:00,4389.591,4392.1293,4389.591,4391.03541
2026-08-11 21:10:00,4390.92878,4392.74512,4389.81563,4392.47227
2026-08-11 21:15:00,4391.9715,4391.9715,4388.46711,4389.94207
2026-08-11 21:20:00,4389.7836,4390.58658,4386.15729,4386.25404
2026-08-11 21:25:00,4386.44784,4388.27453,4385.66274,4387.17342
2026-08-11 21:30:00,4387.33555,4388.45555,4385.96491,4386.37546
2026-08-11 21:35:00,4386.28799,4386.73451,4384.45044,4384.68075
2026-08-11 21:40:00,4384.96822,4385.77255,4381.88843,4385.53029
2026-08-11 21:45:00,4385.18686,4388.37384,4385.03335,4387.18425
2026-08-11 21:50:00,4387.28862,4389.04494,4386.15729,4388.63925
2026-08-11 21:55:00,4388.55715,4388.7326,4385.96491,4388.61588
2026-08-11 22:00:00,4388.38174,4388.38174,4384.97378,4384.99809
2026-08-11 22:05:00,4385.14765,4395.02483,4382.97149,4394.58511
2026-08-11 22:10:00,4393.88009,4397.15065,4390.79808,4396.73341
2026-08-11 22:15:00,4396.03619,4396.95731,4393.67311,4393.80619
2026-08-11 22:20:00,4394.04538,4399.27852,4389.56851,4390.44738
2026-08-11 22:25:00,4392.49338,4392.49338,4388.27453,4390.9933
2026-08-11 22:30:00,4390.87024,4396.24259,4390.00834,4395.3809
2026-08-11 22:35:00,4393.25689,4393.25689,4388.46711,4389.9847
2026-08-11 22:40:00,4390.29104,4396.37739,4387.35284,4394.77656
2026-08-11 22:45:00,4394.72831,4400.24641,4392.97504,4397.80323
2026-08-11 22:50:00,4397.26418,4397.7649,4393.67311,4393.85593
2026-08-11 22:55:00,4394.16605,4394.92148,4392.94498,4394.61516
2026-08-11 23:00:00,4394.05368,4398.31105,4392.46414,4398.19754
2026-08-11 23:05:00,4398.23565,4398.23565,4393.48008,4396.89811
2026-08-11 23:10:00,4396.23606,4401.04793,4394.43444,4397.06528
2026-08-11 23:15:00,4398.16392,4399.60583,4390.97216,4394.5722
2026-08-11 23:20:00,4393.7694,4400.82736,4393.7694,4400.54139
2026-08-11 23:25:00,4400.18229,4400.18229,4396.76398,4399.38268
2026-08-11 23:30:00,4399.37912,4399.37912,4392.147,4393.00447
2026-08-11 23:35:00,4394.87286,4398.11761,4387.40039,4397.43929
2026-08-11 23:40:00,4397.04115,4400.89624,4397.04115,4399.93971
2026-08-11 23:45:00,4400.0859,4407.93875,4393.09406,4393.95857
2026-08-11 23:50:00,4395.35277,4395.6044,4386.7288,4388.24175
2026-08-11 23:55:00,4391.82603,4394.25232,4384.61876,4389.87291
2026-08-12 00:00:00,4390.7037,4390.7037,4383.26651,4383.70505
2026-08-12 00:05:00,4384.63865,4385.96491,4381.35912,4384.27209
2026-08-12 00:10:00,4384.19785,4386.73451,4383.38392,4386.50098
2026-08-12 00:15:00,4385.96698,4389.81563,4383.05585,4385.33119
2026-08-12 00:20:00,4386.3259,4389.81563,4382.31298,4382.75753
2026-08-12 00:25:00,4383.3956,4387.06225,4380.36847,4386.87473
2026-08-12 00:30:00,4386.60576,4389.56766,4385.00329,4386.89383
2026-08-12 00:35:00,4387.43478,4392.4907,4387.43478,4392.28776
2026-08-12 00:40:00,4391.98108,4395.02483,4391.98108,4394.90149
2026-08-12 00:45:00,4394.54599,4394.63854,4393.28706,4394.56484
2026-08-12 00:50:00,4394.35737,4395.02483,4392.7081,4393.46026
2026-08-12 00:55:00,4393.66935,4397.73077,4391.73774,4393.37616
2026-08-12 01:00:00,4393.81663,4398.31105,4392.91957,4397.59162
2026-08-12 01:05:00,4397.11429,4398.11761,4390.58658,4391.07043
2026-08-12 01:10:00,4392.02388,4395.79762,4389.69033,4395.47455
2026-08-12 01:15:00,4395.11495,4395.11495,4384.13714,4385.15796
2026-08-12 01:20:00,4386.9397,4388.6597,4382.50504,4388.50924
2026-08-12 01:25:00,4387.95318,4388.59036,4382.93365,4386.97919
2026-08-12 01:30:00,4386.27087,4386.54209,4382.5511,4385.14282
2026-08-12 01:35:00,4385.00531,4385.00531,4373.85346,4374.61869
2026-08-12 01:40:00,4375.79293,4375.79293,4370.25762,4374.82704
2026-08-12 01:45:00,4373.90539,4378.41206,4373.90539,4375.99231
2026-08-12 01:50:00,4376.40135,4378.3606,4376.30929,4377.83265
2026-08-12 01:55:00,4377.11806,4382.44587,4377.11806,4380.04955
2026-08-12 02:00:00,4380.32852,4384.61876,4380.32852,4382.92629
2026-08-12 02:05:00,4383.23326,4383.23326,4379.43418,4380.20782
2026-08-12 02:10:00,4379.63678,4380.96907,4378.66713,4378.88636
2026-08-12 02:15:00,4379.23968,4381.01621,4379.23968,4379.84764
2026-08-12 02:20:00,4380.37351,4383.08131,4378.24607,4382.86878
2026-08-12 02:25:00,4382.38324,4383.65772,4380.96907,4383.43615
2026-08-12 02:30:00,4382.91243,4382.91243,4380.20149,4380.33689
2026-08-12 02:35:00,4380.30914,4385.00329,4380.19812,4383.38111
2026-08-12 02:40:00,4383.52362,4384.99374,4383.14483,4384.88798
2026-08-12 02:45:00,4384.79623,4385.51315,4382.69711,4383.1031
2026-08-12 02:50:00,4383.13715,4383.36793,4381.54493,4381.63374
2026-08-12 02:55:00,4381.71688,4385.19558,4381.00205,4384.11668
2026-08-12 03:00:00,4384.2809,4384.81101,4382.50504,4382.77692
2026-08-12 03:05:00,4383.14082,4385.00329,4381.73692,4384.83079
2026-08-12 03:10:00,4384.47515,4384.47515,4381.73692,4381.85853
2026-08-12 03:15:00,4381.99194,4383.61464,4380.05136,4383.44438
2026-08-12 03:20:00,4383.13367,4384.04209,4379.8178,4380.06321
2026-08-12 03:25:00,4380.56971,4381.69798,4379.43418,4379.53248
2026-08-12 03:30:00,4379.88588,4382.50504,4377.78321,4377.86898
2026-08-12 03:35:00,4377.9752,4378.44839,4374.45319,4376.78139
2026-08-12 03:40:00,4376.36249,4377.90036,4375.43047,4377.30361
2026-08-12 03:45:00,4377.45051,4377.45051,4375.02734,4377.22266
2026-08-12 03:50:00,4377.024,4377.71388,4373.63691,4374.03622
2026-08-12 03:55:00,4374.75995,4374.75995,4369.48353,4371.91971
2026-08-12 04:00:00,4371.50867,4371.50867,4365.28724,4365.57354
2026-08-12 04:05:00,4365.63828,4366.25032,4361.77992,4362.13427
2026-08-12 04:10:00,4362.85877,4363.95374,4361.2892,4363.26771
2026-08-12 04:15:00,4363.31553,4366.95521,4362.16919,4366.56993
2026-08-12 04:20:00,4366.06555,4368.58909,4362.24045,4364.72823
2026-08-12 04:25:00,4364.36774,4365.09669,4362.9337,4363.20948
2026-08-12 04:30:00,4363.68198,4367.27199,4361.2892,4366.58652
2026-08-12 04:35:00,4365.42332,4371.01145,4365.42332,4370.87961
2026-08-12 04:40:00,4370.48184,4371.40454,4368.91083,4370.95217
2026-08-12 04:45:00,4369.9111,4372.51328,4369.9111,4371.63005
2026-08-12 04:50:00,4371.70985,4372.18237,4371.5847,4372.11499
2026-08-12 04:55:00,4372.01751,4372.6332,4370.62937,4371.38532
2026-08-12 05:00:00,4371.27865,4371.81732,4369.621,4370.61449
2026-08-12 05:05:00,4370.4053,4372.81129,4364.33466,4365.22709
2026-08-12 05:10:00,4364.96934,4367.19364,4363.64287,4366.02482
2026-08-12 05:15:00,4365.89293,4365.89293,4362.32035,4362.60668
2026-08-12 05:20:00,4363.03011,4366.94194,4361.8599,4366.43236
2026-08-12 05:25:00,4365.2024,4370.43835,4365.2024,4370.28141
2026-08-12 05:30:00,4370.05754,4374.79549,4370.05754,4371.55467
2026-08-12 05:35:00,4371.99604,4371.99604,4367.95667,4369.82184
2026-08-12 05:40:00,4368.99552,4370.76997,4367.36512,4367.7505
2026-08-12 05:45:00,4368.51359,4369.48668,4366.62154,4367.24643
2026-08-12 05:50:00,4367.38649,4371.18868,4365.54005,4366.0172
2026-08-12 05:55:00,4366.78253,4373.11409,4366.78253,4372.69971
2026-08-12 06:00:00,4372.60911,4372.62815,4368.91083,4369.42423
2026-08-12 06:05:00,4369.28033,4370.62466,4369.26264,4370.346
2026-08-12 06:10:00,4369.97712,4370.93639,4369.97712,4370.81647
2026-08-12 06:15:00,4370.75793,4370.75793,4367.95667,4368.05685
2026-08-12 06:20:00,4368.25719,4369.33892,4368.01895,4369.15539
2026-08-12 06:25:00,4368.91182,4370.8204,4368.91182,4370.15316
2026-08-12 06:30:00,4370.45694,4370.48128,4369.48353,4370.36818
2026-08-12 06:35:00,4370.13766,4370.13766,4369.10171,4369.60882
2026-08-12 06:40:00,4369.35522,4369.67446,4367.75193,4367.84455
2026-08-12 06:45:00,4367.97792,4367.97792,4367.38437,4367.66022
2026-08-12 06:50:00,4367.59122,4367.98235,4367.25423,4367.73182
2026-08-12 06:55:00,4367.58324,4368.75593,4367.54296,4367.71611
2026-08-12 07:00:00,4368.15364,4369.29915,4368.15364,4368.54796
2026-08-12 07:05:00,4368.56663,4368.66496,4368.41208,4368.56854
2026-08-12 07:10:00,4368.47305,4368.63086,4368.33828,4368.56007
2026-08-12 07:15:00,4368.47339,4368.67843,4368.41882,4368.44748
2026-08-12 07:20:00,4368.47759,4368.61188,4368.33828,4368.5647
2026-08-12 07:25:00,4368.47199,4368.66519,4368.41237,4368.57398
2026-08-12 07:30:00,4368.47759,4368.66656,4368.45439,4368.63302
2026-08-12 07:35:00,4368.56478,4368.67522,4368.42117,4368.44421
2026-08-12 07:40:00,4368.47643,4368.72204,4368.14747,4368.19804
2026-08-12 07:45:00,4368.26853,4368.66083,4368.26853,4368.5751
2026-08-12 07:50:00,4368.47721,4368.6707,4368.33828,4368.57226
2026-08-12 07:55:00,4368.52428,4368.67349,4368.43058,4368.44713
2026-08-12 08:00:00,4368.4795,4373.87919,4368.47546,4371.76743
2026-08-12 08:05:00,4371.48115,4374.45319,4371.48115,4374.32024
2026-08-12 08:10:00,4374.2176,4375.25411,4374.12498,4375.15399
2026-08-12 08:15:00,4375.05164,4375.21876,4373.68789,4374.88148
2026-08-12 08:20:00,4374.67301,4376.36761,4374.65891,4375.81565
2026-08-12 08:25:00,4375.89312,4376.94227,4375.85892,4376.85987
2026-08-12 08:30:00,4376.68768,4377.81682,4376.41754,4377.75751
2026-08-12 08:35:00,4377.61777,4377.61777,4376.55915,4376.91946
2026-08-12 08:40:00,4376.83312,4376.83312,4375.79311,4375.82483
2026-08-12 08:45:00,4375.87829,4378.09203,4375.60007,4378.03789
2026-08-12 08:50:00,4378.26115,4378.26115,4371.96695,4373.49977
2026-08-12 08:55:00,4372.9302,4374.26184,4367.76589,4370.27316
2026-08-12 09:00:00,4369.94859,4370.25154,4365.98567,4368.99086
2026-08-12 09:05:00,4367.9873,4369.29261,4363.38249,4365.7377
2026-08-12 09:10:00,4366.38311,4368.71997,4363.79725,4368.53597
2026-08-12 09:15:00,4367.98693,4371.59985,4364.71977,4369.02472
2026-08-12 09:20:00,4369.51926,4373.87919,4369.51926,4373.69904
2026-08-12 09:25:00,4373.36967,4373.36967,4369.48353,4372.5131
2026-08-12 09:30:00,4371.52367,4373.68789,4367.19364,4367.53206
2026-08-12 09:35:00,4368.15466,4368.71997,4367.57512,4368.64438
2026-08-12 09:40:00,4368.47334,4368.47334,4367.76589,4367.8687
2026-08-12 09:45:00,4367.96957,4370.62937,4366.73737,4368.39961
2026-08-12 09:50:00,4368.75088,4369.46061,4368.52927,4369.36366
2026-08-12 09:55:00,4369.09285,4371.3936,4369.0126,4371.35495
2026-08-12 10:00:00,4371.17037,4371.41166,4366.30522,4369.81782
2026-08-12 10:05:00,4369.48864,4370.75928,4368.43995,4370.59867
2026-08-12 10:10:00,4370.30699,4377.65337,4370.30699,4376.9845
2026-08-12 10:15:00,4375.38779,4378.59747,4374.64456,4377.95335
2026-08-12 10:20:00,4376.29716,4380.58525,4376.29716,4378.0714
2026-08-12 10:25:00,4378.27987,4380.22581,4378.27987,4380.00953
2026-08-12 10:30:00,4379.56814,4382.56073,4379.22746,4382.09041
2026-08-12 10:35:00,4381.99743,4383.77641,4381.35296,4381.49362
2026-08-12 10:40:00,4381.79063,4382.8892,4381.16101,4381.31405
2026-08-12 10:45:00,4381.61462,4382.8892,4381.16101,4381.48016
2026-08-12 10:50:00,4381.59487,4382.22539,4379.28087,4379.63946
2026-08-12 10:55:00,4380.18429,4380.77715,4378.18302,4380.61545
2026-08-12 11:00:00,4380.35025,4384.08804,4378.36336,4383.45884
2026-08-12 11:05:00,4382.57341,4387.6969,4382.57341,4386.41714
2026-08-12 11:10:00,4386.07065,4390.77936,4386.07065,4390.29619
2026-08-12 11:15:00,4390.21756,4391.74352,4386.77054,4389.27347
2026-08-12 11:20:00,4389.66964,4394.05923,4389.42248,4390.09716
2026-08-12 11:25:00,4390.29589,4391.55066,4390.20107,4391.16347
2026-08-12 11:30:00,4391.10147,4391.10147,4386.92696,4387.12713
2026-08-12 11:35:00,4387.49012,4391.98781,4385.18353,4385.68253
2026-08-12 11:40:00,4386.59235,4392.62355,4386.59235,4391.79644
2026-08-12 11:45:00,4389.78159,4396.57067,4389.78159,4396.18382
2026-08-12 11:50:00,4395.38566,4397.83795,4394.88825,4396.84161
2026-08-12 11:55:00,4396.39121,4396.4765,4394.25232,4396.11284
2026-08-12 12:00:00,4395.36451,4397.61789,4394.83168,4395.01764
2026-08-12 12:05:00,4395.37478,4397.21937,4395.19042,4396.07954
2026-08-12 12:10:00,4396.29102,4402.83362,4396.29102,4401.99692
2026-08-12 12:15:00,4399.88876,4403.73437,4399.8592,4401.47485
2026-08-12 12:20:00,4401.63777,4403.25087,4400.82736,4402.94294
2026-08-12 12:25:00,4402.50988,4403.5084,4401.81647,4402.48168
2026-08-12 12:30:00,4402.33671,4402.33671,4398.69799,4399.07977
2026-08-12 12:35:00,4399.09848,4399.47206,4397.48415,4399.32626
2026-08-12 12:40:00,4399.02852,4408.19925,4399.02852,4407.73437
2026-08-12 12:45:00,4406.93008,4410.14333,4405.01157,4409.92083
2026-08-12 12:50:00,4409.82649,4414.24129,4408.58793,4413.99443
2026-08-12 12:55:00,4413.41717,4414.42635,4411.69983,4412.26969
2026-08-12 13:00:00,4412.20362,4413.4522,4409.98685,4410.4984
2026-08-12 13:05:00,4411.29491,4415.01104,4408.27078,4414.66208
2026-08-12 13:10:00,4414.0405,4414.42635,4412.53138,4413.03188
2026-08-12 13:15:00,4413.69721,4414.63296,4406.83941,4406.93308
2026-08-12 13:20:00,4407.10991,4407.37818,4405.56251,4406.62485
2026-08-12 13:25:00,4406.21349,4407.45668,4406.21349,4407.44393
2026-08-12 13:30:00,4407.28419,4407.75639,4405.86862,4405.96278
2026-08-12 13:35:00,4406.09477,4406.39186,4404.26184,4404.47162
2026-08-12 13:40:00,4404.8489,4405.00177,4401.9897,4402.17511
2026-08-12 13:45:00,4402.55833,4403.17111,4401.55838,4402.6714
2026-08-12 13:50:00,4402.52561,4403.46224,4402.01136,4402.30309
2026-08-12 13:55:00,4402.86073,4402.89733,4401.60218,4402.31001
2026-08-12 14:00:00,4402.19293,4402.91282,4401.74842,4401.82839
2026-08-12 14:05:00,4402.16671,4403.15266,4400.29116,4400.67971
2026-08-12 14:10:00,4401.43128,4401.43128,4396.76398,4396.94351
2026-08-12 14:15:00,4397.19095,4397.25794,4395.39795,4396.73108
2026-08-12 14:20:00,4396.64199,4398.50451,4396.18411,4397.58568
2026-08-12 14:25:00,4397.66776,4398.99133,4397.52311,4397.84871
2026-08-12 14:30:00,4398.33416,4399.08499,4397.53738,4398.00009
2026-08-12 14:35:00,4397.9377,4399.48694,4397.563,4399.37004
2026-08-12 14:40:00,4399.30024,4399.84007,4395.79762,4399.3963
2026-08-12 14:45:00,4398.23156,4401.63604,4398.23156,4401.5408
2026-08-12 14:50:00,4401.18321,4401.95975,4400.24641,4400.36712
2026-08-12 14:55:00,4400.528,4400.97767,4399.47206,4400.88689
2026-08-12 15:00:00,4400.75155,4401.75734,4400.75155,4400.85626
2026-08-12 15:05:00,4400.85547,4404.12226,4400.47751,4403.90576
2026-08-12 15:10:00,4403.48993,4405.08837,4401.78699,4402.38116
2026-08-12 15:15:00,4403.5017,4403.5017,4397.53738,4397.68285
2026-08-12 15:20:00,4397.7905,4398.31105,4392.7081,4393.02078
2026-08-12 15:25:00,4393.39805,4395.41119,4393.36494,4393.79719
2026-08-12 15:30:00,4394.28889,4396.76398,4388.22804,4393.49389
2026-08-12 15:35:00,4393.78431,4394.05923,4391.55066,4393.81275
2026-08-12 15:40:00,4393.39921,4394.44542,4389.43025,4389.74129
2026-08-12 15:45:00,4389.94275,4391.10862,4385.58021,4385.85354
2026-08-12 15:50:00,4386.33477,4387.58905,4385.0347,4386.95883
2026-08-12 15:55:00,4386.17379,4394.33323,4386.17379,4393.89672
2026-08-12 16:00:00,4393.19014,4393.19014,4387.31189,4387.64755
2026-08-12 16:05:00,4388.13847,4388.74908,4385.19558,4385.43586
2026-08-12 16:10:00,4385.92864,4387.67533,4385.89143,4387.40273
2026-08-12 16:15:00,4387.04972,4390.39382,4385.84465,4390.24198
2026-08-12 16:20:00,4389.92889,4390.40139,4387.6969,4387.97629
2026-08-12 16:25:00,4388.38118,4390.62745,4387.88943,4389.17686
2026-08-12 16:30:00,4388.25599,4390.00834,4388.25599,4389.05999
2026-08-12 16:35:00,4389.19066,4394.14847,4388.11768,4393.81703
2026-08-12 16:40:00,4393.16377,4397.73077,4393.14886,4395.85351
2026-08-12 16:45:00,4396.33755,4400.02121,4394.89352,4399.55659
2026-08-12 16:50:00,4398.8528,4403.34654,4398.8528,4401.38161
2026-08-12 16:55:00,4401.67311,4405.86862,4401.40845,4403.69312
2026-08-12 17:00:00,4404.05376,4405.09229,4401.9897,4403.64391
2026-08-12 17:05:00,4403.40682,4403.40682,4401.21474,4401.74305
2026-08-12 17:10:00,4402.26237,4405.86862,4400.55465,4405.77663
2026-08-12 17:15:00,4405.75618,4405.75618,4399.08499,4399.16808
2026-08-12 17:20:00,4399.21249,4399.9388,4398.58522,4399.82567
2026-08-12 17:25:00,4399.49094,4402.76494,4399.49094,4402.59524
2026-08-12 17:30:00,4402.13269,4404.61165,4401.79593,4404.33417
2026-08-12 17:35:00,4403.60495,4406.47527,4403.60495,4406.08523
2026-08-12 17:40:00,4405.16843,4408.60561,4405.16843,4408.49746
2026-08-12 17:45:00,4408.2959,4409.27066,4406.14174,4408.76621
2026-08-12 17:50:00,4407.48728,4409.94884,4407.48728,4409.70461
2026-08-12 17:55:00,4409.49485,4409.49485,4404.89825,4405.57256
2026-08-12 18:00:00,4405.31611,4409.17108,4404.49473,4409.10565
2026-08-12 18:05:00,4408.9678,4410.14333,4408.35471,4408.50432
2026-08-12 18:10:00,4408.73885,4408.85664,4408.19925,4408.8257
2026-08-12 18:15:00,4408.79751,4408.79782,4406.64522,4407.81486
2026-08-12 18:20:00,4407.48165,4409.36549,4407.48165,4409.3015
2026-08-12 18:25:00,4409.15081,4409.15081,4406.25688,4406.33244
2026-08-12 18:30:00,4406.49239,4407.03363,4405.52137,4405.77404
2026-08-12 18:35:00,4406.2351,4406.45104,4405.09229,4405.59214
2026-08-12 18:40:00,4405.63485,4406.25688,4404.8618,4405.53409
2026-08-12 18:45:00,4405.6125,4405.67451,4402.95879,4403.14791
2026-08-12 18:50:00,4403.43972,4404.91192,4403.43972,4403.91546
2026-08-12 18:55:00,4403.81664,4403.9283,4401.9897,4402.05648
2026-08-12 19:00:00,4402.24767,4407.53441,4402.05582,4406.96298
2026-08-12 19:05:00,4405.47915,4408.39358,4405.47915,4408.35862
2026-08-12 19:10:00,4408.21345,4412.41693,4407.03553,4411.16742
2026-08-12 19:15:00,4411.31707,4417.15623,4410.40862,4414.89653
2026-08-12 19:20:00,4415.08795,4421.92022,4409.77988,4420.77839
2026-08-12 19:25:00,4418.74142,4423.40868,4415.01642,4415.37225
2026-08-12 19:30:00,4416.09989,4416.09989,4412.86792,4415.22246
2026-08-12 19:35:00,4414.77197,4416.06953,4413.25743,4415.94746
2026-08-12 19:40:00,4415.77035,4416.96113,4414.22224,4414.53441
2026-08-12 19:45:00,4415.16379,4415.16379,4412.86792,4413.81334
2026-08-12 19:50:00,4413.69321,4416.18089,4411.3106,4411.51953
2026-08-12 19:55:00,4411.86568,4416.18089,4411.01101,4415.84387
2026-08-12 20:00:00,4415.28846,4416.09977,4415.20597,4415.57407
2026-08-12 20:05:00,4415.49253,4417.51307,4415.17352,4416.08627
2026-08-12 20:10:00,4416.37334,4419.10822,4416.37334,4419.03558
2026-08-12 20:15:00,4418.89041,4419.11048,4417.93682,4418.92746
2026-08-12 20:20:00,4418.3708,4420.15394,4418.3708,4420.03926
2026-08-12 20:25:00,4419.81206,4420.67106,4418.51985,4420.58275
2026-08-12 20:30:00,4420.39034,4420.41269,4417.26598,4417.47266
2026-08-12 20:35:00,4417.84252,4417.84252,4413.69363,4414.21544
2026-08-12 20:40:00,4415.28986,4415.28986,4412.86792,4414.26494
2026-08-12 20:45:00,4413.75469,4415.79087,4410.06814,4411.56406
2026-08-12 20:50:00,4415.0027,4415.0027,4408.00494,4410.67905
2026-08-12 20:55:00,4410.40825,4412.4531,4410.38672,4412.20584
2026-08-12 21:00:00,4411.49936,4414.61788,4411.00194,4412.12268
2026-08-12 21:05:00,4412.61955,4412.77998,4409.82557,4411.20748
2026-08-12 21:10:00,4410.99064,4411.65866,4408.61414,4411.24346
2026-08-12 21:15:00,4410.18724,4410.18724,4407.61636,4409.84546
2026-08-12 21:20:00,4409.68593,4411.31245,4409.61967,4411.03874
2026-08-12 21:25:00,4410.68444,4415.02325,4410.68444,4414.29432
2026-08-12 21:30:00,4412.70191,4415.79087,4412.70191,4414.55702
2026-08-12 21:35:00,4414.70158,4415.05584,4410.18764,4410.40768
2026-08-12 21:40:00,4410.73348,4413.647,4410.73348,4412.38523
2026-08-12 21:45:00,4412.55454,4414.69796,4412.55454,4412.99407
2026-08-12 21:50:00,4413.23409,4414.23148,4413.06267,4414.1324
2026-08-12 21:55:00,4413.9788,4415.6584,4412.6732,4413.40502
2026-08-12 22:00:00,4413.17286,4413.647,4408.84717,4409.36981
2026-08-12 22:05:00,4410.50683,4410.50683,4406.72615,4408.75517
2026-08-12 22:10:00,4408.59413,4409.36549,4406.83941,4407.65895
2026-08-12 22:15:00,4408.02488,4408.82454,4406.70008,4407.83129
2026-08-12 22:20:00,4407.5606,4410.11515,4406.25688,4408.08994
2026-08-12 22:25:00,4407.85065,4416.52101,4404.31816,4415.40598
2026-08-12 22:30:00,4412.63454,4425.88154,4381.60221,4423.35535
2026-08-12 22:35:00,4419.05879,4429.48264,4417.93682,4424.74395
2026-08-12 22:40:00,4422.97465,4438.32941,4422.97465,4437.32284
2026-08-12 22:45:00,4435.73783,4435.73783,4419.30352,4422.74657
2026-08-12 22:50:00,4422.02926,4427.73458,4422.02926,4426.81704
2026-08-12 22:55:00,4425.60861,4435.77005,4425.60861,4435.24642
2026-08-12 23:00:00,4434.37883,4441.22288,4426.73749,4433.36292
2026-08-12 23:05:00,4432.81978,4432.81978,4430.26759,4430.38675
2026-08-12 23:10:00,4430.57331,4432.0084,4423.01738,4423.64633
2026-08-12 23:15:00,4424.91421,4428.30573,4422.03944,4428.06059
2026-08-12 23:20:00,4427.84862,4427.84862,4418.52245,4418.83845
2026-08-12 23:25:00,4419.4043,4420.15394,4415.20597,4417.30785
2026-08-12 23:30:00,4417.52355,4419.10822,4415.43235,4418.1951
2026-08-12 23:35:00,4417.06364,4418.52245,4412.13753,4414.75185
2026-08-12 23:40:00,4416.45922,4418.13201,4409.55993,4417.51641
2026-08-12 23:45:00,4416.37726,4427.15642,4414.91804,4426.53436
2026-08-12 23:50:00,4425.54663,4432.98065,4425.54663,4429.04718
2026-08-12 23:55:00,4429.74916,4434.5898,4429.74916,4430.93949
2026-08-13 00:00:00,4430.6817,4431.95311,4423.01738,4423.15875
2026-08-13 00:05:00,4423.685,4429.28644,4423.685,4428.41026
2026-08-13 00:10:00,4428.75673,4434.5898,4426.8984,4434.16966
2026-08-13 00:15:00,4433.99691,4436.75733,4431.44554,4436.29107
2026-08-13 00:20:00,4435.5421,4438.44121,4433.44291,4435.41383
2026-08-13 00:25:00,4435.99601,4439.2306,4431.72042,4438.094
2026-08-13 00:30:00,4435.52199,4435.52199,4425.40612,4428.8498
2026-08-13 00:35:00,4428.82484,4428.82484,4415.79087,4418.60485
2026-08-13 00:40:00,4419.6239,4423.41265,4417.15623,4422.44507
2026-08-13 00:45:00,4420.80998,4434.8193,4420.47564,4421.11519
2026-08-13 00:50:00,4422.08359,4426.79057,4417.35136,4420.07696
2026-08-13 00:55:00,4418.88875,4422.43057,4418.88875,4421.4094
2026-08-13 01:00:00,4420.88677,4423.93309,4417.22437,4418.57628
2026-08-13 01:05:00,4420.80308,4422.235,4415.40092,4421.83847
2026-08-13 01:10:00,4421.02687,4429.09026,4418.41247,4428.71915
2026-08-13 01:15:00,4428.08703,4431.44291,4422.235,4422.66846
2026-08-13 01:20:00,4423.43895,4427.32545,4423.01738,4426.22394
2026-08-13 01:25:00,4426.32517,4426.54154,4421.33356,4421.80867
2026-08-13 01:30:00,4422.58835,4425.17037,4419.58637,4420.47131
2026-08-13 01:35:00,4422.40349,4422.40349,4416.7728,4420.60695
2026-08-13 01:40:00,4420.26268,4421.55106,4419.16593,4420.82499
2026-08-13 01:45:00,4420.71062,4420.71062,4415.49918,4415.8278
2026-08-13 01:50:00,4416.40459,4416.40459,4411.93449,4415.48179
2026-08-13 01:55:00,4414.49384,4421.42404,4414.49384,4421.23548
2026-08-13 02:00:00,4420.78422,4425.75791,4420.44724,4420.93967
2026-08-13 02:05:00,4421.86276,4421.86276,4418.91295,4419.07336
2026-08-13 02:10:00,4419.34664,4423.525,4417.35136,4422.9491
2026-08-13 02:15:00,4421.8968,4425.59542,4421.8968,4425.36655
2026-08-13 02:20:00,4424.83717,4425.75791,4424.18383,4425.4884
2026-08-13 02:25:00,4425.14572,4425.75791,4422.82176,4423.39846
2026-08-13 02:30:00,4423.30581,4424.28855,4415.08871,4415.98885
2026-08-13 02:35:00,4417.2659,4417.2659,4412.86792,4413.88963
2026-08-13 02:40:00,4414.19402,4415.05021,4411.05799,4411.895
2026-08-13 02:45:00,4413.48881,4413.48881,4404.51022,4405.00223
2026-08-13 02:50:00,4405.89625,4405.89625,4402.5711,4403.33989
2026-08-13 02:55:00,4403.955,4405.86862,4397.73077,4401.78156
2026-08-13 03:00:00,4400.19398,4405.28634,4400.19398,4403.89243
2026-08-13 03:05:00,4404.58436,4407.4221,4403.15266,4406.32525
2026-08-13 03:10:00,4406.52399,4407.4169,4404.26445,4404.41479
2026-08-13 03:15:00,4404.6281,4404.6281,4402.5711,4402.68638
2026-08-13 03:20:00,4402.87292,4409.20411,4402.33801,4409.03282
2026-08-13 03:25:00,4408.52587,4409.36549,4406.64522,4407.08033
2026-08-13 03:30:00,4407.21035,4410.55734,4406.00313,4410.38134
2026-08-13 03:35:00,4410.11818,4410.99157,4405.48042,4405.85726
2026-08-13 03:40:00,4406.38371,4406.38371,4402.35776,4402.91723
2026-08-13 03:45:00,4404.04492,4404.04492,4401.79593,4403.15415
2026-08-13 03:50:00,4403.23529,4406.12272,4400.77366,4401.72111
2026-08-13 03:55:00,4403.92748,4403.92748,4399.27852,4399.84161
2026-08-13 04:00:00,4400.31322,4400.31322,4396.76398,4398.43387
2026-08-13 04:05:00,4397.78344,4403.23275,4397.78344,4402.96314
2026-08-13 04:10:00,4402.52013,4406.25688,4402.52013,4405.71895
2026-08-13 04:15:00,4405.74428,4407.62803,4404.33464,4407.42576
2026-08-13 04:20:00,4406.886,4410.33783,4406.42373,4410.25161
2026-08-13 04:25:00,4409.9707,4410.89191,4407.61636,4407.89795
2026-08-13 04:30:00,4408.386,4412.63703,4408.00494,4412.40678
2026-08-13 04:35:00,4411.76897,4413.05553,4411.17245,4411.39822
2026-08-13 04:40:00,4411.69457,4413.05472,4410.53235,4412.72057
2026-08-13 04:45:00,4412.29384,4417.74419,4412.29384,4416.97538
2026-08-13 04:50:00,4415.05199,4418.52245,4414.04997,4414.31102
2026-08-13 04:55:00,4414.81042,4414.81042,4413.06267,4413.23668
2026-08-13 05:00:00,4413.22982,4417.54649,4413.19602,4416.18385
2026-08-13 05:05:00,4416.06029,4418.71432,4414.93237,4415.39929
2026-08-13 05:10:00,4415.7551,4416.85664,4415.59588,4416.64614
2026-08-13 05:15:00,4416.36057,4417.93682,4416.13685,4417.84804
2026-08-13 05:20:00,4417.66426,4417.96926,4416.37276,4417.7124
2026-08-13 05:25:00,4417.53454,4417.53454,4415.87013,4415.96618
2026-08-13 05:30:00,4416.1139,4416.57097,4413.78927,4414.09114
2026-08-13 05:35:00,4414.69467,4414.69467,4411.91377,4411.99297
2026-08-13 05:40:00,4412.08179,4413.14333,4411.50521,4411.98917
2026-08-13 05:45:00,4412.22358,4415.03224,4409.76509,4414.11417
2026-08-13 05:50:00,4412.23095,4413.25743,4408.78229,4411.11023
2026-08-13 05:55:00,4411.42829,4413.25743,4410.92144,4411.32445
2026-08-13 06:00:00,4412.03462,4413.4522,4411.87993,4413.41581
2026-08-13 06:05:00,4413.37217,4413.37217,4410.89663,4411.16552
2026-08-13 06:10:00,4411.66692,4411.66692,4408.97668,4409.05239
2026-08-13 06:15:00,4409.21326,4410.18996,4407.42326,4407.69356
2026-08-13 06:20:00,4408.17426,4408.17426,4407.02927,4407.60336
2026-08-13 06:25:00,4407.36517,4408.27592,4407.22785,4408.02568
2026-08-13 06:30:00,4407.67885,4408.70347,4407.25584,4408.12
2026-08-13 06:35:00,4407.85724,4408.58793,4407.03363,4408.24273
2026-08-13 06:40:00,4408.24124,4408.39358,4407.4221,4407.62554
2026-08-13 06:45:00,4407.67567,4408.29808,4407.4221,4407.45784
2026-08-13 06:50:00,4407.64756,4408.83997,4407.25978,4408.60267
2026-08-13 06:55:00,4408.21109,4409.17108,4406.52929,4409.04752
2026-08-13 07:00:00,4408.74155,4409.02288,4408.39358,4408.45638
2026-08-13 07:05:00,4408.57214,4408.86387,4408.57214,4408.7886
2026-08-13 07:10:00,4408.68096,4408.91048,4408.63515,4408.77128
2026-08-13 07:15:00,4408.69289,4409.02703,4408.671,4408.98479
2026-08-13 07:20:00,4408.88688,4409.05681,4408.58434,4408.62507
2026-08-13 07:25:00,4408.68982,4408.97314,4408.61959,4408.63913
2026-08-13 07:30:00,4408.72465,4408.9632,4408.60559,4408.78006
2026-08-13 07:35:00,4408.71633,4408.97668,4408.5458,4408.82141
2026-08-13 07:40:00,4408.73188,4408.89999,4408.64265,4408.85345
2026-08-13 07:45:00,4408.78279,4408.92199,4408.69614,4408.87307
2026-08-13 07:50:00,4408.79898,4408.90368,4408.63497,4408.77543
2026-08-13 07:55:00,4408.6909,4408.86555,4408.6497,4408.82443
2026-08-13 08:00:00,4408.74865,4409.94884,4406.3957,4406.93859
2026-08-13 08:05:00,4407.90617,4407.90617,4403.54045,4404.13422
2026-08-13 08:10:00,4404.18089,4404.40993,4403.13669,4403.44205
2026-08-13 08:15:00,4403.40904,4403.40904,4401.9897,4402.20346
2026-08-13 08:20:00,4402.07858,4402.76494,4401.79593,4402.53596
2026-08-13 08:25:00,4402.45277,4402.76494,4398.31105,4399.64639
2026-08-13 08:30:00,4399.13772,4401.6796,4399.13772,4400.84967
2026-08-13 08:35:00,4401.27463,4401.27463,4398.69799,4399.62871
2026-08-13 08:40:00,4399.538,4400.44004,4399.23246,4400.321
2026-08-13 08:45:00,4400.29414,4401.21474,4399.93659,4400.69816
2026-08-13 08:50:00,4400.71479,4401.9897,4400.71479,4401.97309
2026-08-13 08:55:00,4401.8398,4402.5711,4401.59749,4402.08306
2026-08-13 09:00:00,4402.17047,4404.16035,4402.17047,4404.01167
2026-08-13 09:05:00,4403.59049,4405.1578,4403.15266,4404.96189
2026-08-13 09:10:00,4404.54541,4405.94767,4404.54541,4405.87847
2026-08-13 09:15:00,4405.84799,4407.81064,4405.57237,4407.739
2026-08-13 09:20:00,4407.60394,4408.45854,4407.60394,4408.33071
2026-08-13 09:25:00,4408.15299,4409.75438,4408.15299,4409.35018
2026-08-13 09:30:00,4409.26737,4409.75861,4408.20257,4409.57225
2026-08-13 09:35:00,4409.20759,4410.14333,4408.00494,4408.10874
2026-08-13 09:40:00,4408.26758,4409.17108,4407.61341,4409.03879
2026-08-13 09:45:00,4408.80689,4410.14333,4408.75565,4408.88783
2026-08-13 09:50:00,4409.05698,4410.52593,4407.53054,4410.23737
2026-08-13 09:55:00,4409.81603,4413.37002,4409.81603,4412.80577
2026-08-13 10:00:00,4412.07221,4420.41725,4412.07221,4419.76854
2026-08-13 10:05:00,4418.65887,4421.48609,4415.59588,4421.02431
2026-08-13 10:10:00,4420.34323,4422.69135,4418.93797,4420.22029
2026-08-13 10:15:00,4420.44348,4428.3944,4418.93947,4428.11683
2026-08-13 10:20:00,4427.3584,4435.91634,4426.36556,4435.41563
2026-08-13 10:25:00,4434.24443,4436.36041,4427.71751,4427.9257
2026-08-13 10:30:00,4428.28033,4444.25803,4424.23644,4439.86458
2026-08-13 10:35:00,4432.69998,4449.78419,4432.69998,4438.86656
2026-08-13 10:40:00,4439.68623,4439.90489,4438.13243,4439.64536
2026-08-13 10:45:00,4439.30927,4441.66976,4436.24996,4440.72402
2026-08-13 10:50:00,4438.76009,4438.76009,4429.67885,4431.91889
2026-08-13 10:55:00,4431.67386,4432.47791,4427.12945,4427.36963
2026-08-13 11:00:00,4427.70384,4432.25455,4423.99575,4431.56611
2026-08-13 11:05:00,4430.34848,4434.39315,4430.34848,4434.02634
2026-08-13 11:10:00,4434.09175,4434.98315,4430.07132,4430.41352
2026-08-13 11:15:00,4430.91834,4436.23856,4427.81838,4428.64051
2026-08-13 11:20:00,4430.28201,4430.28201,4420.08487,4424.34619
2026-08-13 11:25:00,4423.78737,4423.78737,4419.89061,4420.46907
2026-08-13 11:30:00,4421.76126,4428.30573,4419.10822,4428.02383
2026-08-13 11:35:00,4427.73175,4429.09026,4425.3142,4425.61946
2026-08-13 11:40:00,4426.0549,4426.78575,4420.31525,4420.55322
2026-08-13 11:45:00,4420.91882,4421.17912,4410.13561,4410.56044
2026-08-13 11:50:00,4411.10502,4414.88755,4409.55993,4414.32827
2026-08-13 11:55:00,4412.89554,4417.59215,4407.4221,4407.90568
2026-08-13 12:00:00,4408.72581,4409.36549,4405.86862,4407.41942
2026-08-13 12:05:00,4407.22916,4411.68736,4405.52731,4410.97708
2026-08-13 12:10:00,4409.80339,4413.4522,4409.80339,4411.46065
2026-08-13 12:15:00,4411.77226,4411.77226,4410.72689,4411.26622
2026-08-13 12:20:00,4411.18527,4412.47849,4407.83784,4408.33736
2026-08-13 12:25:00,4409.15148,4409.15148,4406.83941,4407.55199
2026-08-13 12:30:00,4408.0181,4408.0181,4401.41594,4401.91003
2026-08-13 12:35:00,4402.87206,4406.05888,4399.8592,4405.45085
2026-08-13 12:40:00,4404.41735,4408.39358,4404.41735,4407.84855
2026-08-13 12:45:00,4407.40596,4410.11539,4407.40596,4409.96689
2026-08-13 12:50:00,4409.76119,4410.3782,4407.78898,4408.26302
2026-08-13 12:55:00,4409.18175,4409.18175,4406.64522,4407.32056
2026-08-13 13:00:00,4407.60411,4411.3106,4405.50263,4410.76096
2026-08-13 13:05:00,4410.64456,4412.5607,4408.94801,4409.09254
2026-08-13 13:10:00,4409.33146,4409.33146,4405.09229,4406.60702
2026-08-13 13:15:00,4406.17604,4409.17108,4405.4017,4408.86531
2026-08-13 13:20:00,4408.3286,4409.2251,4407.22785,4409.07568
2026-08-13 13:25:00,4408.87497,4409.60138,4408.5603,4409.29857
2026-08-13 13:30:00,4408.80916,4410.16446,4408.80916,4409.64295
2026-08-13 13:35:00,4409.68877,4410.24276,4409.17108,4409.73578
2026-08-13 13:40:00,4409.66443,4409.66443,4406.12541,4406.48338
2026-08-13 13:45:00,4407.22552,4407.22552,4405.28634,4406.28926
2026-08-13 13:50:00,4406.08108,4406.41152,4403.49344,4404.11661
2026-08-13 13:55:00,4405.5117,4405.5117,4399.60273,4399.7957
2026-08-13 14:00:00,4400.13561,4400.13561,4395.94862,4398.48755
2026-08-13 14:05:00,4398.10024,4398.10024,4395.02483,4395.90681
2026-08-13 14:10:00,4396.03475,4396.90235,4392.90107,4394.68829
2026-08-13 14:15:00,4394.2572,4395.218,4394.2572,4394.67459
2026-08-13 14:20:00,4394.74237,4395.9046,4393.09406,4395.39711
2026-08-13 14:25:00,4394.64934,4398.73324,4394.64934,4397.73691
2026-08-13 14:30:00,4398.14044,4399.47206,4398.14044,4398.59244
2026-08-13 14:35:00,4398.7275,4399.91032,4397.92418,4399.6052
2026-08-13 14:40:00,4399.10654,4399.29339,4396.76398,4396.98133
2026-08-13 14:45:00,4397.25759,4397.73077,4396.18411,4397.02071
2026-08-13 14:50:00,4397.11609,4397.53738,4395.41119,4397.33604
2026-08-13 14:55:00,4397.24291,4398.31105,4396.37739,4398.26874
2026-08-13 15:00:00,4398.06126,4398.38436,4393.7272,4397.08407
2026-08-13 15:05:00,4396.58805,4396.58805,4394.83168,4396.41789
2026-08-13 15:10:00,4396.28067,4403.73919,4394.97687,4402.82814
2026-08-13 15:15:00,4400.54448,4405.48042,4400.44004,4403.13974
2026-08-13 15:20:00,4402.76614,4403.54045,4400.71692,4402.67739
2026-08-13 15:25:00,4402.80426,4406.95274,4401.43362,4406.76464
2026-08-13 15:30:00,4406.34262,4407.03363,4394.83168,4395.73809
2026-08-13 15:35:00,4395.58985,4398.63481,4395.58985,4397.52388
2026-08-13 15:40:00,4397.59311,4401.02104,4388.51448,4389.32759
2026-08-13 15:45:00,4391.16092,4391.16092,4384.42652,4386.5849
2026-08-13 15:50:00,4385.92876,4390.05228,4385.20175,4386.29942
2026-08-13 15:55:00,4388.18936,4388.18936,4382.36352,4383.23749
2026-08-13 16:00:00,4384.53217,4384.53217,4379.52857,4383.78754
2026-08-13 16:05:00,4383.20876,4383.20876,4375.60165,4376.32059
2026-08-13 16:10:00,4376.37907,4379.24239,4375.92021,4376.3544
2026-08-13 16:15:00,4376.95072,4378.09203,4375.21876,4377.1602
2026-08-13 16:20:00,4377.38208,4377.99925,4374.83594,4374.93854
2026-08-13 16:25:00,4375.00397,4377.95782,4375.00397,4375.67438
2026-08-13 16:30:00,4375.68223,4378.53475,4371.3639,4372.33274
2026-08-13 16:35:00,4374.36748,4374.36748,4369.39835,4370.94142
2026-08-13 16:40:00,4370.32988,4374.07051,4370.32988,4373.98804
2026-08-13 16:45:00,4373.80038,4378.43941,4373.30534,4378.12665
2026-08-13 16:50:00,4377.47527,4380.00964,4377.47527,4379.15101
2026-08-13 16:55:00,4379.25382,4381.46895,4379.25382,4380.12659
2026-08-13 17:00:00,4380.22082,4380.96907,4378.14299,4380.25546
2026-08-13 17:05:00,4380.30097,4380.58525,4378.09203,4379.5912
2026-08-13 17:10:00,4379.48778,4379.48778,4376.1761,4376.33523
2026-08-13 17:15:00,4376.63609,4376.94227,4375.32978,4375.41008
2026-08-13 17:20:00,4375.51751,4376.49832,4373.87919,4376.26517
2026-08-13 17:25:00,4375.65907,4376.94227,4375.41019,4376.31682
2026-08-13 17:30:00,4375.97819,4377.94597,4372.89229,4373.31384
2026-08-13 17:35:00,4374.21402,4376.36761,4372.09801,4374.54463
2026-08-13 17:40:00,4375.3825,4377.90036,4373.5902,4377.21744
2026-08-13 17:45:00,4377.14753,4378.56974,4372.88254,4373.76294
2026-08-13 17:50:00,4375.31754,4375.31754,4370.8204,4373.23256
2026-08-13 17:55:00,4373.01825,4373.01825,4369.48353,4370.49126
2026-08-13 18:00:00,4370.36596,4371.64149,4366.24023,4366.54062
2026-08-13 18:05:00,4367.04363,4370.01855,4366.24023,4366.4886
2026-08-13 18:10:00,4366.94972,4367.33653,4364.90615,4366.27809
2026-08-13 18:15:00,4365.75718,4366.81223,4365.75718,4366.76882
2026-08-13 18:20:00,4366.6559,4370.05637,4365.51967,4369.53962
2026-08-13 18:25:00,4369.26397,4372.83005,4368.97611,4372.44174
2026-08-13 18:30:00,4371.71495,4374.32214,4371.71495,4373.4998
2026-08-13 18:35:00,4373.46853,4375.41019,4373.46853,4374.47377
2026-08-13 18:40:00,4374.05789,4375.08438,4373.49661,4375.03808
2026-08-13 18:45:00,4374.89881,4378.69812,4373.68789,4377.9803
2026-08-13 18:50:00,4376.37764,4379.62598,4375.60165,4375.838
2026-08-13 18:55:00,4376.16053,4376.94227,4375.02734,4375.53737
2026-08-13 19:00:00,4375.71907,4376.09269,4373.87919,4374.08406
2026-08-13 19:05:00,4374.4345,4377.56943,4373.49661,4377.14385
2026-08-13 19:10:00,4376.01728,4378.09203,4376.01728,4377.75455
2026-08-13 19:15:00,4377.7264,4380.09614,4376.31799,4376.99607
2026-08-13 19:20:00,4377.99496,4381.54493,4377.99496,4379.32951
2026-08-13 19:25:00,4379.86303,4381.73692,4378.28371,4380.79521
2026-08-13 19:30:00,4380.87349,4381.41716,4380.10551,4380.93903
2026-08-13 19:35:00,4380.84119,4381.48739,4380.58525,4380.85784
2026-08-13 19:40:00,4380.77545,4381.98823,4379.43418,4380.65637
2026-08-13 19:45:00,4380.40739,4380.40739,4378.85887,4378.95964
2026-08-13 19:50:00,4379.09712,4380.41833,4378.59412,4380.36161
2026-08-13 19:55:00,4380.21111,4385.00329,4380.21111,4384.68614
2026-08-13 20:00:00,4384.07925,4385.00329,4383.65772,4384.82947
2026-08-13 20:05:00,4384.7935,4385.70519,4384.23164,4384.76417
2026-08-13 20:10:00,4384.6465,4385.15839,4381.73692,4381.97305
2026-08-13 20:15:00,4382.41621,4385.04991,4381.95164,4384.69822
2026-08-13 20:20:00,4384.20118,4386.66489,4384.20118,4384.78276
2026-08-13 20:25:00,4385.05363,4387.11942,4384.10138,4387.07347
2026-08-13 20:30:00,4386.93442,4388.35732,4385.06277,4385.37774
2026-08-13 20:35:00,4385.99012,4389.04494,4384.64625,4388.89011
2026-08-13 20:40:00,4388.53767,4390.28,4388.32188,4389.97741
2026-08-13 20:45:00,4389.29613,4390.77936,4388.46711,4389.80966
2026-08-13 20:50:00,4389.2624,4393.91936,4389.0872,4393.83928
2026-08-13 20:55:00,4393.68478,4393.68478,4391.74352,4392.33656
2026-08-13 21:00:00,4392.30901,4393.03394,4389.34117,4389.63448
2026-08-13 21:05:00,4390.21826,4391.55066,4388.64875,4391.4684
2026-08-13 21:10:00,4391.25217,4393.06753,4390.58658,4392.69522
2026-08-13 21:15:00,4391.74305,4397.01077,4391.27076,4393.22318
2026-08-13 21:20:00,4393.25564,4394.25232,4391.46554,4391.58844
2026-08-13 21:25:00,4391.9603,4392.7081,4389.64288,4390.03857
2026-08-13 21:30:00,4390.79255,4390.79255,4387.40528,4387.65017
2026-08-13 21:35:00,4388.10236,4389.43025,4386.72963,4389.00072
2026-08-13 21:40:00,4388.85935,4390.02326,4383.8499,4384.53654
2026-08-13 21:45:00,4384.72955,4386.80086,4383.27343,4383.43047
2026-08-13 21:50:00,4383.48867,4384.81101,4383.48867,4384.76308
2026-08-13 21:55:00,4384.57801,4387.50439,4383.46557,4387.29864
2026-08-13 22:00:00,4386.84556,4387.02159,4386.15729,4386.68072
2026-08-13 22:05:00,4386.53226,4391.34769,4385.96491,4390.93362
2026-08-13 22:10:00,4389.8267,4391.9364,4388.27453,4388.49767
2026-08-13 22:15:00,4388.98105,4390.00567,4385.38789,4386.04083
2026-08-13 22:20:00,4386.14738,4389.43025,4385.00329,4385.09677
2026-08-13 22:25:00,4385.39088,4387.54835,4385.17145,4385.17145
2026-08-13 22:30:00,4385.64627,4395.218,4381.54493,4387.67131
2026-08-13 22:35:00,4385.80941,4394.25503,4385.80941,4389.47497
2026-08-13 22:40:00,4389.52231,4394.25232,4387.99242,4391.81942
2026-08-13 22:45:00,4391.98111,4396.18411,4391.11941,4395.98928
2026-08-13 22:50:00,4395.59105,4395.99086,4393.28706,4395.14455
2026-08-13 22:55:00,4395.25287,4400.44004,4391.59244,4399.88013
2026-08-13 23:00:00,4398.48166,4401.02104,4392.1293,4392.76145
2026-08-13 23:05:00,4393.47463,4398.11761,4393.47463,4397.70448
2026-08-13 23:10:00,4396.7579,4396.7579,4392.51515,4393.24285
2026-08-13 23:15:00,4392.73703,4394.83168,4392.1293,4392.39726
2026-08-13 23:20:00,4392.8629,4394.44542,4390.96477,4394.14952
2026-08-13 23:25:00,4394.43889,4394.43889,4385.79277,4386.29119
2026-08-13 23:30:00,4387.36561,4387.36561,4380.18262,4381.65389
2026-08-13 23:35:00,4385.07145,4385.07145,4377.13385,4379.37316
2026-08-13 23:40:00,4378.46351,4385.1353,4376.23806,4381.1904
2026-08-13 23:45:00,4380.57667,4383.08131,4376.03281,4382.68601
2026-08-13 23:50:00,4382.00706,4382.00706,4370.02048,4370.71235
2026-08-13 23:55:00,4371.5446,4376.55915,4371.5446,4374.12906
2026-08-14 00:00:00,4374.55489,4377.28512,4371.90572,4372.52476
2026-08-14 00:05:00,4373.88318,4378.47541,4369.94428,4372.81098
2026-08-14 00:10:00,4375.80275,4375.80275,4365.94224,4371.23484
2026-08-14 00:15:00,4370.60361,4378.28371,4370.43835,4377.73689
2026-08-14 00:20:00,4376.62631,4376.94227,4371.77582,4372.3453
2026-08-14 00:25:00,4373.45644,4376.10847,4370.02681,4370.49177
2026-08-14 00:30:00,4371.10565,4376.73724,4359.22734,4374.68387
2026-08-14 00:35:00,4373.15346,4376.17994,4371.92768,4372.62165
2026-08-14 00:40:00,4373.38852,4380.73981,4373.38852,4380.24453
2026-08-14 00:45:00,4379.62372,4386.15729,4379.62372,4385.84849
2026-08-14 00:50:00,4385.23892,4386.90994,4383.38643,4386.64332
2026-08-14 00:55:00,4385.82814,4386.54209,4383.46557,4386.4237
2026-08-14 01:00:00,4386.06981,4386.06981,4380.37857,4381.01231
2026-08-14 01:05:00,4381.88405,4382.7187,4371.41117,4371.99005
2026-08-14 01:10:00,4373.048,4373.048,4369.10171,4369.19679
2026-08-14 01:15:00,4369.3399,4370.05637,4364.33466,4364.74296
2026-08-14 01:20:00,4365.4711,4370.48345,4364.59553,4370.1371
2026-08-14 01:25:00,4369.36718,4373.68789,4365.73109,4367.24586
2026-08-14 01:30:00,4370.2725,4370.2725,4357.67823,4358.19908
2026-08-14 01:35:00,4359.22608,4370.24462,4359.19791,4369.02489
2026-08-14 01:40:00,4365.9828,4371.5847,4365.9828,4369.05869
2026-08-14 01:45:00,4369.34259,4370.43835,4368.52912,4369.29764
2026-08-14 01:50:00,4369.86595,4370.1696,4366.40597,4366.47628
2026-08-14 01:55:00,4366.57152,4370.54888,4363.76331,4364.17999
2026-08-14 02:00:00,4364.95919,4367.63804,4362.55745,4367.02031
2026-08-14 02:05:00,4365.92783,4365.92783,4359.71269,4360.31621
2026-08-14 02:10:00,4361.55572,4361.55572,4355.25556,4355.80348
2026-08-14 02:15:00,4356.95679,4356.95679,4351.79947,4352.07255
2026-08-14 02:20:00,4352.52631,4357.67823,4351.98083,4354.89462
2026-08-14 02:25:00,4355.41731,4360.15211,4355.41731,4359.49926
2026-08-14 02:30:00,4357.97366,4366.81223,4356.5368,4365.57169
2026-08-14 02:35:00,4365.17267,4366.62154,4363.76331,4363.91929
2026-08-14 02:40:00,4364.10357,4365.72351,4363.95374,4365.49482
2026-08-14 02:45:00,4364.82185,4367.57512,4364.73456,4366.40029
2026-08-14 02:50:00,4366.64291,4366.64291,4364.14419,4364.2918
2026-08-14 02:55:00,4364.65013,4368.43322,4364.65013,4366.72968
2026-08-14 03:00:00,4366.92326,4368.91083,4365.66838,4365.99045
2026-08-14 03:05:00,4366.5523,4372.1581,4365.52175,4372.03877
2026-08-14 03:10:00,4371.76349,4373.11409,4371.01145,4373.08441
2026-08-14 03:15:00,4372.96113,4373.86654,4366.21013,4366.48275
2026-08-14 03:20:00,4367.15596,4368.6208,4366.9252,4368.19453
2026-08-14 03:25:00,4368.32823,4368.52912,4363.99406,4364.6676
2026-08-14 03:30:00,4365.5576,4365.5576,4360.87184,4361.16594
2026-08-14 03:35:00,4361.65557,4361.79655,4360.5285,4361.46241
2026-08-14 03:40:00,4361.53841,4361.81738,4356.91879,4357.29529
2026-08-14 03:45:00,4357.85871,4359.9708,4356.53917,4358.42628
2026-08-14 03:50:00,4358.7842,4360.20904,4357.67823,4357.87396
2026-08-14 03:55:00,4358.20458,4358.20458,4356.33528,4356.62539
2026-08-14 04:00:00,4356.59119,4360.36504,4356.15961,4359.9875
2026-08-14 04:05:00,4359.23295,4359.56411,4357.29847,4358.19364
2026-08-14 04:10:00,4358.71143,4362.62106,4358.71143,4362.45676
2026-08-14 04:15:00,4362.07082,4363.4563,4361.46761,4363.08477
2026-08-14 04:20:00,4362.25035,4363.76331,4357.73816,4358.78093
2026-08-14 04:25:00,4360.49084,4360.49084,4354.98025,4357.83222
2026-08-14 04:30:00,4357.50757,4358.97266,4356.91879,4357.00959
2026-08-14 04:35:00,4357.0571,4359.57799,4356.77742,4359.24178
2026-08-14 04:40:00,4359.26058,4359.95814,4357.67823,4358.12612
2026-08-14 04:45:00,4358.10135,4358.10135,4356.91879,4357.01045
2026-08-14 04:50:00,4357.15741,4357.15741,4355.02134,4356.23201
2026-08-14 04:55:00,4355.69147,4357.86813,4355.37075,4357.4776
2026-08-14 05:00:00,4357.41202,4358.6279,4356.91879,4358.47988
2026-08-14 05:05:00,4358.16158,4358.6279,4353.31505,4353.69082
2026-08-14 05:10:00,4354.36004,4354.36004,4347.58696,4349.26161
2026-08-14 05:15:00,4351.43686,4351.43686,4345.18119,4347.4001
2026-08-14 05:20:00,4347.60277,4348.9606,4346.88111,4348.89178
2026-08-14 05:25:00,4348.7168,4351.26109,4348.58236,4351.06711
2026-08-14 05:30:00,4350.77251,4351.42074,4349.90648,4351.17494
2026-08-14 05:35:00,4350.71297,4353.31737,4350.71297,4353.00716
2026-08-14 05:40:00,4352.29599,4353.88366,4351.79947,4352.35071
2026-08-14 05:45:00,4352.25958,4352.31752,4348.20419,4348.29334
2026-08-14 05:50:00,4348.22016,4350.29809,4348.22016,4349.60852
2026-08-14 05:55:00,4349.55822,4350.4742,4347.68617,4348.05694
2026-08-14 06:00:00,4348.91716,4350.67273,4346.69217,4347.82721
2026-08-14 06:05:00,4347.73608,4349.69341,4347.00195,4349.41637
2026-08-14 06:10:00,4348.65538,4350.15602,4348.65538,4349.59928
2026-08-14 06:15:00,4349.59388,4351.15021,4349.59388,4350.51737
2026-08-14 06:20:00,4350.57989,4350.57989,4349.71727,4349.74292
2026-08-14 06:25:00,4349.77415,4352.36769,4348.92314,4352.29085
2026-08-14 06:30:00,4352.11849,4352.35854,4348.39327,4348.51817
2026-08-14 06:35:00,4348.72241,4350.07281,4348.39327,4349.04915
2026-08-14 06:40:00,4349.25907,4350.66348,4348.39327,4350.54521
2026-08-14 06:45:00,4350.27567,4350.27567,4349.49905,4350.07329
2026-08-14 06:50:00,4349.92536,4350.51076,4348.9606,4349.01637
2026-08-14 06:55:00,4349.10407,4351.4161,4348.93031,4351.17522
2026-08-14 07:00:00,4350.64279,4351.6101,4350.64279,4351.32972
2026-08-14 07:05:00,4351.35967,4351.75718,4351.17259,4351.40266
2026-08-14 07:10:00,4351.39649,4351.56816,4351.31004,4351.47175
2026-08-14 07:15:00,4351.37755,4351.55495,4351.33068,4351.41797
2026-08-14 07:20:00,4351.36256,4351.56339,4351.30311,4351.32988
2026-08-14 07:25:00,4351.36161,4351.51225,4351.13545,4351.4068
2026-08-14 07:30:00,4351.36384,4351.55826,4351.30666,4351.4677
2026-08-14 07:35:00,4351.37151,4351.55822,4351.2314,4351.26311
2026-08-14 07:40:00,4351.27713,4351.56237,4351.2314,4351.33048
2026-08-14 07:45:00,4351.36316,4351.48463,4351.2314,4351.40622
2026-08-14 07:50:00,4351.35642,4351.53741,4351.30654,4351.45364
2026-08-14 07:55:00,4351.35374,4351.62476,4351.30361,4351.49926
2026-08-14 08:00:00,4351.43021,4354.64205,4351.0202,4352.65421
2026-08-14 08:05:00,4352.7991,4357.10862,4352.74658,4356.52007
2026-08-14 08:10:00,4356.25458,4357.07551,4355.11254,4355.18659
2026-08-14 08:15:00,4355.27637,4355.70483,4352.93606,4353.03123
2026-08-14 08:20:00,4353.06669,4356.07394,4352.7907,4355.84678
2026-08-14 08:25:00,4355.40115,4357.67823,4355.40115,4357.5692
2026-08-14 08:30:00,4357.31539,4357.6922,4356.53917,4356.6492
2026-08-14 08:35:00,4356.57295,4361.6251,4356.57295,4361.16773
2026-08-14 08:40:00,4360.52299,4362.24045,4360.43123,4360.63838
2026-08-14 08:45:00,4361.01084,4361.65684,4356.79418,4357.63114
2026-08-14 08:50:00,4359.54336,4359.54336,4354.49663,4356.41653
2026-08-14 08:55:00,4355.43499,4357.29847,4354.07324,4354.23876
2026-08-14 09:00:00,4354.50632,4354.68348,4351.17497,4351.49229
2026-08-14 09:05:00,4351.91401,4357.62593,4348.61358,4355.99279
2026-08-14 09:10:00,4352.55071,4359.57799,4352.55071,4355.00791
2026-08-14 09:15:00,4355.87812,4362.17591,4355.87812,4359.05832
2026-08-14 09:20:00,4360.53899,4360.53899,4357.48834,4358.62228
2026-08-14 09:25:00,4358.9607,4362.43075,4358.9607,4362.31497
2026-08-14 09:30:00,4362.01215,4363.38249,4361.20273,4361.57844
2026-08-14 09:35:00,4361.70296,4361.70296,4360.71865,4360.77284
2026-08-14 09:40:00,4360.83671,4362.43075,4358.71259,4359.97674
2026-08-14 09:45:00,4359.17315,4364.52514,4359.17315,4362.35059
2026-08-14 09:50:00,4363.02657,4363.02657,4357.89939,4358.43787
2026-08-14 09:55:00,4359.62457,4359.62457,4356.91888,4357.88648
2026-08-14 10:00:00,4358.61211,4361.91264,4356.02793,4361.60221
2026-08-14 10:05:00,4361.03384,4361.03384,4353.77877,4354.1557
2026-08-14 10:10:00,4354.39993,4358.79591,4351.42074,4351.60359
2026-08-14 10:15:00,4351.76317,4352.55713,4348.77147,4349.44045
2026-08-14 10:20:00,4349.60265,4350.64919,4345.82877,4346.0453
2026-08-14 10:25:00,4346.44104,4347.25905,4341.27113,4341.60587
2026-08-14 10:30:00,4342.03996,4344.63821,4338.95952,4340.55369
2026-08-14 10:35:00,4340.2219,4348.01062,4336.37832,4337.15933
2026-08-14 10:40:00,4338.60024,4338.72985,4334.9235,4338.30255
2026-08-14 10:45:00,4337.71694,4342.35095,4334.67524,4335.22392
2026-08-14 10:50:00,4335.9375,4337.96667,4333.37208,4334.91281
2026-08-14 10:55:00,4335.96115,4341.40835,4335.96115,4340.38305
2026-08-14 11:00:00,4340.3467,4342.3893,4329.56661,4331.17294
2026-08-14 11:05:00,4331.31665,4333.69447,4329.46175,4330.03674
2026-08-14 11:10:00,4330.92034,4331.17862,4322.08151,4325.14145
2026-08-14 11:15:00,4324.92136,4325.25952,4320.21428,4320.56314
2026-08-14 11:20:00,4321.09864,4325.83171,4318.23987,4318.97933
2026-08-14 11:25:00,4320.64877,4320.96098,4315.7395,4318.88968
2026-08-14 11:30:00,4319.16942,4321.52118,4313.69166,4313.90615
2026-08-14 11:35:00,4314.26879,4320.21428,4313.63743,4318.05456
2026-08-14 11:40:00,4318.44071,4320.96098,4318.44071,4320.59939
2026-08-14 11:45:00,4320.52602,4322.50564,4314.06385,4314.5565
2026-08-14 11:50:00,4315.54842,4318.75151,4312.87054,4318.00875
2026-08-14 11:55:00,4316.87763,4321.1477,4316.87763,4319.66153
2026-08-14 12:00:00,4318.87417,4321.89472,4317.27196,4321.69659
2026-08-14 12:05:00,4322.19025,4322.19025,4316.11205,4318.04568
2026-08-14 12:10:00,4318.42683,4318.42683,4312.3895,4313.2944
2026-08-14 12:15:00,4313.16575,4317.04369,4311.90719,4314.26706
2026-08-14 12:20:00,4314.84875,4317.41646,4313.31953,4316.27161
2026-08-14 12:25:00,4316.05634,4320.32825,4312.94747,4313.46483
2026-08-14 12:30:00,4314.42659,4321.33443,4312.31283,4314.32045
2026-08-14 12:35:00,4316.21557,4322.26833,4316.21557,4320.02585
2026-08-14 12:40:00,4320.34482,4321.12966,4318.90818,4318.99154
2026-08-14 12:45:00,4319.57128,4323.35568,4314.62225,4314.89295
2026-08-14 12:50:00,4315.68045,4318.16219,4315.68045,4316.6347
2026-08-14 12:55:00,4317.60187,4317.60187,4312.94747,4314.86584
2026-08-14 13:00:00,4313.98822,4317.27081,4313.98822,4317.10026
2026-08-14 13:05:00,4316.64354,4321.89472,4315.51919,4321.81319
2026-08-14 13:10:00,4321.73211,4322.82886,4319.09472,4322.45616
2026-08-14 13:15:00,4321.74482,4322.82886,4319.36335,4322.76215
2026-08-14 13:20:00,4322.53681,4325.63371,4322.01663,4324.76821
2026-08-14 13:25:00,4324.79804,4325.87613,4324.55773,4325.83679
2026-08-14 13:30:00,4325.74761,4327.44136,4325.60185,4327.1449
2026-08-14 13:35:00,4326.3223,4327.99709,4326.3223,4326.68267
2026-08-14 13:40:00,4326.97513,4326.97513,4325.82082,4325.84314
2026-08-14 13:45:00,4325.83717,4326.66426,4325.82082,4326.5674
2026-08-14 13:50:00,4326.45356,4327.27336,4324.69835,4324.81235
2026-08-14 13:55:00,4324.98809,4324.98809,4323.71211,4324.66885
2026-08-14 14:00:00,4324.57169,4324.57169,4323.29415,4323.56327
2026-08-14 14:05:00,4324.05222,4324.33875,4323.01574,4324.24051
2026-08-14 14:10:00,4324.06352,4327.12687,4323.94292,4326.88002
2026-08-14 14:15:00,4326.23776,4327.8802,4325.46489,4326.81462
2026-08-14 14:20:00,4326.92236,4327.38705,4326.56946,4326.58921
2026-08-14 14:25:00,4326.71261,4327.6584,4325.5891,4325.98146
2026-08-14 14:30:00,4326.78017,4326.78017,4323.7634,4324.9346
2026-08-14 14:35:00,4324.67661,4325.63371,4324.60497,4325.59473
2026-08-14 14:40:00,4325.53042,4326.38228,4324.61948,4325.49033
2026-08-14 14:45:00,4325.47642,4326.00796,4323.95036,4325.02754
2026-08-14 14:50:00,4324.90401,4325.3211,4324.51133,4325.00745
2026-08-14 14:55:00,4325.07519,4326.00796,4324.60847,4325.8294
2026-08-14 15:00:00,4325.78644,4325.82082,4323.95036,4325.34398
2026-08-14 15:05:00,4325.05638,4326.74582,4320.96098,4321.18975
2026-08-14 15:10:00,4321.59201,4322.44632,4320.21428,4322.18202
2026-08-14 15:15:00,4321.71624,4321.71624,4318.49343,4318.67365
2026-08-14 15:20:00,4318.98487,4319.90313,4317.41646,4317.52004
2026-08-14 15:25:00,4317.58184,4319.33899,4317.58184,4319.22576
2026-08-14 15:30:00,4318.91195,4319.46784,4310.61379,4316.89995
2026-08-14 15:35:00,4315.81493,4324.32432,4315.81493,4323.98968
2026-08-14 15:40:00,4323.39439,4324.26909,4318.83521,4319.74523
2026-08-14 15:45:00,4321.86747,4322.642,4317.60287,4321.47998
2026-08-14 15:50:00,4321.63491,4328.89257,4321.63491,4328.62367
2026-08-14 15:55:00,4327.90835,4332.51473,4327.90835,4331.88806
2026-08-14 16:00:00,4331.08396,4335.30862,4331.08396,4334.98781
2026-08-14 16:05:00,4334.53307,4336.70254,4330.12904,4330.41209
2026-08-14 16:10:00,4330.93789,4333.31889,4330.11992,4333.05222
2026-08-14 16:15:00,4332.5971,4333.31889,4332.06029,4332.17901
2026-08-14 16:20:00,4332.35399,4332.66326,4329.56661,4330.9959
2026-08-14 16:25:00,4329.95455,4331.8172,4329.95455,4330.58293
2026-08-14 16:30:00,4331.03098,4331.03098,4329.19174,4330.18147
2026-08-14 16:35:00,4330.11204,4330.11204,4328.81693,4329.55744
2026-08-14 16:40:00,4329.02763,4332.35936,4328.81693,4331.88709
2026-08-14 16:45:00,4330.72881,4335.03292,4330.72881,4333.95664
2026-08-14 16:50:00,4334.14756,4335.57338,4334.02109,4334.95543
2026-08-14 16:55:00,4334.77605,4335.59066,4333.88229,4335.34953
2026-08-14 17:00:00,4334.74167,4335.95209,4333.90853,4335.72817
2026-08-14 17:05:00,4335.3693,4336.17567,4333.83578,4334.58818
2026-08-14 17:10:00,4334.45524,4334.63372,4331.96665,4332.35711
2026-08-14 17:15:00,4332.86176,4333.50667,4331.25433,4333.38853
2026-08-14 17:20:00,4333.16212,4335.00954,4330.50407,4334.62973
2026-08-14 17:25:00,4334.26503,4336.13737,4332.68729,4334.20286
2026-08-14 17:30:00,4333.72429,4333.9885,4331.55721,4333.78046
2026-08-14 17:35:00,4333.27709,4336.13737,4333.27709,4335.24806
2026-08-14 17:40:00,4335.2132,4339.52439,4334.95275,4338.5112
2026-08-14 17:45:00,4338.60768,4343.10532,4337.18349,4341.51264
2026-08-14 17:50:00,4340.8837,4343.4826,4340.8837,4342.86647
2026-08-14 17:55:00,4342.4742,4344.35123,4341.89834,4344.09988
2026-08-14 18:00:00,4343.58408,4347.42862,4342.53952,4342.7806
2026-08-14 18:05:00,4343.1606,4345.10634,4342.35095,4344.80413
2026-08-14 18:10:00,4344.11645,4347.22284,4343.74571,4346.60136
2026-08-14 18:15:00,4345.09353,4348.77147,4345.09353,4346.96043
2026-08-14 18:20:00,4347.38512,4347.38512,4344.04865,4344.31914
2026-08-14 18:25:00,4344.21006,4345.37001,4344.21006,4345.30559
2026-08-14 18:30:00,4345.11927,4346.62919,4344.23737,4344.37925
2026-08-14 18:35:00,4344.65866,4348.77147,4343.57625,4348.59305
2026-08-14 18:40:00,4348.22955,4348.77147,4344.92352,4345.34335
2026-08-14 18:45:00,4346.24112,4346.24112,4342.7281,4344.2077
2026-08-14 18:50:00,4344.24024,4347.44805,4344.10315,4347.33559
2026-08-14 18:55:00,4347.02254,4349.52808,4346.49671,4347.69693
2026-08-14 19:00:00,4347.72498,4349.40985,4347.44805,4347.57549
2026-08-14 19:05:00,4347.89985,4349.09478,4346.00997,4348.39601
2026-08-14 19:10:00,4348.08738,4349.76251,4348.08738,4348.95846
2026-08-14 19:15:00,4348.99005,4351.98886,4348.99005,4350.03503
2026-08-14 19:20:00,4350.74669,4352.20241,4349.3389,4350.39638
2026-08-14 19:25:00,4350.53664,4354.45243,4348.08183,4350.82147
2026-08-14 19:30:00,4351.07282,4353.50457,4351.07282,4353.29823
2026-08-14 19:35:00,4352.83226,4354.26282,4352.80552,4353.06555
2026-08-14 19:40:00,4353.39152,4353.39152,4352.17827,4352.63741
2026-08-14 19:45:00,4352.78196,4354.73665,4352.78196,4353.16536
2026-08-14 19:50:00,4353.11659,4354.83169,4353.11659,4354.73144
2026-08-14 19:55:00,4354.41559,4356.33565,4354.41559,4355.86653
2026-08-14 20:00:00,4354.63307,4357.29847,4354.63307,4357.09398
2026-08-14 20:05:00,4356.76007,4358.33229,4356.03735,4356.33417
2026-08-14 20:10:00,4356.70152,4357.53481,4354.66551,4356.52288
2026-08-14 20:15:00,4356.75252,4356.75252,4353.19235,4353.36586
2026-08-14 20:20:00,4353.57874,4354.26282,4352.74658,4354.20393
2026-08-14 20:25:00,4354.11552,4354.20095,4350.85277,4351.58126
2026-08-14 20:30:00,4351.4624,4351.4624,4348.58236,4348.67596
2026-08-14 20:35:00,4348.76212,4350.0957,4348.76212,4349.43376
2026-08-14 20:40:00,4349.35059,4351.27119,4348.63721,4350.97332
2026-08-14 20:45:00,4350.15265,4352.41532,4350.15265,4352.35358
2026-08-14 20:50:00,4352.21233,4353.86826,4351.42074,4351.62799
2026-08-14 20:55:00,4351.9,4351.99852,4349.14974,4349.52464
2026-08-14 21:00:00,4349.29851,4350.85277,4349.14974,4349.77429
2026-08-14 21:05:00,4350.08382,4351.41679,4349.14974,4351.21933
2026-08-14 21:10:00,4350.87144,4351.42074,4350.72227,4350.91684
2026-08-14 21:15:00,4351.20751,4355.4007,4349.84955,4355.02842
2026-08-14 21:20:00,4354.43307,4357.00114,4354.32526,4354.55856
2026-08-14 21:25:00,4354.87316,4357.29847,4353.69411,4357.11925
2026-08-14 21:30:00,4356.82034,4359.83125,4356.82034,4359.36926
2026-08-14 21:35:00,4358.45776,4362.8114,4358.45776,4362.46393
2026-08-14 21:40:00,4361.97921,4363.19211,4361.66965,4363.18389
2026-08-14 21:45:00,4363.12559,4363.12559,4361.2892,4361.47433
2026-08-14 21:50:00,4361.5268,4369.09673,4361.5268,4368.70017
2026-08-14 21:55:00,4368.04665,4368.66812,4365.98573,4368.14185
2026-08-14 22:00:00,4366.83892,4374.64456,4366.12816,4374.42151
2026-08-14 22:05:00,4374.0964,4375.41019,4372.96934,4375.23297
2026-08-14 22:10:00,4374.94501,4374.94501,4369.86541,4369.93003
2026-08-14 22:15:00,4370.14182,4372.34926,4369.48353,4371.52685
2026-08-14 22:20:00,4371.13697,4379.43574,4371.13697,4377.93973
2026-08-14 22:25:00,4378.2435,4381.55572,4377.70871,4379.25022
2026-08-14 22:30:00,4378.46017,4385.7199,4378.46017,4382.91273
2026-08-14 22:35:00,4383.22601,4383.86386,4377.1227,4377.49322
2026-08-14 22:40:00,4378.17517,4378.17517,4372.92286,4373.05415
2026-08-14 22:45:00,4373.32194,4376.03932,4371.20252,4375.37664
2026-08-14 22:50:00,4374.51095,4377.43749,4372.83983,4376.0411
2026-08-14 22:55:00,4375.37591,4377.59813,4373.49661,4374.37563
2026-08-14 23:00:00,4374.20036,4377.50444,4370.08531,4376.90681
2026-08-14 23:05:00,4375.36301,4379.24239,4375.36301,4377.01748
2026-08-14 23:10:00,4377.44168,4380.96907,4376.74211,4378.35048
2026-08-14 23:15:00,4379.28028,4379.8178,4374.92395,4379.59049
2026-08-14 23:20:00,4379.52037,4384.64057,4379.24239,4383.91012
2026-08-14 23:25:00,4382.24796,4386.34968,4382.24796,4384.959
2026-08-14 23:30:00,4385.15268,4390.30429,4384.58331,4389.953
2026-08-14 23:35:00,4389.49348,4395.79762,4389.49348,4395.51921
2026-08-14 23:40:00,4394.90395,4396.18411,4391.74352,4395.727
2026-08-14 23:45:00,4394.84668,4396.587,4387.11942,4389.72462
2026-08-14 23:50:00,4389.37764,4389.37764,4384.81101,4385.0705
2026-08-14 23:55:00,4385.51802,4385.51802,4383.65772,4383.7629
2026-08-15 00:00:00,4384.0846,4391.16498,4384.0846,4388.9587
2026-08-15 00:05:00,4388.80966,4391.26354,4388.80966,4391.17919
2026-08-15 00:10:00,4391.00227,4392.7081,4388.85232,4392.43674
2026-08-15 00:15:00,4391.88523,4391.88523,4388.41796,4390.55734
2026-08-15 00:20:00,4390.50665,4390.50665,4385.58021,4389.59061
2026-08-15 00:25:00,4387.52531,4393.09406,4387.52531,4391.91018
2026-08-15 00:30:00,4392.32066,4392.32066,4387.74458,4388.48077
2026-08-15 00:35:00,4390.13581,4390.13581,4384.70678,4384.84362
2026-08-15 00:40:00,4385.22993,4387.23017,4382.50504,4382.80998
2026-08-15 00:45:00,4382.92683,4384.39328,4380.20149,4381.17874
2026-08-15 00:50:00,4380.96674,4382.26765,4379.79426,4382.0444
2026-08-15 00:55:00,4381.57161,4382.69711,4380.96907,4381.06638
2026-08-15 01:00:00,4381.18352,4388.58412,4381.08897,4388.29073
2026-08-15 01:05:00,4387.78567,4389.04494,4387.11389,4388.9296
2026-08-15 01:10:00,4388.76336,4393.35667,4385.69807,4392.73565
2026-08-15 01:15:00,4391.16298,4394.52298,4387.05556,4387.8774
2026-08-15 01:20:00,4389.35057,4389.35057,4384.31674,4384.52097
2026-08-15 01:25:00,4384.88682,4384.95877,4379.24239,4383.70854
2026-08-15 01:30:00,4383.14587,4387.11942,4383.14587,4386.6252
2026-08-15 01:35:00,4385.54958,4389.81563,4385.38495,4387.92633
2026-08-15 01:40:00,4388.24036,4389.54224,4386.54379,4386.98471
2026-08-15 01:45:00,4387.78503,4394.83168,4387.78503,4394.68931
2026-08-15 01:50:00,4394.43815,4394.43815,4391.62107,4392.01273
2026-08-15 01:55:00,4392.45885,4392.90107,4390.45812,4391.92205
2026-08-15 02:00:00,4391.82063,4395.45613,4390.97216,4392.34822
2026-08-15 02:05:00,4392.72527,4392.72527,4390.09047,4390.60282
2026-08-15 02:10:00,4391.40839,4391.40839,4389.43025,4389.57691
2026-08-15 02:15:00,4389.70023,4391.74352,4389.46749,4391.50695
2026-08-15 02:20:00,4391.50221,4393.06175,4390.23891,4390.5345
2026-08-15 02:25:00,4391.11592,4391.11592,4387.31189,4387.68965
2026-08-15 02:30:00,4387.64306,4387.6969,4381.54493,4381.81371
2026-08-15 02:35:00,4382.4231,4388.73853,4381.72755,4388.01114
2026-08-15 02:40:00,4386.26009,4389.43025,4386.15729,4386.60341
2026-08-15 02:45:00,4386.88014,4386.88014,4385.95436,4386.71523
2026-08-15 02:50:00,4386.56669,4387.0482,4385.85528,4386.9877
2026-08-15 02:55:00,4386.84979,4386.84979,4385.19558,4385.33372
2026-08-15 03:00:00,4385.59525,4387.44641,4382.8892,4383.82244
2026-08-15 03:05:00,4383.68853,4384.56415,4381.73692,4382.50878
2026-08-15 03:10:00,4382.37522,4383.45677,4380.58525,4380.85059
2026-08-15 03:15:00,4380.77568,4385.7807,4379.45146,4382.00749
2026-08-15 03:20:00,4382.0463,4382.50504,4380.77715,4382.20652
2026-08-15 03:25:00,4382.08703,4382.43286,4379.97638,4380.17962
2026-08-15 03:30:00,4380.54213,4382.12095,4379.07085,4381.57229
2026-08-15 03:35:00,4381.46854,4382.3844,4380.00964,4380.30128
2026-08-15 03:40:00,4380.32343,4380.82918,4377.70871,4377.94802
2026-08-15 03:45:00,4378.38083,4378.38083,4376.55915,4376.60001
2026-08-15 03:50:00,4376.73913,4379.24239,4376.58631,4379.07258
2026-08-15 03:55:00,4378.7203,4378.7203,4377.51707,4377.7778
2026-08-15 04:00:00,4377.7012,4380.39907,4376.94227,4379.63398
2026-08-15 04:05:00,4378.32958,4382.35785,4378.32958,4379.87153
2026-08-15 04:10:00,4379.87424,4380.97537,4377.32545,4377.44274
2026-08-15 04:15:00,4377.62938,4378.64,4377.13385,4378.52432
2026-08-15 04:20:00,4378.27947,4380.20149,4378.27947,4379.33451
2026-08-15 04:25:00,4379.42354,4380.02217,4378.66713,4378.84209
2026-08-15 04:30:00,4379.13381,4379.87845,4377.13385,4378.26813
2026-08-15 04:35:00,4378.06401,4382.14399,4378.06401,4381.7342
2026-08-15 04:40:00,4380.91656,4383.09699,4378.44662,4381.59619
2026-08-15 04:45:00,4382.08072,4382.08072,4372.54045,4374.52035
2026-08-15 04:50:00,4374.37927,4376.59362,4373.49999,4376.14597
2026-08-15 04:55:00,4375.22042,4375.22042,4373.11409,4373.34788
2026-08-15 05:00:00,4373.41843,4373.59531,4372.91655,4373.07705
2026-08-15 05:05:00,4373.33934,4375.75123,4372.73165,4374.08789
2026-08-15 05:10:00,4374.12545,4377.24635,4374.12545,4377.1796
2026-08-15 05:15:00,4377.03353,4377.03353,4375.21876,4375.73182
2026-08-15 05:20:00,4375.59637,4376.7507,4375.33059,4376.7252
2026-08-15 05:25:00,4376.62761,4377.90036,4375.9846,4376.69261
2026-08-15 05:30:00,4377.08858,4377.70871,4377.08858,4377.20347
2026-08-15 05:35:00,4377.29102,4377.95479,4376.36761,4376.49985
2026-08-15 05:40:00,4376.67181,4377.51707,4376.51229,4376.7217
2026-08-15 05:45:00,4376.71277,4377.12406,4375.5679,4375.67586
2026-08-15 05:50:00,4375.57786,4380.00964,4375.57786,4379.75588
2026-08-15 05:55:00,4379.24691,4382.44657,4374.45319,4375.04209
2026-08-15 06:00:00,4375.30467,4375.9846,4373.87919,4374.01151
2026-08-15 06:05:00,4374.21201,4374.26184,4372.34926,4373.51644
2026-08-15 06:10:00,4373.44838,4373.59933,4371.20252,4371.801
2026-08-15 06:15:00,4372.14006,4373.75215,4372.14006,4373.72968
2026-08-15 06:20:00,4373.68905,4373.94714,4372.94384,4373.10401
2026-08-15 06:25:00,4373.36202,4374.83594,4372.07143,4374.32755
2026-08-15 06:30:00,4374.34988,4374.64456,4374.07051,4374.28424
2026-08-15 06:35:00,4374.23028,4375.9846,4373.8132,4375.92228
2026-08-15 06:40:00,4375.79369,4376.79262,4375.02734,4375.14859
2026-08-15 06:45:00,4375.40662,4376.02698,4375.24183,4375.77928
2026-08-15 06:50:00,4375.69358,4375.95155,4375.41019,4375.92906
2026-08-15 06:55:00,4375.82935,4376.79162,4375.31556,4376.56187
2026-08-15 07:00:00,4376.01866,4376.94227,4375.60165,4375.6097
2026-08-15 07:05:00,4375.64065,4375.79436,4375.53601,4375.67204
2026-08-15 07:10:00,4375.59973,4375.74244,4375.59006,4375.68401
2026-08-15 07:15:00,4375.60003,4375.9846,4375.54051,4375.95072
2026-08-15 07:20:00,4375.87422,4375.87422,4375.59568,4375.74995
2026-08-15 07:25:00,4375.67832,4375.79158,4375.53653,4375.67469
2026-08-15 07:30:00,4375.59782,4375.89559,4375.57431,4375.86628
2026-08-15 07:35:00,4375.80042,4375.80433,4375.5381,4375.58838
2026-08-15 07:40:00,4375.60138,4375.7235,4375.57321,4375.58492
2026-08-15 07:45:00,4375.59808,4375.79558,4375.53437,4375.68065
2026-08-15 07:50:00,4375.59973,4375.76156,4375.59866,4375.67422
2026-08-15 07:55:00,4375.59756,4375.79923,4375.54038,4375.58851
2026-08-15 08:00:00,4375.60547,4375.73985,4375.57155,4375.59491
2026-08-15 08:05:00,4375.60332,4375.79269,4375.53806,4375.68073
2026-08-15 08:10:00,4375.5959,4375.76938,4375.59112,4375.6675
2026-08-15 08:15:00,4375.59613,4375.79054,4375.5341,4375.57897
2026-08-15 08:20:00,4375.59973,4375.74432,4375.5582,4375.59583
2026-08-15 08:25:00,4375.59973,4375.79648,4375.53857,4375.68775
2026-08-15 08:30:00,4375.59973,4375.77577,4375.58186,4375.66682
2026-08-15 08:35:00,4375.59973,4375.79354,4375.53465,4375.57583
2026-08-15 08:40:00,4375.59973,4375.75327,4375.55193,4375.65934
2026-08-15 08:45:00,4375.59973,4375.79542,4375.53607,4375.69067
2026-08-15 08:50:00,4375.59973,4375.78161,4375.57324,4375.66175
2026-08-15 08:55:00,4375.59973,4375.79927,4375.54197,4375.57899
2026-08-15 09:00:00,4375.60513,4375.7685,4375.55441,4375.65935
2026-08-15 09:05:00,4375.60212,4375.80116,4375.5404,4375.70065
2026-08-15 09:10:00,4375.60774,4375.79391,4375.57174,4375.66354
2026-08-15 09:15:00,4375.60533,4375.80222,4375.54627,4375.57869
2026-08-15 09:20:00,4375.60703,4375.77417,4375.55,4375.6501
2026-08-15 09:25:00,4375.60165,4375.79025,4375.5341,4375.69513
2026-08-15 09:30:00,4375.59973,4375.79052,4375.55823,4375.66249
2026-08-15 09:35:00,4375.59973,4375.79649,4375.54239,4375.56916
2026-08-15 09:40:00,4375.59973,4375.77575,4375.53858,4375.6372
2026-08-15 09:45:00,4375.59581,4375.786,4375.53465,4375.69663
2026-08-15 09:50:00,4375.59973,4375.79353,4375.55195,4375.67035
2026-08-15 09:55:00,4375.60364,4375.79737,4375.54862,4375.56984
2026-08-15 10:00:00,4375.60165,4375.78147,4375.53803,4375.63698
2026-08-15 10:05:00,4375.59973,4375.78119,4375.53622,4375.69763
2026-08-15 10:10:00,4375.59973,4375.79553,4375.54656,4375.67477
2026-08-15 10:15:00,4375.59969,4375.7934,4375.55429,4375.56907
2026-08-15 10:20:00,4375.60126,4375.78642,4375.53649,4375.63806
2026-08-15 10:25:00,4375.60361,4375.78336,4375.54428,4375.70577
2026-08-15 10:30:00,4375.60777,4375.80415,4375.54819,4375.68547
2026-08-15 10:35:00,4375.60546,4375.79034,4375.56049,4375.56883
2026-08-15 10:40:00,4375.60126,4375.79051,4375.5341,4375.63074
2026-08-15 10:45:00,4375.59591,4375.76247,4375.53881,4375.69235
2026-08-15 10:50:00,4375.5936,4375.79072,4375.53457,4375.67896
2026-08-15 10:55:00,4375.59587,4375.78209,4375.56048,4375.56147
2026-08-15 11:00:00,4375.59437,4375.78985,4375.52895,4375.63653
2026-08-15 11:05:00,4375.59595,4375.76096,4375.5469,4375.69758
2026-08-15 11:10:00,4375.59973,4375.79543,4375.53608,4375.68872
2026-08-15 11:15:00,4375.59973,4375.78133,4375.56989,4375.56989
2026-08-15 11:20:00,4375.60127,4375.7955,4375.53813,4375.64559
2026-08-15 11:25:00,4375.59965,4375.75839,4375.5558,4375.70234
2026-08-15 11:30:00,4375.60585,4375.80112,4375.54041,4375.70005
2026-08-15 11:35:00,4375.60556,4375.78161,4375.57682,4375.57682
2026-08-15 11:40:00,4375.60702,4375.80222,4375.54625,4375.6566
2026-08-15 11:45:00,4375.60537,4375.74616,4375.56046,4375.69696
2026-08-15 11:50:00,4375.60165,4375.7961,4375.53793,4375.69318
2026-08-15 11:55:00,4375.59756,4375.76426,4375.56539,4375.56539
2026-08-15 12:00:00,4375.59435,4375.79262,4375.53273,4375.65333
2026-08-15 12:05:00,4375.59605,4375.72786,4375.56253,4375.68714
2026-08-15 12:10:00,4375.59363,4375.78787,4375.53088,4375.69657
2026-08-15 12:15:00,4375.59574,4375.76099,4375.57331,4375.57331
2026-08-15 12:20:00,4375.59973,4375.79544,4375.53609,4375.6621
2026-08-15 12:25:00,4375.59973,4375.72447,4375.57381,4375.69048
2026-08-15 12:30:00,4375.59973,4375.79552,4375.53616,4375.70637
2026-08-15 12:35:00,4375.59992,4375.75478,4375.57788,4375.57788
2026-08-15 12:40:00,4375.60165,4375.79342,4375.5365,4375.66897
2026-08-15 12:45:00,4375.60165,4375.73438,4375.58744,4375.6954
2026-08-15 12:50:00,4375.60771,4375.80605,4375.54617,4375.60166
2026-08-15 12:55:00,4375.60569,4375.75023,4375.58664,4375.58664
2026-08-15 13:00:00,4375.60708,4375.79634,4375.54176,4375.67729
2026-08-15 13:05:00,4375.60525,4375.75102,4375.59669,4375.69205
2026-08-15 13:10:00,4375.60769,4375.79844,4375.5406,4375.59288
2026-08-15 13:15:00,4375.60165,4375.72769,4375.57728,4375.57728
2026-08-15 13:20:00,4375.59399,4375.78983,4375.52894,4375.67288
2026-08-15 13:25:00,4375.59616,4375.74986,4375.59257,4375.68038
2026-08-15 13:30:00,4375.59973,4375.79544,4375.5361,4375.58655
2026-08-15 13:35:00,4375.59973,4375.72443,4375.57338,4375.58675
2026-08-15 13:40:00,4375.59973,4375.79552,4375.5362,4375.68057
2026-08-15 13:45:00,4375.59973,4375.7614,4375.59675,4375.6723
2026-08-15 13:50:00,4375.59565,4375.78752,4375.5307,4375.57853
2026-08-15 13:55:00,4375.59561,4375.73498,4375.56115,4375.58745
2026-08-15 14:00:00,4375.5959,4375.79652,4375.53876,4375.68433
2026-08-15 14:05:00,4375.59973,4375.76893,4375.59132,4375.67173
2026-08-15 14:10:00,4375.59973,4375.79047,4375.5341,4375.57904
2026-08-15 14:15:00,4375.59973,4375.74413,4375.55834,4375.66994
2026-08-15 14:20:00,4375.60526,4375.80228,4375.54649,4375.69316
2026-08-15 14:25:00,4375.60515,4375.78084,4375.59028,4375.6749
2026-08-15 14:30:00,4375.60759,4375.80098,4375.54029,4375.58189
2026-08-15 14:35:00,4375.6058,4375.75253,4375.5583,4375.59788
2026-08-15 14:40:00,4375.598,4375.79541,4375.53419,4375.69067
2026-08-15 14:45:00,4375.60007,4375.78162,4375.5715,4375.65994
2026-08-15 14:50:00,4375.59765,4375.7936,4375.53623,4375.57313
2026-08-15 14:55:00,4375.59938,4375.75945,4375.54654,4375.65261
2026-08-15 15:00:00,4375.59958,4375.79142,4375.53266,4375.69122
2026-08-15 15:05:00,4375.59782,4375.78654,4375.5655,4375.65676
2026-08-15 15:10:00,4375.59973,4375.80414,4375.54423,4375.57687
2026-08-15 15:15:00,4375.60583,4375.77785,4375.55017,4375.65596
2026-08-15 15:20:00,4375.60905,4375.79637,4375.54176,4375.70068
2026-08-15 15:25:00,4375.60511,4375.7978,4375.56853,4375.66827
2026-08-15 15:30:00,4375.6075,4375.80227,4375.54762,4375.57503
2026-08-15 15:35:00,4375.60547,4375.78464,4375.5465,4375.64989
2026-08-15 15:40:00,4375.60557,4375.79252,4375.54031,4375.70226
2026-08-15 15:45:00,4375.60547,4375.80097,4375.56216,4375.67383
2026-08-15 15:50:00,4375.60747,4375.80127,4375.55022,4375.57182
2026-08-15 15:55:00,4375.60394,4375.78699,4375.54008,4375.64319
2026-08-15 16:00:00,4375.60547,4375.78549,4375.54183,4375.70139
2026-08-15 16:05:00,4375.60318,4375.79923,4375.55262,4375.67748
2026-08-15 16:10:00,4375.60552,4375.79925,4375.55571,4375.57103
2026-08-15 16:15:00,4375.60394,4375.79198,4375.53849,4375.63172
2026-08-15 16:20:00,4375.59973,4375.77528,4375.53682,4375.69813
2026-08-15 16:25:00,4375.60011,4375.79652,4375.54026,4375.67815
2026-08-15 16:30:00,4375.59781,4375.79616,4375.5602,4375.56883
2026-08-15 16:35:00,4375.60241,4375.79603,4375.53793,4375.63957
2026-08-15 16:40:00,4375.60548,4375.77297,4375.54786,4375.70196
2026-08-15 16:45:00,4375.60318,4375.80036,4375.54453,4375.68789
2026-08-15 16:50:00,4375.60545,4375.79224,4375.56908,4375.57097
2026-08-15 16:55:00,4375.60394,4375.7991,4375.53839,4375.64536
2026-08-15 17:00:00,4375.60552,4375.76546,4375.55233,4375.70147
2026-08-15 17:05:00,4375.60318,4375.79939,4375.54196,4375.69329
2026-08-15 17:10:00,4375.60727,4375.78934,4375.57361,4375.57361
2026-08-15 17:15:00,4375.60585,4375.80305,4375.54174,4375.65288
2026-08-15 17:20:00,4375.60746,4375.75931,4375.5576,4375.70239
2026-08-15 17:25:00,4375.60547,4375.7974,4375.5423,4375.69738
2026-08-15 17:30:00,4375.60538,4375.77353,4375.56926,4375.56926
2026-08-15 17:35:00,4375.59936,4375.7946,4375.53879,4375.64931
2026-08-15 17:40:00,4375.59771,4375.74363,4375.55664,4375.695
2026-08-15 17:45:00,4375.6001,4375.79402,4375.53984,4375.6975
2026-08-15 17:50:00,4375.59973,4375.77682,4375.57657,4375.57657
2026-08-15 17:55:00,4375.60583,4375.80419,4375.54468,4375.66401
2026-08-15 18:00:00,4375.60753,4375.74084,4375.57288,4375.69896
2026-08-15 18:05:00,4375.60512,4375.79532,4375.53647,4375.7062
2026-08-15 18:10:00,4375.60708,4375.76932,4375.57878,4375.57878
2026-08-15 18:15:00,4375.60582,4375.80322,4375.54206,4375.66932
2026-08-15 18:20:00,4375.60756,4375.73125,4375.57884,4375.69646
2026-08-15 18:25:00,4375.60547,4375.79922,4375.54182,4375.70925
2026-08-15 18:30:00,4375.60529,4375.75897,4375.57961,4375.57961
2026-08-15 18:35:00,4375.60389,4375.79927,4375.5385,4375.67259
2026-08-15 18:40:00,4375.60567,4375.7397,4375.58764,4375.69163
2026-08-15 18:45:00,4375.60324,4375.8003,4375.54433,4375.60156
2026-08-15 18:50:00,4375.60526,4375.74428,4375.58296,4375.58296
2026-08-15 18:55:00,4375.60294,4375.7942,4375.53601,4375.67185
2026-08-15 19:00:00,4375.59973,4375.74206,4375.58967,4375.68415
2026-08-15 19:05:00,4375.60003,4375.79649,4375.53677,4375.58904
2026-08-15 19:10:00,4375.59806,4375.74024,4375.58027,4375.58437
2026-08-15 19:15:00,4375.60223,4375.79908,4375.53838,4375.6819
2026-08-15 19:20:00,4375.60573,4375.75832,4375.60165,4375.68454
2026-08-15 19:25:00,4375.60328,4375.7994,4375.54197,4375.59256
2026-08-15 19:30:00,4375.60521,4375.73012,4375.57391,4375.58831
2026-08-15 19:35:00,4375.60218,4375.80116,4375.53985,4375.68606
2026-08-15 19:40:00,4375.60575,4375.76664,4375.59973,4375.6765
2026-08-15 19:45:00,4375.59922,4375.79748,4375.5404,4375.58858
2026-08-15 19:50:00,4375.60518,4375.73753,4375.57169,4375.59482
2026-08-15 19:55:00,4375.60307,4375.79459,4375.53877,4375.68234
2026-08-15 20:00:00,4375.59751,4375.76687,4375.59131,4375.66981
2026-08-15 20:05:00,4375.59782,4375.78855,4375.53218,4375.57712
2026-08-15 20:10:00,4375.59782,4375.74545,4375.56216,4375.59915
2026-08-15 20:15:00,4375.60378,4375.79844,4375.54067,4375.68947
2026-08-15 20:20:00,4375.60165,4375.77921,4375.58644,4375.66692
2026-08-15 20:25:00,4375.59993,4375.79524,4375.53844,4375.57984
2026-08-15 20:30:00,4375.60323,4375.75464,4375.55421,4375.65956
2026-08-15 20:35:00,4375.59973,4375.79548,4375.53615,4375.69056
2026-08-15 20:40:00,4375.59973,4375.78139,4375.57358,4375.66196
2026-08-15 20:45:00,4375.59973,4375.79548,4375.53615,4375.57324
2026-08-15 20:50:00,4375.59973,4375.76121,4375.54674,4375.66042
2026-08-15 20:55:00,4375.60388,4375.80126,4375.54045,4375.70055
2026-08-15 21:00:00,4375.60774,4375.78606,4375.56565,4375.65655
2026-08-15 21:05:00,4375.59987,4375.7946,4375.53678,4375.56903
2026-08-15 21:10:00,4375.59782,4375.76699,4375.54024,4375.64626
2026-08-15 21:15:00,4375.59782,4375.7904,4375.5341,4375.69505
2026-08-15 21:20:00,4375.59973,4375.79038,4375.55851,4375.66098
2026-08-15 21:25:00,4375.59984,4375.79458,4375.54031,4375.56727
2026-08-15 21:30:00,4375.59782,4375.7718,4375.53673,4375.63864
2026-08-15 21:35:00,4375.5959,4375.78235,4375.53082,4375.6928
2026-08-15 21:40:00,4375.5959,4375.78971,4375.54811,4375.66423
2026-08-15 21:45:00,4375.5959,4375.79159,4375.5431,4375.56407
2026-08-15 21:50:00,4375.5959,4375.77777,4375.53224,4375.63314
2026-08-15 21:55:00,4375.5959,4375.77735,4375.5324,4375.6938
2026-08-15 22:00:00,4375.5959,4375.79171,4375.54272,4375.66967
2026-08-15 22:05:00,4375.5959,4375.78951,4375.54856,4375.56332
2026-08-15 22:10:00,4375.5959,4375.7827,4375.53074,4375.62776
2026-08-15 22:15:00,4375.5959,4375.77144,4375.53498,4375.6943
2026-08-15 22:20:00,4375.5959,4375.7927,4375.53826,4375.67495
2026-08-15 22:25:00,4375.5959,4375.78643,4375.55491,4375.56308
2026-08-15 22:30:00,4375.5959,4375.78669,4375.53027,4375.63038
2026-08-15 22:35:00,4375.5959,4375.76468,4375.53855,4375.69428
2026-08-15 22:40:00,4375.5959,4375.79266,4375.53476,4375.68005
2026-08-15 22:45:00,4375.5959,4375.78237,4375.56208,4375.56336
2026-08-15 22:50:00,4375.5959,4375.7897,4375.53082,4375.63617
2026-08-15 22:55:00,4375.5959,4375.75711,4375.54308,4375.69375
2026-08-15 23:00:00,4375.5959,4375.7916,4375.53225,4375.6849
2026-08-15 23:05:00,4375.5959,4375.77737,4375.56415,4375.56415
2026-08-15 23:10:00,4375.5959,4375.7917,4375.53239,4375.64189
2026-08-15 23:15:00,4375.5959,4375.74879,4375.54854,4375.69271
2026-08-15 23:20:00,4375.5959,4375.78952,4375.53075,4375.68948
2026-08-15 23:25:00,4375.5959,4375.77147,4375.56543,4375.56543
2026-08-15 23:30:00,4375.5959,4375.79269,4375.53497,4375.64752
2026-08-15 23:35:00,4375.5959,4375.73979,4375.55488,4375.69117
2026-08-15 23:40:00,4375.5959,4375.78667,4375.53027,4375.69377
2026-08-15 23:45:00,4375.5959,4375.76471,4375.56722,4375.56722
2026-08-15 23:50:00,4375.5959,4375.79266,4375.53477,4375.653
2026-08-15 23:55:00,4375.5959,4375.73018,4375.56205,4375.68915
2026-08-16 00:00:00,4375.5959,4375.78968,4375.53081,4375.6977
2026-08-16 00:05:00,4375.5959,4375.75714,4375.56948,4375.56948
2026-08-16 00:10:00,4375.5959,4375.7916,4375.53226,4375.65828
2026-08-16 00:15:00,4375.5959,4375.72067,4375.57,4375.68665
2026-08-16 00:20:00,4375.5959,4375.7917,4375.53238,4375.70126
2026-08-16 00:25:00,4375.5959,4375.74883,4375.57221,4375.57221
2026-08-16 00:30:00,4375.5959,4375.78953,4375.53075,4375.66334
2026-08-16 00:35:00,4375.5959,4375.73078,4375.57866,4375.6837
2026-08-16 00:40:00,4375.5959,4375.79269,4375.53496,4375.59166
2026-08-16 00:45:00,4375.5959,4375.73983,4375.57538,4375.57538
2026-08-16 00:50:00,4375.5959,4375.78666,4375.53027,4375.66813
2026-08-16 00:55:00,4375.5959,4375.74036,4375.58797,4375.68032
2026-08-16 01:00:00,4375.5959,4375.79266,4375.53478,4375.58703
2026-08-16 01:05:00,4375.5959,4375.73022,4375.57815,4375.57896
2026-08-16 01:10:00,4375.5959,4375.78967,4375.53081,4375.67261
2026-08-16 01:15:00,4375.5959,4375.74932,4375.5959,4375.67654
2026-08-16 01:20:00,4375.5959,4375.79161,4375.53226,4375.58271
2026-08-16 01:25:00,4375.5959,4375.72063,4375.56953,4375.58293
2026-08-16 01:30:00,4375.5959,4375.79169,4375.53237,4375.67675
2026-08-16 01:35:00,4375.5959,4375.75759,4375.5959,4375.67238
2026-08-16 01:40:00,4375.5959,4375.78954,4375.53076,4375.57876
2026-08-16 01:45:00,4375.5959,4375.73074,4375.56162,4375.58726
2026-08-16 01:50:00,4375.5959,4375.79269,4375.53494,4375.68051
2026-08-16 01:55:00,4375.5959,4375.76511,4375.58747,4375.66788
2026-08-16 02:00:00,4375.5959,4375.78664,4375.53027,4375.5752
2026-08-16 02:05:00,4375.5959,4375.74032,4375.5545,4375.59192
2026-08-16 02:10:00,4375.5959,4375.79266,4375.5348,4375.68386
2026-08-16 02:15:00,4375.5959,4375.77183,4375.57819,4375.66308
2026-08-16 02:20:00,4375.5959,4375.78966,4375.53081,4375.57205
2026-08-16 02:25:00,4375.5959,4375.74928,4375.54821,4375.65561
2026-08-16 02:30:00,4375.5959,4375.79162,4375.53227,4375.68679
2026-08-16 02:35:00,4375.5959,4375.77768,4375.56956,4375.65801
2026-08-16 02:40:00,4375.5959,4375.79168,4375.53236,4375.56935
2026-08-16 02:45:00,4375.5959,4375.75756,4375.5428,4375.64997
2026-08-16 02:50:00,4375.5959,4375.78955,4375.53076,4375.68926
2026-08-16 02:55:00,4375.5959,4375.78263,4375.56165,4375.65294
2026-08-16 03:00:00,4375.5959,4375.79269,4375.53493,4375.56711
2026-08-16 03:05:00,4375.5959,4375.76509,4375.53832,4375.64434
2026-08-16 03:10:00,4375.5959,4375.78649,4375.53027,4375.69126
2026-08-16 03:15:00,4375.5959,4375.78663,4375.55452,4375.65857
2026-08-16 03:20:00,4375.5959,4375.79267,4375.53849,4375.56535
2026-08-16 03:25:00,4375.5959,4375.7718,4375.53481,4375.63875
2026-08-16 03:30:00,4375.5959,4375.78245,4375.5308,4375.69278
2026-08-16 03:35:00,4375.5959,4375.78965,4375.54823,4375.66411
2026-08-16 03:40:00,4375.5959,4375.79162,4375.543,4375.56409
2026-08-16 03:45:00,4375.5959,4375.77766,4375.53228,4375.63325
2026-08-16 03:50:00,4375.5959,4375.77746,4375.53236,4375.69379
2026-08-16 03:55:00,4375.5959,4375.79168,4375.54282,4375.66956
2026-08-16 04:00:00,4375.5959,4375.78956,4375.54844,4375.56333
2026-08-16 04:05:00,4375.5959,4375.78261,4375.53076,4375.62787
2026-08-16 04:10:00,4375.5959,4375.77157,4375.53492,4375.69429
2026-08-16 04:15:00,4375.5959,4375.79269,4375.53834,4375.67485
2026-08-16 04:20:00,4375.5959,4375.7865,4375.55477,4375.56308
2026-08-16 04:25:00,4375.5959,4375.78662,4375.53027,4375.63026
2026-08-16 04:30:00,4375.5959,4375.76483,4375.53847,4375.69428
2026-08-16 04:35:00,4375.5959,4375.79267,4375.53482,4375.67995
2026-08-16 04:40:00,4375.5959,4375.78247,4375.56193,4375.56335
2026-08-16 04:45:00,4375.5959,4375.78964,4375.5308,4375.63605
2026-08-16 04:50:00,4375.5959,4375.75727,4375.54298,4375.69376
2026-08-16 04:55:00,4375.5959,4375.79163,4375.53229,4375.6848
2026-08-16 05:00:00,4375.5959,4375.77749,4375.56412,4375.56412
2026-08-16 05:05:00,4375.5959,4375.79167,4375.53235,4375.64178
2026-08-16 05:10:00,4375.5959,4375.74897,4375.54842,4375.69274
2026-08-16 05:15:00,4375.5959,4375.78957,4375.53077,4375.68939
2026-08-16 05:20:00,4375.5959,4375.7716,4375.5654,4375.5654
2026-08-16 05:25:00,4375.5959,4375.79268,4375.53491,4375.6474
2026-08-16 05:30:00,4375.5959,4375.73998,4375.55474,4375.69121
2026-08-16 05:35:00,4375.5959,4375.7866,4375.53027,4375.69368
2026-08-16 05:40:00,4375.5959,4375.76486,4375.56718,4375.56718
2026-08-16 05:45:00,4375.5959,4375.79267,4375.53483,4375.65289
2026-08-16 05:50:00,4375.5959,4375.73039,4375.5619,4375.68919
2026-08-16 05:55:00,4375.5959,4375.78963,4375.53079,4375.69762
2026-08-16 06:00:00,4375.5959,4375.7573,4375.56943,4375.56943
2026-08-16 06:05:00,4375.5959,4375.79163,4375.5323,4375.65818
2026-08-16 06:10:00,4375.5959,4375.72046,4375.56983,4375.6867
2026-08-16 06:15:00,4375.5959,4375.79167,4375.53234,4375.70119
2026-08-16 06:20:00,4375.5959,4375.749,4375.57215,4375.57215
2026-08-16 06:25:00,4375.5959,4375.78958,4375.53077,4375.66324
2026-08-16 06:30:00,4375.5959,4375.73058,4375.57848,4375.68376
2026-08-16 06:35:00,4375.5959,4375.79268,4375.53489,4375.59176
2026-08-16 06:40:00,4375.5959,4375.74002,4375.57531,4375.57531
2026-08-16 06:45:00,4375.5959,4375.78659,4375.53027,4375.66803
2026-08-16 06:50:00,4375.5959,4375.74017,4375.58778,4375.68039
2026-08-16 06:55:00,4375.5959,4375.79267,4375.53484,4375.58712
2026-08-16 07:00:00,4375.5959,4375.73043,4375.57834,4375.57888
2026-08-16 07:05:00,4375.5959,4375.78962,4375.53079,4375.67252
2026-08-16 07:10:00,4375.5959,4375.74914,4375.5959,4375.67662
2026-08-16 07:15:00,4375.5959,4375.79164,4375.53231,4375.5828
2026-08-16 07:20:00,4375.5959,4375.72041,4375.5697,4375.58285
2026-08-16 07:25:00,4375.5959,4375.79166,4375.53233,4375.67666
2026-08-16 07:30:00,4375.5959,4375.75743,4375.5959,4375.67247
2026-08-16 07:35:00,4375.5959,4375.78959,4375.53078,4375.57884
2026-08-16 07:40:00,4375.5959,4375.73054,4375.56178,4375.58717
2026-08-16 07:45:00,4375.5959,4375.79268,4375.53488,4375.68043
2026-08-16 07:50:00,4375.5959,4375.76497,4375.58766,4375.66798
2026-08-16 07:55:00,4375.5959,4375.78854,4375.53218,4375.57726
2026-08-16 08:00:00,4375.59782,4375.74184,4375.55669,4375.59363
2026-08-16 08:05:00,4375.59782,4375.7946,4375.53684,4375.68565
2026-08-16 08:10:00,4375.59782,4375.77348,4375.58048,4375.66521
2026-08-16 08:15:00,4375.59782,4375.79147,4375.53268,4375.57409
2026-08-16 08:20:00,4375.59782,4375.75083,4375.55037,4375.65776
2026-08-16 08:25:00,4375.59782,4375.7936,4375.53427,4375.68859
2026-08-16 08:30:00,4375.59782,4375.77937,4375.57183,4375.66015
2026-08-16 08:35:00,4375.59782,4375.79353,4375.53419,4375.57137
2026-08-16 08:40:00,4375.59782,4375.75914,4375.54493,4375.65213
2026-08-16 08:45:00,4375.59782,4375.79157,4375.53272,4375.69108
2026-08-16 08:50:00,4375.59782,4375.78435,4375.56389,4375.65485
2026-08-16 08:55:00,4375.59782,4375.79458,4375.53672,4375.56911
2026-08-16 09:00:00,4375.59782,4375.7667,4375.54041,4375.64649
2026-08-16 09:05:00,4375.59782,4375.78855,4375.53218,4375.6931
2026-08-16 09:10:00,4375.59782,4375.7884,4375.55672,4375.66024
2026-08-16 09:15:00,4375.59782,4375.7946,4375.54023,4375.56733
2026-08-16 09:20:00,4375.59782,4375.77345,4375.53685,4375.6409
2026-08-16 09:25:00,4375.59782,4375.78455,4375.53267,4375.69464
2026-08-16 09:30:00,4375.59782,4375.79146,4375.55039,4375.6658
2026-08-16 09:35:00,4375.59782,4375.7936,4375.54471,4375.56605
2026-08-16 09:40:00,4375.59782,4375.77935,4375.53428,4375.63539
2026-08-16 09:45:00,4375.59782,4375.77961,4375.53418,4375.69567
2026-08-16 09:50:00,4375.59782,4375.79353,4375.54495,4375.67125
2026-08-16 09:55:00,4375.59782,4375.79158,4375.55011,4375.56527
2026-08-16 10:00:00,4375.59782,4375.78434,4375.53272,4375.63001
2026-08-16 10:05:00,4375.59782,4375.77375,4375.5367,4375.6962
2026-08-16 10:10:00,4375.59782,4375.79458,4375.54042,4375.67654
2026-08-16 10:15:00,4375.59782,4375.78857,4375.5564,4375.565
2026-08-16 10:20:00,4375.59782,4375.78838,4375.53218,4375.63193
2026-08-16 10:25:00,4375.59782,4375.76704,4375.54021,4375.69621
2026-08-16 10:30:00,4375.59782,4375.7946,4375.53686,4375.68165
2026-08-16 10:35:00,4375.59782,4375.78457,4375.56352,4375.56524
2026-08-16 10:40:00,4375.59782,4375.79145,4375.53267,4375.63772
2026-08-16 10:45:00,4375.59782,4375.75952,4375.54469,4375.69571
2026-08-16 10:50:00,4375.59782,4375.79361,4375.53429,4375.68652
2026-08-16 10:55:00,4375.59782,4375.77963,4375.566,4375.566
2026-08-16 11:00:00,4375.59782,4375.79352,4375.53418,4375.64345
2026-08-16 11:05:00,4375.59782,4375.75125,4375.55009,4375.6947
2026-08-16 11:10:00,4375.59782,4375.79159,4375.53273,4375.69112
2026-08-16 11:15:00,4375.59782,4375.77378,4375.56725,4375.56725
2026-08-16 11:20:00,4375.59782,4375.79458,4375.53669,4375.64909
2026-08-16 11:25:00,4375.59782,4375.74229,4375.55637,4375.6932
2026-08-16 11:30:00,4375.59782,4375.78858,4375.53218,4375.69542
2026-08-16 11:35:00,4375.59782,4375.76707,4375.56901,4375.56901
2026-08-16 11:40:00,4375.59782,4375.79461,4375.53688,4375.65457
2026-08-16 11:45:00,4375.59782,4375.73272,4375.56349,4375.6912
2026-08-16 11:50:00,4375.59782,4375.79144,4375.53266,4375.69938
2026-08-16 11:55:00,4375.59782,4375.75955,4375.57124,4375.57124
2026-08-16 12:00:00,4375.59782,4375.79361,4375.5343,4375.65987
2026-08-16 12:05:00,4375.59782,4375.7226,4375.57139,4375.68873
2026-08-16 12:10:00,4375.59782,4375.79351,4375.53417,4375.70296
2026-08-16 12:15:00,4375.59782,4375.75128,4375.57394,4375.57394
2026-08-16 12:20:00,4375.59782,4375.7916,4375.53273,4375.66495
2026-08-16 12:25:00,4375.59782,4375.73208,4375.58001,4375.68581
2026-08-16 12:30:00,4375.59782,4375.79457,4375.53668,4375.59388
2026-08-16 12:35:00,4375.59782,4375.74233,4375.57708,4375.57708
2026-08-16 12:40:00,4375.59782,4375.78859,4375.53218,4375.66975
2026-08-16 12:45:00,4375.59782,4375.74169,4375.58929,4375.68246
2026-08-16 12:50:00,4375.59782,4375.79461,4375.53689,4375.58922
2026-08-16 12:55:00,4375.59782,4375.73276,4375.58063,4375.58064
2026-08-16 13:00:00,4375.59782,4375.79143,4375.53266,4375.67425
2026-08-16 13:05:00,4375.59782,4375.75069,4375.59782,4375.6787
2026-08-16 13:10:00,4375.59782,4375.79362,4375.53431,4375.58489
2026-08-16 13:15:00,4375.59782,4375.72264,4375.57196,4375.58459
2026-08-16 13:20:00,4375.59782,4375.79351,4375.53416,4375.67841
2026-08-16 13:25:00,4375.59782,4375.75901,4375.59782,4375.67457
2026-08-16 13:30:00,4375.59782,4375.79161,4375.53273,4375.58091
2026-08-16 13:35:00,4375.59782,4375.73204,4375.56401,4375.5889
2026-08-16 13:40:00,4375.59782,4375.79457,4375.53667,4375.6822
2026-08-16 13:45:00,4375.59782,4375.76658,4375.58998,4375.67009
2026-08-16 13:50:00,4375.59782,4375.78861,4375.53218,4375.57732
2026-08-16 13:55:00,4375.59782,4375.74165,4375.55683,4375.59353
2026-08-16 14:00:00,4375.59782,4375.79461,4375.5369,4375.68558
2026-08-16 14:05:00,4375.59782,4375.77335,4375.58067,4375.66531
2026-08-16 14:10:00,4375.59782,4375.79142,4375.53266,4375.57415
2026-08-16 14:15:00,4375.59782,4375.75066,4375.55049,4375.65788
2026-08-16 14:20:00,4375.59782,4375.79363,4375.53432,4375.68854
2026-08-16 14:25:00,4375.59782,4375.77926,4375.572,4375.66025
2026-08-16 14:30:00,4375.59782,4375.7935,4375.53415,4375.57142
2026-08-16 14:35:00,4375.59782,4375.75898,4375.54503,4375.65224
2026-08-16 14:40:00,4375.59782,4375.79162,4375.53274,4375.69104
2026-08-16 14:45:00,4375.59782,4375.78426,4375.56404,4375.65496
2026-08-16 14:50:00,4375.59782,4375.79457,4375.53665,4375.56915
2026-08-16 14:55:00,4375.59782,4375.76655,4375.54049,4375.6466
2026-08-16 15:00:00,4375.59782,4375.78862,4375.53218,4375.69307
2026-08-16 15:05:00,4375.59782,4375.78832,4375.55686,4375.66013
2026-08-16 15:10:00,4375.59782,4375.79461,4375.54015,4375.56736
2026-08-16 15:15:00,4375.59782,4375.77332,4375.53691,4375.64101
2026-08-16 15:20:00,4375.59782,4375.78464,4375.53265,4375.69461
2026-08-16 15:25:00,4375.59782,4375.79141,4375.55051,4375.66569
2026-08-16 15:30:00,4375.59782,4375.79363,4375.54461,4375.56607
2026-08-16 15:35:00,4375.59782,4375.77923,4375.53432,4375.6355
2026-08-16 15:40:00,4375.59782,4375.77972,4375.53414,4375.69565
2026-08-16 15:45:00,4375.59782,4375.7935,4375.54505,4375.67113
2026-08-16 15:50:00,4375.59782,4375.79163,4375.54999,4375.56528
2026-08-16 15:55:00,4375.59782,4375.78424,4375.53274,4375.63012
2026-08-16 16:00:00,4375.59782,4375.77388,4375.53664,4375.69619
2026-08-16 16:05:00,4375.59782,4375.79457,4375.54051,4375.67643
2026-08-16 16:10:00,4375.59782,4375.78864,4375.55626,4375.565
2026-08-16 16:15:00,4375.59782,4375.78831,4375.53218,4375.63181
2026-08-16 16:20:00,4375.59782,4375.76719,4375.54013,4375.69621
2026-08-16 16:25:00,4375.59782,4375.79461,4375.53693,4375.68154
2026-08-16 16:30:00,4375.59782,4375.78466,4375.56337,4375.56523
2026-08-16 16:35:00,4375.59782,4375.7914,4375.53265,4375.6376
2026-08-16 16:40:00,4375.59782,4375.75968,4375.54459,4375.69573
2026-08-16 16:45:00,4375.59782,4375.79364,4375.53433,4375.68642
2026-08-16 16:50:00,4375.59782,4375.77974,4375.56598,4375.56598
2026-08-16 16:55:00,4375.59782,4375.79349,4375.53413,4375.64334
2026-08-16 17:00:00,4375.59782,4375.75142,4375.54997,4375.69473
2026-08-16 17:05:00,4375.59782,4375.79165,4375.53275,4375.69103
2026-08-16 17:10:00,4375.59782,4375.77391,4375.56722,4375.56722
2026-08-16 17:15:00,4375.59782,4375.79456,4375.53663,4375.64897
2026-08-16 17:20:00,4375.59782,4375.74248,4375.55623,4375.69323
2026-08-16 17:25:00,4375.59782,4375.78865,4375.53218,4375.69534
2026-08-16 17:30:00,4375.59782,4375.76722,4375.56897,4375.56897
2026-08-16 17:35:00,4375.59782,4375.79462,4375.53694,4375.65446
2026-08-16 17:40:00,4375.59782,4375.73292,4375.56334,4375.69125
2026-08-16 17:45:00,4375.59782,4375.79139,4375.53264,4375.6993
2026-08-16 17:50:00,4375.59782,4375.75971,4375.57119,4375.57119
2026-08-16 17:55:00,4375.59782,4375.79364,4375.53434,4375.65977
2026-08-16 18:00:00,4375.59782,4375.72281,4375.57123,4375.68879
2026-08-16 18:05:00,4375.59782,4375.79348,4375.53413,4375.7029
2026-08-16 18:10:00,4375.59782,4375.75146,4375.57388,4375.57388
2026-08-16 18:15:00,4375.59782,4375.79166,4375.53275,4375.66485
2026-08-16 18:20:00,4375.59782,4375.73188,4375.57983,4375.68587
2026-08-16 18:25:00,4375.59782,4375.79456,4375.53662,4375.59398
2026-08-16 18:30:00,4375.59782,4375.74252,4375.57701,4375.57701
2026-08-16 18:35:00,4375.59782,4375.78867,4375.53218,4375.66966
2026-08-16 18:40:00,4375.59782,4375.7415,4375.58909,4375.68253
2026-08-16 18:45:00,4375.59782,4375.79462,4375.53695,4375.58931
2026-08-16 18:50:00,4375.59782,4375.73296,4375.58056,4375.58056
2026-08-16 18:55:00,4375.59782,4375.79138,4375.53264,4375.67416
2026-08-16 19:00:00,4375.59782,4375.75051,4375.59782,4375.67878
2026-08-16 19:05:00,4375.59782,4375.79365,4375.53435,4375.58497
2026-08-16 19:10:00,4375.59782,4375.72286,4375.57213,4375.5845
2026-08-16 19:15:00,4375.59782,4375.79348,4375.53412,4375.67833
2026-08-16 19:20:00,4375.59782,4375.75885,4375.59782,4375.67465
2026-08-16 19:25:00,4375.59782,4375.79167,4375.53276,4375.58099
2026-08-16 19:30:00,4375.59782,4375.73184,4375.56416,4375.58881
2026-08-16 19:35:00,4375.59782,4375.79456,4375.53661,4375.68212
2026-08-16 19:40:00,4375.59782,4375.76643,4375.59018,4375.67019
2026-08-16 19:45:00,4375.59782,4375.78868,4375.53218,4375.57739
2026-08-16 19:50:00,4375.59782,4375.74146,4375.55697,4375.59343
2026-08-16 19:55:00,4375.59782,4375.79462,4375.53696,4375.68552
2026-08-16 20:00:00,4375.59782,4375.77322,4375.58085,4375.66541
2026-08-16 20:05:00,4375.59782,4375.79137,4375.53264,4375.57421
2026-08-16 20:10:00,4375.59782,4375.75048,4375.55061,4375.65799
2026-08-16 20:15:00,4375.59782,4375.79366,4375.53436,4375.68848
2026-08-16 20:20:00,4375.59782,4375.77914,4375.57217,4375.66036
2026-08-16 20:25:00,4375.59782,4375.79347,4375.53411,4375.57147
2026-08-16 20:30:00,4375.59782,4375.75881,4375.54513,4375.65235
2026-08-16 20:35:00,4375.59782,4375.79168,4375.53276,4375.69099
2026-08-16 20:40:00,4375.59782,4375.78417,4375.5642,4375.65508
2026-08-16 20:45:00,4375.59782,4375.79456,4375.53659,4375.56919
2026-08-16 20:50:00,4375.59782,4375.7664,4375.54057,4375.64672
2026-08-16 20:55:00,4375.59782,4375.78869,4375.53218,4375.69303
2026-08-16 21:00:00,4375.59782,4375.78825,4375.557,4375.66001
2026-08-16 21:05:00,4375.59782,4375.79462,4375.54007,4375.5674
2026-08-16 21:10:00,4375.59782,4375.77319,4375.53698,4375.64112
2026-08-16 21:15:00,4375.59782,4375.78473,4375.53263,4375.69458
2026-08-16 21:20:00,4375.59782,4375.79136,4375.55063,4375.66557
2026-08-16 21:25:00,4375.59782,4375.79366,4375.54451,4375.56609
2026-08-16 21:30:00,4375.59782,4375.77912,4375.53437,4375.63562
2026-08-16 21:35:00,4375.59782,4375.77983,4375.5341,4375.69564
2026-08-16 21:40:00,4375.59782,4375.79346,4375.54515,4375.67103
2026-08-16 21:45:00,4375.59782,4375.79169,4375.54987,4375.56529
2026-08-16 21:50:00,4375.59782,4375.78415,4375.53277,4375.63023
2026-08-16 21:55:00,4375.59782,4375.77401,4375.53658,4375.69618
2026-08-16 22:00:00,4375.59782,4375.79456,4375.54059,4375.67633
2026-08-16 22:05:00,4375.59782,4375.78871,4375.55612,4375.565
2026-08-16 22:10:00,4375.59782,4375.78823,4375.53218,4375.63169
2026-08-16 22:15:00,4375.59782,4375.76733,4375.54005,4375.69622
2026-08-16 22:20:00,4375.59782,4375.79462,4375.53699,4375.68144
2026-08-16 22:25:00,4375.59782,4375.78475,4375.56322,4375.56522
2026-08-16 22:30:00,4375.59782,4375.79134,4375.53263,4375.63748
2026-08-16 22:35:00,4375.59782,4375.75984,4375.54449,4375.69574
2026-08-16 22:40:00,4375.59782,4375.79367,4375.53438,4375.68632
2026-08-16 22:45:00,4375.59782,4375.77985,4375.56595,4375.56595
2026-08-16 22:50:00,4375.59782,4375.79346,4375.53409,4375.64322
2026-08-16 22:55:00,4375.59782,4375.7516,4375.54985,4375.69475
2026-08-16 23:00:00,4375.59782,4375.7917,4375.53277,4375.69094
2026-08-16 23:05:00,4375.59782,4375.77404,4375.56719,4375.56719
2026-08-16 23:10:00,4375.59782,4375.79455,4375.53657,4375.64886
2026-08-16 23:15:00,4375.59782,4375.74267,4375.5561,4375.69327
2026-08-16 23:20:00,4375.59782,4375.78872,4375.53218,4375.69525
2026-08-16 23:25:00,4375.59782,4375.76736,4375.56893,4375.56893
2026-08-16 23:30:00,4375.59782,4375.79463,4375.537,4375.65435
2026-08-16 23:35:00,4375.59782,4375.73312,4375.56319,4375.69129
2026-08-16 23:40:00,4375.59782,4375.79133,4375.53262,4375.69922
2026-08-16 23:45:00,4375.59782,4375.75987,4375.57114,4375.57114
2026-08-16 23:50:00,4375.59782,4375.79367,4375.53438,4375.65966
2026-08-16 23:55:00,4375.59782,4375.72303,4375.57106,4375.68884
2026-08-17 00:00:00,4375.59782,4375.79345,4375.53409,4375.70283
2026-08-17 00:05:00,4375.59782,4375.75164,4375.57382,4375.57382
2026-08-17 00:10:00,4375.59782,4375.79171,4375.53277,4375.66475
2026-08-17 00:15:00,4375.59782,4375.73168,4375.57965,4375.68594
2026-08-17 00:20:00,4375.59782,4375.79455,4375.53656,4375.59408
2026-08-17 00:25:00,4375.59782,4375.74271,4375.57694,4375.57694
2026-08-17 00:30:00,4375.59782,4375.78874,4375.53219,4375.66956
2026-08-17 00:35:00,4375.59782,4375.74131,4375.5889,4375.6826
2026-08-17 00:40:00,4375.59782,4375.79463,4375.53701,4375.58941
2026-08-17 00:45:00,4375.59782,4375.73316,4375.58049,4375.58049
2026-08-17 00:50:00,4375.59782,4375.79132,4375.53262,4375.67408
2026-08-17 00:55:00,4375.59782,4375.75034,4375.59782,4375.67886
2026-08-17 01:00:00,4375.59782,4375.79368,4375.53439,4375.58506
2026-08-17 01:05:00,4375.59782,4375.72307,4375.5723,4375.58442
2026-08-17 01:10:00,4375.59782,4375.79344,4375.53408,4375.67825
2026-08-17 01:15:00,4375.59782,4375.75868,4375.59782,4375.67474
2026-08-17 01:20:00,4375.59782,4375.79172,4375.53278,4375.58107
2026-08-17 01:25:00,4375.59782,4375.73164,4375.56432,4375.58871
2026-08-17 01:30:00,4375.59782,4375.79455,4375.53655,4375.68205
2026-08-17 01:35:00,4375.59782,4375.76629,4375.59038,4375.67028
2026-08-17 01:40:00,4375.59782,4375.78875,4375.53219,4375.57746
2026-08-17 01:45:00,4375.59782,4375.74127,4375.55711,4375.59334
2026-08-17 01:50:00,4375.59782,4375.79463,4375.53703,4375.68545
2026-08-17 01:55:00,4375.59782,4375.77309,4375.58104,4375.66551
2026-08-17 02:00:00,4375.59782,4375.79131,4375.53262,4375.57427
2026-08-17 02:05:00,4375.59782,4375.7503,4375.55073,4375.6581
2026-08-17 02:10:00,4375.59782,4375.79369,4375.5344,4375.68842
2026-08-17 02:15:00,4375.59782,4375.77903,4375.57234,4375.66046
2026-08-17 02:20:00,4375.59782,4375.79344,4375.53407,4375.57152
2026-08-17 02:25:00,4375.59782,4375.75865,4375.54523,4375.65248
2026-08-17 02:30:00,4375.59782,4375.79173,4375.53278,4375.69094
2026-08-17 02:35:00,4375.59782,4375.78407,4375.56435,4375.65519
2026-08-17 02:40:00,4375.59782,4375.79455,4375.53653,4375.56924
2026-08-17 02:45:00,4375.59782,4375.76626,4375.54066,4375.64683
2026-08-17 02:50:00,4375.59782,4375.78876,4375.53219,4375.69299
2026-08-17 02:55:00,4375.59782,4375.78818,4375.55714,4375.6599
2026-08-17 03:00:00,4375.59782,4375.79463,4375.53999,4375.56743
2026-08-17 03:05:00,4375.59782,4375.77306,4375.53704,4375.64124
2026-08-17 03:10:00,4375.59782,4375.78482,4375.53261,4375.69456
2026-08-17 03:15:00,4375.59782,4375.7913,4375.55076,4375.66546
2026-08-17 03:20:00,4375.59782,4375.79369,4375.54441,4375.56611
2026-08-17 03:25:00,4375.59782,4375.77901,4375.53441,4375.63572
2026-08-17 03:30:00,4375.59782,4375.77994,4375.53406,4375.69562
2026-08-17 03:35:00,4375.59782,4375.79343,4375.54525,4375.67092
2026-08-17 03:40:00,4375.59782,4375.79174,4375.54975,4375.5653
2026-08-17 03:45:00,4375.59782,4375.78406,4375.53279,4375.63034
2026-08-17 03:50:00,4375.59782,4375.77414,4375.53652,4375.69618
2026-08-17 03:55:00,4375.59782,4375.79454,4375.54067,4375.67622
2026-08-17 04:00:00,4375.59782,4375.80468,4375.57116,4375.58033
2026-08-17 04:05:00,4375.61313,4375.80833,4375.55328,4375.64921
2026-08-17 04:10:00,4375.61697,4375.79639,4375.56563,4375.72307
2026-08-17 04:15:00,4375.62462,4375.81578,4375.55314,4375.69475
2026-08-17 04:20:00,4375.60934,4375.79708,4375.57741,4375.58047
2026-08-17 04:25:00,4375.61237,4375.79866,4375.54207,4375.64248
2026-08-17 04:30:00,4375.60349,4375.77617,4375.55504,4375.71116
2026-08-17 04:35:00,4375.61389,4375.80345,4375.54231,4375.69915
2026-08-17 04:40:00,4375.60754,4375.79236,4375.58113,4375.58113
2026-08-17 04:45:00,4375.61238,4375.80461,4375.54913,4375.65014
2026-08-17 04:50:00,4375.60541,4375.76191,4375.55485,4375.70443
2026-08-17 04:55:00,4375.60814,4375.80148,4375.53866,4375.69887
2026-08-17 05:00:00,4375.60373,4375.7784,4375.57284,4375.57284
2026-08-17 05:05:00,4375.60319,4375.80023,4375.54404,4375.64886
2026-08-17 05:10:00,4375.59792,4375.74497,4375.56539,4375.6954
2026-08-17 05:15:00,4375.59826,4375.79873,4375.53795,4375.67106
2026-08-17 05:20:00,4375.60044,4375.77179,4375.55939,4375.57454
2026-08-17 05:25:00,4375.6032,4375.80041,4375.54302,4375.65772
2026-08-17 05:30:00,4375.60151,4375.7397,4375.56638,4375.69718
2026-08-17 05:35:00,4375.60391,4375.79691,4375.53638,4375.70281
2026-08-17 05:40:00,4375.60165,4375.76212,4375.57295,4375.57295
2026-08-17 05:45:00,4375.59973,4375.79565,4375.5383,4375.66316
2026-08-17 05:50:00,4375.60165,4375.73348,4375.57766,4375.6987
2026-08-17 05:55:00,4375.60773,4375.80472,4375.54341,4375.60431
2026-08-17 06:00:00,4375.60739,4375.76039,4375.58308,4375.58308
2026-08-17 06:05:00,4375.60706,4375.79967,4375.54247,4375.67155
2026-08-17 06:10:00,4375.60489,4375.73954,4375.58597,4375.69776
2026-08-17 06:15:00,4375.60995,4375.80023,4375.54378,4375.59992
2026-08-17 06:20:00,4375.60292,4375.74712,4375.58056,4375.58056
2026-08-17 06:25:00,4375.60165,4375.79087,4375.53219,4375.67148
2026-08-17 06:30:00,4375.60018,4375.74132,4375.59041,4375.68467
2026-08-17 06:35:00,4375.59973,4375.78312,4375.53463,4375.71458
2026-08-17 06:40:00,4375.59732,4375.74421,4375.58791,4375.59149
2026-08-17 06:45:00,4375.60901,4375.80043,4375.54591,4375.68299
2026-08-17 06:50:00,4375.60714,4375.75668,4375.60165,4375.68885
2026-08-17 06:55:00,4375.60767,4375.84991,4375.52542,4375.54686
2026-08-17 07:00:00,4375.60522,4375.79311,4375.58242,4375.58242
2026-08-17 07:05:00,4375.59617,4375.79139,4375.43608,4375.69471
2026-08-17 07:10:00,4375.61295,4375.79602,4375.41019,4375.70611
2026-08-17 07:15:00,4375.6308,4375.79379,4375.53474,4375.58331
2026-08-17 07:20:00,4375.60031,4375.74057,4375.5688,4375.59791
2026-08-17 07:25:00,4375.6069,4375.79832,4375.54198,4375.68573
2026-08-17 07:30:00,4375.60194,4375.7679,4375.38235,4375.50778
2026-08-17 07:35:00,4375.40321,4375.78606,4375.40321,4375.55747
2026-08-17 07:40:00,4375.55119,4375.70427,4375.21876,4375.44625
2026-08-17 07:45:00,4375.51979,4375.79656,4375.51979,4375.68716
2026-08-17 07:50:00,4375.59941,4376.4007,4375.59384,4376.38304
2026-08-17 07:55:00,4376.21607,4376.73509,4376.21607,4376.62523
2026-08-17 08:00:00,4376.54,4381.54493,4372.1581,4373.61145
2026-08-17 08:05:00,4373.7083,4376.4356,4372.34926,4375.89427
2026-08-17 08:10:00,4374.78103,4377.90036,4374.26184,4374.69073
2026-08-17 08:15:00,4375.43576,4376.1999,4373.65072,4373.86078
2026-08-17 08:20:00,4374.22037,4374.45319,4373.16871,4374.37455
2026-08-17 08:25:00,4374.13305,4375.10162,4373.11409,4375.04264
2026-08-17 08:30:00,4374.8943,4377.2911,4373.15684,4377.16097
2026-08-17 08:35:00,4376.74335,4377.9378,4376.74335,4377.76818
2026-08-17 08:40:00,4377.26526,4378.80651,4376.94227,4377.07521
2026-08-17 08:45:00,4377.34519,4380.78334,4377.32545,4380.50419
2026-08-17 08:50:00,4379.81714,4383.8499,4379.81714,4383.71172
2026-08-17 08:55:00,4383.31654,4385.78783,4383.31654,4385.57681
2026-08-17 09:00:00,4385.05692,4386.15729,4381.35296,4384.74369
2026-08-17 09:05:00,4384.31997,4384.31997,4381.54493,4382.21784
2026-08-17 09:10:00,4381.90173,4383.50829,4381.22476,4381.49024
2026-08-17 09:15:00,4381.90178,4381.90178,4379.05062,4379.26562
2026-08-17 09:20:00,4379.60067,4381.47701,4375.41019,4375.74574
2026-08-17 09:25:00,4376.37582,4377.529,4373.73555,4374.41107
2026-08-17 09:30:00,4375.63496,4375.63496,4370.93077,4371.2518
2026-08-17 09:35:00,4371.90447,4372.87887,4367.39807,4370.32711
2026-08-17 09:40:00,4369.09137,4371.5847,4367.95667,4369.0627
2026-08-17 09:45:00,4368.93802,4373.49661,4368.57609,4373.31068
2026-08-17 09:50:00,4372.93644,4373.04084,4371.3936,4371.4658
2026-08-17 09:55:00,4371.49799,4372.1581,4370.31773,4370.92175
2026-08-17 10:00:00,4371.23624,4374.11709,4368.33828,4373.87604
2026-08-17 10:05:00,4373.17271,4376.33479,4372.73165,4375.943
2026-08-17 10:10:00,4375.12683,4379.05062,4373.11409,4378.92652
2026-08-17 10:15:00,4378.68237,4387.50439,4377.58467,4387.0971
2026-08-17 10:20:00,4386.51223,4389.34063,4382.59918,4384.01597
2026-08-17 10:25:00,4384.4223,4390.30339,4384.4223,4389.95349
2026-08-17 10:30:00,4389.3969,4394.05923,4388.86805,4392.97757
2026-08-17 10:35:00,4393.09845,4394.21589,4388.6597,4389.28984
2026-08-17 10:40:00,4389.38903,4394.67326,4388.51985,4393.42586
2026-08-17 10:45:00,4390.98739,4396.18411,4390.98739,4395.83039
2026-08-17 10:50:00,4395.73063,4398.31105,4395.09142,4398.19644
2026-08-17 10:55:00,4397.9486,4400.63369,4396.47783,4400.35207
2026-08-17 11:00:00,4399.97672,4407.58893,4399.97672,4403.63603
2026-08-17 11:05:00,4404.33899,4412.08912,4404.33899,4409.62018
2026-08-17 11:10:00,4410.45112,4410.96553,4404.31264,4409.57013
2026-08-17 11:15:00,4407.22365,4412.6732,4407.22365,4409.78954
2026-08-17 11:20:00,4409.43895,4414.42635,4408.39358,4413.98077
2026-08-17 11:25:00,4413.32546,4415.05846,4408.10931,4408.45954
2026-08-17 11:30:00,4409.17338,4409.17338,4402.91719,4405.89009
2026-08-17 11:35:00,4406.40346,4406.40346,4399.47206,4399.66016
2026-08-17 11:40:00,4400.12252,4401.79593,4398.17918,4401.56056
2026-08-17 11:45:00,4401.0814,4404.12226,4395.98507,4396.39482
2026-08-17 11:50:00,4397.22308,4398.31105,4392.40406,4398.0431
2026-08-17 11:55:00,4397.52322,4398.07432,4394.05923,4395.53409
2026-08-17 12:00:00,4395.15192,4399.12612,4395.02483,4395.29026
2026-08-17 12:05:00,4395.8138,4397.99533,4393.09406,4393.48465
2026-08-17 12:10:00,4393.30197,4396.57067,4392.86343,4393.56638
2026-08-17 12:15:00,4393.91887,4396.17596,4392.46512,4392.77488
2026-08-17 12:20:00,4393.47897,4395.41809,4390.39382,4394.20523
2026-08-17 12:25:00,4393.25812,4396.98911,4393.25812,4396.96274
2026-08-17 12:30:00,4396.97294,4397.344,4393.95117,4394.51157
2026-08-17 12:35:00,4395.26656,4395.26656,4391.56809,4393.47798
2026-08-17 12:40:00,4394.40543,4394.83168,4390.39382,4394.41244
2026-08-17 12:45:00,4394.24992,4394.63854,4390.77936,4391.87483
2026-08-17 12:50:00,4392.08563,4393.0405,4390.39382,4391.77937
2026-08-17 12:55:00,4391.53413,4393.67311,4388.39822,4392.87773
2026-08-17 13:00:00,4392.69992,4394.73942,4390.68515,4393.15903
2026-08-17 13:05:00,4393.70166,4393.70166,4391.20958,4393.07288
2026-08-17 13:10:00,4392.85,4392.85,4388.85232,4389.57978
2026-08-17 13:15:00,4389.43526,4390.77936,4388.23785,4390.59713
2026-08-17 13:20:00,4390.49637,4391.1832,4390.49637,4391.11636
2026-08-17 13:25:00,4391.02261,4391.73286,4388.54339,4390.92747
2026-08-17 13:30:00,4390.20138,4395.02483,4390.20138,4394.5874
2026-08-17 13:35:00,4394.47361,4395.02483,4392.51515,4394.86805
2026-08-17 13:40:00,4394.53699,4396.95731,4393.67311,4396.84025
2026-08-17 13:45:00,4396.55616,4396.55616,4393.22915,4393.39251
2026-08-17 13:50:00,4393.57454,4395.38348,4393.57454,4395.206
2026-08-17 13:55:00,4394.87901,4397.56444,4394.05749,4397.07812
2026-08-17 14:00:00,4396.04747,4398.61329,4396.04747,4397.4211
2026-08-17 14:05:00,4397.60328,4398.69799,4397.344,4397.80085
2026-08-17 14:10:00,4397.94913,4399.08499,4397.46711,4398.96665
2026-08-17 14:15:00,4398.93724,4398.93724,4396.95731,4397.09288
2026-08-17 14:20:00,4397.31137,4397.31137,4393.09406,4395.36679
2026-08-17 14:25:00,4394.95652,4394.95652,4391.35781,4391.59954
2026-08-17 14:30:00,4391.98691,4391.98691,4389.04494,4391.0983
2026-08-17 14:35:00,4390.27949,4393.28706,4389.65238,4393.12516
2026-08-17 14:40:00,4392.81004,4396.18411,4391.45783,4395.86062
2026-08-17 14:45:00,4395.27777,4397.73077,4395.27777,4397.46695
2026-08-17 14:50:00,4397.34565,4397.34565,4394.89346,4395.67586
2026-08-17 14:55:00,4396.04224,4396.04224,4390.84686,4391.44766
2026-08-17 15:00:00,4392.49175,4392.6914,4390.20107,4392.52528
2026-08-17 15:05:00,4392.19856,4392.71231,4390.77936,4392.20901
2026-08-17 15:10:00,4391.72567,4393.57387,4388.63026,4389.16417
2026-08-17 15:15:00,4389.9222,4392.86979,4386.03674,4392.16462
2026-08-17 15:20:00,4390.36355,4396.76398,4390.36355,4396.17668
2026-08-17 15:25:00,4396.12967,4397.8766,4395.02483,4397.64506
2026-08-17 15:30:00,4397.26286,4400.63369,4397.05869,4397.74818
2026-08-17 15:35:00,4399.27742,4399.27742,4392.40869,4396.24557
2026-08-17 15:40:00,4395.69532,4396.74117,4394.44542,4395.18106
2026-08-17 15:45:00,4395.43246,4396.95731,4393.67311,4396.64435
2026-08-17 15:50:00,4395.88045,4397.344,4394.21404,4395.66607
2026-08-17 15:55:00,4395.19028,4395.29567,4393.18087,4393.72335
2026-08-17 16:00:00,4393.83043,4397.53738,4393.83043,4397.19794
2026-08-17 16:05:00,4397.16685,4398.05943,4395.218,4397.86422
2026-08-17 16:10:00,4397.62795,4397.62795,4392.00426,4392.74433
2026-08-17 16:15:00,4393.76082,4397.73077,4393.36355,4393.77386
2026-08-17 16:20:00,4394.64456,4397.344,4391.68075,4397.07362
2026-08-17 16:25:00,4396.63562,4398.25032,4394.82569,4396.52518
2026-08-17 16:30:00,4396.96696,4399.08499,4395.41119,4395.489
2026-08-17 16:35:00,4395.63685,4396.10139,4394.25232,4394.36764
2026-08-17 16:40:00,4394.57595,4395.02483,4394.05923,4395.00392
2026-08-17 16:45:00,4394.85941,4400.52396,4392.14978,4400.05301
2026-08-17 16:50:00,4399.31826,4403.77593,4399.31826,4403.66369
2026-08-17 16:55:00,4403.43523,4403.43523,4401.21474,4403.08134
2026-08-17 17:00:00,4402.96267,4403.3124,4402.35536,4403.06483
2026-08-17 17:05:00,4403.03128,4403.03128,4399.47206,4400.83718
2026-08-17 17:10:00,4400.25375,4401.40845,4396.8068,4397.20704
2026-08-17 17:15:00,4397.98413,4398.69799,4396.37739,4398.63115
2026-08-17 17:20:00,4398.45965,4398.45965,4396.76398,4397.31196
2026-08-17 17:25:00,4397.23853,4403.71565,4396.31251,4402.44931
2026-08-17 17:30:00,4399.49482,4407.61636,4399.49482,4406.67167
2026-08-17 17:35:00,4406.70561,4410.92144,4406.35106,4408.10564
2026-08-17 17:40:00,4409.11884,4410.92144,4406.64522,4410.80505
2026-08-17 17:45:00,4410.49038,4410.49038,4408.39358,4408.43535
2026-08-17 17:50:00,4408.36972,4408.78229,4404.12226,4404.41478
2026-08-17 17:55:00,4404.62849,4405.46586,4403.74089,4405.39451
2026-08-17 18:00:00,4405.12253,4405.67451,4400.34661,4400.58538
2026-08-17 18:05:00,4401.02526,4401.31395,4398.11761,4399.16525
2026-08-17 18:10:00,4398.9821,4402.5711,4398.9821,4402.41466
2026-08-17 18:15:00,4402.15006,4403.54045,4401.02104,4401.13081
2026-08-17 18:20:00,4401.30443,4402.95879,4401.07183,4402.90191
2026-08-17 18:25:00,4402.76067,4403.74346,4401.47214,4403.38659
2026-08-17 18:30:00,4402.70935,4402.70935,4399.47206,4399.6236
2026-08-17 18:35:00,4399.88659,4402.18348,4399.24924,4402.02933
2026-08-17 18:40:00,4401.71875,4401.71875,4397.02235,4397.28937
2026-08-17 18:45:00,4397.73958,4397.73958,4395.41119,4396.37242
2026-08-17 18:50:00,4396.17908,4396.17908,4393.28706,4393.34336
2026-08-17 18:55:00,4393.40017,4395.6044,4393.222,4395.4847
2026-08-17 19:00:00,4395.29904,4395.29904,4394.05923,4395.0575
2026-08-17 19:05:00,4394.81209,4398.66103,4394.26255,4398.23222
2026-08-17 19:10:00,4397.49422,4400.09419,4397.49422,4399.52241
2026-08-17 19:15:00,4399.66512,4399.73504,4397.92418,4398.30008
2026-08-17 19:20:00,4398.22952,4398.76089,4396.95731,4397.09177
2026-08-17 19:25:00,4397.30846,4397.80834,4396.37739,4396.5359
2026-08-17 19:30:00,4396.6208,4398.13004,4395.02483,4396.40539
2026-08-17 19:35:00,4396.13269,4396.95731,4395.25251,4395.49604
2026-08-17 19:40:00,4395.9364,4396.37739,4394.25232,4395.24235
2026-08-17 19:45:00,4395.53855,4395.55456,4393.67311,4394.49295
2026-08-17 19:50:00,4394.31728,4395.79762,4393.76128,4393.88457
2026-08-17 19:55:00,4394.08142,4395.11006,4393.48008,4394.30339
2026-08-17 20:00:00,4394.28703,4396.23565,4393.47042,4393.56328
2026-08-17 20:05:00,4393.68893,4395.99086,4393.68893,4395.92118
2026-08-17 20:10:00,4395.75965,4396.37739,4394.25232,4396.20429
2026-08-17 20:15:00,4395.90049,4398.31105,4395.43342,4396.53343
2026-08-17 20:20:00,4397.56013,4397.56013,4394.83168,4395.53983
2026-08-17 20:25:00,4395.61919,4397.25479,4391.74352,4395.17426
2026-08-17 20:30:00,4392.91515,4406.83165,4392.77982,4398.35304
2026-08-17 20:35:00,4398.93447,4398.93447,4396.18411,4396.22027
2026-08-17 20:40:00,4396.33072,4398.69799,4395.27644,4398.39773
2026-08-17 20:45:00,4398.27953,4399.33996,4397.20903,4397.67196
2026-08-17 20:50:00,4398.67205,4398.89148,4396.76398,4397.55032
2026-08-17 20:55:00,4397.91502,4399.47206,4396.83467,4398.75863
2026-08-17 21:00:00,4398.83945,4402.18348,4398.45065,4401.96055
2026-08-17 21:05:00,4401.49572,4403.16247,4400.32646,4402.82365
2026-08-17 21:10:00,4401.95434,4403.54045,4400.79492,4401.03327
2026-08-17 21:15:00,4401.43423,4401.43423,4397.73077,4397.82829
2026-08-17 21:20:00,4398.02658,4403.6432,4397.92418,4403.58008
2026-08-17 21:25:00,4403.43601,4404.66455,4402.40704,4404.01419
2026-08-17 21:30:00,4403.90265,4404.35779,4402.76494,4404.17425
2026-08-17 21:35:00,4403.84539,4404.26953,4402.81549,4403.00841
2026-08-17 21:40:00,4403.53261,4405.75411,4400.2251,4400.57655
2026-08-17 21:45:00,4401.12731,4401.12731,4398.52312,4399.06287
2026-08-17 21:50:00,4400.20609,4400.20609,4395.6044,4396.0252
2026-08-17 21:55:00,4396.39807,4397.15065,4396.39807,4397.11419
2026-08-17 22:00:00,4397.04878,4397.07173,4394.25232,4395.27502
2026-08-17 22:05:00,4395.38934,4395.38934,4392.7081,4392.89193
2026-08-17 22:10:00,4393.20114,4394.18698,4392.51515,4394.01399
2026-08-17 22:15:00,4393.60456,4395.02483,4393.60456,4394.56702
2026-08-17 22:20:00,4394.39684,4397.73077,4391.64494,4394.8518
2026-08-17 22:25:00,4394.23951,4394.23951,4384.42652,4389.28067
2026-08-17 22:30:00,4388.52074,4388.52074,4385.77255,4386.2777
2026-08-17 22:35:00,4386.39981,4389.04494,4382.43348,4383.95542
2026-08-17 22:40:00,4383.86682,4383.86682,4379.8178,4379.93447
2026-08-17 22:45:00,4380.18546,4381.74259,4377.70871,4380.3623
2026-08-17 22:50:00,4379.81139,4385.00329,4377.9636,4384.68662
2026-08-17 22:55:00,4384.08349,4386.15729,4383.65815,4386.04328
2026-08-17 23:00:00,4385.67094,4387.41902,4382.50504,4382.6929
2026-08-17 23:05:00,4382.76382,4385.38789,4382.76382,4385.30098
2026-08-17 23:10:00,4385.05702,4388.97733,4383.13027,4387.64188
2026-08-17 23:15:00,4388.65541,4388.65541,4383.27343,4385.65524
2026-08-17 23:20:00,4384.61416,4388.46711,4384.61416,4386.52306
2026-08-17 23:25:00,4386.77777,4388.08197,4385.77255,4386.62875
2026-08-17 23:30:00,4386.73842,4389.04494,4386.52603,4388.86469
2026-08-17 23:35:00,4388.5621,4390.58658,4387.11942,4390.43328
2026-08-17 23:40:00,4390.13766,4390.71063,4386.54209,4386.82244
2026-08-17 23:45:00,4386.93221,4393.60643,4385.38379,4392.38362
2026-08-17 23:50:00,4390.14394,4406.64522,4390.14394,4406.21074
2026-08-17 23:55:00,4405.33285,4414.62123,4403.57139,4408.32887
2026-08-18 00:00:00,4409.25569,4409.25569,4405.57234,4407.42005
2026-08-18 00:05:00,4406.62234,4408.19925,4405.87959,4405.97827
2026-08-18 00:10:00,4406.12605,4411.11601,4404.18399,4410.47677
2026-08-18 00:15:00,4409.27806,4419.27388,4409.27806,4418.43667
2026-08-18 00:20:00,4416.62787,4426.21272,4416.62787,4425.31307
2026-08-18 00:25:00,4423.82061,4427.32545,4417.35954,4417.80215
2026-08-18 00:30:00,4418.75478,4425.56205,4414.73496,4424.99428
2026-08-18 00:35:00,4423.90005,4423.90005,4417.35136,4417.71304
2026-08-18 00:40:00,4418.20395,4420.86649,4416.96113,4420.56812
2026-08-18 00:45:00,4420.11825,4420.56751,4414.81612,4418.33834
2026-08-18 00:50:00,4417.5089,4420.69635,4416.92375,4417.52974
2026-08-18 00:55:00,4418.55135,4418.55135,4415.01104,4415.37508
2026-08-18 01:00:00,4415.44234,4418.20025,4415.44234,4418.03014
2026-08-18 01:05:00,4417.78693,4419.59752,4417.54649,4417.69704
2026-08-18 01:10:00,4417.93166,4421.84391,4417.03278,4421.4459
2026-08-18 01:15:00,4421.39615,4422.62616,4419.8895,4420.15926
2026-08-18 01:20:00,4420.70175,4423.31252,4420.70175,4423.19066
2026-08-18 01:25:00,4422.8854,4425.48332,4421.179,4425.17488
2026-08-18 01:30:00,4424.63796,4425.95379,4422.235,4423.5139
2026-08-18 01:35:00,4423.30908,4423.40868,4421.06194,4423.27646
2026-08-18 01:40:00,4422.98844,4422.98844,4420.18301,4421.26065
2026-08-18 01:45:00,4421.03167,4423.94019,4418.207,4423.41303
2026-08-18 01:50:00,4422.03251,4425.83456,4422.03251,4425.33738
2026-08-18 01:55:00,4424.05287,4427.32545,4424.05287,4426.82975
2026-08-18 02:00:00,4426.9188,4427.65279,4424.76091,4424.86247
2026-08-18 02:05:00,4425.15699,4427.91357,4423.18835,4427.57876
2026-08-18 02:10:00,4427.07149,4427.78394,4426.34561,4426.5686
2026-08-18 02:15:00,4426.55551,4427.52147,4425.75791,4425.86449
2026-08-18 02:20:00,4426.02693,4427.59616,4425.23503,4425.84919
2026-08-18 02:25:00,4426.35716,4426.35716,4423.60435,4423.68277
2026-08-18 02:30:00,4423.65758,4425.17037,4422.88991,4423.11287
2026-08-18 02:35:00,4423.43998,4426.73749,4423.43998,4426.65279
2026-08-18 02:40:00,4426.37993,4426.73749,4425.3662,4426.0762
2026-08-18 02:45:00,4425.85388,4426.27322,4423.27537,4424.07364
2026-08-18 02:50:00,4423.84098,4425.96732,4421.94059,4423.12557
2026-08-18 02:55:00,4423.33052,4425.20247,4423.21302,4424.71751
2026-08-18 03:00:00,4424.82376,4425.95379,4424.00266,4425.88794
2026-08-18 03:05:00,4425.70824,4426.49759,4421.45289,4421.55352
2026-08-18 03:10:00,4421.76837,4422.82176,4421.76837,4422.60116
2026-08-18 03:15:00,4422.41492,4423.21302,4420.30274,4420.58194
2026-08-18 03:20:00,4421.11791,4421.11791,4416.69381,4417.39254
2026-08-18 03:25:00,4418.98363,4418.98363,4412.985,4415.78664
2026-08-18 03:30:00,4414.61431,4418.32722,4413.84181,4418.01001
2026-08-18 03:35:00,4417.42422,4417.88455,4413.28093,4414.01194
2026-08-18 03:40:00,4415.39063,4416.18089,4411.50521,4415.95118
2026-08-18 03:45:00,4415.29563,4419.85085,4414.11996,4418.90402
2026-08-18 03:50:00,4418.81216,4420.28025,4417.93682,4418.14942
2026-08-18 03:55:00,4418.14447,4418.52245,4413.67834,4413.91657
2026-08-18 04:00:00,4414.34479,4415.83312,4410.92144,4411.24647
2026-08-18 04:05:00,4411.81288,4413.53024,4410.72689,4413.27183
2026-08-18 04:10:00,4412.87248,4412.87248,4409.88806,4412.4796
2026-08-18 04:15:00,4411.56499,4415.79087,4411.21472,4415.71645
2026-08-18 04:20:00,4415.47701,4415.5995,4411.60474,4414.98403
2026-08-18 04:25:00,4414.77546,4414.77546,4406.22128,4406.61221
2026-08-18 04:30:00,4407.42865,4407.42865,4399.78185,4403.1393
2026-08-18 04:35:00,4402.69667,4402.69667,4398.50451,4402.37995
2026-08-18 04:40:00,4401.9997,4405.76101,4401.11833,4405.23675
2026-08-18 04:45:00,4404.27956,4405.5893,4400.82736,4404.78085
2026-08-18 04:50:00,4402.76326,4407.72319,4402.76326,4407.56913
2026-08-18 04:55:00,4407.28116,4407.28116,4405.93978,4406.05351
2026-08-18 05:00:00,4406.31852,4407.03743,4403.73437,4403.83824
2026-08-18 05:05:00,4403.88843,4404.31623,4399.64859,4402.91631
2026-08-18 05:10:00,4402.58129,4407.84055,4402.58129,4404.69856
2026-08-18 05:15:00,4405.12382,4415.57006,4405.12382,4415.24306
2026-08-18 05:20:00,4414.34222,4416.57097,4414.34222,4416.50325
2026-08-18 05:25:00,4416.28484,4417.15623,4415.12602,4415.39454
2026-08-18 05:30:00,4415.73821,4416.57097,4413.52849,4415.26159
2026-08-18 05:35:00,4415.34393,4417.15623,4415.24219,4416.1165
2026-08-18 05:40:00,4415.96605,4419.6234,4415.88225,4419.12916
2026-08-18 05:45:00,4418.4868,4420.61525,4418.4868,4420.31288
2026-08-18 05:50:00,4419.83751,4421.28749,4416.71885,4417.06293
2026-08-18 05:55:00,4417.66382,4420.61248,4417.66382,4420.27495
2026-08-18 06:00:00,4419.54921,4421.44012,4418.52245,4418.7879
2026-08-18 06:05:00,4418.92408,4419.41491,4416.76604,4417.8556
2026-08-18 06:10:00,4417.66886,4418.01271,4416.96113,4417.85067
2026-08-18 06:15:00,4417.60326,4418.06564,4417.60326,4417.7865
2026-08-18 06:20:00,4417.76312,4418.13201,4417.21986,4417.37689
2026-08-18 06:25:00,4417.62622,4418.01788,4415.20597,4415.24434
2026-08-18 06:30:00,4415.3207,4415.56389,4415.01104,4415.46531
2026-08-18 06:35:00,4415.40203,4415.50073,4414.96155,4415.44976
2026-08-18 06:40:00,4415.31192,4415.79087,4414.65896,4415.67772
2026-08-18 06:45:00,4415.58817,4417.23168,4415.30619,4415.69418
2026-08-18 06:50:00,4415.90938,4416.17319,4415.40092,4415.43897
2026-08-18 06:55:00,4415.46333,4416.68379,4415.40092,4416.62725
2026-08-18 07:00:00,4416.46004,4416.94154,4416.46004,4416.9104
2026-08-18 07:05:00,4416.81837,4417.02394,4416.76593,4416.93874
2026-08-18 07:10:00,4416.83414,4416.99399,4416.76604,4416.78065
2026-08-18 07:15:00,4416.83339,4417.02775,4416.74224,4416.90689
2026-08-18 07:20:00,4416.83998,4416.9697,4416.76604,4416.92164
2026-08-18 07:25:00,4416.83171,4417.03478,4416.76604,4416.83303
2026-08-18 07:30:00,4416.8367,4416.981,4416.76604,4416.77493
2026-08-18 07:35:00,4416.81672,4417.02919,4416.76604,4416.90842
2026-08-18 07:40:00,4416.83673,4417.0416,4416.76604,4417.02576
2026-08-18 07:45:00,4416.93409,4417.06504,4416.76604,4416.78774
2026-08-18 07:50:00,4416.83579,4416.97368,4416.76604,4416.78368
2026-08-18 07:55:00,4416.83462,4417.14273,4416.76604,4417.05662
2026-08-18 08:00:00,4416.81549,4418.91295,4415.98587,4416.73396
2026-08-18 08:05:00,4416.58411,4416.76604,4415.42626,4415.48926
2026-08-18 08:10:00,4415.68864,4416.89652,4415.53072,4416.78583
2026-08-18 08:15:00,4416.62072,4416.99469,4415.98988,4416.16933
2026-08-18 08:20:00,4416.47265,4416.47265,4415.59588,4415.81698
2026-08-18 08:25:00,4415.79583,4416.04211,4412.08912,4412.39758
2026-08-18 08:30:00,4412.49266,4413.29618,4412.04857,4412.65715
2026-08-18 08:35:00,4412.35563,4415.01104,4412.35563,4413.72786
2026-08-18 08:40:00,4413.836,4415.20597,4413.25743,4415.0464
2026-08-18 08:45:00,4414.81312,4415.55211,4414.42635,4414.83054
2026-08-18 08:50:00,4414.96892,4415.79087,4413.40211,4413.7634
2026-08-18 08:55:00,4414.44413,4414.44413,4410.92144,4411.54773
2026-08-18 09:00:00,4411.39189,4413.01391,4411.23865,4412.78426
2026-08-18 09:05:00,4412.31201,4414.23148,4412.31201,4414.17092
2026-08-18 09:10:00,4413.97649,4414.50738,4413.647,4413.91136
2026-08-18 09:15:00,4413.83486,4417.83623,4413.34242,4417.00237
2026-08-18 09:20:00,4417.04295,4418.32722,4416.96113,4417.04163
2026-08-18 09:25:00,4417.12281,4421.45289,4416.01649,4420.30657
2026-08-18 09:30:00,4420.55158,4422.235,4419.38727,4421.37511
2026-08-18 09:35:00,4421.46392,4422.235,4421.46392,4421.90675
2026-08-18 09:40:00,4421.83805,4422.87431,4420.28025,4422.60264
2026-08-18 09:45:00,4422.07042,4423.69154,4421.69807,4423.30244
2026-08-18 09:50:00,4422.72735,4424.63081,4422.72735,4423.15743
2026-08-18 09:55:00,4423.43,4425.0661,4423.3253,4423.97343
2026-08-18 10:00:00,4424.12911,4425.56205,4418.04763,4419.0218
2026-08-18 10:05:00,4420.01586,4425.95379,4420.01586,4422.43409
2026-08-18 10:10:00,4423.23838,4423.23838,4419.49883,4419.69725
2026-08-18 10:15:00,4419.80279,4427.16893,4419.5673,4426.53575
2026-08-18 10:20:00,4425.54105,4429.86905,4424.38722,4429.11314
2026-08-18 10:25:00,4427.45465,4431.20799,4426.73749,4430.91452
2026-08-18 10:30:00,4430.2798,4431.24917,4427.80395,4430.64014
2026-08-18 10:35:00,4430.27162,4433.41018,4430.17862,4433.21333
2026-08-18 10:40:00,4432.88183,4433.63684,4428.69796,4429.64428
2026-08-18 10:45:00,4429.38811,4430.04279,4428.20433,4428.44121
2026-08-18 10:50:00,4429.05863,4430.07132,4429.05863,4429.95014
2026-08-18 10:55:00,4429.91927,4433.69603,4429.09026,4432.5244
2026-08-18 11:00:00,4430.55095,4435.17985,4430.55095,4434.03103
2026-08-18 11:05:00,4433.71546,4435.5801,4430.14162,4430.89113
2026-08-18 11:10:00,4432.0034,4432.0034,4429.17269,4429.3932
2026-08-18 11:15:00,4429.78849,4429.87508,4422.82176,4423.234
2026-08-18 11:20:00,4423.9218,4426.93346,4422.16588,4422.80316
2026-08-18 11:25:00,4422.88864,4425.3662,4421.45289,4425.26955
2026-08-18 11:30:00,4425.03571,4425.17037,4422.04584,4422.3708
2026-08-18 11:35:00,4423.03068,4423.21302,4421.32151,4421.64778
2026-08-18 11:40:00,4422.17508,4422.17508,4414.89148,4415.51004
2026-08-18 11:45:00,4416.37206,4417.67525,4405.86862,4406.26929
2026-08-18 11:50:00,4406.95797,4408.84357,4404.70422,4405.01837
2026-08-18 11:55:00,4405.74601,4409.36549,4405.74601,4408.13699
2026-08-18 12:00:00,4408.16507,4409.10609,4401.40845,4402.20015
2026-08-18 12:05:00,4402.25771,4402.95879,4399.8592,4400.104
2026-08-18 12:10:00,4400.44306,4401.89583,4399.06153,4401.39732
2026-08-18 12:15:00,4400.34184,4404.99133,4400.34184,4403.04066
2026-08-18 12:20:00,4402.84307,4405.86862,4401.60218,4403.99665
2026-08-18 12:25:00,4403.34765,4404.70422,4402.85517,4403.11964
2026-08-18 12:30:00,4403.6032,4403.6032,4397.22819,4398.16051
2026-08-18 12:35:00,4400.32632,4400.32632,4395.6044,4399.57385
2026-08-18 12:40:00,4399.1802,4399.1802,4394.05923,4394.63401
2026-08-18 12:45:00,4394.66,4396.63453,4394.55135,4396.25698
2026-08-18 12:50:00,4395.48025,4398.31105,4395.48025,4398.21915
2026-08-18 12:55:00,4397.99002,4400.59861,4397.69967,4399.54454
2026-08-18 13:00:00,4398.9994,4405.05589,4398.7777,4401.99667
2026-08-18 13:05:00,4402.55793,4403.54045,4400.55339,4400.89902
2026-08-18 13:10:00,4401.56278,4403.15442,4399.14756,4400.71326
2026-08-18 13:15:00,4400.1533,4401.99969,4395.79762,4396.06011
2026-08-18 13:20:00,4396.4991,4397.344,4395.015,4395.37662
2026-08-18 13:25:00,4396.08695,4397.49247,4394.44542,4397.33039
2026-08-18 13:30:00,4397.06316,4397.88766,4396.18411,4396.54164
2026-08-18 13:35:00,4396.39301,4396.66534,4395.50585,4396.13168
2026-08-18 13:40:00,4395.91791,4395.91791,4394.83168,4395.22463
2026-08-18 13:45:00,4395.17107,4395.17107,4394.56909,4395.00682
2026-08-18 13:50:00,4394.89973,4394.89973,4392.32222,4393.56754
2026-08-18 13:55:00,4393.32444,4393.32592,4390.97216,4392.03457
2026-08-18 14:00:00,4391.54791,4392.51515,4390.77936,4391.66195
2026-08-18 14:05:00,4391.51022,4392.1293,4390.00834,4390.13959
2026-08-18 14:10:00,4390.32668,4392.94813,4390.32668,4392.79061
2026-08-18 14:15:00,4392.55363,4393.28706,4391.9364,4392.10491
2026-08-18 14:20:00,4392.38499,4392.38499,4390.70109,4391.95623
2026-08-18 14:25:00,4391.7966,4392.84925,4391.74352,4392.06121
2026-08-18 14:30:00,4392.37199,4393.48008,4391.9364,4392.06686
2026-08-18 14:35:00,4392.25873,4392.90107,4389.68192,4389.83573
2026-08-18 14:40:00,4390.16074,4394.25232,4390.01799,4394.15379
2026-08-18 14:45:00,4393.89465,4394.18506,4392.26319,4393.83222
2026-08-18 14:50:00,4393.19916,4395.10076,4393.19916,4394.88823
2026-08-18 14:55:00,4394.57507,4395.20224,4393.89411,4394.07003
2026-08-18 15:00:00,4394.37563,4394.37563,4391.6645,4391.75007
2026-08-18 15:05:00,4391.93799,4394.20314,4391.93799,4393.93985
2026-08-18 15:10:00,4393.47211,4394.39363,4390.97216,4391.43064
2026-08-18 15:15:00,4391.4678,4394.226,4391.39165,4394.05224
2026-08-18 15:20:00,4393.67975,4396.18518,4393.67975,4395.53041
2026-08-18 15:25:00,4395.31633,4395.99086,4392.85356,4393.48775
2026-08-18 15:30:00,4394.31628,4394.95298,4385.77255,4389.60903
2026-08-18 15:35:00,4389.2253,4390.39382,4386.59347,4389.75882
2026-08-18 15:40:00,4389.77983,4392.38565,4389.43025,4390.01069
2026-08-18 15:45:00,4390.42233,4395.02483,4390.42233,4394.95756
2026-08-18 15:50:00,4394.79542,4397.53738,4394.34413,4396.73437
2026-08-18 15:55:00,4396.28443,4396.88437,4395.28494,4395.60248
2026-08-18 16:00:00,4396.07821,4396.60419,4390.29053,4390.81786
2026-08-18 16:05:00,4391.69861,4392.04738,4388.46711,4391.34172
2026-08-18 16:10:00,4390.29663,4395.0879,4390.29663,4394.96532
2026-08-18 16:15:00,4394.79166,4395.6044,4393.5228,4395.46721
2026-08-18 16:20:00,4395.25094,4397.46799,4395.25094,4397.09394
2026-08-18 16:25:00,4396.61143,4399.66563,4396.61143,4399.54303
2026-08-18 16:30:00,4399.3424,4400.13156,4396.33965,4397.02027
2026-08-18 16:35:00,4398.31794,4398.31794,4395.218,4396.5431
2026-08-18 16:40:00,4396.80526,4398.31724,4396.80526,4398.10049
2026-08-18 16:45:00,4397.80711,4398.89148,4397.40142,4398.82244
2026-08-18 16:50:00,4398.65512,4398.67761,4397.73077,4398.59347
2026-08-18 16:55:00,4398.45569,4399.05042,4397.64619,4397.83963
2026-08-18 17:00:00,4397.98554,4399.91489,4397.92121,4399.73988
2026-08-18 17:05:00,4399.34484,4400.53511,4397.92418,4397.98183
2026-08-18 17:10:00,4398.05265,4399.08499,4397.43427,4397.69627
2026-08-18 17:15:00,4398.19611,4400.24641,4396.649,4399.55626
2026-08-18 17:20:00,4399.34589,4401.11197,4399.21713,4400.98867
2026-08-18 17:25:00,4400.56649,4402.41898,4400.17426,4402.06625
2026-08-18 17:30:00,4402.05543,4403.54045,4399.31776,4399.76208
2026-08-18 17:35:00,4400.6489,4402.28803,4397.53738,4401.84045
2026-08-18 17:40:00,4401.24769,4403.34654,4400.44004,4400.69158
2026-08-18 17:45:00,4401.00559,4402.5711,4400.39981,4400.61624
2026-08-18 17:50:00,4400.9072,4400.9072,4398.46016,4398.6303
2026-08-18 17:55:00,4398.91383,4399.28435,4396.18411,4397.24876
2026-08-18 18:00:00,4396.928,4396.928,4394.63854,4394.78649
2026-08-18 18:05:00,4395.01295,4395.01295,4390.58658,4390.68764
2026-08-18 18:10:00,4390.73913,4395.41119,4388.54016,4394.97195
2026-08-18 18:15:00,4394.12134,4394.12134,4392.32222,4393.22246
2026-08-18 18:20:00,4393.03781,4393.03781,4387.31189,4387.68232
2026-08-18 18:25:00,4388.28696,4388.69708,4387.65587,4388.45433
2026-08-18 18:30:00,4388.44682,4393.67311,4388.26136,4393.4163
2026-08-18 18:35:00,4392.84852,4398.50451,4391.87528,4395.63938
2026-08-18 18:40:00,4396.41425,4398.65776,4396.41425,4397.35353
2026-08-18 18:45:00,4397.53819,4397.53819,4393.51876,4394.05522
2026-08-18 18:50:00,4394.7607,4394.7607,4391.74352,4393.30428
2026-08-18 18:55:00,4393.17069,4394.14405,4392.32501,4393.22328
2026-08-18 19:00:00,4393.15354,4393.54668,4392.7081,4392.78075
2026-08-18 19:05:00,4392.89505,4392.90107,4391.46521,4391.9995
2026-08-18 19:10:00,4391.88659,4392.93046,4391.40307,4392.74018
2026-08-18 19:15:00,4392.20269,4393.28706,4391.53636,4391.55918
2026-08-18 19:20:00,4391.58258,4391.90864,4389.23759,4390.35844
2026-08-18 19:25:00,4390.22652,4392.56404,4388.40273,4391.99843
2026-08-18 19:30:00,4390.96002,4392.66201,4388.6597,4392.27018
2026-08-18 19:35:00,4391.21762,4395.5284,4391.14512,4394.84892
2026-08-18 19:40:00,4393.25382,4393.25382,4387.85705,4388.12542
2026-08-18 19:45:00,4388.60505,4391.49625,4386.47555,4391.13847
2026-08-18 19:50:00,4390.21367,4393.86616,4390.21367,4393.36205
2026-08-18 19:55:00,4393.43391,4394.05923,4393.43391,4393.97231
2026-08-18 20:00:00,4393.86583,4395.6044,4392.29011,4395.43253
2026-08-18 20:05:00,4395.10271,4395.10271,4393.09406,4393.20264
2026-08-18 20:10:00,4393.36209,4393.86616,4392.7081,4393.20062
2026-08-18 20:15:00,4393.31544,4395.46694,4393.31544,4395.34686
2026-08-18 20:20:00,4395.06342,4395.79762,4391.9364,4392.03556
2026-08-18 20:25:00,4392.18139,4392.18139,4389.62293,4391.69096
2026-08-18 20:30:00,4391.17687,4393.97546,4391.17687,4393.49941
2026-08-18 20:35:00,4393.47446,4397.344,4393.47446,4397.10787
2026-08-18 20:40:00,4396.6889,4398.50451,4396.54316,4398.39152
2026-08-18 20:45:00,4398.21331,4399.47206,4397.99235,4398.62058
2026-08-18 20:50:00,4398.81189,4399.3432,4396.95731,4397.10463
2026-08-18 20:55:00,4397.3429,4397.63824,4396.76398,4397.51424
2026-08-18 21:00:00,4397.344,4398.57868,4394.86004,4395.59525
2026-08-18 21:05:00,4397.11,4397.11,4392.90107,4394.31444
2026-08-18 21:10:00,4394.12548,4394.7384,4392.24874,4393.65346
2026-08-18 21:15:00,4393.3929,4394.36704,4392.32222,4392.4173
2026-08-18 21:20:00,4392.55835,4393.52188,4391.15968,4391.46366
2026-08-18 21:25:00,4392.02208,4392.02208,4390.20107,4390.76611
2026-08-18 21:30:00,4391.05446,4391.41712,4389.95,4389.97968
2026-08-18 21:35:00,4389.97964,4390.98555,4388.45275,4389.88828
2026-08-18 21:40:00,4390.21073,4392.32222,4389.33006,4392.26762
2026-08-18 21:45:00,4392.13096,4393.67311,4390.84436,4393.59023
2026-08-18 21:50:00,4393.40754,4393.40754,4390.00834,4390.2239
2026-08-18 21:55:00,4390.6453,4396.37739,4390.41911,4396.02432
2026-08-18 22:00:00,4395.35018,4396.67074,4390.71329,4394.6363
2026-08-18 22:05:00,4392.77602,4397.15065,4391.55767,4391.96842
2026-08-18 22:10:00,4392.84249,4392.84249,4391.16498,4391.40617
2026-08-18 22:15:00,4391.38207,4393.86616,4391.16498,4391.99198
2026-08-18 22:20:00,4392.10218,4400.0528,4391.22804,4397.81203
2026-08-18 22:25:00,4398.56049,4398.56049,4392.90107,4393.28896
2026-08-18 22:30:00,4393.64688,4397.07426,4392.90107,4396.70866
2026-08-18 22:35:00,4396.18919,4397.81598,4393.67311,4393.81797
2026-08-18 22:40:00,4393.94889,4394.44542,4391.74352,4392.65238
2026-08-18 22:45:00,4392.54283,4395.88707,4392.1609,4395.69224
2026-08-18 22:50:00,4395.38126,4396.76398,4393.7564,4395.95488
2026-08-18 22:55:00,4396.20052,4396.20052,4390.88368,4394.50697
2026-08-18 23:00:00,4393.96118,4395.99619,4390.5781,4394.85072
2026-08-18 23:05:00,4392.09071,4397.53738,4389.43025,4389.70098
2026-08-18 23:10:00,4390.1656,4394.52309,4388.97379,4394.29878
2026-08-18 23:15:00,4393.78407,4394.96983,4388.6597,4391.54112
2026-08-18 23:20:00,4391.10137,4393.28706,4388.6597,4388.88927
2026-08-18 23:25:00,4389.14644,4391.74352,4389.14644,4391.4927
2026-08-18 23:30:00,4391.00082,4395.99086,4384.42652,4394.02595
2026-08-18 23:35:00,4393.87369,4401.54969,4390.46188,4401.41718
2026-08-18 23:40:00,4400.97576,4403.54045,4400.92314,4402.00195
2026-08-18 23:45:00,4402.30445,4404.32094,4393.48008,4395.63189
2026-08-18 23:50:00,4395.23206,4397.69897,4390.39382,4392.25649
2026-08-18 23:55:00,4392.08754,4394.05923,4390.95256,4393.5326
2026-08-19 00:00:00,4393.12541,4404.51022,4393.12541,4404.13475
2026-08-19 00:05:00,4403.30107,4404.4347,4400.0528,4400.10036
2026-08-19 00:10:00,4400.24221,4401.84937,4393.09406,4393.23815
2026-08-19 00:15:00,4393.29059,4403.26918,4393.29059,4401.80493
2026-08-19 00:20:00,4399.09666,4404.70422,4396.95731,4398.2365
2026-08-19 00:25:00,4398.01711,4398.01711,4394.53089,4394.8556
2026-08-19 00:30:00,4395.32434,4396.37739,4390.20107,4395.79518
2026-08-19 00:35:00,4394.78374,4394.78374,4386.17118,4386.74442
2026-08-19 00:40:00,4387.50891,4390.22065,4379.43692,4380.09577
2026-08-19 00:45:00,4381.39896,4387.24546,4378.47541,4386.53688
2026-08-19 00:50:00,4385.08854,4388.27453,4378.66713,4379.19775
2026-08-19 00:55:00,4380.07769,4382.07207,4366.922,4369.80762
2026-08-19 01:00:00,4373.57236,4373.905,4362.8114,4372.57532
2026-08-19 01:05:00,4370.38224,4376.63766,4368.22227,4368.90302
2026-08-19 01:10:00,4370.34486,4370.34486,4361.34192,4362.75506
2026-08-19 01:15:00,4365.57456,4365.57456,4358.33403,4359.73725
2026-08-19 01:20:00,4362.97727,4362.97727,4353.88366,4354.42023
2026-08-19 01:25:00,4355.08655,4359.05534,4352.9562,4358.46815
2026-08-19 01:30:00,4357.51117,4360.33557,4354.64205,4357.44323
2026-08-19 01:35:00,4358.06438,4361.45553,4357.08415,4360.92366
2026-08-19 01:40:00,4360.22239,4362.05016,4357.48834,4357.81987
2026-08-19 01:45:00,4358.38321,4363.46043,4357.29847,4363.10879
2026-08-19 01:50:00,4362.62059,4365.85898,4362.33284,4365.75427
2026-08-19 01:55:00,4365.47848,4365.47848,4363.57289,4364.30928
2026-08-19 02:00:00,4363.84524,4368.69926,4362.80442,4368.56113
2026-08-19 02:05:00,4368.37359,4370.74827,4366.89945,4369.86738
2026-08-19 02:10:00,4368.75103,4371.5847,4368.38752,4368.87177
2026-08-19 02:15:00,4369.89464,4369.89464,4365.34708,4365.4602
2026-08-19 02:20:00,4365.6303,4370.24736,4363.56317,4367.34855
2026-08-19 02:25:00,4367.69354,4370.70807,4363.57289,4363.83856
2026-08-19 02:30:00,4364.31668,4366.24023,4363.38249,4364.72266
2026-08-19 02:35:00,4364.39055,4366.81223,4362.83766,4366.51919
2026-08-19 02:40:00,4365.95369,4368.33828,4365.35839,4366.1174
2026-08-19 02:45:00,4366.4936,4367.38437,4363.57289,4363.91717
2026-08-19 02:50:00,4364.45008,4368.18461,4362.62403,4367.79602
2026-08-19 02:55:00,4366.93096,4368.52912,4363.57289,4363.71052
2026-08-19 03:00:00,4363.76006,4365.28724,4363.76006,4364.24456
2026-08-19 03:05:00,4364.40633,4366.0496,4364.14419,4365.957
2026-08-19 03:10:00,4365.78703,4366.75384,4365.26904,4366.44898
2026-08-19 03:15:00,4366.02735,4368.14747,4364.41392,4364.85054
2026-08-19 03:20:00,4365.78516,4367.19364,4363.51563,4366.94437
2026-08-19 03:25:00,4366.7976,4367.0179,4365.09669,4365.20303
2026-08-19 03:30:00,4365.40833,4366.43088,4361.97045,4366.12221
2026-08-19 03:35:00,4365.51773,4365.51773,4361.66965,4361.94001
2026-08-19 03:40:00,4362.43058,4364.90615,4360.47433,4360.8022
2026-08-19 03:45:00,4361.46897,4361.46897,4357.80422,4357.94946
2026-08-19 03:50:00,4358.14647,4359.76806,4357.29847,4358.6705
2026-08-19 03:55:00,4358.73575,4358.81789,4357.10862,4357.21854
2026-08-19 04:00:00,4357.26661,4358.07323,4353.61505,4354.22754
2026-08-19 04:05:00,4355.59754,4355.59754,4352.74658,4354.93187
2026-08-19 04:10:00,4354.75387,4357.85714,4352.93606,4357.15527
2026-08-19 04:15:00,4355.51073,4358.81789,4355.51073,4358.71574
2026-08-19 04:20:00,4358.35711,4359.88154,4355.5904,4355.88518
2026-08-19 04:25:00,4356.5837,4360.90881,4356.14487,4360.59954
2026-08-19 04:30:00,4359.89857,4360.90881,4358.46267,4358.61497
2026-08-19 04:35:00,4358.86988,4360.14825,4358.13703,4359.23524
2026-08-19 04:40:00,4359.02471,4360.31621,4354.63336,4355.10862
2026-08-19 04:45:00,4356.12508,4356.12508,4353.84934,4354.0376
2026-08-19 04:50:00,4354.34667,4355.01868,4353.50457,4354.90446
2026-08-19 04:55:00,4354.71998,4355.21101,4354.26282,4354.46488
2026-08-19 05:00:00,4354.49889,4357.67823,4354.13602,4357.6126
2026-08-19 05:05:00,4357.37271,4357.53993,4355.4007,4356.38661
2026-08-19 05:10:00,4356.2917,4357.12222,4354.64205,4356.04978
2026-08-19 05:15:00,4355.90747,4358.05805,4355.63194,4355.97104
2026-08-19 05:20:00,4356.40306,4356.67772,4353.46143,4354.02631
2026-08-19 05:25:00,4355.23242,4355.4007,4352.74658,4355.27441
2026-08-19 05:30:00,4354.86447,4356.34938,4354.45243,4355.04472
2026-08-19 05:35:00,4355.51802,4355.51802,4353.6761,4354.91934
2026-08-19 05:40:00,4354.56174,4357.95169,4353.19243,4354.60294
2026-08-19 05:45:00,4357.47327,4357.47327,4345.62499,4346.57284
2026-08-19 05:50:00,4347.95919,4347.95919,4342.7281,4345.26703
2026-08-19 05:55:00,4344.79806,4346.39253,4340.08941,4343.95947
2026-08-19 06:00:00,4341.36541,4346.88111,4341.36541,4344.37814
2026-08-19 06:05:00,4345.24186,4345.24186,4342.53952,4342.73507
2026-08-19 06:10:00,4343.00094,4344.20891,4341.75216,4341.82613
2026-08-19 06:15:00,4341.90909,4341.97386,4341.03143,4341.91807
2026-08-19 06:20:00,4341.81349,4343.78823,4334.82162,4338.90758
2026-08-19 06:25:00,4338.46503,4338.93359,4336.68348,4337.65861
2026-08-19 06:30:00,4337.35544,4339.52439,4335.8812,4339.38437
2026-08-19 06:35:00,4339.01047,4339.96411,4338.01839,4338.47393
2026-08-19 06:40:00,4338.2503,4338.58302,4332.55774,4333.24273
2026-08-19 06:45:00,4334.14161,4334.14161,4330.87917,4330.97031
2026-08-19 06:50:00,4331.06559,4333.54748,4330.69161,4333.20955
2026-08-19 06:55:00,4332.41754,4335.89696,4332.41754,4335.67938
2026-08-19 07:00:00,4335.3554,4335.3554,4333.88229,4334.56101
2026-08-19 07:05:00,4334.50408,4334.71778,4334.44584,4334.46028
2026-08-19 07:10:00,4334.51676,4334.86468,4334.36152,4334.55235
2026-08-19 07:15:00,4334.54483,4334.72168,4334.44584,4334.63048
2026-08-19 07:20:00,4334.53039,4334.70725,4334.44584,4334.58089
2026-08-19 07:25:00,4334.52518,4334.6865,4334.38859,4334.4031
2026-08-19 07:30:00,4334.45459,4334.60624,4334.25798,4334.50721
2026-08-19 07:35:00,4334.48358,4334.7225,4334.42463,4334.63304
2026-08-19 07:40:00,4334.53822,4334.72003,4334.44584,4334.58717
2026-08-19 07:45:00,4334.52302,4334.67078,4334.44584,4334.46011
2026-08-19 07:50:00,4334.48304,4334.67625,4334.25798,4334.4982
2026-08-19 07:55:00,4334.46781,4334.46781,4334.24971,4334.40384
2026-08-19 08:00:00,4334.23748,4340.43807,4331.89673,4339.75534
2026-08-19 08:05:00,4338.61706,4342.9377,4338.61706,4342.77985
2026-08-19 08:10:00,4342.37201,4343.35203,4342.23621,4342.39773
2026-08-19 08:15:00,4342.59537,4342.69733,4339.90105,4339.97939
2026-08-19 08:20:00,4339.88031,4341.03143,4333.50667,4334.65746
2026-08-19 08:25:00,4334.5805,4337.26579,4334.44584,4335.71747
2026-08-19 08:30:00,4335.44369,4336.51344,4335.44369,4336.03543
2026-08-19 08:35:00,4335.94953,4337.16265,4334.44584,4334.99757
2026-08-19 08:40:00,4334.87716,4335.00954,4333.50667,4333.9109
2026-08-19 08:45:00,4333.84087,4334.59234,4333.69447,4333.75909
2026-08-19 08:50:00,4333.94689,4335.23199,4333.94689,4334.98968
2026-08-19 08:55:00,4334.6188,4335.57338,4333.31889,4333.44852
2026-08-19 09:00:00,4333.58934,4336.3254,4333.44962,4336.25374
2026-08-19 09:05:00,4336.04748,4338.39479,4335.21281,4335.65034
2026-08-19 09:10:00,4336.24539,4336.24539,4333.50667,4333.91834
2026-08-19 09:15:00,4333.83729,4334.82162,4332.10712,4333.29781
2026-08-19 09:20:00,4333.56899,4336.51344,4332.06198,4332.59383
2026-08-19 09:25:00,4333.25534,4333.25534,4330.50407,4330.75242
2026-08-19 09:30:00,4331.19338,4333.6216,4327.50563,4327.92264
2026-08-19 09:35:00,4328.80281,4331.25433,4328.30597,4328.75528
2026-08-19 09:40:00,4329.71896,4329.75299,4327.7825,4329.53816
2026-08-19 09:45:00,4328.92628,4332.00631,4328.92628,4330.85049
2026-08-19 09:50:00,4330.72248,4334.07013,4329.87521,4333.81888
2026-08-19 09:55:00,4333.15848,4334.91192,4331.25433,4332.97222
2026-08-19 10:00:00,4332.81906,4339.14779,4332.81906,4338.71738
2026-08-19 10:05:00,4338.63697,4340.27778,4336.7015,4338.7375
2026-08-19 10:10:00,4339.03869,4344.32339,4338.83255,4343.67195
2026-08-19 10:15:00,4342.52761,4346.12543,4342.52761,4345.56445
2026-08-19 10:20:00,4345.52643,4346.71064,4342.23825,4345.6925
2026-08-19 10:25:00,4345.22116,4345.22116,4340.39903,4340.69955
2026-08-19 10:30:00,4341.38977,4345.79985,4340.69122,4341.26017
2026-08-19 10:35:00,4342.47766,4346.31433,4339.17647,4345.85907
2026-08-19 10:40:00,4344.97343,4347.75561,4343.41785,4344.87186
2026-08-19 10:45:00,4345.31826,4345.31826,4343.01881,4343.47054
2026-08-19 10:50:00,4343.4152,4344.61485,4342.56311,4344.46667
2026-08-19 10:55:00,4344.13064,4345.07267,4337.11128,4337.60619
2026-08-19 11:00:00,4338.52928,4340.46617,4327.31836,4330.07941
2026-08-19 11:05:00,4328.95286,4340.30951,4325.9749,4339.83017
2026-08-19 11:10:00,4339.05688,4343.10532,4337.83022,4342.69119
2026-08-19 11:15:00,4342.13398,4345.64004,4337.45391,4337.65218
2026-08-19 11:20:00,4337.97415,4339.91301,4333.31889,4337.67043
2026-08-19 11:25:00,4336.96711,4341.38544,4335.45385,4340.95081
2026-08-19 11:30:00,4340.40017,4349.66705,4340.40017,4345.3874
2026-08-19 11:35:00,4346.27698,4355.1581,4346.27698,4354.76892
2026-08-19 11:40:00,4353.84668,4356.34938,4353.84668,4354.91186
2026-08-19 11:45:00,4355.23667,4356.41595,4351.79947,4352.13321
2026-08-19 11:50:00,4352.76218,4354.28305,4351.6101,4353.73004
2026-08-19 11:55:00,4353.00626,4355.7092,4353.00626,4355.14314
2026-08-19 12:00:00,4354.01663,4358.76734,4352.17827,4352.52875
2026-08-19 12:05:00,4353.22727,4355.21101,4352.93606,4355.01892
2026-08-19 12:10:00,4354.72378,4355.96986,4353.55881,4353.78853
2026-08-19 12:15:00,4354.2182,4359.07255,4353.31505,4358.61704
2026-08-19 12:20:00,4357.80001,4361.47941,4357.80001,4361.42964
2026-08-19 12:25:00,4361.30754,4361.30754,4360.14825,4360.69889
2026-08-19 12:30:00,4360.47981,4362.70139,4356.84982,4356.908
2026-08-19 12:35:00,4356.97983,4358.10757,4354.07324,4354.46189
2026-08-19 12:40:00,4355.07849,4358.24798,4355.07849,4356.58484
2026-08-19 12:45:00,4357.67232,4357.67232,4354.98039,4355.10499
2026-08-19 12:50:00,4355.35621,4356.34938,4353.50457,4353.73718
2026-08-19 12:55:00,4354.11252,4355.02134,4352.55713,4354.85802
2026-08-19 13:00:00,4354.47964,4355.51867,4353.12554,4355.31246
2026-08-19 13:05:00,4354.75486,4355.78012,4352.17827,4353.08169
2026-08-19 13:10:00,4352.69398,4354.91971,4352.69398,4354.88913
2026-08-19 13:15:00,4354.87191,4357.60696,4352.17827,4352.32011
2026-08-19 13:20:00,4352.58382,4354.99737,4352.49802,4354.76985
2026-08-19 13:25:00,4354.28246,4357.86813,4354.28246,4357.78183
2026-08-19 13:30:00,4357.55778,4357.9618,4356.53917,4356.92902
2026-08-19 13:35:00,4356.90412,4359.76806,4356.53917,4359.56879
2026-08-19 13:40:00,4359.1751,4359.57044,4357.27699,4357.86645
2026-08-19 13:45:00,4357.46628,4358.81789,4357.13299,4357.29083
2026-08-19 13:50:00,4357.5529,4358.81789,4356.25023,4356.92897
2026-08-19 13:55:00,4357.28071,4357.28071,4355.0578,4355.23104
2026-08-19 14:00:00,4355.52292,4355.96986,4354.12821,4354.5668
2026-08-19 14:05:00,4355.21636,4355.21636,4353.50457,4354.34494
2026-08-19 14:10:00,4354.23,4354.83169,4353.90634,4354.31279
2026-08-19 14:15:00,4354.33649,4354.45243,4350.23716,4350.61017
2026-08-19 14:20:00,4351.47967,4353.31505,4351.2314,4352.66708
2026-08-19 14:25:00,4352.48137,4352.48137,4350.66348,4351.19671
2026-08-19 14:30:00,4351.02999,4352.35688,4350.28494,4350.30947
2026-08-19 14:35:00,4350.38752,4350.74462,4347.28646,4347.7632
2026-08-19 14:40:00,4348.65268,4348.65268,4345.37001,4345.47437
2026-08-19 14:45:00,4345.73019,4346.69217,4345.73019,4346.01993
2026-08-19 14:50:00,4346.05729,4346.88111,4344.80361,4344.88368
2026-08-19 14:55:00,4344.92531,4349.14974,4344.90653,4348.72367
2026-08-19 15:00:00,4347.7932,4350.28494,4346.50324,4346.69954
2026-08-19 15:05:00,4347.11312,4347.55086,4342.9167,4343.36159
2026-08-19 15:10:00,4343.61749,4343.91651,4339.33608,4339.56743
2026-08-19 15:15:00,4339.60296,4339.71271,4337.07768,4337.21541
2026-08-19 15:20:00,4337.4213,4342.13802,4336.4178,4341.56842
2026-08-19 15:25:00,4340.69318,4344.69775,4340.69318,4344.15615
2026-08-19 15:30:00,4343.02177,4344.9924,4337.60938,4338.0669
2026-08-19 15:35:00,4338.68293,4341.39148,4336.00173,4337.90729
2026-08-19 15:40:00,4338.49251,4343.10532,4338.49251,4342.43066
2026-08-19 15:45:00,4342.09832,4343.51957,4335.72909,4336.05728
2026-08-19 15:50:00,4336.74873,4338.06111,4335.94936,4336.81145
2026-08-19 15:55:00,4336.63299,4338.41139,4335.94936,4338.30765
2026-08-19 16:00:00,4338.20078,4339.66324,4335.46597,4337.46984
2026-08-19 16:05:00,4337.80224,4339.18621,4333.92267,4334.85381
2026-08-19 16:10:00,4336.11412,4342.17071,4336.11412,4338.6379
2026-08-19 16:15:00,4339.14653,4345.53054,4335.91941,4345.12285
2026-08-19 16:20:00,4344.58679,4347.82609,4344.58679,4346.84365
2026-08-19 16:25:00,4346.70505,4347.51446,4341.21988,4341.41061
2026-08-19 16:30:00,4341.8824,4343.11288,4337.64206,4339.39397
2026-08-19 16:35:00,4339.15324,4344.80361,4337.44454,4344.66224
2026-08-19 16:40:00,4344.41224,4344.41224,4342.4352,4342.89883
2026-08-19 16:45:00,4342.80458,4343.67127,4341.07241,4342.79142
2026-08-19 16:50:00,4343.11257,4347.5785,4343.11257,4347.14241
2026-08-19 16:55:00,4345.99605,4348.80401,4345.99605,4348.57942
2026-08-19 17:00:00,4347.96557,4352.06335,4347.86692,4351.61402
2026-08-19 17:05:00,4350.75344,4352.62861,4348.39327,4352.07843
2026-08-19 17:10:00,4350.64556,4353.74737,4350.49191,4350.7443
2026-08-19 17:15:00,4351.08519,4351.08519,4348.20419,4350.30027
2026-08-19 17:20:00,4349.22325,4353.99554,4349.10094,4353.54082
2026-08-19 17:25:00,4352.96744,4357.29847,4352.96744,4355.67869
2026-08-19 17:30:00,4355.87008,4360.14825,4355.78012,4359.46566
2026-08-19 17:35:00,4359.33168,4362.62106,4357.67823,4358.022
2026-08-19 17:40:00,4358.65144,4359.46319,4353.89435,4354.21557
2026-08-19 17:45:00,4354.64134,4356.1431,4353.31505,4355.9059
2026-08-19 17:50:00,4355.59179,4356.72897,4355.17183,4355.94066
2026-08-19 17:55:00,4356.34428,4356.34428,4355.13801,4355.27663
2026-08-19 18:00:00,4355.49472,4356.63344,4351.87518,4354.79554
2026-08-19 18:05:00,4354.22105,4360.14825,4354.22105,4357.21824
2026-08-19 18:10:00,4357.40054,4362.62106,4356.44563,4360.88849
2026-08-19 18:15:00,4361.32859,4362.8114,4359.20226,4361.9362
2026-08-19 18:20:00,4361.48407,4361.48407,4357.48834,4357.76374
2026-08-19 18:25:00,4357.79216,4361.099,4357.79216,4358.69739
2026-08-19 18:30:00,4358.57307,4360.66715,4356.72897,4356.96625
2026-08-19 18:35:00,4357.41626,4361.099,4356.04669,4360.82377
2026-08-19 18:40:00,4360.55651,4362.74426,4359.22921,4362.31142
2026-08-19 18:45:00,4361.42024,4363.00175,4361.42024,4361.83219
2026-08-19 18:50:00,4361.84592,4362.51341,4358.72089,4358.95893
2026-08-19 18:55:00,4359.31558,4359.31558,4355.21101,4355.3359
2026-08-19 19:00:00,4355.37304,4358.5498,4355.37304,4358.13985
2026-08-19 19:05:00,4357.13192,4359.3008,4355.5904,4356.70824
2026-08-19 19:10:00,4356.60487,4357.04885,4355.5904,4356.31537
2026-08-19 19:15:00,4356.21412,4356.34938,4354.33984,4354.47021
2026-08-19 19:20:00,4354.66818,4356.64561,4354.07324,4356.40747
2026-08-19 19:25:00,4355.88842,4356.95015,4354.07324,4354.66383
2026-08-19 19:30:00,4354.91649,4357.48834,4354.91649,4356.2299
2026-08-19 19:35:00,4356.33283,4357.10862,4356.29465,4356.76423
2026-08-19 19:40:00,4356.71585,4361.2892,4356.71585,4358.97434
2026-08-19 19:45:00,4359.21757,4359.89807,4358.6279,4359.84866
2026-08-19 19:50:00,4359.61211,4360.85492,4357.98784,4358.21695
2026-08-19 19:55:00,4358.66243,4361.72924,4358.66243,4361.33948
2026-08-19 20:00:00,4360.46934,4363.71353,4360.46934,4360.77887
2026-08-19 20:05:00,4360.89524,4362.62106,4359.45708,4362.51795
2026-08-19 20:10:00,4362.30984,4363.86344,4361.099,4363.50664
2026-08-19 20:15:00,4363.03558,4368.33828,4363.03558,4368.07644
2026-08-19 20:20:00,4367.53463,4368.69141,4367.10946,4368.57885
2026-08-19 20:25:00,4368.38798,4368.90211,4366.77836,4368.57474
2026-08-19 20:30:00,4368.15386,4369.29261,4366.81223,4366.88718
2026-08-19 20:35:00,4366.93843,4367.5937,4366.6954,4367.15921
2026-08-19 20:40:00,4367.24776,4368.33476,4366.32625,4367.35387
2026-08-19 20:45:00,4367.76101,4368.71997,4367.76101,4368.66054
2026-08-19 20:50:00,4368.55595,4368.5865,4367.26343,4367.38161
2026-08-19 20:55:00,4367.54249,4367.78031,4366.27329,4366.42093
2026-08-19 21:00:00,4366.74137,4370.92881,4366.74137,4370.84097
2026-08-19 21:05:00,4370.65053,4374.07051,4369.03449,4372.0218
2026-08-19 21:10:00,4372.44643,4374.26184,4371.5847,4374.12092
2026-08-19 21:15:00,4373.77887,4375.44645,4370.05637,4370.17049
2026-08-19 21:20:00,4370.31533,4371.01145,4368.91083,4370.93754
2026-08-19 21:25:00,4370.66224,4373.30534,4369.96133,4371.54628
2026-08-19 21:30:00,4371.99962,4371.99962,4369.29261,4369.84283
2026-08-19 21:35:00,4369.76876,4369.76876,4368.27446,4368.44671
2026-08-19 21:40:00,4368.74228,4368.74228,4363.38249,4363.52171
2026-08-19 21:45:00,4363.64189,4367.01114,4363.64189,4366.68248
2026-08-19 21:50:00,4365.83229,4368.34772,4363.44024,4365.64808
2026-08-19 21:55:00,4364.80924,4366.62154,4364.80924,4365.2094
2026-08-19 22:00:00,4365.38545,4365.38545,4362.16753,4362.40508
2026-08-19 22:05:00,4362.73288,4367.47576,4362.73288,4367.14271
2026-08-19 22:10:00,4366.37097,4370.05637,4366.37097,4368.1259
2026-08-19 22:15:00,4368.30429,4369.48353,4365.85898,4366.13798
2026-08-19 22:20:00,4366.74489,4373.64213,4366.74489,4370.95194
2026-08-19 22:25:00,4372.28816,4372.28816,4368.32047,4370.21676
2026-08-19 22:30:00,4369.72442,4380.61894,4368.91083,4378.94625
2026-08-19 22:35:00,4374.76692,4414.33607,4374.76692,4412.47401
2026-08-19 22:40:00,4408.07047,4418.70861,4407.22785,4407.89135
2026-08-19 22:45:00,4408.29597,4421.56295,4408.29597,4416.98591
2026-08-19 22:50:00,4414.82139,4424.11281,4411.86852,4423.11276
2026-08-19 22:55:00,4420.78207,4442.47001,4420.16422,4437.9365
2026-08-19 23:00:00,4438.10521,4442.56555,4427.71751,4428.68296
2026-08-19 23:05:00,4430.52081,4439.63871,4423.90281,4437.51222
2026-08-19 23:10:00,4434.60011,4463.28944,4434.60011,4461.33069
2026-08-19 23:15:00,4457.96873,4462.23819,4457.82405,4459.16328
2026-08-19 23:20:00,4459.94044,4461.69634,4457.32115,4460.58691
2026-08-19 23:25:00,4459.94637,4460.90021,4455.93084,4456.43648
2026-08-19 23:30:00,4457.3038,4465.28243,4454.88109,4465.09554
2026-08-19 23:35:00,4464.81376,4464.81376,4444.44444,4455.38483
2026-08-19 23:40:00,4453.87438,4461.41639,4450.07205,4460.33949
2026-08-19 23:45:00,4458.49344,4463.04779,4452.55799,4453.25511
2026-08-19 23:50:00,4454.4452,4455.33526,4444.41982,4454.80815
2026-08-19 23:55:00,4453.6558,4460.9296,4452.16152,4460.36158
2026-08-20 00:00:00,4459.65015,4463.43426,4455.52334,4460.67669
2026-08-20 00:05:00,4459.6043,4470.47253,4459.6043,4470.13008
2026-08-20 00:10:00,4469.4806,4476.07538,4467.72085,4475.48068
2026-08-20 00:15:00,4474.31396,4476.67652,4473.07211,4473.603
2026-08-20 00:20:00,4474.12863,4478.29097,4471.96609,4477.54225
2026-08-20 00:25:00,4475.68741,4486.71931,4475.68741,4486.6387
2026-08-20 00:30:00,4486.42125,4489.56457,4485.56438,4486.96211
2026-08-20 00:35:00,4487.98705,4492.86174,4485.91423,4489.79586
2026-08-20 00:40:00,4489.38378,4496.60506,4489.38378,4496.26355
2026-08-20 00:45:00,4496.35907,4496.35907,4479.63326,4480.12525
2026-08-20 00:50:00,4481.16487,4487.12196,4479.08268,4484.73261
2026-08-20 00:55:00,4485.13617,4488.93478,4483.70174,4487.65123
2026-08-20 01:00:00,4487.82029,4488.97207,4483.09872,4484.13477
2026-08-20 01:05:00,4483.81745,4486.17408,4483.49861,4484.35943
2026-08-20 01:10:00,4485.22614,4488.33034,4479.00483,4487.69506
2026-08-20 01:15:00,4486.48164,4486.71931,4485.10944,4485.85608
2026-08-20 01:20:00,4485.73891,4487.32331,4483.16975,4483.75076
2026-08-20 01:25:00,4484.72237,4484.72237,4478.68148,4483.30503
2026-08-20 01:30:00,4482.98605,4485.37694,4481.29061,4484.87067
2026-08-20 01:35:00,4484.22594,4487.72607,4483.53861,4486.21868
2026-08-20 01:40:00,4486.67148,4491.41372,4485.10944,4490.46265
2026-08-20 01:45:00,4488.10841,4492.76665,4488.10841,4491.8792
2026-08-20 01:50:00,4491.93166,4493.05426,4488.33034,4492.29924
2026-08-20 01:55:00,4491.73166,4492.56481,4490.95073,4491.80575
2026-08-20 02:00:00,4491.98617,4497.00949,4491.98617,4495.95319
2026-08-20 02:05:00,4495.69759,4496.91461,4491.24679,4496.4774
2026-08-20 02:10:00,4495.88079,4498.2232,4495.88079,4497.92379
2026-08-20 02:15:00,4497.7882,4498.28809,4496.30531,4496.56168
2026-08-20 02:20:00,4497.05061,4497.05061,4493.3991,4495.65298
2026-08-20 02:25:00,4494.78986,4496.60506,4491.49179,4491.90403
2026-08-20 02:30:00,4492.61313,4495.19015,4490.95073,4495.05081
2026-08-20 02:35:00,4494.75433,4496.20071,4492.9685,4495.94789
2026-08-20 02:40:00,4495.39541,4496.07519,4494.58403,4495.43697
2026-08-20 02:45:00,4495.19302,4496.20071,4493.55898,4494.58209
2026-08-20 02:50:00,4494.78213,4497.41399,4494.28443,4497.00088
2026-08-20 02:55:00,4497.29955,4497.29955,4493.64127,4494.60203
2026-08-20 03:00:00,4494.61982,4498.62792,4494.38202,4495.88472
2026-08-20 03:05:00,4496.39868,4496.63029,4491.95939,4492.26883
2026-08-20 03:10:00,4492.61323,4494.66536,4488.99054,4492.65309
2026-08-20 03:15:00,4492.11886,4492.71343,4488.33487,4488.67517
2026-08-20 03:20:00,4489.21824,4490.19758,4487.92748,4488.77896
2026-08-20 03:25:00,4489.29207,4490.15069,4486.71931,4486.86545
2026-08-20 03:30:00,4486.93643,4489.41518,4484.50603,4488.17782
2026-08-20 03:35:00,4487.04893,4489.94253,4486.4039,4488.99563
2026-08-20 03:40:00,4489.04806,4491.95939,4487.92339,4490.11323
2026-08-20 03:45:00,4490.57536,4490.57536,4488.33034,4488.39606
2026-08-20 03:50:00,4488.45762,4488.76029,4486.11547,4486.33713
2026-08-20 03:55:00,4486.73777,4487.21736,4485.10944,4485.14016
2026-08-20 04:00:00,4485.34899,4494.78605,4485.34899,4494.53434
2026-08-20 04:05:00,4494.1923,4495.518,4487.12196,4490.00022
2026-08-20 04:10:00,4489.70015,4490.14413,4486.88529,4489.97787
2026-08-20 04:15:00,4489.6084,4489.6084,4482.69679,4482.87654
2026-08-20 04:20:00,4482.82615,4485.713,4482.10507,4482.29527
2026-08-20 04:25:00,4482.55896,4482.55896,4474.07275,4474.50098
2026-08-20 04:30:00,4475.18692,4479.68463,4473.67244,4479.04504
2026-08-20 04:35:00,4478.01089,4482.49585,4478.01089,4481.92795
2026-08-20 04:40:00,4481.27835,4491.55587,4481.27835,4491.44404
2026-08-20 04:45:00,4491.18868,4491.45279,4489.64058,4491.08342
2026-08-20 04:50:00,4490.56374,4495.33654,4490.03124,4494.44221
2026-08-20 04:55:00,4492.22641,4496.20071,4492.22641,4495.39023
2026-08-20 05:00:00,4495.36185,4497.5295,4494.98417,4497.17818
2026-08-20 05:05:00,4496.41804,4503.89027,4495.79643,4502.0949
2026-08-20 05:10:00,4499.69263,4506.12833,4499.69263,4503.80477
2026-08-20 05:15:00,4504.34841,4505.72227,4502.88184,4505.60671
2026-08-20 05:20:00,4505.4126,4506.45159,4502.88184,4504.3268
2026-08-20 05:25:00,4503.67427,4506.89655,4503.67427,4506.62634
2026-08-20 05:30:00,4505.85857,4509.68903,4505.85857,4509.5076
2026-08-20 05:35:00,4509.13317,4509.98963,4504.70742,4504.93667
2026-08-20 05:40:00,4505.43605,4507.4403,4503.89587,4506.1184
2026-08-20 05:45:00,4505.5865,4510.84794,4504.63603,4510.1925
2026-08-20 05:50:00,4509.19708,4512.01627,4509.19708,4510.32769
2026-08-20 05:55:00,4510.53835,4512.22814,4509.37951,4509.53957
2026-08-20 06:00:00,4509.77739,4512.22814,4509.17617,4509.47543
2026-08-20 06:05:00,4509.62925,4510.18139,4508.36301,4509.99149
2026-08-20 06:10:00,4509.73714,4511.08472,4506.2707,4506.66626
2026-08-20 06:15:00,4507.28275,4510.61982,4505.72227,4509.99277
2026-08-20 06:20:00,4508.44096,4512.85114,4508.44096,4512.68188
2026-08-20 06:25:00,4512.29569,4522.22674,4511.68903,4519.16879
2026-08-20 06:30:00,4520.33651,4522.59464,4517.93621,4522.28133
2026-08-20 06:35:00,4521.68503,4523.04491,4518.86592,4518.946
2026-08-20 06:40:00,4519.18817,4520.38695,4519.18817,4520.32601
2026-08-20 06:45:00,4520.18566,4522.22674,4519.21302,4521.11086
2026-08-20 06:50:00,4521.28199,4522.84034,4520.91196,4522.65586
2026-08-20 06:55:00,4522.449,4524.47742,4522.449,4523.24519
2026-08-20 07:00:00,4523.14482,4523.14482,4522.79702,4522.87167
2026-08-20 07:05:00,4522.81624,4523.0159,4522.63579,4522.78619
2026-08-20 07:10:00,4522.81907,4523.00156,4522.73258,4522.83202
2026-08-20 07:15:00,4522.77979,4522.99424,4522.63579,4522.91548
2026-08-20 07:20:00,4522.81457,4523.10723,4522.7062,4523.01637
2026-08-20 07:25:00,4522.92699,4523.01058,4522.77584,4522.78392
2026-08-20 07:30:00,4522.81702,4522.97983,4522.70196,4522.88793
2026-08-20 07:35:00,4522.84162,4522.97236,4522.5872,4522.90312
2026-08-20 07:40:00,4522.80025,4523.05386,4522.43126,4522.84812
2026-08-20 07:45:00,4522.71095,4523.11014,4522.69638,4522.72344
2026-08-20 07:50:00,4522.82971,4523.04491,4522.7719,4522.86154
2026-08-20 07:55:00,4522.81989,4522.98647,4522.76532,4522.92102
2026-08-20 08:00:00,4522.81989,4527.83263,4519.16124,4519.70932
2026-08-20 08:05:00,4520.85562,4523.99542,4520.85562,4521.23399
2026-08-20 08:10:00,4521.64205,4521.64205,4518.97168,4521.06286
2026-08-20 08:15:00,4520.47059,4521.61331,4519.36322,4519.51093
2026-08-20 08:20:00,4519.89832,4521.00005,4519.36548,4520.89953
2026-08-20 08:25:00,4520.7297,4521.48868,4519.77401,4520.3841
2026-08-20 08:30:00,4520.22411,4522.02005,4518.34448,4518.59171
2026-08-20 08:35:00,4519.00953,4519.77401,4518.27689,4519.1448
2026-08-20 08:40:00,4519.10868,4519.36548,4517.7321,4518.2441
2026-08-20 08:45:00,4518.24108,4520.59129,4518.14033,4520.5298
2026-08-20 08:50:00,4520.28017,4521.81777,4519.459,4519.71764
2026-08-20 08:55:00,4520.10074,4520.10074,4518.82111,4519.72518
2026-08-20 09:00:00,4519.5825,4525.76298,4516.71989,4518.10014
2026-08-20 09:05:00,4519.18136,4523.39019,4519.18136,4522.0722
2026-08-20 09:10:00,4522.25878,4522.25878,4520.18262,4520.40939
2026-08-20 09:15:00,4520.36626,4520.4351,4518.54864,4519.66267
2026-08-20 09:20:00,4519.43828,4519.82573,4516.71183,4517.04146
2026-08-20 09:25:00,4517.46528,4520.08633,4516.50784,4518.33898
2026-08-20 09:30:00,4517.90537,4518.14033,4516.54835,4517.24067
2026-08-20 09:35:00,4517.15283,4517.15283,4514.0613,4514.20419
2026-08-20 09:40:00,4514.50602,4515.1761,4513.85027,4514.96238
2026-08-20 09:45:00,4514.67541,4516.38063,4513.8532,4515.60637
2026-08-20 09:50:00,4515.48412,4515.48412,4513.07219,4513.25481
2026-08-20 09:55:00,4513.49364,4513.49364,4511.27006,4512.40234
2026-08-20 10:00:00,4512.30308,4517.32394,4511.33788,4517.04458
2026-08-20 10:05:00,4516.41094,4517.32394,4514.13046,4517.06677
2026-08-20 10:10:00,4516.71218,4520.36706,4512.63538,4513.55706
2026-08-20 10:15:00,4513.76873,4521.40887,4512.73141,4521.05722
2026-08-20 10:20:00,4520.30581,4521.85344,4510.39646,4510.72929
2026-08-20 10:25:00,4510.92959,4511.62673,4510.59991,4511.43448
2026-08-20 10:30:00,4511.1664,4512.63538,4508.86375,4510.87817
2026-08-20 10:35:00,4511.01812,4512.02455,4509.2273,4509.99898
2026-08-20 10:40:00,4510.61198,4510.61198,4504.09873,4504.32722
2026-08-20 10:45:00,4504.55489,4507.45689,4504.55489,4507.22706
2026-08-20 10:50:00,4506.60093,4509.58286,4505.72227,4507.37218
2026-08-20 10:55:00,4506.88529,4510.19304,4505.51926,4509.85331
2026-08-20 11:00:00,4509.61846,4509.61846,4493.97807,4494.56766
2026-08-20 11:05:00,4495.86102,4498.8303,4492.9685,4498.29663
2026-08-20 11:10:00,4497.46088,4500.0428,4493.57419,4493.81803
2026-08-20 11:15:00,4494.04891,4497.61626,4493.17038,4497.34713
2026-08-20 11:20:00,4496.83299,4502.88184,4496.49995,4501.5696
2026-08-20 11:25:00,4501.65833,4502.47636,4498.02087,4502.04375
2026-08-20 11:30:00,4501.20625,4501.20625,4497.41399,4498.92617
2026-08-20 11:35:00,4498.3504,4499.84251,4496.20071,4497.35628
2026-08-20 11:40:00,4497.13066,4498.2232,4493.57419,4495.71418
2026-08-20 11:45:00,4495.56269,4495.56269,4492.11304,4492.35878
2026-08-20 11:50:00,4492.68765,4493.39747,4485.64521,4486.55389
2026-08-20 11:55:00,4488.5657,4488.60492,4484.10385,4487.98737
2026-08-20 12:00:00,4487.10946,4497.1408,4487.10946,4496.50108
2026-08-20 12:05:00,4495.70385,4498.8303,4495.19015,4495.3393
2026-08-20 12:10:00,4495.41417,4499.64003,4495.4052,4499.48531
2026-08-20 12:15:00,4499.31554,4499.31554,4491.14769,4492.23583
2026-08-20 12:20:00,4494.22714,4494.22714,4489.74094,4492.92897
2026-08-20 12:25:00,4492.2396,4494.9262,4491.67762,4491.81248
2026-08-20 12:30:00,4492.22697,4493.77612,4492.22697,4492.90193
2026-08-20 12:35:00,4493.38457,4493.89271,4490.95073,4493.62779
2026-08-20 12:40:00,4493.17831,4493.6169,4490.74906,4490.94215
2026-08-20 12:45:00,4491.28951,4491.55587,4490.36263,4490.66652
2026-08-20 12:50:00,4491.26899,4493.2969,4489.94253,4492.68338
2026-08-20 12:55:00,4491.7247,4494.18004,4491.7247,4491.94986
2026-08-20 13:00:00,4491.92851,4496.60506,4490.95073,4494.74662
2026-08-20 13:05:00,4494.92945,4497.63676,4493.59027,4494.33813
2026-08-20 13:10:00,4495.42709,4496.12749,4487.11983,4492.06129
2026-08-20 13:15:00,4491.74715,4492.57411,4491.15243,4491.31018
2026-08-20 13:20:00,4491.33628,4495.79643,4491.33628,4495.55249
2026-08-20 13:25:00,4494.98193,4495.79643,4493.97807,4494.14095
2026-08-20 13:30:00,4494.17597,4497.42006,4493.22869,4494.80357
2026-08-20 13:35:00,4495.3456,4498.73426,4494.72036,4494.91746
2026-08-20 13:40:00,4495.55066,4498.2232,4495.55066,4496.52331
2026-08-20 13:45:00,4497.03344,4498.62792,4497.03344,4497.31916
2026-08-20 13:50:00,4497.52011,4500.045,4497.52011,4499.9286
2026-08-20 13:55:00,4499.69172,4500.85516,4498.42555,4498.6167
2026-08-20 14:00:00,4498.90657,4499.55859,4496.54645,4497.0206
2026-08-20 14:05:00,4497.85437,4497.85437,4495.59432,4497.70701
2026-08-20 14:10:00,4497.46417,4497.53129,4496.95222,4497.47768
2026-08-20 14:15:00,4497.34444,4497.34444,4495.39222,4496.41818
2026-08-20 14:20:00,4496.42962,4496.42962,4494.78605,4495.33534
2026-08-20 14:25:00,4495.6123,4495.6123,4491.57251,4492.351
2026-08-20 14:30:00,4493.89127,4493.89127,4487.52468,4487.66993
2026-08-20 14:35:00,4488.04735,4488.5318,4486.71931,4486.85752
2026-08-20 14:40:00,4487.01364,4488.73328,4486.42433,4487.60255
2026-08-20 14:45:00,4487.69961,4489.69151,4487.32331,4489.52112
2026-08-20 14:50:00,4489.02422,4491.35414,4489.02422,4491.25463
2026-08-20 14:55:00,4491.04625,4491.04625,4488.73328,4488.88341
2026-08-20 15:00:00,4489.12793,4491.60696,4488.5318,4491.34007
2026-08-20 15:05:00,4490.9921,4493.2976,4490.9921,4491.56878
2026-08-20 15:10:00,4491.93016,4491.93016,4485.58991,4486.55794
2026-08-20 15:15:00,4488.81201,4488.81201,4484.30493,4485.91738
2026-08-20 15:20:00,4485.82655,4486.74473,4484.00573,4484.36463
2026-08-20 15:25:00,4485.22011,4487.32331,4483.90279,4484.08209
2026-08-20 15:30:00,4484.27097,4484.79866,4481.33851,4481.80516
2026-08-20 15:35:00,4482.60196,4482.60196,4478.4809,4478.67649
2026-08-20 15:40:00,4479.033,4481.89315,4479.033,4481.79799
2026-08-20 15:45:00,4481.58993,4481.58993,4479.48396,4481.16718
2026-08-20 15:50:00,4480.97053,4481.72195,4478.99871,4479.26833
2026-08-20 15:55:00,4479.78508,4482.26615,4478.64714,4481.86071
2026-08-20 16:00:00,4480.96645,4485.5541,4480.28409,4485.14928
2026-08-20 16:05:00,4484.632,4491.15243,4484.632,4490.34058
2026-08-20 16:10:00,4489.9558,4492.9685,4489.9558,4492.65485
2026-08-20 16:15:00,4491.8987,4495.59432,4491.8987,4493.62673
2026-08-20 16:20:00,4494.09732,4494.09732,4492.56481,4492.6292
2026-08-20 16:25:00,4492.78214,4494.82621,4492.76665,4494.59875
2026-08-20 16:30:00,4494.247,4495.33958,4492.93928,4493.33575
2026-08-20 16:35:00,4493.67063,4494.98809,4493.67063,4494.02486
2026-08-20 16:40:00,4494.26985,4494.26985,4492.61612,4492.7314
2026-08-20 16:45:00,4492.86857,4495.65144,4492.16118,4493.70257
2026-08-20 16:50:00,4493.88394,4494.43939,4492.16118,4493.04317
2026-08-20 16:55:00,4492.84011,4493.93251,4491.55587,4493.67571
2026-08-20 17:00:00,4492.93294,4494.44879,4488.33034,4488.57138
2026-08-20 17:05:00,4489.00392,4490.10108,4487.72607,4489.72188
2026-08-20 17:10:00,4488.81084,4490.42591,4488.53243,4488.72816
2026-08-20 17:15:00,4489.00867,4489.00867,4487.48982,4487.65401
2026-08-20 17:20:00,4487.91886,4487.98526,4486.71931,4486.81044
2026-08-20 17:25:00,4486.94822,4487.85406,4484.11884,4484.35699
2026-08-20 17:30:00,4484.79919,4487.53568,4483.90279,4486.72362
2026-08-20 17:35:00,4485.02209,4491.15243,4485.02209,4490.2698
2026-08-20 17:40:00,4490.26871,4493.52108,4489.94253,4490.62209
2026-08-20 17:45:00,4491.13425,4492.56481,4489.13629,4489.52078
2026-08-20 17:50:00,4490.19014,4490.19014,4488.73328,4489.08633
2026-08-20 17:55:00,4489.53723,4492.10378,4489.53723,4490.07986
2026-08-20 18:00:00,4490.34048,4493.17535,4489.90308,4493.03663
2026-08-20 18:05:00,4492.84034,4494.18004,4491.75762,4493.76428
2026-08-20 18:10:00,4493.6865,4494.78605,4491.55587,4492.08567
2026-08-20 18:15:00,4492.15287,4498.2232,4490.61455,4497.09518
2026-08-20 18:20:00,4497.40467,4499.16843,4495.59432,4497.37196
2026-08-20 18:25:00,4497.25242,4497.25242,4490.14413,4490.3378
2026-08-20 18:30:00,4490.5852,4493.92355,4487.12196,4490.57455
2026-08-20 18:35:00,4488.76127,4497.41813,4488.76127,4496.39852
2026-08-20 18:40:00,4494.09771,4494.09771,4490.5474,4492.4524
2026-08-20 18:45:00,4492.19584,4492.19584,4488.5318,4488.72435
2026-08-20 18:50:00,4488.77591,4491.35129,4487.81597,4491.02914
2026-08-20 18:55:00,4490.42652,4492.71208,4488.33034,4488.57513
2026-08-20 19:00:00,4488.53852,4490.45816,4488.53852,4490.1904
2026-08-20 19:05:00,4489.47732,4493.17038,4487.96154,4492.91685
2026-08-20 19:10:00,4492.43056,4493.17038,4491.08635,4492.21428
2026-08-20 19:15:00,4491.87065,4493.77612,4490.27846,4490.64245
2026-08-20 19:20:00,4491.2406,4492.16118,4488.73328,4490.64579
2026-08-20 19:25:00,4491.02061,4491.02061,4488.73328,4489.58445
2026-08-20 19:30:00,4489.27234,4489.94253,4487.73668,4489.11684
2026-08-20 19:35:00,4489.18292,4489.18292,4484.70715,4484.95085
2026-08-20 19:40:00,4485.47628,4489.90025,4485.47628,4489.68653
2026-08-20 19:45:00,4489.04694,4490.14413,4485.5118,4485.75096
2026-08-20 19:50:00,4486.12999,4486.3185,4483.45869,4483.67575
2026-08-20 19:55:00,4483.95288,4484.16271,4482.09403,4483.94486
2026-08-20 20:00:00,4483.58739,4485.62485,4480.88901,4485.26008
2026-08-20 20:05:00,4484.64902,4488.52649,4484.64902,4487.93505
2026-08-20 20:10:00,4487.19728,4490.52789,4487.19728,4490.10427
2026-08-20 20:15:00,4489.54642,4491.24025,4489.54642,4491.17333
2026-08-20 20:20:00,4491.07479,4492.36313,4486.47681,4486.69849
2026-08-20 20:25:00,4487.21391,4492.74707,4487.21391,4492.29737
2026-08-20 20:30:00,4491.26412,4495.12233,4491.26412,4494.7535
2026-08-20 20:35:00,4494.17505,4494.24642,4490.95073,4491.22769
2026-08-20 20:40:00,4491.64786,4491.64786,4490.41293,4491.14583
2026-08-20 20:45:00,4490.92752,4491.44229,4489.74094,4490.31649
2026-08-20 20:50:00,4490.23078,4490.74906,4488.48514,4488.77909
2026-08-20 20:55:00,4489.32424,4489.94203,4487.92748,4489.611
2026-08-20 21:00:00,4488.88885,4491.71686,4487.78453,4489.52877
2026-08-20 21:05:00,4490.47573,4490.47573,4486.31673,4486.46435
2026-08-20 21:10:00,4486.69255,4487.32331,4484.00499,4484.71018
2026-08-20 21:15:00,4485.63541,4485.63541,4480.88901,4481.35766
2026-08-20 21:20:00,4482.13443,4485.91423,4481.83189,4485.67906
2026-08-20 21:25:00,4485.24807,4489.94253,4484.66651,4485.15906
2026-08-20 21:30:00,4486.14782,4486.14782,4483.38621,4484.01356
2026-08-20 21:35:00,4484.31005,4486.71931,4479.68463,4480.04196
2026-08-20 21:40:00,4480.60394,4481.69229,4476.0501,4476.6672
2026-08-20 21:45:00,4477.7175,4477.7175,4467.47677,4467.69677
2026-08-20 21:50:00,4468.56192,4471.67196,4467.34632,4469.68311
2026-08-20 21:55:00,4468.87395,4469.67327,4466.27959,4467.42964
2026-08-20 22:00:00,4467.26941,4468.45725,4458.47253,4458.74249
2026-08-20 22:05:00,4459.25747,4459.25747,4451.3688,4456.33908
2026-08-20 22:10:00,4455.6316,4466.08012,4455.6316,4465.63087
2026-08-20 22:15:00,4464.97265,4467.03077,4462.53326,4466.57829
2026-08-20 22:20:00,4466.03515,4466.55263,4462.09451,4465.11502
2026-08-20 22:25:00,4464.08795,4466.0756,4456.32799,4459.79916
2026-08-20 22:30:00,4459.5524,4459.5524,4454.24617,4454.39832
2026-08-20 22:35:00,4454.63234,4460.70122,4452.9518,4458.45477
2026-08-20 22:40:00,4458.72592,4466.23691,4458.64141,4459.97
2026-08-20 22:45:00,4461.67352,4470.76252,4461.67352,4470.21842
2026-08-20 22:50:00,4469.5093,4475.27411,4469.43156,4472.69946
2026-08-20 22:55:00,4473.01641,4476.07538,4472.07191,4475.87318
2026-08-20 23:00:00,4475.45371,4483.90279,4474.33599,4480.86851
2026-08-20 23:05:00,4481.12717,4482.11904,4474.80056,4475.4654
2026-08-20 23:10:00,4476.83789,4476.83789,4473.2722,4474.58407
2026-08-20 23:15:00,4474.39437,4475.53203,4471.67196,4475.26156
2026-08-20 23:20:00,4474.68934,4475.67471,4472.07191,4472.34478
2026-08-20 23:25:00,4472.90388,4474.99599,4470.72172,4474.49983
2026-08-20 23:30:00,4473.54645,4475.87503,4470.87227,4474.1923
2026-08-20 23:35:00,4472.62355,4485.91423,4471.33611,4484.28288
2026-08-20 23:40:00,4483.7628,4487.12196,4479.88531,4486.87278
2026-08-20 23:45:00,4486.3928,4487.72607,4481.49144,4482.34851
2026-08-20 23:50:00,4482.43199,4486.11547,4480.72978,4485.76371
2026-08-20 23:55:00,4485.07482,4485.60585,4480.08602,4480.32202
2026-08-21 00:00:00,4480.77794,4491.47858,4480.77794,4485.0835
2026-08-21 00:05:00,4486.71891,4486.71891,4482.49585,4485.24185
2026-08-21 00:10:00,4484.45034,4490.87392,4484.45034,4489.87114
2026-08-21 00:15:00,4487.56419,4489.53937,4484.10385,4486.70876
2026-08-21 00:20:00,4487.49053,4492.80983,4483.09872,4491.38182
2026-08-21 00:25:00,4488.57975,4494.38202,4487.91193,4488.16111
2026-08-21 00:30:00,4488.20759,4495.30867,4488.20759,4495.12113
2026-08-21 00:35:00,4494.63153,4502.39864,4494.63153,4495.69524
2026-08-21 00:40:00,4496.57763,4501.05775,4495.39222,4500.43302
2026-08-21 00:45:00,4499.5177,4506.4161,4496.97784,4505.92478
2026-08-21 00:50:00,4504.78428,4509.78624,4504.78428,4509.41414
2026-08-21 00:55:00,4508.76128,4515.48812,4508.76128,4515.19807
2026-08-21 01:00:00,4514.90805,4533.42272,4513.60401,4532.22417
2026-08-21 01:05:00,4530.19306,4535.94178,4525.6461,4533.59235
2026-08-21 01:10:00,4530.72597,4536.58758,4519.33571,4535.61921
2026-08-21 01:15:00,4534.20556,4539.4707,4532.47518,4539.0344
2026-08-21 01:20:00,4538.17358,4544.49492,4524.88688,4525.29765
2026-08-21 01:25:00,4525.72089,4534.11925,4525.28477,4533.75152
2026-08-21 01:30:00,4533.04405,4533.04405,4524.19458,4525.18938
2026-08-21 01:35:00,4526.88492,4526.88492,4519.68182,4520.90136
2026-08-21 01:40:00,4523.03094,4523.03094,4512.40687,4513.57935
2026-08-21 01:45:00,4515.47071,4520.19686,4510.11922,4520.00943
2026-08-21 01:50:00,4519.68974,4520.38695,4514.86876,4515.58497
2026-08-21 01:55:00,4516.71111,4523.45411,4516.71111,4523.20659
2026-08-21 02:00:00,4522.70363,4525.27575,4521.70204,4522.34812
2026-08-21 02:05:00,4523.6106,4523.6106,4519.56974,4519.66628
2026-08-21 02:10:00,4519.85942,4520.38695,4511.76415,4512.5947
2026-08-21 02:15:00,4514.05525,4514.05525,4508.97286,4511.49571
2026-08-21 02:20:00,4510.88099,4512.43175,4510.59991,4511.39126
2026-08-21 02:25:00,4511.27712,4512.78593,4505.72227,4506.00017
2026-08-21 02:30:00,4506.92433,4509.58286,4503.89587,4507.85028
2026-08-21 02:35:00,4505.77369,4512.43175,4505.77369,4508.09751
2026-08-21 02:40:00,4508.70512,4510.19304,4507.89438,4508.07337
2026-08-21 02:45:00,4508.40105,4512.43175,4508.40105,4511.49358
2026-08-21 02:50:00,4511.49728,4512.65317,4509.78624,4509.91456
2026-08-21 02:55:00,4510.21549,4511.30248,4508.97582,4511.01633
2026-08-21 03:00:00,4510.6599,4512.83903,4507.30952,4511.34498
2026-08-21 03:05:00,4511.50565,4511.61741,4508.76956,4508.9785
2026-08-21 03:10:00,4509.41073,4510.39646,4508.15977,4509.34305
2026-08-21 03:15:00,4509.23695,4511.61741,4508.95169,4511.12931
2026-08-21 03:20:00,4511.19446,4513.24638,4508.76956,4511.77302
2026-08-21 03:25:00,4512.57546,4515.0171,4510.54249,4510.70979
2026-08-21 03:30:00,4511.67167,4517.93621,4510.88107,4517.16139
2026-08-21 03:35:00,4516.74696,4518.14033,4516.0999,4516.77316
2026-08-21 03:40:00,4516.85612,4517.98286,4516.7825,4517.8297
2026-08-21 03:45:00,4517.38996,4520.31287,4517.38996,4520.19438
2026-08-21 03:50:00,4519.9769,4519.9769,4517.60437,4517.70796
2026-08-21 03:55:00,4517.9393,4520.18262,4517.9393,4520.07358
2026-08-21 04:00:00,4519.8551,4521.90668,4519.36548,4521.66546
2026-08-21 04:05:00,4521.231,4522.27838,4515.69203,4515.94888
2026-08-21 04:10:00,4516.42685,4517.22227,4509.98963,4510.25505
2026-08-21 04:15:00,4510.77467,4514.95112,4509.18284,4513.50537
2026-08-21 04:20:00,4510.16257,4517.93621,4510.16257,4516.41174
2026-08-21 04:25:00,4516.66286,4519.39806,4515.66428,4519.3236
2026-08-21 04:30:00,4519.02642,4521.44136,4519.02642,4520.00943
2026-08-21 04:35:00,4520.67733,4524.23357,4517.42237,4523.78923
2026-08-21 04:40:00,4523.09354,4523.09354,4520.59129,4520.96041
2026-08-21 04:45:00,4521.06078,4521.29645,4518.14033,4520.14482
2026-08-21 04:50:00,4519.41574,4524.68214,4519.41574,4524.01318
2026-08-21 04:55:00,4524.10794,4524.88688,4521.82404,4522.17384
2026-08-21 05:00:00,4522.88226,4522.88226,4519.9783,4522.10322
2026-08-21 05:05:00,4521.81724,4525.56379,4521.20445,4525.23193
2026-08-21 05:10:00,4524.31004,4527.78305,4524.17874,4527.53446
2026-08-21 05:15:00,4526.87692,4529.23794,4526.66073,4527.15417
2026-08-21 05:20:00,4527.96305,4527.96305,4522.99028,4527.36378
2026-08-21 05:25:00,4526.85741,4528.27477,4523.70203,4523.99171
2026-08-21 05:30:00,4524.46815,4524.47742,4523.21118,4524.40895
2026-08-21 05:35:00,4524.25023,4529.60094,4522.78751,4529.20805
2026-08-21 05:40:00,4528.38474,4529.57782,4527.34516,4527.38786
2026-08-21 05:45:00,4527.48144,4529.41154,4525.13062,4528.52666
2026-08-21 05:50:00,4527.29615,4531.86032,4527.29615,4531.29694
2026-08-21 05:55:00,4530.30167,4532.26976,4527.67782,4529.2124
2026-08-21 06:00:00,4528.70974,4529.19063,4525.91084,4527.91527
2026-08-21 06:05:00,4527.5849,4528.34501,4522.63579,4522.98909
2026-08-21 06:10:00,4523.60161,4524.88688,4523.04491,4523.41182
2026-08-21 06:15:00,4523.80709,4523.80709,4521.20445,4521.83474
2026-08-21 06:20:00,4521.75103,4522.16866,4521.34108,4521.40086
2026-08-21 06:25:00,4521.5593,4522.20987,4520.79566,4521.39711
2026-08-21 06:30:00,4521.34996,4521.37437,4517.90871,4518.25215
2026-08-21 06:35:00,4518.69016,4518.69016,4517.11988,4518.48977
2026-08-21 06:40:00,4518.34656,4518.68052,4517.7321,4518.57382
2026-08-21 06:45:00,4518.4749,4518.95702,4518.14033,4518.22454
2026-08-21 06:50:00,4518.33333,4521.86617,4518.05234,4521.5838
2026-08-21 06:55:00,4521.07781,4521.07781,4519.16124,4519.34377
2026-08-21 07:00:00,4519.29236,4519.29236,4518.95702,4519.16079
2026-08-21 07:05:00,4519.08998,4519.23014,4519.07112,4519.17601
2026-08-21 07:10:00,4519.08534,4519.28897,4519.02362,4519.07829
2026-08-21 07:15:00,4519.08317,4519.23866,4519.0651,4519.0651
2026-08-21 07:20:00,4519.08502,4519.29026,4518.94642,4519.15047
2026-08-21 07:25:00,4519.05179,4519.23654,4518.95702,4519.15159
2026-08-21 07:30:00,4519.0405,4519.49916,4518.85042,4519.14868
2026-08-21 07:35:00,4519.14826,4519.26547,4518.95702,4519.07482
2026-08-21 07:40:00,4519.09089,4519.30771,4518.95702,4519.15425
2026-08-21 07:45:00,4519.05867,4519.24179,4519.05867,4519.1691
2026-08-21 07:50:00,4519.08359,4519.27747,4518.95702,4519.20974
2026-08-21 07:55:00,4519.09678,4519.21946,4519.06183,4519.07673
2026-08-21 08:00:00,4519.08976,4521.20445,4518.5165,4520.38294
2026-08-21 08:05:00,4520.28752,4521.20248,4518.90117,4519.25028
2026-08-21 08:10:00,4519.92363,4520.10711,4517.52801,4518.43239
2026-08-21 08:15:00,4518.66507,4520.15073,4518.66507,4519.72592
2026-08-21 08:20:00,4519.85245,4520.06205,4518.34448,4518.40434
2026-08-21 08:25:00,4518.40287,4521.59412,4518.05823,4521.22413
2026-08-21 08:30:00,4520.61784,4520.61784,4518.95702,4520.04478
2026-08-21 08:35:00,4519.56914,4522.06047,4519.56914,4521.89192
2026-08-21 08:40:00,4521.50166,4523.55953,4521.50166,4523.44559
2026-08-21 08:45:00,4523.17545,4523.65874,4519.9783,4520.18386
2026-08-21 08:50:00,4520.52428,4524.27272,4520.52428,4524.19287
2026-08-21 08:55:00,4524.01852,4524.36327,4523.65874,4524.27869
2026-08-21 09:00:00,4524.18214,4529.51624,4523.15095,4529.06344
2026-08-21 09:05:00,4528.27235,4529.81306,4526.11569,4526.47541
2026-08-21 09:10:00,4527.16807,4531.87394,4524.88277,4531.73911
2026-08-21 09:15:00,4531.54379,4532.17993,4529.57672,4531.62218
2026-08-21 09:20:00,4531.08942,4532.50737,4528.57531,4528.67218
2026-08-21 09:25:00,4528.8785,4529.44672,4525.5012,4525.91662
2026-08-21 09:30:00,4526.71996,4527.34516,4523.65874,4524.13821
2026-08-21 09:35:00,4524.26532,4524.26532,4521.40887,4523.91412
2026-08-21 09:40:00,4523.49926,4524.72263,4523.14286,4524.31188
2026-08-21 09:45:00,4524.20644,4526.5554,4522.9415,4526.132
2026-08-21 09:50:00,4525.00588,4527.71387,4525.00588,4527.37667
2026-08-21 09:55:00,4526.51403,4527.96015,4526.28913,4527.09496
2026-08-21 10:00:00,4526.97837,4528.20864,4522.76508,4523.71661
2026-08-21 10:05:00,4525.21658,4525.21658,4520.49033,4522.56329
2026-08-21 10:10:00,4522.70681,4522.70681,4518.34448,4518.69569
2026-08-21 10:15:00,4519.20068,4519.20068,4515.89595,4518.68983
2026-08-21 10:20:00,4518.12766,4519.36548,4517.11988,4519.15899
2026-08-21 10:25:00,4518.74618,4521.20445,4516.91795,4517.47753
2026-08-21 10:30:00,4518.25531,4518.6255,4512.86385,4514.6646
2026-08-21 10:35:00,4514.87944,4515.48812,4512.63538,4512.70317
2026-08-21 10:40:00,4512.92934,4513.86307,4511.00686,4512.57806
2026-08-21 10:45:00,4511.16494,4513.93782,4510.1304,4510.3545
2026-08-21 10:50:00,4510.95033,4512.02455,4510.39646,4511.32626
2026-08-21 10:55:00,4511.4558,4511.4558,4510.39646,4511.17591
2026-08-21 11:00:00,4511.0523,4516.28708,4509.73245,4515.95728
2026-08-21 11:05:00,4515.52871,4518.81507,4512.63538,4515.26443
2026-08-21 11:10:00,4514.98155,4521.00005,4511.27655,4520.35419
2026-08-21 11:15:00,4519.24699,4525.91084,4519.24699,4523.65849
2026-08-21 11:20:00,4523.90995,4528.25981,4523.74484,4527.6223
2026-08-21 11:25:00,4526.81167,4530.21654,4525.91084,4529.99451
2026-08-21 11:30:00,4529.67887,4536.58758,4526.83702,4536.21565
2026-08-21 11:35:00,4535.48258,4539.17139,4529.56308,4530.518
2026-08-21 11:40:00,4532.58812,4532.58812,4523.65874,4526.44062
2026-08-21 11:45:00,4525.83842,4532.20086,4525.83842,4531.84332
2026-08-21 11:50:00,4531.11986,4532.47518,4525.5012,4527.62895
2026-08-21 11:55:00,4527.35664,4530.21654,4526.38364,4530.11923
2026-08-21 12:00:00,4529.82523,4532.45136,4525.09163,4525.62284
2026-08-21 12:05:00,4526.75167,4526.75167,4521.20445,4523.65674
2026-08-21 12:10:00,4523.32736,4524.67649,4518.48153,4519.01476
2026-08-21 12:15:00,4519.87392,4522.42302,4519.87392,4520.82712
2026-08-21 12:20:00,4521.336,4526.93894,4521.336,4526.51251
2026-08-21 12:25:00,4525.57029,4529.19063,4525.57029,4527.02712
2026-08-21 12:30:00,4527.71292,4530.01133,4526.32055,4526.81175
2026-08-21 12:35:00,4527.34664,4531.12984,4525.41669,4530.1276
2026-08-21 12:40:00,4527.65505,4536.18154,4527.65505,4535.72
2026-08-21 12:45:00,4535.05032,4538.85258,4535.05032,4538.59054
2026-08-21 12:50:00,4538.06029,4543.18295,4536.58758,4540.5837
2026-08-21 12:55:00,4540.78996,4540.78996,4534.35311,4535.1954
2026-08-21 13:00:00,4536.39434,4538.02868,4533.25799,4537.72328
2026-08-21 13:05:00,4536.79362,4536.79362,4532.88609,4533.76274
2026-08-21 13:10:00,4533.76339,4536.176,4533.76339,4534.46538
2026-08-21 13:15:00,4535.19256,4535.19256,4531.833,4534.03569
2026-08-21 13:20:00,4533.66477,4534.70177,4533.12918,4534.2349
2026-08-21 13:25:00,4534.03809,4534.03809,4531.51961,4531.66567
2026-08-21 13:30:00,4531.8603,4535.35308,4529.34666,4535.20118
2026-08-21 13:35:00,4534.78606,4537.83013,4529.99109,4530.2936
2026-08-21 13:40:00,4530.87622,4530.87622,4526.73034,4529.07834
2026-08-21 13:45:00,4528.90294,4532.75055,4528.90294,4532.48912
2026-08-21 13:50:00,4531.94115,4533.86425,4531.44825,4532.04166
2026-08-21 13:55:00,4532.4357,4535.57816,4532.4357,4535.07724
2026-08-21 14:00:00,4534.1904,4538.44059,4534.1904,4538.39899
2026-08-21 14:05:00,4538.25389,4538.64658,4535.74523,4535.96407
2026-08-21 14:10:00,4536.6309,4540.30974,4536.6309,4539.84437
2026-08-21 14:15:00,4539.03232,4540.70744,4538.13879,4540.16086
2026-08-21 14:20:00,4539.50284,4544.00872,4539.50284,4543.5351
2026-08-21 14:25:00,4542.97431,4547.10804,4542.97431,4546.46382
2026-08-21 14:30:00,4546.36085,4547.99406,4542.35748,4542.91114
2026-08-21 14:35:00,4543.97232,4544.42172,4542.35748,4542.42872
2026-08-21 14:40:00,4542.51891,4543.35155,4540.91363,4542.05631
2026-08-21 14:45:00,4541.86405,4541.86405,4540.91363,4541.17632
2026-08-21 14:50:00,4541.17886,4542.66812,4541.17886,4542.48177
2026-08-21 14:55:00,4542.14276,4542.47448,4540.91363,4541.00895
2026-08-21 15:00:00,4541.17517,4541.57295,4536.79339,4537.69558
2026-08-21 15:05:00,4537.36,4540.48239,4535.35308,4535.70819
2026-08-21 15:10:00,4536.42954,4537.16449,4535.7645,4536.19878
2026-08-21 15:15:00,4535.94219,4538.23463,4531.85897,4533.0169
2026-08-21 15:20:00,4533.21024,4534.42245,4533.21024,4534.29622
2026-08-21 15:25:00,4534.19331,4534.22093,4531.03761,4531.1157
2026-08-21 15:30:00,4531.32036,4538.64658,4531.32036,4538.12285
2026-08-21 15:35:00,4537.11216,4541.32607,4536.67577,4538.31443
2026-08-21 15:40:00,4538.67456,4540.04881,4535.49245,4539.66986
2026-08-21 15:45:00,4538.7307,4545.68108,4538.18828,4544.80827
2026-08-21 15:50:00,4543.14301,4549.95693,4543.14301,4549.57574
2026-08-21 15:55:00,4548.91566,4555.28273,4546.67437,4554.99248
2026-08-21 16:00:00,4554.39792,4555.78916,4547.93524,4548.23661
2026-08-21 16:05:00,4548.90485,4550.62571,4547.72841,4547.95238
2026-08-21 16:10:00,4548.30338,4549.46934,4545.86781,4548.80757
2026-08-21 16:15:00,4547.17558,4557.05432,4546.93684,4554.69429
2026-08-21 16:20:00,4554.88536,4557.51551,4550.66645,4551.01343
2026-08-21 16:25:00,4551.65688,4558.09289,4550.21158,4557.77485
2026-08-21 16:30:00,4557.11913,4562.52773,4555.10379,4561.84027
2026-08-21 16:35:00,4560.29972,4565.58462,4560.29972,4565.49157
2026-08-21 16:40:00,4565.30695,4566.304,4560.17146,4564.74494
2026-08-21 16:45:00,4564.24888,4567.02609,4563.28869,4566.28753
2026-08-21 16:50:00,4564.51278,4567.87868,4564.51278,4565.38897
2026-08-21 16:55:00,4565.49275,4566.41856,4562.03517,4562.52788
2026-08-21 17:00:00,4563.50757,4563.51781,4560.17146,4563.17361
2026-08-21 17:05:00,4562.45483,4565.53465,4561.52028,4562.19502
2026-08-21 17:10:00,4563.51027,4563.51027,4558.71627,4559.26026
2026-08-21 17:15:00,4559.53477,4567.67003,4559.53477,4567.11569
2026-08-21 17:20:00,4566.15956,4567.04421,4563.08465,4563.51039
2026-08-21 17:25:00,4564.1927,4564.82357,4560.72856,4562.30197
2026-08-21 17:30:00,4562.03448,4564.75099,4561.11288,4562.44047
2026-08-21 17:35:00,4562.32356,4564.06495,4561.62759,4563.66461
2026-08-21 17:40:00,4562.66305,4566.59715,4562.66305,4566.3083
2026-08-21 17:45:00,4565.85629,4567.1837,4563.17292,4566.84478
2026-08-21 17:50:00,4566.2009,4566.41648,4562.11742,4562.5812
2026-08-21 17:55:00,4563.58164,4564.75099,4561.62759,4563.58798
2026-08-21 18:00:00,4563.64818,4566.0789,4562.18852,4562.90642
2026-08-21 18:05:00,4563.87956,4563.87956,4559.56334,4561.26772
2026-08-21 18:10:00,4560.46674,4567.54543,4560.46674,4567.24068
2026-08-21 18:15:00,4566.46397,4570.50889,4564.33429,4570.28385
2026-08-21 18:20:00,4569.67614,4578.23692,4569.19268,4577.66437
2026-08-21 18:25:00,4576.22217,4581.08597,4576.22217,4581.03172
2026-08-21 18:30:00,4580.96665,4581.69156,4577.74013,4581.42268
2026-08-21 18:35:00,4580.83936,4582.3214,4578.22563,4579.06927
2026-08-21 18:40:00,4580.43644,4583.58161,4576.86851,4581.33403
2026-08-21 18:45:00,4581.78206,4583.37153,4581.48165,4582.94405
2026-08-21 18:50:00,4582.79201,4582.79201,4580.64221,4582.09025
2026-08-21 18:55:00,4581.89279,4583.58744,4580.36745,4583.29476
2026-08-21 19:00:00,4582.61032,4584.63231,4582.3214,4582.58773
2026-08-21 19:05:00,4582.70986,4594.00568,4582.70986,4592.93711
2026-08-21 19:10:00,4591.19649,4599.36668,4591.19649,4599.10488
2026-08-21 19:15:00,4598.39625,4601.08586,4595.39995,4596.76628
2026-08-21 19:20:00,4599.99577,4599.99577,4586.1916,4586.65939
2026-08-21 19:25:00,4587.4397,4588.50402,4581.48165,4581.95435
2026-08-21 19:30:00,4582.72662,4584.33754,4581.69156,4583.05082
2026-08-21 19:35:00,4583.25296,4585.47322,4581.48165,4585.33013
2026-08-21 19:40:00,4585.02238,4586.52551,4583.37877,4583.67499
2026-08-21 19:45:00,4584.23972,4584.23972,4581.48165,4582.44278
2026-08-21 19:50:00,4582.21521,4583.19846,4580.60004,4582.83559
2026-08-21 19:55:00,4582.26131,4585.47322,4581.99366,4582.62422
2026-08-21 20:00:00,4583.95871,4589.26113,4581.27176,4586.6297
2026-08-21 20:05:00,4586.78936,4587.57743,4582.77695,4583.19774
2026-08-21 20:10:00,4583.73926,4583.96512,4578.75458,4578.95539
2026-08-21 20:15:00,4579.25052,4586.31444,4578.9978,4585.90795
2026-08-21 20:20:00,4585.24994,4586.06283,4583.39556,4585.72396
2026-08-21 20:25:00,4585.08957,4588.41883,4585.08957,4587.04235
2026-08-21 20:30:00,4587.27833,4589.14955,4586.1041,4588.89999
2026-08-21 20:35:00,4588.40169,4593.47726,4588.40169,4593.2212
2026-08-21 20:40:00,4592.7934,4593.68827,4591.90285,4593.55537
2026-08-21 20:45:00,4593.28041,4593.28041,4590.68277,4591.85145
2026-08-21 20:50:00,4591.54579,4591.78219,4589.51441,4591.31662
2026-08-21 20:55:00,4590.63617,4592.54404,4588.2083,4588.30287
2026-08-21 21:00:00,4588.34549,4594.16205,4586.50389,4593.72276
2026-08-21 21:05:00,4593.16753,4595.11978,4592.39783,4593.9301
2026-08-21 21:10:00,4593.52084,4593.52084,4589.26113,4589.41566
2026-08-21 21:15:00,4589.69701,4596.64445,4589.65085,4596.31348
2026-08-21 21:20:00,4595.50606,4599.39288,4595.50606,4596.89626
2026-08-21 21:25:00,4597.24798,4599.58991,4595.73499,4597.94712
2026-08-21 21:30:00,4596.60087,4599.49453,4594.11035,4594.62038
2026-08-21 21:35:00,4594.66093,4606.17632,4593.20232,4600.19443
2026-08-21 21:40:00,4601.91598,4602.12066,4591.9845,4592.8101
2026-08-21 21:45:00,4594.01697,4599.18135,4594.01697,4599.11285
2026-08-21 21:50:00,4598.90022,4600.66723,4596.64445,4596.84063
2026-08-21 21:55:00,4597.23618,4598.75834,4597.14396,4597.45276
2026-08-21 22:00:00,4597.8679,4600.45084,4594.32142,4594.90874
2026-08-21 22:05:00,4595.84385,4598.38534,4594.32142,4596.1877
2026-08-21 22:10:00,4596.11149,4596.11149,4589.47175,4589.61168
2026-08-21 22:15:00,4590.19701,4594.53251,4587.08723,4587.59665
2026-08-21 22:20:00,4588.30184,4588.88931,4581.90149,4583.51108
2026-08-21 22:25:00,4583.43501,4586.31444,4583.43501,4585.72633
2026-08-21 22:30:00,4585.77152,4586.00412,4576.86851,4577.51208
2026-08-21 22:35:00,4578.67523,4581.49535,4567.26947,4568.13543
2026-08-21 22:40:00,4569.33295,4574.56542,4564.75099,4574.17114
2026-08-21 22:45:00,4573.53584,4578.75806,4573.45272,4578.55206
2026-08-21 22:50:00,4578.17034,4580.10593,4577.45876,4579.6066
2026-08-21 22:55:00,4578.79256,4580.8853,4575.40264,4577.81063
2026-08-21 23:00:00,4577.55695,4583.37153,4575.06505,4582.92379
2026-08-21 23:05:00,4582.65554,4583.37153,4579.62473,4582.1083
2026-08-21 23:10:00,4582.06309,4586.1041,4580.64221,4585.79044
2026-08-21 23:15:00,4585.44723,4587.78731,4580.85204,4581.1336
2026-08-21 23:20:00,4581.49828,4586.52479,4578.73642,4583.25999
2026-08-21 23:25:00,4583.79982,4584.61968,4581.69156,4583.94974
2026-08-21 23:30:00,4582.96412,4585.47322,4576.29972,4577.84995
2026-08-21 23:35:00,4581.46797,4591.36823,4574.35616,4590.29019
2026-08-21 23:40:00,4588.26122,4589.15556,4587.31342,4587.63626
2026-08-21 23:45:00,4588.16831,4590.10374,4586.73516,4589.96306
2026-08-21 23:50:00,4589.73777,4590.73964,4578.9067,4580.33553
2026-08-21 23:55:00,4582.21761,4585.26296,4577.07799,4581.58037
2026-08-22 00:00:00,4582.12493,4588.83994,4581.84914,4588.17691
2026-08-22 00:05:00,4586.90252,4590.52516,4584.84251,4585.11908
2026-08-22 00:10:00,4585.42113,4589.00247,4585.42113,4588.92247
2026-08-22 00:15:00,4588.60798,4590.10374,4588.41883,4589.9436
2026-08-22 00:20:00,4589.43492,4598.3354,4589.21824,4596.71322
2026-08-22 00:25:00,4596.68688,4603.20383,4596.40637,4602.82955
2026-08-22 00:30:00,4602.21018,4602.56823,4592.89615,4593.67757
2026-08-22 00:35:00,4594.98045,4594.98045,4582.7414,4583.44859
2026-08-22 00:40:00,4584.87352,4587.36639,4581.90149,4587.04984
2026-08-22 00:45:00,4586.45874,4589.69747,4579.94085,4589.14403
2026-08-22 00:50:00,4588.40412,4594.95474,4588.40412,4590.33724
2026-08-22 00:55:00,4590.73702,4591.62201,4586.1041,4591.40097
2026-08-22 01:00:00,4590.89952,4593.51247,4588.33505,4593.05646
2026-08-22 01:05:00,4592.18898,4597.27841,4592.18898,4597.19834
2026-08-22 01:10:00,4596.90699,4597.69701,4594.66706,4595.39784
2026-08-22 01:15:00,4595.67971,4599.17226,4593.74799,4597.65227
2026-08-22 01:20:00,4597.35868,4601.70514,4596.43317,4601.18988
2026-08-22 01:25:00,4600.53645,4607.13486,4598.91629,4605.06119
2026-08-22 01:30:00,4604.17655,4605.57335,4599.71016,4604.84938
2026-08-22 01:35:00,4603.78649,4608.79571,4603.78649,4605.37808
2026-08-22 01:40:00,4606.19748,4609.96155,4605.31716,4609.74259
2026-08-22 01:45:00,4609.23026,4610.65526,4607.96255,4608.33683
2026-08-22 01:50:00,4609.01152,4614.46172,4607.23336,4614.14844
2026-08-22 01:55:00,4613.29788,4615.42632,4610.84471,4611.26244
2026-08-22 02:00:00,4612.24139,4617.65792,4612.24139,4617.38287
2026-08-22 02:05:00,4616.71224,4618.19328,4610.28259,4611.41186
2026-08-22 02:10:00,4613.07655,4615.21969,4608.7197,4614.90709
2026-08-22 02:15:00,4614.14616,4615.73967,4614.14616,4615.13874
2026-08-22 02:20:00,4615.39474,4617.65792,4610.48188,4613.36057
2026-08-22 02:25:00,4613.72291,4613.875,4611.26994,4613.63477
2026-08-22 02:30:00,4613.15442,4616.16581,4612.97168,4615.83012
2026-08-22 02:35:00,4615.12039,4619.57326,4614.83303,4618.81275
2026-08-22 02:40:00,4617.8086,4621.59395,4617.8086,4621.38618
2026-08-22 02:45:00,4621.07492,4625.13297,4621.07492,4624.89251
2026-08-22 02:50:00,4624.39065,4626.99991,4624.20598,4626.53477
2026-08-22 02:55:00,4625.30133,4628.5582,4625.30133,4628.44541
2026-08-22 03:00:00,4628.04807,4630.62911,4626.504,4630.33942
2026-08-22 03:05:00,4629.77539,4631.77397,4627.48727,4631.50654
2026-08-22 03:10:00,4630.82749,4631.91226,4622.3537,4622.98393
2026-08-22 03:15:00,4624.03314,4624.56436,4622.78107,4624.44075
2026-08-22 03:20:00,4624.24067,4625.47606,4616.80517,4617.41316
2026-08-22 03:25:00,4618.6742,4622.47894,4615.28652,4621.86829
2026-08-22 03:30:00,4621.10847,4623.54548,4620.00462,4620.13291
2026-08-22 03:35:00,4620.19355,4624.49131,4618.88559,4623.46224
2026-08-22 03:40:00,4623.85018,4624.06363,4622.31619,4622.50238
2026-08-22 03:45:00,4622.80048,4623.35701,4616.80517,4618.80074
2026-08-22 03:50:00,4618.19438,4620.60104,4618.19438,4620.23896
2026-08-22 03:55:00,4619.29128,4621.28564,4619.29128,4621.21224
2026-08-22 04:00:00,4621.02635,4626.20281,4620.21807,4625.89986
2026-08-22 04:05:00,4625.35121,4627.27315,4624.49131,4627.1221
2026-08-22 04:10:00,4626.78722,4627.94429,4622.99478,4624.04906
2026-08-22 04:15:00,4624.29455,4626.8017,4624.27746,4626.46413
2026-08-22 04:20:00,4625.95805,4627.05904,4625.75285,4626.55643
2026-08-22 04:25:00,4626.38228,4627.70142,4625.08381,4625.28394
2026-08-22 04:30:00,4625.63484,4625.63484,4619.79119,4620.92392
2026-08-22 04:35:00,4620.8174,4622.56737,4619.94942,4620.53296
2026-08-22 04:40:00,4621.31223,4621.31223,4619.151,4620.55125
2026-08-22 04:45:00,4620.74712,4624.80915,4620.74712,4624.59869
2026-08-22 04:50:00,4624.12413,4624.99422,4623.20851,4624.75925
2026-08-22 04:55:00,4624.43412,4625.3015,4623.42226,4624.34025
2026-08-22 05:00:00,4624.22641,4625.61497,4622.46139,4625.10304
2026-08-22 05:05:00,4624.02412,4624.02412,4619.151,4622.18764
2026-08-22 05:10:00,4621.84308,4623.20851,4620.71691,4623.05593
2026-08-22 05:15:00,4622.76493,4623.3012,4620.43155,4622.17143
2026-08-22 05:20:00,4621.59093,4622.99478,4621.59093,4622.61698
2026-08-22 05:25:00,4622.68877,4622.84985,4618.44997,4618.96595
2026-08-22 05:30:00,4619.93936,4619.93936,4617.87116,4618.10288
2026-08-22 05:35:00,4618.39125,4618.67505,4615.98731,4618.44261
2026-08-22 05:40:00,4618.1178,4619.40831,4615.09535,4619.22722
2026-08-22 05:45:00,4619.11483,4622.78107,4617.65792,4622.34643
2026-08-22 05:50:00,4621.78689,4623.42226,4621.78689,4623.35641
2026-08-22 05:55:00,4623.25133,4623.25133,4617.15147,4618.87961
2026-08-22 06:00:00,4619.10883,4619.10883,4615.37514,4617.14872
2026-08-22 06:05:00,4616.59939,4617.44471,4616.16581,4616.23491
2026-08-22 06:10:00,4616.44446,4617.26517,4616.30083,4617.19204
2026-08-22 06:15:00,4617.08903,4617.44471,4612.60441,4613.10786
2026-08-22 06:20:00,4613.96119,4613.96119,4610.89534,4611.22124
2026-08-22 06:25:00,4611.81794,4611.81794,4610.41955,4611.31534
2026-08-22 06:30:00,4611.18499,4611.69526,4610.15975,4610.47092
2026-08-22 06:35:00,4610.5359,4611.50362,4607.65793,4608.036
2026-08-22 06:40:00,4608.69488,4609.68252,4608.08258,4608.17002
2026-08-22 06:45:00,4608.31872,4608.54279,4604.68757,4604.99186
2026-08-22 06:50:00,4605.52079,4607.36452,4603.8396,4604.97424
2026-08-22 06:55:00,4604.86086,4605.25606,4603.20383,4603.92129
2026-08-22 07:00:00,4603.83002,4608.18751,4602.74522,4608.12626
2026-08-22 07:05:00,4608.01532,4608.29493,4607.23336,4607.34011
2026-08-22 07:10:00,4607.31834,4608.55166,4607.31834,4608.30739
2026-08-22 07:15:00,4608.312,4608.39937,4608.12841,4608.1668
2026-08-22 07:20:00,4608.19474,4608.8389,4607.23336,4608.19738
2026-08-22 07:25:00,4608.12375,4608.29493,4607.44563,4608.26087
2026-08-22 07:30:00,4608.09139,4608.56725,4608.03431,4608.32442
2026-08-22 07:35:00,4608.34504,4608.4003,4608.13113,4608.16451
2026-08-22 07:40:00,4608.19472,4608.84039,4607.23336,4608.19998
2026-08-22 07:45:00,4608.12778,4608.32887,4607.23336,4607.38031
2026-08-22 07:50:00,4607.46869,4608.4033,4607.46869,4608.29833
2026-08-22 07:55:00,4608.24591,4608.41724,4608.1493,4608.1779
2026-08-22 08:00:00,4608.20999,4608.39489,4608.08258,4608.26402
2026-08-22 08:05:00,4608.18618,4608.37521,4608.08258,4608.28258
2026-08-22 08:10:00,4608.17942,4608.38278,4608.08258,4608.25715
2026-08-22 08:15:00,4608.18231,4608.39238,4608.08258,4608.15291
2026-08-22 08:20:00,4608.18663,4608.37538,4608.08258,4608.21757
2026-08-22 08:25:00,4608.18227,4608.36783,4608.08258,4608.28141
2026-08-22 08:30:00,4608.17729,4608.3847,4608.08258,4608.25855
2026-08-22 08:35:00,4608.18245,4608.38545,4608.08258,4608.10398
2026-08-22 08:40:00,4608.17898,4608.38042,4608.08258,4608.21434
2026-08-22 08:45:00,4608.18235,4608.3658,4608.08258,4608.28605
2026-08-22 08:50:00,4608.18196,4608.38972,4608.08258,4608.2675
2026-08-22 08:55:00,4608.1845,4608.38423,4608.08258,4608.10542
2026-08-22 09:00:00,4608.18281,4608.38416,4608.08258,4608.21982
2026-08-22 09:05:00,4608.18228,4608.3619,4608.08258,4608.29252
2026-08-22 09:10:00,4608.18408,4608.38734,4608.08258,4608.26938
2026-08-22 09:15:00,4608.1823,4608.3796,4608.08258,4608.10482
2026-08-22 09:20:00,4608.1811,4608.3892,4608.08258,4608.22836
2026-08-22 09:25:00,4608.18456,4608.35034,4608.08258,4608.28524
2026-08-22 09:30:00,4608.18196,4608.3881,4608.08258,4608.28245
2026-08-22 09:35:00,4608.19073,4608.37422,4608.08258,4608.10589
2026-08-22 09:40:00,4608.1828,4608.389,4608.08258,4608.23069
2026-08-22 09:45:00,4608.18055,4608.34522,4608.08258,4608.29263
2026-08-22 09:50:00,4608.18622,4608.39007,4608.08258,4608.28751
2026-08-22 09:55:00,4608.18674,4608.37007,4608.08258,4608.10714
2026-08-22 10:00:00,4608.18491,4608.39184,4608.08258,4608.24026
2026-08-22 10:05:00,4608.18463,4608.32755,4608.08258,4608.278
2026-08-22 10:10:00,4608.17733,4608.37778,4608.08258,4608.28218
2026-08-22 10:15:00,4608.18193,4608.36045,4608.08258,4608.1071
2026-08-22 10:20:00,4608.18278,4608.39155,4608.08258,4608.24599
2026-08-22 10:25:00,4608.18467,4608.33055,4608.08258,4608.29276
2026-08-22 10:30:00,4608.19087,4608.38659,4608.08258,4608.28624
2026-08-22 10:35:00,4608.18183,4608.35229,4608.08258,4608.10797
2026-08-22 10:40:00,4608.18276,4608.39018,4608.08258,4608.24777
2026-08-22 10:45:00,4608.18086,4608.31529,4608.08258,4608.2752
2026-08-22 10:50:00,4608.17952,4608.3889,4608.08258,4608.29479
2026-08-22 10:55:00,4608.18429,4608.34336,4608.08258,4608.10902
2026-08-22 11:00:00,4608.18274,4608.38328,4608.08258,4608.25264
2026-08-22 11:05:00,4608.18026,4608.32927,4608.08258,4608.27199
2026-08-22 11:10:00,4608.17955,4608.38972,4608.08258,4608.11627
2026-08-22 11:15:00,4608.18426,4608.33608,4608.08258,4608.16358
2026-08-22 11:20:00,4608.18485,4608.38426,4608.08258,4608.25794
2026-08-22 11:25:00,4608.18105,4608.33563,4608.08258,4608.26178
2026-08-22 11:30:00,4608.1729,4608.39158,4608.08258,4608.11537
2026-08-22 11:35:00,4608.18635,4608.32321,4608.08258,4608.16328
2026-08-22 11:40:00,4608.18089,4608.3851,4608.08258,4608.26254
2026-08-22 11:45:00,4608.18114,4608.34483,4608.08258,4608.2665
2026-08-22 11:50:00,4608.18177,4608.38811,4608.08258,4608.11307
2026-08-22 11:55:00,4608.1845,4608.32218,4608.08258,4608.11377
2026-08-22 12:00:00,4608.1848,4608.39523,4608.08258,4608.28801
2026-08-22 12:05:00,4608.19066,4608.35309,4608.08258,4608.25534
2026-08-22 12:10:00,4608.17546,4608.39208,4608.08258,4608.17014
2026-08-22 12:15:00,4608.18908,4608.32799,4608.08258,4608.11254
2026-08-22 12:20:00,4608.17653,4608.3855,4608.08258,4608.26847
2026-08-22 12:25:00,4608.17882,4608.35881,4608.08258,4608.25713
2026-08-22 12:30:00,4608.18213,4608.38669,4608.08258,4608.16399
2026-08-22 12:35:00,4608.18593,4608.3427,4608.08258,4608.18741
2026-08-22 12:40:00,4608.19087,4608.39801,4608.12608,4608.28398
2026-08-22 12:45:00,4608.19087,4608.37709,4608.17088,4608.26088
2026-08-22 12:50:00,4608.19087,4608.3766,4608.08258,4608.14982
2026-08-22 12:55:00,4608.17526,4608.338,4608.08258,4608.24158
2026-08-22 13:00:00,4608.18026,4608.38808,4608.08258,4608.27883
2026-08-22 13:05:00,4608.18276,4608.37741,4608.08258,4608.24422
2026-08-22 13:10:00,4608.18026,4608.39101,4608.08258,4608.10827
2026-08-22 13:15:00,4608.1845,4608.3546,4608.08258,4608.23924
2026-08-22 13:20:00,4608.18255,4608.39442,4608.08258,4608.28953
2026-08-22 13:25:00,4608.19087,4608.39032,4608.15387,4608.2518
2026-08-22 13:30:00,4608.19087,4608.38971,4608.08258,4608.10821
2026-08-22 13:35:00,4608.18582,4608.36215,4608.08258,4608.23237
2026-08-22 13:40:00,4608.18052,4608.3843,4608.08258,4608.28536
2026-08-22 13:45:00,4608.18491,4608.38623,4608.08258,4608.24978
2026-08-22 13:50:00,4608.18238,4608.38093,4608.08258,4608.10533
2026-08-22 13:55:00,4608.17902,4608.36556,4608.08258,4608.22651
2026-08-22 14:00:00,4608.18044,4608.38204,4608.08258,4608.28893
2026-08-22 14:05:00,4608.18704,4608.39123,4608.08258,4608.261
2026-08-22 14:10:00,4608.18655,4608.39255,4608.08258,4608.1593
2026-08-22 14:15:00,4608.19174,4608.37899,4608.08258,4608.22486
2026-08-22 14:20:00,4608.18663,4608.37432,4608.08258,4608.28774
2026-08-22 14:25:00,4608.18408,4608.39522,4608.08258,4608.26241
2026-08-22 14:30:00,4608.1867,4608.38998,4608.08258,4608.10622
2026-08-22 14:35:00,4608.18493,4608.38404,4608.08258,4608.21924
2026-08-22 14:40:00,4608.18663,4608.36773,4608.08258,4608.28817
2026-08-22 14:45:00,4608.1845,4608.38547,4608.08258,4608.26826
2026-08-22 14:50:00,4608.18238,4608.37997,4608.08258,4608.14572
2026-08-22 14:55:00,4608.18026,4608.38401,4608.08258,4608.22003
2026-08-22 15:00:00,4608.18238,4608.3652,4608.08258,4608.29401
2026-08-22 15:05:00,4608.18918,4608.39585,4608.08258,4608.27756
2026-08-22 15:10:00,4608.18666,4608.3823,4608.08258,4608.10778
2026-08-22 15:15:00,4608.18833,4608.3911,4608.08258,4608.23219
2026-08-22 15:20:00,4608.18881,4608.35709,4608.08258,4608.29378
2026-08-22 15:25:00,4608.18917,4608.39455,4608.08258,4608.28121
2026-08-22 15:30:00,4608.18663,4608.3742,4608.08258,4608.10514
2026-08-22 15:35:00,4608.18109,4608.38247,4608.08258,4608.22377
2026-08-22 15:40:00,4608.1736,4608.34842,4608.08258,4608.29047
2026-08-22 15:45:00,4608.18916,4608.39218,4608.08258,4608.28339
2026-08-22 15:50:00,4608.18249,4608.36629,4608.08258,4608.10864
2026-08-22 15:55:00,4608.18753,4608.39396,4608.08258,4608.23788
2026-08-22 16:00:00,4608.18225,4608.33364,4608.08258,4608.28442
2026-08-22 16:05:00,4608.18491,4608.3862,4608.08258,4608.28781
2026-08-22 16:10:00,4608.18253,4608.35867,4608.08258,4608.10785
2026-08-22 16:15:00,4608.18411,4608.38947,4608.08258,4608.24361
2026-08-22 16:20:00,4608.18222,4608.32363,4608.08258,4608.28217
2026-08-22 16:25:00,4608.18489,4608.38708,4608.08258,4608.11623
2026-08-22 16:30:00,4608.17443,4608.34164,4608.08258,4608.10733
2026-08-22 16:35:00,4608.17912,4608.37956,4608.08258,4608.24901
2026-08-22 16:40:00,4608.18199,4608.31257,4608.08258,4608.27922
2026-08-22 16:45:00,4608.18598,4608.38691,4608.08258,4608.17788
2026-08-22 16:50:00,4608.18069,4608.34611,4608.08258,4608.16221
2026-08-22 16:55:00,4608.18663,4608.39014,4608.08258,4608.25429
2026-08-22 17:00:00,4608.18192,4608.3262,4608.08258,4608.27623
2026-08-22 17:05:00,4608.18486,4608.38761,4608.08258,4608.11255
2026-08-22 17:10:00,4608.17463,4608.32755,4608.08258,4608.11028
2026-08-22 17:15:00,4608.1817,4608.37981,4608.08258,4608.25526
2026-08-22 17:20:00,4608.17761,4608.33239,4608.08258,4608.27026
2026-08-22 17:25:00,4608.18304,4608.38727,4608.08258,4608.11165
2026-08-22 17:30:00,4608.17684,4608.30881,4608.08258,4608.11178
2026-08-22 17:35:00,4608.1805,4608.37325,4608.08258,4608.24759
2026-08-22 17:40:00,4608.16422,4608.33191,4608.08258,4608.25939
2026-08-22 17:45:00,4608.17691,4608.38145,4608.08258,4608.16108
2026-08-22 17:50:00,4608.17662,4608.31052,4608.08258,4608.11248
2026-08-22 17:55:00,4608.17939,4608.37622,4608.08258,4608.25597
2026-08-22 18:00:00,4608.16869,4608.34231,4608.08258,4608.26192
2026-08-22 18:05:00,4608.18238,4608.37882,4608.08258,4608.10559
2026-08-22 18:10:00,4608.16884,4608.32526,4608.08258,4608.11477
2026-08-22 18:15:00,4608.18186,4608.38972,4608.08258,4608.27247
2026-08-22 18:20:00,4608.18306,4608.35619,4608.08258,4608.25038
2026-08-22 18:25:00,4608.17601,4608.37741,4608.08258,4608.10281
2026-08-22 18:30:00,4608.16503,4608.3354,4608.08258,4608.1713
2026-08-22 18:35:00,4608.17389,4608.38945,4608.08258,4608.27589
2026-08-22 18:40:00,4608.18311,4608.36302,4608.08258,4608.25173
2026-08-22 18:45:00,4608.18281,4608.38505,4608.08258,4608.10623
2026-08-22 18:50:00,4608.17675,4608.34653,4608.08258,4608.24396
2026-08-22 18:55:00,4608.18238,4608.38811,4608.08258,4608.27865
2026-08-22 19:00:00,4608.182,4608.37704,4608.08258,4608.24872
2026-08-22 19:05:00,4608.18469,4608.3869,4608.08258,4608.10454
2026-08-22 19:10:00,4608.17505,4608.35309,4608.08258,4608.24256
2026-08-22 19:15:00,4608.18663,4608.38783,4608.08258,4608.28323
2026-08-22 19:20:00,4608.18411,4608.38407,4608.08258,4608.27837
2026-08-22 19:25:00,4608.1889,4608.39395,4608.08258,4608.10752
2026-08-22 19:30:00,4608.18491,4608.36607,4608.08258,4608.23663
2026-08-22 19:35:00,4608.18663,4608.38244,4608.08258,4608.28316
2026-08-22 19:40:00,4608.18197,4608.38395,4608.08258,4608.25021
2026-08-22 19:45:00,4608.18462,4608.38511,4608.08258,4608.10239
2026-08-22 19:50:00,4608.173,4608.37315,4608.08258,4608.22317
2026-08-22 19:55:00,4608.18414,4608.3779,4608.08258,4608.28468
2026-08-22 20:00:00,4608.18238,4608.38911,4608.08258,4608.25946
2026-08-22 20:05:00,4608.18663,4608.39462,4608.08258,4608.1551
2026-08-22 20:10:00,4608.18875,4608.37914,4608.08258,4608.21461
2026-08-22 20:15:00,4608.17808,4608.36807,4608.08258,4608.28139
2026-08-22 20:20:00,4608.17729,4608.38464,4608.08258,4608.25832
2026-08-22 20:25:00,4608.18245,4608.38558,4608.08258,4608.10398
2026-08-22 20:30:00,4608.17898,4608.38215,4608.08258,4608.21409
2026-08-22 20:35:00,4608.18235,4608.36167,4608.08258,4608.2818
2026-08-22 20:40:00,4608.17728,4608.38547,4608.08258,4608.2613
2026-08-22 20:45:00,4608.17813,4608.3843,4608.08258,4608.10468
2026-08-22 20:50:00,4608.18111,4608.38614,4608.08258,4608.2199
2026-08-22 20:55:00,4608.18238,4608.35437,4608.08258,4608.28167
2026-08-22 21:00:00,4608.17729,4608.38521,4608.08258,4608.26917
2026-08-22 21:05:00,4608.1823,4608.37756,4608.08258,4608.10407
2026-08-22 21:10:00,4608.17898,4608.38709,4608.08258,4608.22628
2026-08-22 21:15:00,4608.1825,4608.34623,4608.08258,4608.28101
2026-08-22 21:20:00,4608.17729,4608.38388,4608.08258,4608.27423
2026-08-22 21:25:00,4608.18223,4608.37206,4608.08258,4608.1044
2026-08-22 21:30:00,4608.17897,4608.3847,4608.08258,4608.22804
2026-08-22 21:35:00,4608.17813,4608.33688,4608.12981,4608.27974
2026-08-22 21:40:00,4608.17813,4608.38134,4608.10929,4608.27784
2026-08-22 21:45:00,4608.17813,4608.36136,4608.14646,4608.14646
2026-08-22 21:50:00,4608.17813,4608.38548,4608.11479,4608.23393
2026-08-22 21:55:00,4608.17813,4608.32724,4608.13671,4608.27799
2026-08-22 22:00:00,4608.17813,4608.37992,4608.10905,4608.28225
2026-08-22 22:05:00,4608.17813,4608.35403,4608.14847,4608.14847
2026-08-22 22:10:00,4608.17813,4608.38518,4608.113,4608.23966
2026-08-22 22:15:00,4608.17813,4608.31697,4608.14447,4608.27573
2026-08-22 22:20:00,4608.17813,4608.38284,4608.10989,4608.28631
2026-08-22 22:25:00,4608.17813,4608.34586,4608.15097,4608.15097
2026-08-22 22:30:00,4608.17813,4608.3838,4608.11062,4608.24517
2026-08-22 22:35:00,4608.17813,4608.31221,4608.15303,4608.27298
2026-08-22 22:40:00,4608.17813,4608.38469,4608.11181,4608.17756
2026-08-22 22:45:00,4608.17813,4608.33692,4608.15396,4608.15396
2026-08-22 22:50:00,4608.17813,4608.38135,4608.1093,4608.25043
2026-08-22 22:55:00,4608.17813,4608.32273,4608.16233,4608.26976
2026-08-22 23:00:00,4608.17813,4608.38548,4608.11478,4608.17244
2026-08-22 23:05:00,4608.17813,4608.32728,4608.15741,4608.15741
2026-08-22 23:10:00,4608.17813,4608.37991,4608.10905,4608.25539
2026-08-22 23:15:00,4608.17813,4608.33266,4608.17229,4608.2661
2026-08-22 23:20:00,4608.17813,4608.38518,4608.11302,4608.16764
2026-08-22 23:25:00,4608.17813,4608.31701,4608.15714,4608.16129
2026-08-22 23:30:00,4608.17813,4608.38283,4608.10989,4608.26003
2026-08-22 23:35:00,4608.17813,4608.34192,4608.17813,4608.26201
2026-08-22 23:40:00,4608.17813,4608.38381,4608.11062,4608.16318
2026-08-22 23:45:00,4608.17813,4608.31216,4608.14824,4608.16557
2026-08-22 23:50:00,4608.17813,4608.38469,4608.1118,4608.26429
2026-08-22 23:55:00,4608.17813,4608.35044,4608.17702,4608.25754
2026-08-23 00:00:00,4608.17813,4608.38137,4608.1093,4608.15912
2026-08-24 15:25:00,4639.49824,4641.12469,4637.80856,4640.89933
2026-08-24 15:30:00,4640.09773,4640.29404,4631.55945,4632.27257
2026-08-24 15:35:00,4633.10689,4639.8474,4630.3974,4631.8658
2026-08-24 15:40:00,4632.81121,4634.97213,4632.20308,4632.38369
2026-08-24 15:45:00,4632.34543,4637.02876,4630.916,4635.83469
2026-08-24 15:50:00,4633.59086,4642.52553,4633.59086,4641.85074
2026-08-24 15:55:00,4641.44284,4641.44813,4636.90773,4641.11766
2026-08-24 16:00:00,4640.50373,4645.76074,4640.04685,4645.43465
2026-08-24 16:05:00,4644.79607,4650.23165,4643.61324,4647.10664
2026-08-24 16:10:00,4647.96875,4651.5955,4647.92006,4650.65247
2026-08-24 16:15:00,4649.54704,4658.59139,4649.54704,4658.36408
2026-08-24 16:20:00,4657.83009,4658.96385,4645.97658,4646.65245
2026-08-24 16:25:00,4647.9902,4649.28237,4642.93616,4643.08945
2026-08-24 16:30:00,4643.34335,4651.5955,4642.45016,4651.14504
2026-08-24 16:35:00,4650.19774,4653.13326,4650.19774,4653.01504
2026-08-24 16:40:00,4652.86776,4652.86776,4643.48339,4644.44069
2026-08-24 16:45:00,4645.71163,4649.1004,4642.09451,4648.41208
2026-08-24 16:50:00,4646.81049,4654.19343,4645.30227,4653.74543
2026-08-24 16:55:00,4652.80635,4653.13017,4649.43277,4650.04948
2026-08-24 17:00:00,4649.94896,4652.8941,4647.70403,4649.93309
2026-08-24 17:05:00,4649.63666,4650.97859,4646.35132,4646.56476
2026-08-24 17:10:00,4646.90193,4648.75563,4645.97658,4647.39595
2026-08-24 17:15:00,4647.65124,4652.97675,4643.38782,4644.81595
2026-08-24 17:20:00,4643.82894,4648.40945,4643.49188,4647.64553
2026-08-24 17:25:00,4645.71472,4646.62423,4642.31001,4645.47947
2026-08-24 17:30:00,4645.24499,4645.24499,4640.56464,4644.09317
2026-08-24 17:35:00,4643.4322,4647.5907,4642.82194,4644.48833
2026-08-24 17:40:00,4644.8885,4645.05237,4636.45776,4637.15452
2026-08-24 17:45:00,4638.25174,4638.25174,4630.916,4634.42065
2026-08-24 17:50:00,4633.6646,4637.14352,4629.91452,4635.11764
2026-08-24 17:55:00,4635.34911,4643.60344,4635.34911,4643.26054
2026-08-24 18:00:00,4642.6777,4643.73071,4637.14352,4639.95444
2026-08-24 18:05:00,4638.98318,4643.17222,4637.57362,4638.70985
2026-08-24 18:10:00,4640.39739,4640.39739,4636.06861,4638.08738
2026-08-24 18:15:00,4637.68683,4638.43406,4631.98851,4635.27253
2026-08-24 18:20:00,4633.70855,4639.05362,4633.70855,4636.86166
2026-08-24 18:25:00,4637.64023,4637.64023,4632.19131,4632.3656
2026-08-24 18:30:00,4632.60967,4633.70557,4630.916,4632.84266
2026-08-24 18:35:00,4632.93675,4636.62429,4632.40952,4634.78556
2026-08-24 18:40:00,4635.31946,4645.65571,4635.31946,4645.02906
2026-08-24 18:45:00,4643.85155,4646.19245,4643.51906,4645.57303
2026-08-24 18:50:00,4645.15231,4645.15231,4640.15591,4640.43468
2026-08-24 18:55:00,4641.06032,4643.70551,4636.06861,4636.48792
2026-08-24 19:00:00,4636.99781,4643.38782,4636.99781,4641.14295
2026-08-24 19:05:00,4640.44414,4644.03474,4640.12337,4641.26885
2026-08-24 19:10:00,4641.54054,4643.16475,4640.54195,4642.25583
2026-08-24 19:15:00,4642.00164,4642.00164,4635.18455,4635.61407
2026-08-24 19:20:00,4636.46331,4639.29483,4636.46331,4637.27097
2026-08-24 19:25:00,4637.50461,4638.354,4635.85369,4638.11319
2026-08-24 19:30:00,4637.95519,4640.15591,4632.62972,4635.60194
2026-08-24 19:35:00,4636.30032,4636.7135,4633.89053,4636.50532
2026-08-24 19:40:00,4636.07493,4639.07961,4635.59839,4638.93041
2026-08-24 19:45:00,4638.62387,4644.89758,4638.21892,4644.76522
2026-08-24 19:50:00,4644.48858,4644.7921,4641.66357,4643.38215
2026-08-24 19:55:00,4643.04749,4645.54492,4642.70552,4645.24802
2026-08-24 20:00:00,4644.98176,4648.96873,4643.53558,4648.68521
2026-08-24 20:05:00,4648.12914,4651.50748,4647.05609,4650.76653
2026-08-24 20:10:00,4649.33873,4649.64895,4646.40833,4649.3515
2026-08-24 20:15:00,4649.16501,4649.22523,4646.62423,4646.72012
2026-08-24 20:20:00,4646.81335,4647.05609,4643.12439,4643.35355
2026-08-24 20:25:00,4643.98859,4645.95344,4642.95663,4643.14075
2026-08-24 20:30:00,4643.40068,4645.32912,4643.17222,4645.14401
2026-08-24 20:35:00,4644.65145,4649.21661,4642.69351,4648.94642
2026-08-24 20:40:00,4648.40376,4648.40376,4644.68184,4644.79242
2026-08-24 20:45:00,4644.9589,4645.71518,4642.31001,4642.61682
2026-08-24 20:50:00,4642.59336,4646.98065,4642.59336,4645.43186
2026-08-24 20:55:00,4645.21122,4646.40833,4642.74107,4644.56554
2026-08-24 21:00:00,4644.32594,4646.38197,4638.54278,4645.80246
2026-08-24 21:05:00,4644.67514,4646.84015,4639.94061,4641.78188
2026-08-24 21:10:00,4641.56505,4646.69695,4639.51007,4645.89763
2026-08-24 21:15:00,4644.06475,4645.11334,4641.01731,4643.49796
2026-08-24 21:20:00,4643.74244,4645.54492,4642.57147,4642.88798
2026-08-24 21:25:00,4643.5016,4645.32155,4641.23271,4644.95273
2026-08-24 21:30:00,4644.40892,4649.38037,4644.40892,4649.06199
2026-08-24 21:35:00,4648.48429,4670.27835,4648.48429,4669.49431
2026-08-24 21:40:00,4668.52836,4668.52836,4657.5478,4658.32832
2026-08-24 21:45:00,4659.37515,4661.95571,4649.89131,4650.55889
2026-08-24 21:50:00,4652.06424,4657.46604,4648.78434,4656.36477
2026-08-24 21:55:00,4653.60775,4659.61512,4653.60775,4656.64609
2026-08-24 22:00:00,4656.78202,4658.58875,4651.16279,4652.48706
2026-08-24 22:05:00,4652.57734,4656.14378,4651.93801,4655.8745
2026-08-24 22:10:00,4655.35386,4660.0494,4653.97682,4658.2197
2026-08-24 22:15:00,4658.52139,4660.7017,4653.51983,4654.275
2026-08-24 22:20:00,4655.95816,4658.7475,4651.77787,4658.56852
2026-08-24 22:25:00,4658.26498,4662.21801,4656.36059,4661.74645
2026-08-24 22:30:00,4660.49612,4662.8742,4648.78434,4649.92748
2026-08-24 22:35:00,4652.57888,4663.15539,4652.57888,4662.40749
2026-08-24 22:40:00,4661.3102,4664.00192,4655.06005,4655.99082
2026-08-24 22:45:00,4657.62655,4661.55001,4655.49348,4660.93024
2026-08-24 22:50:00,4659.51573,4665.79382,4659.51573,4665.51106
2026-08-24 22:55:00,4665.03491,4666.79111,4662.65678,4662.92291
2026-08-24 23:00:00,4663.11958,4669.6241,4662.22202,4669.38105
2026-08-24 23:05:00,4669.05671,4674.20772,4665.45609,4672.3186
2026-08-24 23:10:00,4672.36806,4677.26848,4672.36806,4673.24994
2026-08-24 23:15:00,4673.97591,4677.26848,4672.8972,4673.44809
2026-08-24 23:20:00,4673.71137,4675.3147,4669.00893,4669.41251
2026-08-24 23:25:00,4670.11261,4674.42621,4668.09822,4673.71683
2026-08-24 23:30:00,4673.53324,4677.05804,4671.36918,4671.59506
2026-08-24 23:35:00,4670.96943,4683.30825,4669.83437,4670.55116
2026-08-24 23:40:00,4671.69532,4673.33396,4663.61002,4665.08732
2026-08-24 23:45:00,4667.08955,4676.83098,4658.7468,4675.28654
2026-08-24 23:50:00,4674.62973,4675.7376,4659.61512,4660.46689
2026-08-24 23:55:00,4661.46856,4668.09822,4659.83225,4660.60692
2026-08-25 00:00:00,4662.25666,4667.44457,4662.13376,4663.27915
2026-08-25 00:05:00,4665.7436,4667.97204,4660.48376,4667.18514
2026-08-25 00:10:00,4665.49369,4672.46052,4663.52656,4664.88653
2026-08-25 00:15:00,4665.27759,4668.501,4655.89922,4656.53162
2026-08-25 00:20:00,4657.17984,4669.6241,4654.45296,4667.73155
2026-08-25 00:25:00,4667.62626,4674.42621,4666.79111,4674.04414
2026-08-25 00:30:00,4673.30757,4674.01784,4671.15097,4672.0913
2026-08-25 00:35:00,4672.57555,4678.36257,4672.57555,4675.28805
2026-08-25 00:40:00,4675.69722,4677.69766,4669.84216,4670.30067
2026-08-25 00:45:00,4671.18239,4673.11557,4668.65146,4669.09612
2026-08-25 00:50:00,4670.02685,4670.02685,4656.13921,4664.94173
2026-08-25 00:55:00,4662.93318,4674.75852,4662.93318,4674.27446
2026-08-25 01:00:00,4673.54398,4674.88729,4664.83324,4673.46632
2026-08-25 01:05:00,4670.18761,4676.61226,4670.18761,4673.95747
2026-08-25 01:10:00,4673.93595,4676.17489,4671.36918,4674.14779
2026-08-25 01:15:00,4673.94712,4674.3862,4670.71462,4672.3455
2026-08-25 01:20:00,4671.46373,4673.80963,4669.19212,4669.46029
2026-08-25 01:25:00,4669.94192,4677.495,4668.60347,4673.16578
2026-08-25 01:30:00,4674.1296,4678.80036,4671.15097,4673.22215
2026-08-25 01:35:00,4672.9766,4674.64473,4668.54474,4669.22367
2026-08-25 01:40:00,4670.24667,4670.24667,4661.13545,4661.44639
2026-08-25 01:45:00,4662.03396,4663.74405,4648.94093,4651.17598
2026-08-25 01:50:00,4655.13934,4655.13934,4645.97658,4652.41302
2026-08-25 01:55:00,4652.82288,4658.08784,4642.09451,4642.5579
2026-08-25 02:00:00,4642.6223,4660.09981,4642.6223,4659.16484
2026-08-25 02:05:00,4657.40625,4661.13545,4654.96575,4655.6227
2026-08-25 02:10:00,4656.71979,4657.66185,4654.19343,4657.49895
2026-08-25 02:15:00,4657.25165,4659.61512,4656.37729,4659.49783
2026-08-25 02:20:00,4659.12358,4659.61512,4657.00772,4657.65391
2026-08-25 02:25:00,4657.60964,4658.89672,4656.57742,4658.32376
2026-08-25 02:30:00,4658.36963,4661.13545,4658.36963,4661.03759
2026-08-25 02:35:00,4660.85828,4662.23034,4659.83225,4662.04866
2026-08-25 02:40:00,4661.86459,4661.86459,4659.39801,4660.68341
2026-08-25 02:45:00,4660.61606,4660.61606,4656.14378,4656.21777
2026-08-25 02:50:00,4656.04674,4658.30496,4652.02828,4653.86896
2026-08-25 02:55:00,4653.68869,4653.85081,4644.03474,4645.07814
2026-08-25 03:00:00,4644.86316,4646.04766,4642.74107,4642.95979
2026-08-25 03:05:00,4643.94366,4654.12828,4643.94366,4653.06563
2026-08-25 03:10:00,4651.73145,4656.85219,4650.94647,4654.14067
2026-08-25 03:15:00,4653.3702,4654.80779,4649.43277,4654.32391
2026-08-25 03:20:00,4653.08543,4659.78943,4630.48713,4635.39717
2026-08-25 03:25:00,4631.41527,4641.82123,4631.41527,4641.2343
2026-08-25 03:30:00,4640.48784,4644.896,4635.42391,4635.91218
2026-08-25 03:35:00,4636.87843,4643.60344,4635.86576,4642.47688
2026-08-25 03:40:00,4642.12428,4642.36379,4640.27013,4640.5127
2026-08-25 03:45:00,4640.81635,4641.67153,4635.66944,4636.03135
2026-08-25 03:50:00,4636.50026,4638.0038,4633.9203,4634.16272
2026-08-25 03:55:00,4634.51401,4637.35856,4632.68718,4637.22052
2026-08-25 04:00:00,4636.92327,4640.00178,4635.63879,4639.58974
2026-08-25 04:05:00,4639.06894,4640.50516,4628.98187,4630.29561
2026-08-25 04:10:00,4632.07743,4634.3498,4627.48727,4630.29223
2026-08-25 04:15:00,4631.14673,4633.70557,4628.56733,4629.32859
2026-08-25 04:20:00,4630.98653,4636.49852,4627.48727,4636.34484
2026-08-25 04:25:00,4635.95291,4641.44813,4634.62106,4640.14114
2026-08-25 04:30:00,4640.45448,4641.66357,4635.03163,4635.75307
2026-08-25 04:35:00,4637.29885,4637.29885,4626.20281,4626.54146
2026-08-25 04:40:00,4627.1536,4635.39679,4626.43207,4635.21217
2026-08-25 04:45:00,4634.88736,4635.42391,4631.77397,4632.05222
2026-08-25 04:50:00,4632.38336,4635.20905,4632.38336,4635.08855
2026-08-25 04:55:00,4634.83211,4637.57362,4634.3498,4637.39654
2026-08-25 05:00:00,4637.01955,4641.47757,4635.89933,4639.2231
2026-08-25 05:05:00,4639.45074,4640.81681,4637.35856,4637.50535
2026-08-25 05:10:00,4637.39884,4640.37123,4636.28356,4636.40718
2026-08-25 05:15:00,4636.62516,4642.20373,4636.28356,4641.5175
2026-08-25 05:20:00,4639.75619,4644.93521,4639.75619,4644.67034
2026-08-25 05:25:00,4644.22641,4644.22641,4640.37123,4641.93147
2026-08-25 05:30:00,4641.63783,4642.69685,4641.01731,4641.7676
2026-08-25 05:35:00,4641.30628,4645.86123,4641.01731,4645.71672
2026-08-25 05:40:00,4645.51039,4650.49395,4644.23022,4650.09797
2026-08-25 05:45:00,4649.05013,4654.2186,4649.05013,4653.79994
2026-08-25 05:50:00,4653.24799,4654.84336,4652.02828,4652.16786
2026-08-25 05:55:00,4652.27122,4654.00404,4651.16279,4651.30765
2026-08-25 06:00:00,4651.63879,4653.76024,4651.63879,4652.11804
2026-08-25 06:05:00,4652.62788,4654.84336,4652.62788,4653.96569
2026-08-25 06:10:00,4653.96846,4657.47421,4650.08138,4651.00227
2026-08-25 06:15:00,4651.09868,4654.6267,4650.94647,4652.70788
2026-08-25 06:20:00,4652.98007,4652.9992,4650.63301,4652.54212
2026-08-25 06:25:00,4652.28868,4652.28868,4649.21661,4649.41358
2026-08-25 06:30:00,4649.414,4650.08138,4648.56824,4649.00369
2026-08-25 06:35:00,4648.98039,4649.02187,4648.56824,4648.92083
2026-08-25 06:40:00,4648.82105,4648.9568,4647.33211,4647.43898
2026-08-25 06:45:00,4647.6903,4650.73016,4647.6903,4650.45787
2026-08-25 06:50:00,4650.26547,4651.05014,4648.99774,4650.60895
2026-08-25 06:55:00,4649.99299,4652.24471,4649.99299,4652.16852
2026-08-25 07:00:00,4651.95436,4652.08097,4651.16279,4651.92161
2026-08-25 07:05:00,4651.87951,4652.02828,4651.76635,4651.91406
2026-08-25 07:10:00,4651.80153,4652.09293,4651.79001,4651.96811
2026-08-25 07:15:00,4651.88945,4652.01366,4651.81188,4651.81944
2026-08-25 07:20:00,4651.83923,4652.04221,4651.5955,4651.91323
2026-08-25 07:25:00,4651.86821,4652.06045,4651.81188,4651.98928
2026-08-25 07:30:00,4651.88674,4652.0896,4651.5817,4651.94282
2026-08-25 07:35:00,4651.82192,4652.21323,4651.7984,4651.84592
2026-08-25 07:40:00,4651.95857,4652.12117,4651.81188,4651.92115
2026-08-25 07:45:00,4651.87031,4652.01116,4651.79025,4651.95738
2026-08-25 07:50:00,4651.85474,4652.22529,4651.7264,4651.86735
2026-08-25 07:55:00,4651.94128,4652.28556,4651.94128,4652.05205
2026-08-25 08:00:00,4652.08672,4657.01113,4652.05298,4654.23453
2026-08-25 08:05:00,4654.67517,4660.48376,4654.67517,4660.26693
2026-08-25 08:10:00,4659.85975,4660.48376,4658.6865,4658.7941
2026-08-25 08:15:00,4658.95823,4659.61512,4658.52977,4659.03055
2026-08-25 08:20:00,4659.08625,4659.37382,4657.51334,4658.48587
2026-08-25 08:25:00,4658.63456,4658.63456,4657.22802,4657.32242
2026-08-25 08:30:00,4657.40914,4659.30699,4656.99459,4658.92709
2026-08-25 08:35:00,4658.75673,4661.13545,4658.47215,4660.74302
2026-08-25 08:40:00,4660.73326,4661.59861,4660.23454,4661.46648
2026-08-25 08:45:00,4661.22662,4662.29808,4661.22662,4662.12705
2026-08-25 08:50:00,4661.89011,4664.91392,4661.89011,4664.83972
2026-08-25 08:55:00,4664.68518,4667.89985,4664.23727,4667.64514
2026-08-25 09:00:00,4666.91892,4669.84216,4666.39959,4668.90901
2026-08-25 09:05:00,4668.6953,4669.21463,4667.09243,4668.80364
2026-08-25 09:10:00,4668.18231,4672.67885,4668.18231,4670.61596
2026-08-25 09:15:00,4670.88027,4677.26848,4670.88027,4676.08923
2026-08-25 09:20:00,4675.9537,4675.9537,4674.62732,4674.66598
2026-08-25 09:25:00,4674.65501,4675.08181,4669.18803,4669.46664
2026-08-25 09:30:00,4669.95174,4672.02611,4668.53408,4671.52908
2026-08-25 09:35:00,4670.44742,4675.81633,4670.44742,4675.53711
2026-08-25 09:40:00,4674.91192,4676.83976,4674.91192,4676.80236
2026-08-25 09:45:00,4676.66711,4677.17006,4675.4857,4676.79835
2026-08-25 09:50:00,4675.87453,4682.52341,4674.44684,4677.68837
2026-08-25 09:55:00,4677.63136,4680.55231,4677.63136,4679.59612
2026-08-25 10:00:00,4679.31157,4688.67217,4677.51045,4680.61233
2026-08-25 10:05:00,4681.99889,4687.13382,4675.51898,4683.33506
2026-08-25 10:10:00,4684.65253,4688.01607,4681.38243,4686.56887
2026-08-25 10:15:00,4684.29472,4689.77161,4682.96338,4683.35647
2026-08-25 10:20:00,4683.36744,4684.53796,4679.89517,4680.80098
2026-08-25 10:25:00,4680.89492,4682.70219,4676.83098,4681.47104
2026-08-25 10:30:00,4679.11285,4692.85279,4679.11285,4688.22073
2026-08-25 10:35:00,4688.87818,4695.18948,4686.51284,4694.86966
2026-08-25 10:40:00,4694.23247,4695.93801,4693.73387,4694.14283
2026-08-25 10:45:00,4694.82199,4695.28078,4689.42776,4692.34488
2026-08-25 10:50:00,4691.73562,4693.29328,4687.79299,4688.55332
2026-08-25 10:55:00,4688.74124,4690.25981,4686.46547,4689.70155
2026-08-25 11:00:00,4688.81116,4688.81116,4670.50756,4671.53592
2026-08-25 11:05:00,4672.84487,4681.42877,4672.42945,4676.518
2026-08-25 11:10:00,4676.83998,4680.11419,4676.17489,4678.11001
2026-08-25 11:15:00,4677.73029,4679.01928,4675.08181,4676.749
2026-08-25 11:20:00,4677.31139,4680.81424,4668.24411,4669.28974
2026-08-25 11:25:00,4670.95347,4673.55237,4661.95082,4672.80626
2026-08-25 11:30:00,4671.40007,4673.11557,4669.27397,4672.63192
2026-08-25 11:35:00,4672.09589,4675.69188,4666.79111,4669.47799
2026-08-25 11:40:00,4670.53889,4672.8972,4668.75204,4671.64124
2026-08-25 11:45:00,4671.76996,4674.94875,4667.44457,4674.16681
2026-08-25 11:50:00,4673.19415,4679.12641,4666.31054,4667.54161
2026-08-25 11:55:00,4670.04336,4670.04336,4657.80771,4659.0522
2026-08-25 12:00:00,4661.46562,4661.46562,4651.75669,4652.62037
2026-08-25 12:05:00,4654.62006,4654.62006,4639.51007,4641.45067
2026-08-25 12:10:00,4641.88941,4645.11334,4639.29483,4639.58053
2026-08-25 12:15:00,4640.05792,4649.4179,4639.51007,4648.85188
2026-08-25 12:20:00,4647.55341,4654.6267,4647.55341,4653.59581
2026-08-25 12:25:00,4653.85961,4656.72121,4653.57769,4656.55015
2026-08-25 12:30:00,4656.32024,4660.17222,4643.17222,4644.24582
2026-08-25 12:35:00,4646.17698,4646.19245,4641.87903,4642.09945
2026-08-25 12:40:00,4642.47626,4647.27205,4639.75793,4641.3169
2026-08-25 12:45:00,4644.94215,4644.94215,4629.201,4636.66013
2026-08-25 12:50:00,4635.9559,4637.4095,4622.99478,4627.22545
2026-08-25 12:55:00,4626.45319,4628.12977,4622.14005,4622.62236
2026-08-25 13:00:00,4623.14205,4631.98851,4619.80153,4624.50604
2026-08-25 13:05:00,4625.60171,4636.00985,4622.56737,4635.6799
2026-08-25 13:10:00,4634.9822,4639.30608,4633.9203,4636.96838
2026-08-25 13:15:00,4635.90361,4636.27613,4630.99018,4634.08105
2026-08-25 13:20:00,4634.467,4636.7135,4632.71947,4635.26137
2026-08-25 13:25:00,4635.09337,4638.06438,4630.98307,4637.02623
2026-08-25 13:30:00,4637.42266,4641.01731,4636.81877,4640.7101
2026-08-25 13:35:00,4640.18224,4641.47553,4636.88077,4638.10352
2026-08-25 13:40:00,4640.56432,4640.56432,4634.99421,4636.88938
2026-08-25 13:45:00,4636.7857,4639.02915,4632.63226,4635.21022
2026-08-25 13:50:00,4634.64783,4634.64783,4632.72485,4633.49441
2026-08-25 13:55:00,4633.59593,4637.75189,4631.06496,4632.77205
2026-08-25 14:00:00,4633.391,4635.22524,4632.17777,4634.74275
2026-08-25 14:05:00,4633.93966,4636.06861,4633.93966,4635.88199
2026-08-25 14:10:00,4635.72761,4637.7887,4635.59096,4637.64891
2026-08-25 14:15:00,4637.31185,4637.35856,4634.13504,4634.30535
2026-08-25 14:20:00,4634.65549,4636.59439,4631.34494,4631.68884
2026-08-25 14:25:00,4631.76451,4634.68599,4629.62963,4629.95311
2026-08-25 14:30:00,4630.10491,4632.35954,4628.33598,4629.04381
2026-08-25 14:35:00,4630.21412,4631.13046,4627.48727,4627.68678
2026-08-25 14:40:00,4628.01442,4628.01442,4624.91906,4626.9136
2026-08-25 14:45:00,4626.59474,4626.59474,4625.27962,4626.08233
2026-08-25 14:50:00,4625.88489,4628.77245,4625.13297,4628.53707
2026-08-25 14:55:00,4628.02575,4628.12919,4625.98881,4626.09574
2026-08-25 15:00:00,4626.19062,4628.77245,4625.24383,4628.58445
2026-08-25 15:05:00,4628.15546,4638.21892,4626.10143,4636.24872
2026-08-25 15:10:00,4637.03889,4638.76463,4635.42391,4638.6961
2026-08-25 15:15:00,4638.56694,4643.31036,4637.331,4642.63914
2026-08-25 15:20:00,4641.35699,4646.19245,4641.35699,4644.05113
2026-08-25 15:25:00,4644.40764,4646.8357,4643.17222,4646.67127
2026-08-25 15:30:00,4646.26811,4647.18078,4639.72533,4642.90166
2026-08-25 15:35:00,4642.13241,4646.54964,4641.99075,4643.98659
2026-08-25 15:40:00,4644.25253,4644.25253,4639.07961,4639.37339
2026-08-25 15:45:00,4639.61598,4641.87903,4638.83559,4639.29463
2026-08-25 15:50:00,4639.70689,4642.82878,4636.45207,4641.91288
2026-08-25 15:55:00,4639.72083,4645.32912,4639.72083,4643.00064
2026-08-25 16:00:00,4643.44147,4645.76074,4642.74107,4645.67385
2026-08-25 16:05:00,4645.47078,4648.56824,4644.28208,4647.99529
2026-08-25 16:10:00,4647.72391,4650.48363,4645.96352,4649.48145
2026-08-25 16:15:00,4649.96763,4649.96763,4646.84015,4648.07919
2026-08-25 16:20:00,4647.95669,4651.03584,4644.2157,4650.396
2026-08-25 16:25:00,4649.32596,4653.32713,4649.32596,4652.40504
2026-08-25 16:30:00,4652.05205,4653.32713,4649.43277,4653.1181
2026-08-25 16:35:00,4652.66859,4652.78952,4649.19988,4649.45608
2026-08-25 16:40:00,4649.83999,4652.20034,4648.53363,4648.82647
2026-08-25 16:45:00,4649.31562,4649.31562,4647.27205,4647.80523
2026-08-25 16:50:00,4648.13724,4648.92365,4642.70007,4643.42265
2026-08-25 16:55:00,4644.95115,4644.95115,4638.19331,4638.8173
2026-08-25 17:00:00,4640.15466,4640.58657,4636.53577,4638.8096
2026-08-25 17:05:00,4638.98877,4641.73279,4636.9285,4637.24211
2026-08-25 17:10:00,4637.59388,4641.87903,4637.59388,4640.95034
2026-08-25 17:15:00,4640.9639,4642.28355,4638.4654,4641.33394
2026-08-25 17:20:00,4640.6608,4643.60344,4639.94061,4643.38971
2026-08-25 17:25:00,4643.07251,4643.07251,4636.37751,4637.09661
2026-08-25 17:30:00,4638.72228,4638.72228,4634.77938,4635.1024
2026-08-25 17:35:00,4635.6677,4635.75374,4634.56458,4635.54656
2026-08-25 17:40:00,4635.27389,4638.81581,4635.27389,4636.14883
2026-08-25 17:45:00,4636.45602,4640.80193,4635.71918,4636.44759
2026-08-25 17:50:00,4638.09137,4638.09137,4632.03757,4632.40414
2026-08-25 17:55:00,4633.14794,4633.14794,4630.27272,4630.86802
2026-08-25 18:00:00,4630.75788,4631.38061,4626.73609,4628.53552
2026-08-25 18:05:00,4627.91499,4628.77245,4622.32334,4623.40855
2026-08-25 18:10:00,4625.59069,4625.90357,4620.64504,4625.71282
2026-08-25 18:15:00,4625.3689,4630.05834,4622.34421,4628.82853
2026-08-25 18:20:00,4628.92281,4639.56012,4627.70142,4637.33168
2026-08-25 18:25:00,4632.82266,4643.33826,4632.20308,4632.73349
2026-08-25 18:30:00,4633.61847,4634.56458,4632.84688,4633.59932
2026-08-25 18:35:00,4633.56367,4634.13371,4630.29647,4631.05703
2026-08-25 18:40:00,4632.10705,4632.10705,4625.98881,4630.20077
2026-08-25 18:45:00,4629.44802,4633.9203,4628.37564,4629.17571
2026-08-25 18:50:00,4630.66256,4630.66256,4626.39922,4627.60237
2026-08-25 18:55:00,4627.38195,4630.10658,4625.48734,4629.68676
2026-08-25 19:00:00,4629.15362,4632.38474,4625.98881,4626.2274
2026-08-25 19:05:00,4626.64889,4631.77397,4625.44744,4631.46001
2026-08-25 19:10:00,4630.81557,4631.77397,4630.05834,4630.92432
2026-08-25 19:15:00,4630.83778,4633.21993,4629.74551,4633.14488
2026-08-25 19:20:00,4632.9683,4632.9683,4629.84397,4631.02885
2026-08-25 19:25:00,4631.19734,4631.96837,4627.2362,4627.52352
2026-08-25 19:30:00,4627.88953,4635.11282,4623.17346,4633.01128
2026-08-25 19:35:00,4630.27855,4637.57362,4630.27855,4631.88164
2026-08-25 19:40:00,4633.40626,4637.80624,4630.05834,4637.48186
2026-08-25 19:45:00,4637.06498,4640.15591,4637.06498,4637.48673
2026-08-25 19:50:00,4637.99854,4642.52553,4637.99854,4639.59285
2026-08-25 19:55:00,4640.89427,4640.89427,4636.46627,4637.95045
2026-08-25 20:00:00,4637.82144,4638.27312,4633.74501,4633.98015
2026-08-25 20:05:00,4634.40048,4636.49852,4633.49087,4636.29566
2026-08-25 20:10:00,4635.78768,4638.0038,4633.9203,4635.48463
2026-08-25 20:15:00,4635.99818,4638.86441,4635.38878,4638.71365
2026-08-25 20:20:00,4638.34575,4638.34575,4636.49852,4636.8302
2026-08-25 20:25:00,4637.06141,4638.46464,4634.99421,4637.92817
2026-08-25 20:30:00,4636.97482,4637.34457,4631.69204,4635.20488
2026-08-25 20:35:00,4635.6391,4638.64923,4634.3498,4638.33454
2026-08-25 20:40:00,4637.74763,4640.80193,4637.40055,4638.54119
2026-08-25 20:45:00,4638.81596,4641.84447,4636.06414,4638.96194
2026-08-25 20:50:00,4639.43104,4641.59493,4636.81415,4641.12962
2026-08-25 20:55:00,4640.54189,4642.4782,4639.55385,4640.31399
2026-08-25 21:00:00,4641.16792,4641.16792,4638.11179,4640.10942
2026-08-25 21:05:00,4639.4531,4642.55574,4638.34796,4641.84162
2026-08-25 21:10:00,4640.14684,4643.38782,4639.51007,4640.83505
2026-08-25 21:15:00,4641.33282,4644.50019,4641.33282,4644.02505
2026-08-25 21:20:00,4643.22815,4644.89758,4641.23271,4641.48054
2026-08-25 21:25:00,4641.78364,4643.05126,4640.15591,4641.02557
2026-08-25 21:30:00,4640.75172,4643.93517,4640.75172,4642.99027
2026-08-25 21:35:00,4643.06236,4644.46612,4642.95663,4644.32083
2026-08-25 21:40:00,4644.05385,4645.36801,4641.40349,4641.72136
2026-08-25 21:45:00,4642.35339,4646.62423,4640.9037,4646.29912
2026-08-25 21:50:00,4645.64982,4647.23562,4641.66357,4642.0233
2026-08-25 21:55:00,4642.58708,4644.68184,4642.58708,4642.92177
2026-08-25 22:00:00,4643.35156,4643.35156,4634.3498,4634.959
2026-08-25 22:05:00,4635.96791,4637.95074,4635.96791,4637.40513
2026-08-25 22:10:00,4636.71829,4641.66357,4636.7135,4639.42417
2026-08-25 22:15:00,4640.13605,4640.13605,4634.47242,4635.27473
2026-08-25 22:20:00,4637.11156,4638.80864,4631.80315,4635.03883
2026-08-25 22:25:00,4634.53955,4636.7135,4632.84688,4636.53073
2026-08-25 22:30:00,4636.04642,4637.10069,4632.63226,4634.34207
2026-08-25 22:35:00,4634.30436,4634.87864,4632.83178,4634.55563
2026-08-25 22:40:00,4633.9714,4640.58657,4630.58418,4640.17281
2026-08-25 22:45:00,4639.32524,4642.52553,4636.87095,4642.08626
2026-08-25 22:50:00,4641.25949,4642.74107,4638.33558,4641.58409
2026-08-25 22:55:00,4641.9992,4641.9992,4638.64923,4638.85352
2026-08-25 23:00:00,4638.93438,4640.58657,4631.34494,4633.46844
2026-08-25 23:05:00,4632.77614,4637.28549,4628.11578,4628.52326
2026-08-25 23:10:00,4628.85186,4633.06153,4626.88906,4628.18042
2026-08-25 23:15:00,4631.18812,4631.18812,4621.92642,4627.37592
2026-08-25 23:20:00,4627.02441,4627.7414,4612.75889,4613.87238
2026-08-25 23:25:00,4615.89732,4617.23151,4609.38189,4616.84513
2026-08-25 23:30:00,4616.2709,4622.14005,4612.12065,4621.98852
2026-08-25 23:35:00,4621.72182,4624.97828,4613.39731,4619.13321
2026-08-25 23:40:00,4617.94446,4620.31864,4612.86315,4613.21887
2026-08-25 23:45:00,4613.79381,4617.65193,4607.87024,4608.38671
2026-08-25 23:50:00,4608.7711,4610.14985,4607.65793,4607.6669
2026-08-25 23:55:00,4608.08139,4614.62246,4607.65793,4610.69197
2026-08-26 00:00:00,4611.59052,4618.93764,4611.59052,4617.20958
2026-08-26 00:05:00,4617.46471,4622.99478,4615.362,4621.99554
2026-08-26 00:10:00,4622.35529,4625.56085,4622.35529,4625.05722
2026-08-26 00:15:00,4624.66924,4624.66924,4621.94773,4623.84047
2026-08-26 00:20:00,4623.87733,4623.87733,4620.21807,4623.03172
2026-08-26 00:25:00,4621.34955,4627.91559,4620.36793,4626.12565
2026-08-26 00:30:00,4626.87655,4630.06227,4622.14472,4629.54639
2026-08-26 00:35:00,4628.89368,4635.07118,4628.89368,4634.70059
2026-08-26 00:40:00,4633.71009,4637.89871,4631.94469,4632.6778
2026-08-26 00:45:00,4633.50492,4638.86441,4633.50492,4636.59863
2026-08-26 00:50:00,4636.69465,4638.98448,4633.84372,4635.72141
2026-08-26 00:55:00,4635.53372,4636.06861,4634.56458,4635.30076
2026-08-26 01:00:00,4635.20142,4636.28356,4632.43047,4633.27854
2026-08-26 01:05:00,4634.51359,4634.51359,4631.34494,4631.60076
2026-08-26 01:10:00,4631.83305,4634.3498,4631.3047,4634.00246
2026-08-26 01:15:00,4633.74245,4639.72533,4629.36041,4637.89752
2026-08-26 01:20:00,4637.66566,4644.03474,4637.66566,4642.35969
2026-08-26 01:25:00,4643.03748,4643.03748,4636.85407,4642.12554
2026-08-26 01:30:00,4641.46721,4649.2865,4641.46721,4647.70737
2026-08-26 01:35:00,4645.6625,4657.22802,4645.6625,4656.95367
2026-08-26 01:40:00,4656.42234,4657.66185,4655.01277,4655.98604
2026-08-26 01:45:00,4656.63271,4656.63271,4651.5955,4651.89868
2026-08-26 01:50:00,4652.46046,4653.15791,4648.95577,4649.72063
2026-08-26 01:55:00,4650.08276,4653.54367,4649.86515,4651.92655
2026-08-26 02:00:00,4652.12449,4653.49502,4648.68102,4649.38931
2026-08-26 02:05:00,4650.95767,4650.95767,4647.0459,4647.28223
2026-08-26 02:10:00,4647.60342,4648.76929,4642.11278,4645.44381
2026-08-26 02:15:00,4645.22943,4646.62423,4643.04556,4646.4869
2026-08-26 02:20:00,4645.86249,4646.24392,4638.43406,4639.94834
2026-08-26 02:25:00,4639.63228,4641.87903,4639.63228,4641.78944
2026-08-26 02:30:00,4641.57017,4641.90165,4639.80613,4641.7802
2026-08-26 02:35:00,4641.78588,4644.90887,4637.57362,4644.45783
2026-08-26 02:40:00,4643.87392,4645.47676,4643.60344,4644.07579
2026-08-26 02:45:00,4644.08384,4645.14517,4642.52553,4644.7291
2026-08-26 02:50:00,4643.64343,4646.59517,4643.64343,4646.37041
2026-08-26 02:55:00,4645.95881,4645.95881,4640.15591,4640.52951
2026-08-26 03:00:00,4641.01964,4643.17222,4638.64923,4638.87508
2026-08-26 03:05:00,4639.46174,4640.38738,4635.85853,4636.45603
2026-08-26 03:10:00,4637.29974,4638.78209,4634.99421,4638.55925
2026-08-26 03:15:00,4638.07434,4641.79197,4635.85369,4641.53269
2026-08-26 03:20:00,4640.78137,4644.89758,4639.57395,4640.08309
2026-08-26 03:25:00,4640.76067,4640.76067,4636.06861,4636.54271
2026-08-26 03:30:00,4637.36792,4639.51007,4636.92558,4638.54389
2026-08-26 03:35:00,4638.85191,4642.95663,4638.0038,4642.54869
2026-08-26 03:40:00,4642.43819,4644.03474,4642.07353,4643.06149
2026-08-26 03:45:00,4643.09591,4645.97658,4643.09591,4645.88115
2026-08-26 03:50:00,4645.66533,4645.91261,4641.76199,4642.27979
2026-08-26 03:55:00,4643.2847,4647.94777,4643.2847,4647.72504
2026-08-26 04:00:00,4647.06257,4648.89336,4645.29208,4645.38056
2026-08-26 04:05:00,4645.51019,4647.48803,4644.60853,4647.4124
2026-08-26 04:10:00,4647.23648,4650.59912,4646.14836,4646.95565
2026-08-26 04:15:00,4647.49226,4648.32124,4646.62423,4646.81098
2026-08-26 04:20:00,4646.81187,4649.43277,4646.81187,4648.98959
2026-08-26 04:25:00,4649.03998,4650.08138,4648.34004,4649.88708
2026-08-26 04:30:00,4649.46365,4650.15332,4646.62423,4646.7689
2026-08-26 04:35:00,4646.94604,4648.35216,4646.21363,4648.23244
2026-08-26 04:40:00,4647.97615,4650.29762,4646.8866,4650.22513
2026-08-26 04:45:00,4650,4652.14366,4649.21661,4651.97134
2026-08-26 04:50:00,4651.65258,4651.65258,4650.29762,4650.55474
2026-08-26 04:55:00,4650.65761,4654.82005,4650.65761,4654.44057
2026-08-26 05:00:00,4653.40516,4657.22802,4653.21548,4654.55942
2026-08-26 05:05:00,4655.0755,4660.48376,4653.76024,4660.17504
2026-08-26 05:10:00,4659.65462,4662.8742,4659.65462,4660.60525
2026-08-26 05:15:00,4660.90633,4667.44457,4660.90633,4665.99574
2026-08-26 05:20:00,4666.0101,4667.29044,4663.54262,4663.841
2026-08-26 05:25:00,4664.41735,4664.41735,4660.0494,4661.13814
2026-08-26 05:30:00,4660.95725,4661.72117,4659.1491,4659.8075
2026-08-26 05:35:00,4661.26888,4661.26888,4658.31276,4659.37826
2026-08-26 05:40:00,4658.95254,4663.44615,4658.95254,4662.85509
2026-08-26 05:45:00,4661.42139,4664.1791,4660.70097,4662.83434
2026-08-26 05:50:00,4662.032,4667.44457,4662.032,4667.16764
2026-08-26 05:55:00,4666.65665,4666.94101,4662.22202,4666.54585
2026-08-26 06:00:00,4665.54169,4667.9893,4665.48474,4665.86723
2026-08-26 06:05:00,4665.75373,4666.83529,4663.09163,4666.09824
2026-08-26 06:10:00,4665.1166,4668.97003,4665.1166,4666.91332
2026-08-26 06:15:00,4667.07715,4667.07715,4665.70242,4666.12495
2026-08-26 06:20:00,4665.8872,4667.46516,4665.8872,4667.34631
2026-08-26 06:25:00,4667.11599,4667.77923,4662.43939,4662.51605
2026-08-26 06:30:00,4662.63764,4663.74405,4662.22202,4662.88714
2026-08-26 06:35:00,4663.07482,4663.07482,4661.64349,4662.03094
2026-08-26 06:40:00,4661.90997,4662.19381,4660.70097,4660.96544
2026-08-26 06:45:00,4661.08019,4662.59652,4660.9182,4661.01279
2026-08-26 06:50:00,4661.21594,4661.3051,4659.54438,4660.73082
2026-08-26 06:55:00,4660.40773,4660.40773,4657.93971,4658.63733
2026-08-26 07:00:00,4658.73323,4658.81318,4658.09577,4658.66896
2026-08-26 07:05:00,4658.61861,4658.81931,4658.52977,4658.7182
2026-08-26 07:10:00,4658.61699,4658.81982,4658.52944,4658.64799
2026-08-26 07:15:00,4658.53324,4658.83701,4658.52977,4658.55566
2026-08-26 07:20:00,4658.63444,4658.80368,4658.52977,4658.67077
2026-08-26 07:25:00,4658.62124,4658.87567,4658.52977,4658.77546
2026-08-26 07:30:00,4658.67552,4658.8649,4658.52977,4658.56466
2026-08-26 07:35:00,4658.58107,4658.8637,4658.48672,4658.51083
2026-08-26 07:40:00,4658.55401,4658.80658,4658.52977,4658.65062
2026-08-26 07:45:00,4658.61013,4658.83789,4658.51803,4658.74615
2026-08-26 07:50:00,4658.65125,4658.90083,4658.31276,4658.55306
2026-08-26 07:55:00,4658.52342,4658.52977,4656.97979,4658.3509
2026-08-26 08:00:00,4658.3556,4661.10407,4656.14378,4660.92576
2026-08-26 08:05:00,4660.65083,4661.56659,4660.60828,4661.30781
2026-08-26 08:10:00,4660.9716,4664.29743,4660.9716,4663.69032
2026-08-26 08:15:00,4662.78386,4666.58391,4662.78386,4666.49734
2026-08-26 08:20:00,4666.30404,4667.13062,4665.64396,4666.85386
2026-08-26 08:25:00,4666.61909,4666.79774,4665.70242,4666.72924
2026-08-26 08:30:00,4666.59374,4669.03158,4666.51691,4668.39802
2026-08-26 08:35:00,4668.10896,4670.4987,4667.66243,4670.00085
2026-08-26 08:40:00,4670.0675,4670.74698,4669.40605,4669.44716
2026-08-26 08:45:00,4669.29642,4672.11548,4669.29642,4672.03675
2026-08-26 08:50:00,4671.76155,4673.55237,4671.76155,4672.79792
2026-08-26 08:55:00,4673.13986,4673.37203,4672.34629,4673.33272
2026-08-26 09:00:00,4673.27351,4673.71074,4670.71462,4670.76514
2026-08-26 09:05:00,4670.90766,4672.24221,4669.96905,4670.22869
2026-08-26 09:10:00,4670.685,4670.685,4667.49111,4668.28303
2026-08-26 09:15:00,4668.17636,4668.17636,4666.35558,4667.64825
2026-08-26 09:20:00,4667.51351,4667.66243,4662.65678,4662.88969
2026-08-26 09:25:00,4663.27887,4663.27887,4660.26657,4660.8551
2026-08-26 09:30:00,4660.89925,4661.35272,4658.7468,4661.1186
2026-08-26 09:35:00,4660.96362,4660.96362,4659.4671,4660.62119
2026-08-26 09:40:00,4660.3986,4660.3986,4656.14378,4656.41267
2026-08-26 09:45:00,4656.43057,4658.52977,4656.14378,4656.38358
2026-08-26 09:50:00,4656.72155,4657.3696,4654.41005,4655.4079
2026-08-26 09:55:00,4655.59942,4655.59942,4653.76024,4653.88108
2026-08-26 10:00:00,4654.08221,4656.68213,4652.67762,4653.4636
2026-08-26 10:05:00,4654.2528,4654.2528,4652.13687,4653.29348
2026-08-26 10:10:00,4652.96727,4654.19343,4652.4258,4652.81971
2026-08-26 10:15:00,4653.44984,4654.84336,4651.75573,4654.61451
2026-08-26 10:20:00,4653.90696,4654.14034,4645.32912,4645.57224
2026-08-26 10:25:00,4646.00102,4647.70403,4643.54231,4647.37625
2026-08-26 10:30:00,4646.65835,4653.10628,4644.41054,4651.57405
2026-08-26 10:35:00,4648.00436,4648.00436,4639.4382,4640.0255
2026-08-26 10:40:00,4640.95665,4640.95665,4636.9285,4637.02154
2026-08-26 10:45:00,4637.16442,4637.85548,4636.57028,4637.63259
2026-08-26 10:50:00,4637.32487,4638.03938,4635.21337,4637.63224
2026-08-26 10:55:00,4637.04977,4638.23941,4634.24324,4638.1566
2026-08-26 11:00:00,4637.9623,4643.84354,4637.14352,4642.95273
2026-08-26 11:05:00,4641.22322,4647.64113,4640.58657,4641.015
2026-08-26 11:10:00,4642.10539,4645.54492,4640.8739,4643.81863
2026-08-26 11:15:00,4644.43605,4650.71637,4642.55069,4647.90229
2026-08-26 11:20:00,4648.92326,4648.95756,4645.86035,4647.04445
2026-08-26 11:25:00,4647.52127,4647.52127,4643.38782,4646.35338
2026-08-26 11:30:00,4646.19113,4646.19113,4640.46415,4640.96925
2026-08-26 11:35:00,4641.84679,4646.84015,4639.94061,4644.18233
2026-08-26 11:40:00,4644.35699,4646.84015,4640.37123,4645.36762
2026-08-26 11:45:00,4644.5855,4648.88759,4643.17222,4648.34364
2026-08-26 11:50:00,4647.45447,4653.1106,4647.45447,4652.04368
2026-08-26 11:55:00,4652.05671,4661.57002,4651.15204,4661.00591
2026-08-26 12:00:00,4659.88721,4659.88721,4654.95564,4657.30375
2026-08-26 12:05:00,4657.20723,4661.06604,4657.20723,4660.96775
2026-08-26 12:10:00,4660.76901,4661.35272,4658.31276,4660.55231
2026-08-26 12:15:00,4660.14989,4661.13545,4660.14989,4661.06169
2026-08-26 12:20:00,4660.8425,4661.57002,4659.58204,4659.66977
2026-08-26 12:25:00,4659.79437,4659.79437,4657.01113,4657.10731
2026-08-26 12:30:00,4657.31896,4663.74405,4657.31896,4663.42277
2026-08-26 12:35:00,4662.79797,4665.48474,4660.26657,4662.82639
2026-08-26 12:40:00,4661.37986,4670.06024,4661.37986,4669.83441
2026-08-26 12:45:00,4669.3057,4669.3057,4666.06844,4666.41377
2026-08-26 12:50:00,4667.11644,4667.11644,4661.12246,4661.61175
2026-08-26 12:55:00,4662.66168,4662.66168,4658.7468,4658.80568
2026-08-26 13:00:00,4658.90215,4660.09021,4654.33848,4654.92236
2026-08-26 13:05:00,4655.69804,4658.31276,4649.86515,4650.10022
2026-08-26 13:10:00,4650.47388,4650.47388,4647.92006,4648.5047
2026-08-26 13:15:00,4648.19945,4649.27084,4646.62423,4646.69029
2026-08-26 13:20:00,4646.82725,4650.08138,4646.63447,4649.83335
2026-08-26 13:25:00,4649.62582,4650.08138,4648.1361,4648.18618
2026-08-26 13:30:00,4648.29992,4651.37913,4648.29992,4650.68419
2026-08-26 13:35:00,4650.56361,4651.39281,4647.84795,4650.89168
2026-08-26 13:40:00,4649.59737,4649.59737,4645.91481,4647.23268
2026-08-26 13:45:00,4646.8719,4646.8719,4643.60344,4644.40801
2026-08-26 13:50:00,4644.2875,4645.54492,4643.60344,4645.27614
2026-08-26 13:55:00,4645.17233,4645.54515,4643.60344,4644.03212
2026-08-26 14:00:00,4643.94654,4644.12229,4642.796,4643.86151
2026-08-26 14:05:00,4643.43068,4644.41059,4641.59138,4643.26455
2026-08-26 14:10:00,4643.03109,4643.81908,4643.03109,4643.21168
2026-08-26 14:15:00,4643.24142,4643.24142,4641.87903,4642.49376
2026-08-26 14:20:00,4642.21418,4642.74537,4641.66357,4641.74458
2026-08-26 14:25:00,4641.91958,4643.5223,4641.01731,4641.86432
2026-08-26 14:30:00,4641.71204,4643.17222,4641.23271,4641.43106
2026-08-26 14:35:00,4641.71643,4642.12178,4641.23271,4641.25164
2026-08-26 14:40:00,4641.27145,4641.917,4639.94061,4641.64463
2026-08-26 14:45:00,4641.57929,4641.57929,4639.07961,4639.18208
2026-08-26 14:50:00,4639.37477,4641.87903,4639.37477,4641.731
2026-08-26 14:55:00,4641.41302,4641.66357,4639.72533,4639.85154
2026-08-26 15:00:00,4640.07001,4643.44835,4640.06572,4643.28386
2026-08-26 15:05:00,4643.0602,4644.50653,4641.66357,4642.81784
2026-08-26 15:10:00,4643.28384,4646.23698,4641.87903,4642.04305
2026-08-26 15:15:00,4642.16052,4644.00572,4641.18018,4643.88817
2026-08-26 15:20:00,4643.61484,4644.46612,4642.30017,4644.22154
2026-08-26 15:25:00,4643.8124,4645.23729,4642.95663,4644.93858
2026-08-26 15:30:00,4644.54154,4647.48803,4644.54154,4645.75803
2026-08-26 15:35:00,4646.56517,4646.56517,4639.29483,4639.61589
2026-08-26 15:40:00,4640.18207,4647.01207,4638.8882,4639.6845
2026-08-26 15:45:00,4641.24878,4641.24878,4636.28356,4639.30219
2026-08-26 15:50:00,4638.86197,4640.15591,4636.78819,4640.05509
2026-08-26 15:55:00,4639.85713,4640.36001,4637.35856,4639.24742
2026-08-26 16:00:00,4639.01684,4640.54898,4634.42621,4639.51401
2026-08-26 16:05:00,4636.92995,4641.66357,4636.92995,4638.64483
2026-08-26 16:10:00,4638.78255,4639.82856,4636.7135,4638.4553
2026-08-26 16:15:00,4638.39792,4638.43406,4632.41766,4632.54602
2026-08-26 16:20:00,4632.66342,4634.13504,4626.84495,4627.27326
2026-08-26 16:25:00,4628.1212,4628.77245,4625.56085,4626.02789
2026-08-26 16:30:00,4626.38354,4630.27272,4625.3469,4628.88721
2026-08-26 16:35:00,4629.07397,4631.79692,4627.70142,4629.35775
2026-08-26 16:40:00,4628.88807,4633.76321,4628.88807,4633.54811
2026-08-26 16:45:00,4632.92993,4636.49852,4632.92993,4636.20713
2026-08-26 16:50:00,4635.87783,4636.49852,4633.27619,4633.41582
2026-08-26 16:55:00,4633.62514,4633.987,4630.62264,4633.71522
2026-08-26 17:00:00,4633.136,4638.73064,4633.136,4636.59047
2026-08-26 17:05:00,4637.46793,4639.37514,4634.54584,4634.82838
2026-08-26 17:10:00,4635.34156,4636.4082,4634.13504,4636.21932
2026-08-26 17:15:00,4635.76305,4638.10192,4634.42852,4634.98282
2026-08-26 17:20:00,4635.99988,4635.99988,4632.84688,4633.54097
2026-08-26 17:25:00,4633.42309,4635.42391,4631.58057,4631.9474
2026-08-26 17:30:00,4632.56238,4634.77938,4630.70155,4634.61182
2026-08-26 17:35:00,4634.31476,4635.54894,4630.97687,4631.48759
2026-08-26 17:40:00,4632.35155,4632.35155,4629.201,4630.5909
2026-08-26 17:45:00,4630.41858,4633.36867,4630.35166,4633.05498
2026-08-26 17:50:00,4632.63366,4635.31718,4628.12977,4628.93785
2026-08-26 17:55:00,4628.72902,4629.42009,4626.40047,4629.18824
2026-08-26 18:00:00,4628.88,4630.30104,4627.23379,4629.91756
2026-08-26 18:05:00,4629.60734,4629.62963,4624.61405,4625.36784
2026-08-26 18:10:00,4626.53646,4629.62963,4626.41684,4627.88265
2026-08-26 18:15:00,4627.7959,4627.7959,4622.99478,4624.03518
2026-08-26 18:20:00,4624.76543,4625.13297,4622.78107,4622.96003
2026-08-26 18:25:00,4623.54465,4629.14277,4623.54465,4628.91598
2026-08-26 18:30:00,4628.33254,4629.56829,4625.3469,4628.96223
2026-08-26 18:35:00,4627.99155,4630.95073,4627.99155,4628.33178
2026-08-26 18:40:00,4628.70586,4629.01839,4628.12977,4628.96618
2026-08-26 18:45:00,4628.73383,4629.4824,4627.70142,4627.82566
2026-08-26 18:50:00,4628.03808,4628.48153,4628.03808,4628.06081
2026-08-26 18:55:00,4628.07898,4628.6133,4626.50154,4627.46894
2026-08-26 19:00:00,4627.04739,4631.13046,4627.04739,4628.24062
2026-08-26 19:05:00,4628.96298,4628.96298,4624.9354,4625.30686
2026-08-26 19:10:00,4626.0381,4627.91559,4624.27746,4625.4051
2026-08-26 19:15:00,4625.91478,4626.48819,4622.24415,4622.96372
2026-08-26 19:20:00,4622.88131,4622.88131,4619.72484,4620.82445
2026-08-26 19:25:00,4620.58079,4621.31299,4616.59203,4617.80816
2026-08-26 19:30:00,4617.63907,4622.14005,4617.09393,4621.32302
2026-08-26 19:35:00,4621.38686,4621.43662,4620.64504,4620.73141
2026-08-26 19:40:00,4620.77192,4622.27283,4620.21807,4621.84065
2026-08-26 19:45:00,4620.69172,4624.91906,4620.69172,4624.79144
2026-08-26 19:50:00,4624.42813,4624.91906,4622.66073,4622.87135
2026-08-26 19:55:00,4623.2568,4625.3469,4623.2568,4624.08447
2026-08-26 20:00:00,4624.11631,4625.18688,4621.49921,4622.96825
2026-08-26 20:05:00,4621.51196,4624.70518,4620.64504,4620.82526
2026-08-26 20:10:00,4621.24107,4621.73292,4618.08442,4618.23909
2026-08-26 20:15:00,4618.30448,4620.21807,4618.2595,4618.51631
2026-08-26 20:20:00,4618.84818,4620.00462,4614.90591,4619.67647
2026-08-26 20:25:00,4619.09243,4620.38026,4613.18448,4615.00597
2026-08-26 20:30:00,4614.86251,4619.04434,4614.79623,4618.93445
2026-08-26 20:35:00,4618.55945,4623.70872,4617.98041,4623.07804
2026-08-26 20:40:00,4622.26509,4624.70518,4620.85856,4621.16385
2026-08-26 20:45:00,4621.61482,4623.33311,4621.30914,4623.26695
2026-08-26 20:50:00,4623.04576,4624.60787,4622.14005,4622.25583
2026-08-26 20:55:00,4622.53015,4623.15728,4620.00462,4620.12172
2026-08-26 21:00:00,4620.22645,4621.28221,4619.67152,4621.19212
2026-08-26 21:05:00,4620.99131,4621.28564,4617.48972,4617.83611
2026-08-26 21:10:00,4618.52786,4618.72431,4617.44088,4618.6329
2026-08-26 21:15:00,4618.4033,4622.52187,4617.91754,4622.30381
2026-08-26 21:20:00,4621.81844,4622.99478,4616.59203,4616.84091
2026-08-26 21:25:00,4617.22062,4621.09726,4617.05654,4620.90715
2026-08-26 21:30:00,4620.65502,4622.78107,4619.60627,4622.3511
2026-08-26 21:35:00,4622.78293,4622.78293,4617.65792,4617.76686
2026-08-26 21:40:00,4618.05974,4619.36438,4617.91873,4619.24704
2026-08-26 21:45:00,4619.07731,4619.74971,4617.65792,4617.69576
2026-08-26 21:50:00,4617.49648,4619.57777,4617.49648,4619.53338
2026-08-26 21:55:00,4619.38848,4625.3469,4618.61615,4625.07908
2026-08-26 22:00:00,4624.56732,4628.5582,4622.68915,4627.16774
2026-08-26 22:05:00,4627.32411,4629.84397,4626.84495,4628.71026
2026-08-26 22:10:00,4628.42538,4628.42538,4625.56085,4627.26886
2026-08-26 22:15:00,4627.14224,4629.4153,4623.78518,4629.10419
2026-08-26 22:20:00,4628.50757,4629.84397,4626.13996,4626.42721
2026-08-26 22:25:00,4626.79151,4630.48713,4625.20448,4629.1995
2026-08-26 22:30:00,4629.56699,4633.22009,4615.95273,4621.43045
2026-08-26 22:35:00,4619.45129,4624.91906,4616.87984,4621.9434
2026-08-26 22:40:00,4623.31892,4624.23446,4615.8516,4622.67926
2026-08-26 22:45:00,4619.15891,4625.98881,4618.03542,4622.74978
2026-08-26 22:50:00,4620.96801,4625.32434,4616.75864,4617.60668
2026-08-26 22:55:00,4618.72966,4618.72966,4606.67937,4615.88188
2026-08-26 23:00:00,4617.16302,4621.92642,4608.92659,4615.34143
2026-08-26 23:05:00,4617.32129,4617.32129,4610.33992,4610.63103
2026-08-26 23:10:00,4611.09314,4611.60464,4609.56947,4610.48705
2026-08-26 23:15:00,4610.66443,4613.8843,4600.6625,4610.46837
2026-08-26 23:20:00,4608.99215,4613.39731,4600.86096,4612.00524
2026-08-26 23:25:00,4610.60852,4611.7845,4605.32375,4609.88901
2026-08-26 23:30:00,4608.08685,4617.31468,4608.08685,4616.19761
2026-08-26 23:35:00,4614.77696,4619.27074,4613.82301,4615.33098
2026-08-26 23:40:00,4615.21369,4620.79125,4611.14606,4620.21002
2026-08-26 23:45:00,4619.44322,4623.20851,4618.26197,4623.1231
2026-08-26 23:50:00,4622.85464,4626.84495,4621.92642,4625.6825
2026-08-26 23:55:00,4625.82005,4630.18777,4625.56085,4629.80277
2026-08-27 00:00:00,4629.18313,4632.20308,4623.42226,4626.11014
2026-08-27 00:05:00,4625.89216,4625.89216,4622.99478,4623.19786
2026-08-27 00:10:00,4623.53994,4626.20281,4620.85856,4623.50395
2026-08-27 00:15:00,4623.52877,4623.52877,4620.00462,4622.66191
2026-08-27 00:20:00,4621.94034,4626.10509,4621.00877,4621.89274
2026-08-27 00:25:00,4623.1473,4623.1473,4617.44471,4618.67678
2026-08-27 00:30:00,4618.51842,4618.51842,4616.14495,4616.31133
2026-08-27 00:35:00,4616.83129,4618.87706,4615.10061,4615.61519
2026-08-27 00:40:00,4615.56446,4622.26396,4615.45629,4622.03353
2026-08-27 00:45:00,4621.5785,4625.51366,4612.33338,4612.68211
2026-08-27 00:50:00,4613.28988,4613.31817,4609.4252,4610.24549
2026-08-27 00:55:00,4611.89693,4613.64267,4606.38445,4607.27569
2026-08-27 01:00:00,4607.47176,4609.26683,4597.48977,4597.98348
2026-08-27 01:05:00,4598.73871,4599.931,4587.57684,4595.11579
2026-08-27 01:10:00,4592.96581,4599.18135,4589.98797,4596.88893
2026-08-27 01:15:00,4595.63381,4595.63381,4582.25287,4591.60041
2026-08-27 01:20:00,4589.29115,4594.74361,4589.29115,4592.38774
2026-08-27 01:25:00,4592.74587,4596.13273,4591.74928,4595.75998
2026-08-27 01:30:00,4595.18209,4597.48977,4595.18209,4596.65346
2026-08-27 01:35:00,4596.84671,4600.0276,4595.20248,4599.10216
2026-08-27 01:40:00,4599.43798,4603.95307,4598.54686,4603.51359
2026-08-27 01:45:00,4602.60339,4608.55534,4602.60339,4608.29145
2026-08-27 01:50:00,4607.83509,4608.93211,4599.60443,4599.8939
2026-08-27 01:55:00,4600.40025,4603.8396,4597.34621,4598.20522
2026-08-27 02:00:00,4600.19096,4600.19096,4592.00073,4596.33762
2026-08-27 02:05:00,4596.67528,4602.53292,4596.67528,4600.55901
2026-08-27 02:10:00,4600.27919,4600.27919,4597.71095,4597.88471
2026-08-27 02:15:00,4598.42521,4599.95522,4597.82699,4598.71264
2026-08-27 02:20:00,4598.47075,4598.96983,4594.32142,4594.70326
2026-08-27 02:25:00,4595.57664,4596.45829,4595.37705,4595.47465
2026-08-27 02:30:00,4595.60365,4595.60365,4593.8993,4593.95439
2026-08-27 02:35:00,4594.04256,4595.17122,4589.00815,4589.67024
2026-08-27 02:40:00,4590.69398,4591.15743,4584.80948,4591.05088
2026-08-27 02:45:00,4590.60548,4594.53251,4587.78731,4594.25141
2026-08-27 02:50:00,4593.5074,4596.22191,4589.26113,4589.53695
2026-08-27 02:55:00,4589.92851,4591.46682,4589.05053,4591.347
2026-08-27 03:00:00,4590.92663,4593.35439,4590.84985,4593.11987
2026-08-27 03:05:00,4592.4466,4596.43317,4589.80772,4596.12552
2026-08-27 03:10:00,4595.47861,4595.58824,4593.12772,4593.90226
2026-08-27 03:15:00,4594.08486,4595.97892,4593.5806,4593.82214
2026-08-27 03:20:00,4594.42918,4598.3354,4594.42918,4597.12502
2026-08-27 03:25:00,4597.22633,4597.93746,4595.16589,4597.31517
2026-08-27 03:30:00,4596.85627,4601.82848,4596.85627,4601.30455
2026-08-27 03:35:00,4600.05852,4602.35641,4596.85575,4597.89918
2026-08-27 03:40:00,4597.77091,4599.39288,4596.01066,4596.31582
2026-08-27 03:45:00,4596.91437,4598.54686,4596.91437,4597.10191
2026-08-27 03:50:00,4597.33826,4598.96983,4597.33826,4598.80289
2026-08-27 03:55:00,4598.76917,4599.45016,4594.74361,4597.12772
2026-08-27 04:00:00,4596.72178,4602.67005,4596.70987,4602.20947
2026-08-27 04:05:00,4601.62962,4604.26739,4600.87417,4601.00408
2026-08-27 04:10:00,4601.08567,4604.09042,4600.95276,4601.50206
2026-08-27 04:15:00,4602.47351,4602.47351,4596.05353,4596.64605
2026-08-27 04:20:00,4597.64211,4597.64211,4593.8907,4594.97526
2026-08-27 04:25:00,4594.85328,4594.95474,4593.53039,4594.1989
2026-08-27 04:30:00,4594.42808,4595.0184,4593.71451,4594.76651
2026-08-27 04:35:00,4594.58324,4595.96999,4592.502,4594.19236
2026-08-27 04:40:00,4594.34039,4597.27841,4593.32211,4597.16618
2026-08-27 04:45:00,4596.92999,4597.91255,4596.39882,4597.82815
2026-08-27 04:50:00,4597.61938,4597.91255,4596.22191,4597.81457
2026-08-27 04:55:00,4597.6115,4597.6115,4593.68827,4594.26498
2026-08-27 05:00:00,4594.56657,4594.85557,4590.94665,4591.35304
2026-08-27 05:05:00,4592.07014,4593.42975,4591.36823,4592.05555
2026-08-27 05:10:00,4592.55776,4595.58824,4592.55776,4593.54518
2026-08-27 05:15:00,4593.68759,4595.16589,4592.21161,4592.70852
2026-08-27 05:20:00,4592.6166,4594.03159,4590.88719,4593.83976
2026-08-27 05:25:00,4593.2729,4599.38313,4592.58962,4597.44054
2026-08-27 05:30:00,4597.89718,4600.87417,4597.89718,4599.6636
2026-08-27 05:35:00,4599.58719,4599.58719,4596.85575,4597.49446
2026-08-27 05:40:00,4597.43172,4597.43172,4595.21094,4595.62844
2026-08-27 05:45:00,4596.39802,4596.78859,4594.32142,4595.78264
2026-08-27 05:50:00,4595.53414,4596.01066,4592.63342,4593.39189
2026-08-27 05:55:00,4593.69039,4594.55578,4592.63342,4592.8099
2026-08-27 06:00:00,4593.07329,4595.16589,4592.70577,4595.00293
2026-08-27 06:05:00,4594.67083,4596.64445,4593.23542,4595.21448
2026-08-27 06:10:00,4595.65848,4595.65848,4592.63342,4592.97856
2026-08-27 06:15:00,4593.00598,4593.46706,4589.26113,4589.70638
2026-08-27 06:20:00,4589.76812,4591.86747,4584.42213,4588.06049
2026-08-27 06:25:00,4586.98949,4591.57904,4586.98949,4591.54932
2026-08-27 06:30:00,4591.49048,4591.69032,4590.73589,4591.16787
2026-08-27 06:35:00,4591.05763,4593.29397,4591.05763,4593.23042
2026-08-27 06:40:00,4593.0715,4593.26627,4591.36823,4591.52713
2026-08-27 06:45:00,4591.81903,4593.16632,4591.55811,4592.84628
2026-08-27 06:50:00,4592.38453,4594.11035,4592.38453,4592.87166
2026-08-27 06:55:00,4592.90436,4594.53821,4592.63342,4594.48089
2026-08-27 07:00:00,4594.38695,4594.78129,4593.0553,4593.76929
2026-08-27 07:05:00,4593.59749,4593.96329,4593.59749,4593.82007
2026-08-27 07:10:00,4593.7414,4593.88883,4593.67597,4593.67597
2026-08-27 07:15:00,4593.70726,4593.97323,4593.63835,4593.88045
2026-08-27 07:20:00,4593.79516,4593.93506,4593.66309,4593.80428
2026-08-27 07:25:00,4593.70555,4593.95659,4593.62803,4593.87182
2026-08-27 07:30:00,4593.70437,4593.8993,4593.47726,4593.51109
2026-08-27 07:35:00,4593.59817,4593.88958,4593.57782,4593.75945
2026-08-27 07:40:00,4593.69654,4593.82641,4593.66604,4593.78696
2026-08-27 07:45:00,4593.68924,4593.87089,4593.47726,4593.77989
2026-08-27 07:50:00,4593.65841,4594.11035,4593.47726,4593.79485
2026-08-27 07:55:00,4593.81331,4593.9443,4593.67201,4593.80466
2026-08-27 08:00:00,4593.73892,4607.0211,4590.98701,4605.41181
2026-08-27 08:05:00,4605.10288,4605.10288,4603.35121,4603.87713
2026-08-27 08:10:00,4603.95578,4604.68757,4602.56577,4603.18966
2026-08-27 08:15:00,4603.03935,4612.33338,4598.55762,4611.87004
2026-08-27 08:20:00,4610.79837,4613.18448,4606.73614,4607.38599
2026-08-27 08:25:00,4608.84149,4609.71214,4605.74797,4609.18623
2026-08-27 08:30:00,4608.06133,4611.48259,4608.06133,4610.18216
2026-08-27 08:35:00,4610.5428,4610.5428,4609.14454,4610.07914
2026-08-27 08:40:00,4609.60015,4611.26994,4609.14454,4611.04959
2026-08-27 08:45:00,4610.68504,4611.02976,4608.73938,4608.97263
2026-08-27 08:50:00,4609.4028,4609.4028,4607.65793,4607.85821
2026-08-27 08:55:00,4607.85221,4608.53806,4607.44563,4608.48408
2026-08-27 09:00:00,4608.40286,4610.60159,4606.95758,4609.77822
2026-08-27 09:05:00,4609.33691,4611.90795,4607.84722,4611.11284
2026-08-27 09:10:00,4611.32893,4614.31516,4610.41955,4611.98011
2026-08-27 09:15:00,4612.40323,4619.754,4612.40323,4619.28844
2026-08-27 09:20:00,4618.43396,4622.3537,4618.43396,4622.10269
2026-08-27 09:25:00,4622.02575,4622.47277,4620.95427,4622.24293
2026-08-27 09:30:00,4621.84762,4621.84762,4618.49375,4618.58547
2026-08-27 09:35:00,4618.97986,4622.14005,4618.97986,4619.45364
2026-08-27 09:40:00,4620.02975,4623.84982,4620.02975,4622.73258
2026-08-27 09:45:00,4622.91961,4624.21353,4622.08471,4623.62712
2026-08-27 09:50:00,4622.88699,4624.9706,4621.38717,4621.77244
2026-08-27 09:55:00,4622.45152,4623.84982,4620.85856,4623.74092
2026-08-27 10:00:00,4623.50152,4625.95848,4622.82093,4625.68715
2026-08-27 10:05:00,4624.92148,4626.54902,4618.34352,4618.59474
2026-08-27 10:10:00,4619.06646,4620.00462,4616.80517,4617.08726
2026-08-27 10:15:00,4617.2913,4619.36438,4613.51096,4613.77343
2026-08-27 10:20:00,4614.01557,4622.14005,4614.01557,4621.49899
2026-08-27 10:25:00,4620.80677,4621.07209,4618.13731,4618.47399
2026-08-27 10:30:00,4619.07601,4620.43155,4613.61015,4613.79058
2026-08-27 10:35:00,4614.10937,4616.02924,4610.41955,4614.57086
2026-08-27 10:40:00,4614.13786,4614.13786,4607.1356,4608.0797
2026-08-27 10:45:00,4610.21784,4610.21784,4605.74797,4609.61286
2026-08-27 10:50:00,4608.59459,4610.63212,4601.5093,4601.79538
2026-08-27 10:55:00,4602.32074,4604.43157,4602.1446,4603.22811
2026-08-27 11:00:00,4603.64285,4613.7904,4603.64285,4612.84421
2026-08-27 11:05:00,4610.5054,4617.87116,4610.5054,4617.68359
2026-08-27 11:10:00,4617.43186,4623.18796,4613.9569,4618.8505
2026-08-27 11:15:00,4620.09418,4624.79206,4617.65792,4618.4264
2026-08-27 11:20:00,4618.60581,4623.84982,4618.60581,4623.62355
2026-08-27 11:25:00,4623.30969,4624.49131,4619.86443,4620.117
2026-08-27 11:30:00,4620.51099,4622.3537,4619.36438,4622.14118
2026-08-27 11:35:00,4621.70043,4630.916,4620.71304,4629.85308
2026-08-27 11:40:00,4628.03872,4630.80425,4624.17454,4624.74224
2026-08-27 11:45:00,4625.56052,4631.55945,4623.42226,4630.31718
2026-08-27 11:50:00,4630.42092,4634.63864,4629.24652,4633.83068
2026-08-27 11:55:00,4632.31034,4639.29483,4632.31034,4639.19431
2026-08-27 12:00:00,4638.96172,4642.31001,4638.87336,4640.81567
2026-08-27 12:05:00,4642.11898,4642.11898,4638.53701,4640.86361
2026-08-27 12:10:00,4640.4785,4642.08781,4638.45457,4638.77806
2026-08-27 12:15:00,4639.48841,4640.58657,4638.65697,4639.51187
2026-08-27 12:20:00,4639.41525,4640.37123,4637.55657,4637.95616
2026-08-27 12:25:00,4638.62843,4638.62843,4633.55539,4634.30828
2026-08-27 12:30:00,4635.8323,4635.8323,4628.77245,4629.03561
2026-08-27 12:35:00,4629.46089,4630.77817,4624.91906,4625.08936
2026-08-27 12:40:00,4625.31642,4628.34398,4623.56561,4624.03095
2026-08-27 12:45:00,4624.5406,4630.0742,4624.5406,4629.41093
2026-08-27 12:50:00,4628.17531,4632.95536,4627.91559,4629.69213
2026-08-27 12:55:00,4629.25403,4630.34609,4628.34398,4629.68502
2026-08-27 13:00:00,4629.33225,4633.77344,4628.98671,4632.91568
2026-08-27 13:05:00,4630.77469,4634.77938,4630.77469,4631.39783
2026-08-27 13:10:00,4631.99642,4634.3498,4629.84397,4634.04513
2026-08-27 13:15:00,4633.56857,4635.18621,4633.27619,4633.41616
2026-08-27 13:20:00,4633.64656,4638.29872,4633.213,4638.06947
2026-08-27 13:25:00,4637.59583,4638.43406,4635.86756,4637.05712
2026-08-27 13:30:00,4637.13633,4637.13633,4633.9203,4634.60018
2026-08-27 13:35:00,4634.47452,4634.80379,4632.20308,4632.35921
2026-08-27 13:40:00,4632.5595,4632.63226,4629.3508,4629.58062
2026-08-27 13:45:00,4629.93064,4629.93064,4627.264,4627.62175
2026-08-27 13:50:00,4628.2656,4628.2656,4626.197,4626.22733
2026-08-27 13:55:00,4626.34986,4626.69281,4624.27746,4624.55864
2026-08-27 14:00:00,4625.00391,4627.27315,4624.48133,4627.19624
2026-08-27 14:05:00,4626.97087,4626.97087,4625.13297,4625.35589
2026-08-27 14:10:00,4625.50432,4626.17897,4624.91906,4625.63458
2026-08-27 14:15:00,4625.28095,4626.87086,4625.13297,4626.66249
2026-08-27 14:20:00,4626.29822,4626.29822,4622.99478,4623.03633
2026-08-27 14:25:00,4623.11864,4624.76276,4621.07209,4621.26572
2026-08-27 14:30:00,4621.59211,4621.59211,4619.32885,4619.51566
2026-08-27 14:35:00,4619.83816,4620.21807,4618.17016,4618.43279
2026-08-27 14:40:00,4618.90028,4620.21807,4617.57206,4619.88079
2026-08-27 14:45:00,4619.70432,4620.3367,4618.08442,4619.88529
2026-08-27 14:50:00,4619.2534,4620.64504,4619.2534,4620.19425
2026-08-27 14:55:00,4620.11403,4620.11403,4618.08442,4618.5025
2026-08-27 15:00:00,4618.40727,4618.99296,4616.51722,4618.28182
2026-08-27 15:05:00,4617.43681,4621.04284,4617.43681,4618.75544
2026-08-27 15:10:00,4619.68188,4621.49921,4619.68188,4620.8793
2026-08-27 15:15:00,4620.81148,4621.89526,4618.72431,4619.69823
2026-08-27 15:20:00,4619.21393,4621.0671,4618.91233,4619.18143
2026-08-27 15:25:00,4619.3301,4621.53629,4618.91829,4619.27838
2026-08-27 15:30:00,4619.82393,4619.8434,4609.99447,4613.07755
2026-08-27 15:35:00,4612.59186,4612.59186,4608.93211,4611.86145
2026-08-27 15:40:00,4611.63666,4611.80998,4606.28059,4610.54813
2026-08-27 15:45:00,4608.50854,4609.78196,4604.85441,4607.71657
2026-08-27 15:50:00,4608.05715,4609.80694,4601.5093,4604.19477
2026-08-27 15:55:00,4603.55492,4606.95086,4602.99194,4606.44029
2026-08-27 16:00:00,4605.15688,4607.44563,4600.45084,4603.85817
2026-08-27 16:05:00,4602.82746,4606.26087,4602.1446,4604.22325
2026-08-27 16:10:00,4603.40302,4605.82104,4599.80691,4604.80417
2026-08-27 16:15:00,4602.27341,4607.0211,4602.27341,4606.42245
2026-08-27 16:20:00,4605.89497,4609.99447,4605.89497,4608.3757
2026-08-27 16:25:00,4608.28622,4610.2584,4607.65793,4609.75921
2026-08-27 16:30:00,4609.23666,4611.48259,4607.00606,4607.70955
2026-08-27 16:35:00,4609.20302,4609.20302,4605.11167,4607.63689
2026-08-27 16:40:00,4606.77113,4608.72544,4606.77113,4608.62898
2026-08-27 16:45:00,4608.42844,4609.57257,4604.26355,4604.682
2026-08-27 16:50:00,4605.53605,4605.78207,4602.78008,4605.10884
2026-08-27 16:55:00,4604.60235,4604.90369,4597.5016,4597.95512
2026-08-27 17:00:00,4598.70543,4602.56823,4598.70543,4601.80087
2026-08-27 17:05:00,4600.9326,4605.48253,4600.46436,4605.26004
2026-08-27 17:10:00,4604.87136,4604.87136,4601.65736,4601.70093
2026-08-27 17:15:00,4602.03741,4604.59665,4597.70115,4597.93708
2026-08-27 17:20:00,4598.27884,4598.79782,4596.64445,4597.59833
2026-08-27 17:25:00,4597.38933,4597.99207,4593.8993,4597.69338
2026-08-27 17:30:00,4597.20665,4602.28902,4595.37705,4595.66606
2026-08-27 17:35:00,4596.17169,4597.48977,4595.79944,4596.16106
2026-08-27 17:40:00,4596.38315,4598.3354,4595.96103,4598.16019
2026-08-27 17:45:00,4597.75924,4598.96983,4596.85575,4597.05774
2026-08-27 17:50:00,4597.4,4599.07371,4596.85575,4598.73252
2026-08-27 17:55:00,4597.94501,4602.56823,4597.94501,4601.94053
2026-08-27 18:00:00,4601.55861,4605.7558,4600.45084,4605.5065
2026-08-27 18:05:00,4605.1655,4607.11862,4604.27077,4606.82224
2026-08-27 18:10:00,4606.51289,4606.51289,4602.78008,4604.537
2026-08-27 18:15:00,4604.18794,4606.08569,4602.58525,4604.77419
2026-08-27 18:20:00,4604.93863,4607.33947,4600.6625,4602.58044
2026-08-27 18:25:00,4602.06214,4604.05157,4601.5093,4601.58471
2026-08-27 18:30:00,4601.73759,4601.96976,4600.23921,4600.37209
2026-08-27 18:35:00,4600.55186,4600.55186,4597.91255,4598.8756
2026-08-27 18:40:00,4598.70421,4599.09916,4596.55565,4597.84904
2026-08-27 18:45:00,4597.65132,4598.13036,4595.37705,4597.93991
2026-08-27 18:50:00,4597.39665,4600.0276,4597.39665,4599.86081
2026-08-27 18:55:00,4599.7656,4603.68366,4599.10635,4603.07259
2026-08-27 19:00:00,4601.89543,4601.89543,4594.91039,4595.55283
2026-08-27 19:05:00,4596.53878,4596.95593,4594.11035,4595.25163
2026-08-27 19:10:00,4595.44755,4598.3354,4595.37705,4596.56714
2026-08-27 19:15:00,4596.96994,4597.67009,4595.3739,4595.84749
2026-08-27 19:20:00,4596.86144,4596.94605,4594.95474,4596.88125
2026-08-27 19:25:00,4596.72896,4598.35857,4593.06643,4593.82184
2026-08-27 19:30:00,4594.74474,4599.39288,4593.52549,4593.99698
2026-08-27 19:35:00,4594.98242,4595.45786,4581.48165,4584.59054
2026-08-27 19:40:00,4584.46504,4584.63231,4582.11144,4583.25076
2026-08-27 19:45:00,4582.99304,4584.24468,4582.08182,4582.33447
2026-08-27 19:50:00,4582.98438,4585.6835,4582.53139,4583.76001
2026-08-27 19:55:00,4584.40104,4584.40104,4579.59333,4579.78406
2026-08-27 20:00:00,4580.10746,4582.69233,4568.50473,4569.49183
2026-08-27 20:05:00,4571.11088,4577.2875,4569.60986,4575.07441
2026-08-27 20:10:00,4575.27589,4582.53139,4575.27589,4579.97779
2026-08-27 20:15:00,4580.05345,4583.94487,4577.85526,4580.27925
2026-08-27 20:20:00,4579.50022,4582.3214,4579.50022,4582.21126
2026-08-27 20:25:00,4582.02599,4582.10514,4580.63341,4580.86944
2026-08-27 20:30:00,4581.30867,4581.30867,4579.20108,4579.33125
2026-08-27 20:35:00,4579.49279,4579.87427,4576.42859,4578.65107
2026-08-27 20:40:00,4578.42401,4585.5012,4576.24016,4585.2257
2026-08-27 20:45:00,4584.45984,4587.30394,4584.45984,4587.21103
2026-08-27 20:50:00,4586.89297,4588.62034,4586.89297,4588.48976
2026-08-27 20:55:00,4588.0572,4590.31444,4588.0572,4590.19275
2026-08-27 21:00:00,4589.81325,4590.31444,4588.09362,4590.25683
2026-08-27 21:05:00,4590.07083,4591.02166,4588.83994,4590.75777
2026-08-27 21:10:00,4590.33392,4591.49854,4590.15228,4590.20437
2026-08-27 21:15:00,4590.54995,4592.84435,4590.54995,4592.08545
2026-08-27 21:20:00,4591.98709,4595.16589,4591.07399,4593.69946
2026-08-27 21:25:00,4593.98244,4596.01066,4593.0553,4593.32361
2026-08-27 21:30:00,4593.78746,4599.18135,4593.78746,4598.86472
2026-08-27 21:35:00,4598.12541,4599.10291,4594.32142,4595.12251
2026-08-27 21:40:00,4595.22562,4599.81601,4594.32713,4598.76388
2026-08-27 21:45:00,4598.84122,4598.84122,4595.37705,4595.54623
2026-08-27 21:50:00,4595.80066,4597.22123,4594.73412,4596.83968
2026-08-27 21:55:00,4596.31555,4600.57107,4596.31555,4597.90563
2026-08-27 22:00:00,4598.28767,4601.29757,4597.67835,4601.11445
2026-08-27 22:05:00,4600.7234,4600.7234,4593.8993,4594.74439
2026-08-27 22:10:00,4594.46519,4595.60015,4593.85515,4595.05688
2026-08-27 22:15:00,4594.6865,4595.58824,4592.63342,4595.24432
2026-08-27 22:20:00,4594.96604,4599.60443,4594.53251,4598.53707
2026-08-27 22:25:00,4598.10547,4598.10547,4593.98204,4594.26598
2026-08-27 22:30:00,4594.81942,4596.00784,4593.12962,4595.76635
2026-08-27 22:35:00,4595.35085,4595.56247,4588.41883,4588.74838
2026-08-27 22:40:00,4589.27174,4590.17821,4587.9978,4588.34553
2026-08-27 22:45:00,4588.58459,4590.00914,4584.80127,4585.134
2026-08-27 22:50:00,4585.60993,4585.9576,4580.85204,4581.12109
2026-08-27 22:55:00,4581.33621,4586.73516,4581.33621,4585.17275
2026-08-27 23:00:00,4585.49045,4589.09783,4581.48165,4588.64306
2026-08-27 23:05:00,4588.05797,4590.52516,4586.73516,4587.04576
2026-08-27 23:10:00,4587.03202,4591.63674,4586.52479,4590.92204
2026-08-27 23:15:00,4589.63467,4589.63467,4583.16146,4587.75923
2026-08-27 23:20:00,4587.30188,4588.41883,4585.99245,4587.02204
2026-08-27 23:25:00,4587.15233,4593.8993,4586.23177,4591.31121
2026-08-27 23:30:00,4591.99003,4592.08182,4580.25668,4581.26094
2026-08-27 23:35:00,4582.83353,4582.83353,4575.82136,4576.64986
2026-08-27 23:40:00,4577.73817,4581.27176,4573.9377,4580.82417
2026-08-27 23:45:00,4579.88431,4581.27176,4569.96618,4570.37643
2026-08-27 23:50:00,4571.30693,4583.19796,4571.30693,4574.78935
2026-08-27 23:55:00,4577.19266,4577.19266,4570.59281,4573.79754
2026-08-28 00:00:00,4573.77798,4573.77798,4567.49602,4568.53859
2026-08-28 00:05:00,4569.87487,4579.17392,4568.48543,4577.01194
2026-08-28 00:10:00,4576.45951,4576.45951,4574.14692,4574.39227
2026-08-28 00:15:00,4574.81379,4581.05321,4574.35616,4580.70154
2026-08-28 00:20:00,4580.2513,4583.06649,4579.69628,4580.63537
2026-08-28 00:25:00,4582.81641,4582.81641,4574.35616,4578.71441
2026-08-28 00:30:00,4577.01738,4585.47322,4577.01738,4584.38165
2026-08-28 00:35:00,4583.88552,4590.73589,4583.88552,4590.57534
2026-08-28 00:40:00,4590.38547,4596.06503,4587.36395,4594.51902
2026-08-28 00:45:00,4592.41732,4598.3354,4592.41732,4595.65074
2026-08-28 00:50:00,4595.26449,4595.26449,4592.21161,4592.25054
2026-08-28 00:55:00,4592.35418,4594.2415,4588.47712,4591.10189
2026-08-28 01:00:00,4590.99684,4594.95474,4590.18398,4593.7931
2026-08-28 01:05:00,4594.24053,4594.24053,4591.36823,4591.55055
2026-08-28 01:10:00,4591.8959,4594.32693,4591.8959,4594.21236
2026-08-28 01:15:00,4593.94999,4597.51804,4593.47726,4596.97738
2026-08-28 01:20:00,4595.56471,4598.12397,4590.10374,4590.45579
2026-08-28 01:25:00,4591.01398,4594.14912,4589.12609,4593.80096
2026-08-28 01:30:00,4592.84062,4598.3354,4592.84062,4596.20518
2026-08-28 01:35:00,4596.47224,4599.39288,4595.9015,4599.30358
2026-08-28 01:40:00,4599.11439,4604.91935,4598.35166,4604.65995
2026-08-28 01:45:00,4603.7449,4604.06016,4600.6625,4603.78311
2026-08-28 01:50:00,4603.41437,4608.94393,4603.41437,4608.10992
2026-08-28 01:55:00,4606.03499,4610.84471,4606.03499,4610.74223
2026-08-28 02:00:00,4610.50617,4612.61774,4608.49617,4608.9688
2026-08-28 02:05:00,4609.3399,4612.97168,4606.38445,4606.48583
2026-08-28 02:10:00,4606.48129,4607.30765,4605.91547,4606.01372
2026-08-28 02:15:00,4606.13418,4606.87288,4603.3993,4603.59437
2026-08-28 02:20:00,4603.931,4607.44563,4602.61898,4607.18704
2026-08-28 02:25:00,4606.65551,4607.98229,4606.38445,4607.86703
2026-08-28 02:30:00,4607.78232,4608.48888,4606.80886,4608.34279
2026-08-28 02:35:00,4607.86064,4611.05732,4607.14346,4609.70339
2026-08-28 02:40:00,4610.27951,4611.90795,4608.01209,4611.07913
2026-08-28 02:45:00,4610.62176,4614.88873,4609.94641,4611.42322
2026-08-28 02:50:00,4611.53656,4616.37891,4610.30866,4616.11875
2026-08-28 02:55:00,4615.54236,4616.94207,4612.54613,4614.4102
2026-08-28 03:00:00,4613.93731,4616.37891,4612.75889,4614.61543
2026-08-28 03:05:00,4614.04531,4616.92698,4610.63212,4610.91034
2026-08-28 03:10:00,4611.13086,4612.19471,4608.93211,4610.94712
2026-08-28 03:15:00,4611.0314,4611.03955,4608.93211,4608.97847
2026-08-28 03:20:00,4608.93305,4611.0233,4608.93305,4610.21605
2026-08-28 03:25:00,4610.26711,4612.13857,4610.25289,4610.38525
2026-08-28 03:30:00,4610.5453,4611.48259,4609.78196,4611.38862
2026-08-28 03:35:00,4611.18592,4611.59357,4608.7197,4610.12183
2026-08-28 03:40:00,4609.60531,4613.82301,4607.69105,4612.6124
2026-08-28 03:45:00,4612.62628,4613.18448,4606.80886,4607.16341
2026-08-28 03:50:00,4607.71117,4610.63212,4607.44563,4609.23747
2026-08-28 03:55:00,4608.88437,4609.17477,4605.53585,4605.64749
2026-08-28 04:00:00,4605.95671,4607.0211,4602.78008,4603.78755
2026-08-28 04:05:00,4603.63563,4608.3778,4602.99194,4608.04786
2026-08-28 04:10:00,4607.4662,4607.4662,4604.05157,4605.61048
2026-08-28 04:15:00,4605.32496,4607.30943,4604.81666,4606.98546
2026-08-28 04:20:00,4606.57024,4608.08258,4603.92877,4605.93009
2026-08-28 04:25:00,4605.2128,4605.2128,4602.35641,4602.4378
2026-08-28 04:30:00,4602.54025,4604.25063,4601.63579,4603.81663
2026-08-28 04:35:00,4603.05825,4604.29896,4601.08586,4604.29088
2026-08-28 04:40:00,4604.13725,4604.68757,4604.13725,4604.52357
2026-08-28 04:45:00,4604.37087,4606.80886,4604.37087,4606.69969
2026-08-28 04:50:00,4606.46073,4611.48259,4604.57636,4611.16088
2026-08-28 04:55:00,4610.54856,4610.54856,4609.35699,4610.23667
2026-08-28 05:00:00,4609.89504,4615.31361,4609.14501,4615.08434
2026-08-28 05:05:00,4614.62234,4617.2743,4613.61015,4616.82879
2026-08-28 05:10:00,4616.26364,4617.91464,4614.88763,4615.76508
2026-08-28 05:15:00,4615.66209,4615.66209,4609.78196,4610.00719
2026-08-28 05:20:00,4610.20788,4611.94213,4606.59665,4607.57598
2026-08-28 05:25:00,4607.34281,4607.87024,4604.47555,4604.77007
2026-08-28 05:30:00,4605.31287,4608.10521,4605.31287,4606.16559
2026-08-28 05:35:00,4606.67507,4608.32044,4606.67507,4607.35596
2026-08-28 05:40:00,4607.64521,4609.99447,4607.64521,4609.25207
2026-08-28 05:45:00,4609.31635,4612.75889,4608.7197,4611.47737
2026-08-28 05:50:00,4611.58225,4612.7219,4606.681,4607.81998
2026-08-28 05:55:00,4607.25499,4609.47717,4606.17227,4609.17948
2026-08-28 06:00:00,4608.63031,4609.56947,4605.11167,4605.24376
2026-08-28 06:05:00,4605.44352,4605.44352,4604.05157,4604.4636
2026-08-28 06:10:00,4604.41611,4605.96011,4604.01846,4604.55603
2026-08-28 06:15:00,4604.65885,4605.22202,4604.58918,4605.13198
2026-08-28 06:20:00,4605.01275,4605.56161,4604.88,4605.3941
2026-08-28 06:25:00,4605.334,4605.334,4602.75033,4603.5768
2026-08-28 06:30:00,4603.45089,4604.05157,4603.20383,4603.69766
2026-08-28 06:35:00,4603.60124,4603.85329,4602.04472,4603.53987
2026-08-28 06:40:00,4603.3415,4604.52668,4603.18627,4603.89565
2026-08-28 06:45:00,4604.00921,4604.05157,4602.78008,4603.19427
2026-08-28 06:50:00,4603.12245,4604.47555,4601.65082,4601.87394
2026-08-28 06:55:00,4602.23669,4602.23669,4600.0276,4601.5152
2026-08-28 07:00:00,4601.25362,4602.12306,4599.39288,4599.4941
2026-08-28 07:05:00,4599.61154,4601.0967,4599.39083,4601.03457
2026-08-28 07:10:00,4600.81307,4601.48183,4600.81307,4601.40611
2026-08-28 07:15:00,4601.31533,4601.42035,4601.08586,4601.37163
2026-08-28 07:20:00,4601.29578,4601.53467,4601.14374,4601.3775
2026-08-28 07:25:00,4601.30306,4601.6349,4600.97474,4601.16241
2026-08-28 07:30:00,4601.21175,4601.47965,4601.03102,4601.2457
2026-08-28 07:35:00,4601.24302,4601.43175,4600.92826,4601.22681
2026-08-28 07:40:00,4601.24276,4601.47774,4601.20709,4601.35631
2026-08-28 07:45:00,4601.27155,4601.42987,4601.08564,4601.10884
2026-08-28 07:50:00,4601.07674,4601.44356,4601.04416,4601.07422
2026-08-28 07:55:00,4601.13904,4601.68629,4601.06811,4601.1046
2026-08-28 08:00:00,4601.25974,4607.98141,4601.25974,4602.54076
2026-08-28 08:05:00,4603.21607,4604.34141,4601.21373,4604.05401
2026-08-28 08:10:00,4603.61424,4605.13883,4603.61424,4604.43222
2026-08-28 08:15:00,4604.81018,4605.78415,4603.44686,4605.70486
2026-08-28 08:20:00,4605.39256,4608.29952,4604.81376,4608.16435
2026-08-28 08:25:00,4608.10036,4608.29493,4607.23336,4607.66379
2026-08-28 08:30:00,4607.60686,4608.96037,4607.24272,4608.78854
2026-08-28 08:35:00,4608.39823,4609.35699,4608.29493,4609.25335
2026-08-28 08:40:00,4609.18277,4610.207,4607.79308,4608.03813
2026-08-28 08:45:00,4608.49835,4608.49835,4606.85903,4608.03328
2026-08-28 08:50:00,4607.9285,4610.27637,4607.37766,4610.17611
2026-08-28 08:55:00,4609.96651,4610.79418,4609.03353,4610.71997
2026-08-28 09:00:00,4610.49985,4611.3483,4608.7197,4610.09838
2026-08-28 09:05:00,4609.86072,4610.07059,4608.09221,4609.81153
2026-08-28 09:10:00,4609.3787,4609.3787,4603.20383,4604.11549
2026-08-28 09:15:00,4603.93454,4603.93454,4602.72239,4603.175
2026-08-28 09:20:00,4603.08448,4603.93593,4600.96574,4603.23539
2026-08-28 09:25:00,4602.86807,4602.86807,4600.6625,4600.80018
2026-08-28 09:30:00,4601.00511,4601.642,4599.81601,4599.86924
2026-08-28 09:35:00,4599.9526,4601.5093,4598.75834,4600.00183
2026-08-28 09:40:00,4600.49861,4601.72104,4598.44478,4599.94576
2026-08-28 09:45:00,4600.24664,4600.24664,4596.64445,4596.83733
2026-08-28 09:50:00,4597.16809,4597.29403,4595.16589,4595.1941
2026-08-28 09:55:00,4595.28166,4595.47881,4594.74361,4594.7955
2026-08-28 10:00:00,4594.86495,4600.23921,4594.13193,4600.07384
2026-08-28 10:05:00,4599.4333,4599.4333,4595.97756,4598.19783
2026-08-28 10:10:00,4598.37841,4602.56823,4598.37841,4601.65679
2026-08-28 10:15:00,4601.40996,4601.73148,4594.11035,4594.3097
2026-08-28 10:20:00,4594.62651,4596.60243,4592.84435,4596.14296
2026-08-28 10:25:00,4595.35782,4595.35782,4590.73589,4591.91543
2026-08-28 10:30:00,4591.53934,4592.84435,4589.68239,4589.81278
2026-08-28 10:35:00,4590.00368,4590.00368,4589.05053,4589.1342
2026-08-28 10:40:00,4589.31273,4590.62991,4589.25329,4590.57601
2026-08-28 10:45:00,4590.53752,4591.15743,4586.94555,4587.04343
2026-08-28 10:50:00,4587.26993,4589.30312,4587.25947,4587.72257
2026-08-28 10:55:00,4587.95596,4588.13815,4585.89379,4587.78786
2026-08-28 11:00:00,4586.93372,4595.58824,4585.14908,4594.81453
2026-08-28 11:05:00,4592.93192,4598.24575,4592.63342,4597.75705
2026-08-28 11:10:00,4596.8295,4601.29757,4592.63342,4593.12617
2026-08-28 11:15:00,4594.06117,4597.48009,4592.53147,4596.6014
2026-08-28 11:20:00,4595.35728,4598.75834,4593.25113,4594.3221
2026-08-28 11:25:00,4596.09421,4596.09421,4584.21197,4584.59443
2026-08-28 11:30:00,4585.28249,4587.34377,4583.52273,4586.94838
2026-08-28 11:35:00,4586.74112,4588.14255,4582.31002,4583.01208
2026-08-28 11:40:00,4584.47927,4584.47927,4578.75458,4582.64155
2026-08-28 11:45:00,4581.99875,4581.99875,4579.38361,4579.48109
2026-08-28 11:50:00,4580.01032,4582.56114,4576.44959,4576.96089
2026-08-28 11:55:00,4577.72497,4578.33532,4576.03075,4576.56189
2026-08-28 12:00:00,4576.48392,4577.96049,4575.93362,4577.71157
2026-08-28 12:05:00,4577.3007,4580.98894,4574.63716,4580.32249
2026-08-28 12:10:00,4579.48878,4582.30654,4579.38739,4581.31354
2026-08-28 12:15:00,4580.9516,4581.75778,4579.38361,4580.77092
2026-08-28 12:20:00,4580.11934,4583.27786,4580.11934,4582.95604
2026-08-28 12:25:00,4582.07042,4584.84251,4582.07042,4584.18116
2026-08-28 12:30:00,4584.00322,4588.74823,4583.19092,4584.89092
2026-08-28 12:35:00,4584.84143,4588.52402,4584.31475,4588.10715
2026-08-28 12:40:00,4587.08941,4589.26113,4584.74307,4585.09344
2026-08-28 12:45:00,4585.70719,4585.70719,4582.53139,4583.07049
2026-08-28 12:50:00,4582.97949,4587.36639,4582.97949,4586.26502
2026-08-28 12:55:00,4586.67354,4586.67354,4583.37153,4586.03769
2026-08-28 13:00:00,4585.28693,4587.36639,4584.68039,4585.0014
2026-08-28 13:05:00,4585.8085,4587.9978,4585.80015,4585.94529
2026-08-28 13:10:00,4586.18236,4587.36639,4584.29261,4584.80334
2026-08-28 13:15:00,4585.63905,4587.57684,4583.58161,4587.51814
2026-08-28 13:20:00,4587.33948,4589.26113,4586.12245,4589.02654
2026-08-28 13:25:00,4588.88475,4590.76884,4586.85875,4588.0025
2026-08-28 13:30:00,4587.57223,4589.25052,4583.98556,4584.30764
2026-08-28 13:35:00,4584.76552,4584.76552,4582.76453,4582.93997
2026-08-28 13:40:00,4583.24207,4583.24207,4581.06189,4582.26882
2026-08-28 13:45:00,4582.1003,4582.18917,4579.59333,4580.23614
2026-08-28 13:50:00,4580.23861,4580.64221,4579.24393,4579.49077
2026-08-28 13:55:00,4579.94572,4580.1276,4578.73331,4579.09285
2026-08-28 14:00:00,4579.29943,4579.80307,4579.17392,4579.54258
2026-08-28 14:05:00,4579.45054,4579.47821,4577.91613,4578.83388
2026-08-28 14:10:00,4578.19074,4580.2226,4578.19074,4580.17287
2026-08-28 14:15:00,4579.97313,4582.51464,4579.71295,4582.26668
2026-08-28 14:20:00,4581.59509,4584.21197,4581.59509,4583.49344
2026-08-28 14:25:00,4583.76268,4585.05273,4582.06393,4584.22347
2026-08-28 14:30:00,4584.14988,4584.17793,4582.3214,4582.43127
2026-08-28 14:35:00,4582.559,4582.559,4578.87071,4579.2005
2026-08-28 14:40:00,4579.61883,4580.00257,4578.12572,4579.86282
2026-08-28 14:45:00,4579.67042,4582.11144,4578.42732,4581.84921
2026-08-28 14:50:00,4581.47507,4582.53139,4580.95517,4582.14464
2026-08-28 14:55:00,4582.18468,4585.05273,4581.65366,4584.94505
2026-08-28 15:00:00,4584.77998,4585.36405,4582.74229,4582.99332
2026-08-28 15:05:00,4583.45851,4583.45851,4579.80307,4580.2449
2026-08-28 15:10:00,4580.34732,4580.34732,4578.75458,4580.10468
2026-08-28 15:15:00,4580.00109,4581.30369,4579.59139,4580.97288
2026-08-28 15:20:00,4580.17919,4584.09919,4580.17919,4583.81002
2026-08-28 15:25:00,4583.00407,4585.89379,4582.7414,4582.97164
2026-08-28 15:30:00,4583.38676,4584.44046,4578.89928,4579.35466
2026-08-28 15:35:00,4580.14978,4580.14978,4575.44111,4576.09526
2026-08-28 15:40:00,4577.53134,4577.58748,4572.26464,4572.62521
2026-08-28 15:45:00,4573.26187,4575.1933,4572.47371,4575.11716
2026-08-28 15:50:00,4575.09512,4575.89352,4572.24391,4574.65821
2026-08-28 15:55:00,4574.79359,4577.07799,4574.79359,4576.54182
2026-08-28 16:00:00,4576.10123,4576.6383,4572.42547,4573.17067
2026-08-28 16:05:00,4574.33269,4580.08228,4574.33269,4579.55264
2026-08-28 16:10:00,4578.29667,4583.16146,4578.29667,4583.09748
2026-08-28 16:15:00,4582.96237,4584.84251,4581.85759,4582.56751
2026-08-28 16:20:00,4584.12985,4585.47322,4580.8218,4585.28031
2026-08-28 16:25:00,4584.93473,4585.47322,4582.89596,4584.31606
2026-08-28 16:30:00,4584.37847,4585.66312,4583.58161,4583.67624
2026-08-28 16:35:00,4583.92025,4587.57684,4583.92025,4586.51779
2026-08-28 16:40:00,4586.21066,4587.74173,4585.05273,4587.2089
2026-08-28 16:45:00,4586.49696,4596.93787,4586.49696,4595.84856
2026-08-28 16:50:00,4593.6282,4606.38445,4593.6282,4605.40123
2026-08-28 16:55:00,4605.11106,4611.69024,4604.05157,4611.31102
2026-08-28 17:00:00,4610.76115,4612.40951,4605.11167,4607.54138
2026-08-28 17:05:00,4607.66608,4607.96419,4600.81776,4601.23399
2026-08-28 17:10:00,4601.82783,4602.62509,4595.75787,4602.0493
2026-08-28 17:15:00,4601.31488,4605.74019,4600.6625,4605.10248
2026-08-28 17:20:00,4604.10971,4611.36489,4604.10971,4610.75126
2026-08-28 17:25:00,4609.61362,4609.69858,4607.23336,4607.3725
2026-08-28 17:30:00,4607.65595,4611.86009,4606.80568,4611.40258
2026-08-28 17:35:00,4610.31181,4614.67467,4610.31181,4611.43614
2026-08-28 17:40:00,4612.09532,4612.09532,4608.5073,4609.73685
2026-08-28 17:45:00,4609.53819,4610.83446,4608.08258,4610.40829
2026-08-28 17:50:00,4609.28493,4611.90795,4609.28493,4611.82031
2026-08-28 17:55:00,4611.57086,4612.75889,4610.15822,4610.47778
2026-08-28 18:00:00,4611.19279,4614.67467,4611.19279,4613.2037
2026-08-28 18:05:00,4613.74701,4613.74701,4610.41955,4610.61877
2026-08-28 18:10:00,4610.76006,4612.33338,4610.76006,4612.13313
2026-08-28 18:15:00,4612.04284,4613.45445,4609.56947,4609.79901
2026-08-28 18:20:00,4610.19307,4610.49903,4608.5073,4610.26687
2026-08-28 18:25:00,4609.6665,4611.48259,4609.6665,4610.13469
2026-08-28 18:30:00,4610.47891,4611.05732,4608.93211,4610.29821
2026-08-28 18:35:00,4609.99966,4610.63212,4606.80886,4607.13611
2026-08-28 18:40:00,4607.60807,4607.87024,4604.10185,4604.30257
2026-08-28 18:45:00,4604.65904,4604.65904,4601.93281,4601.97219
2026-08-28 18:50:00,4602.071,4605.74797,4601.18988,4605.58594
2026-08-28 18:55:00,4605.24278,4605.24278,4601.5093,4601.71281
2026-08-28 19:00:00,4601.91076,4604.3365,4601.91076,4603.25306
2026-08-28 19:05:00,4602.79041,4604.06248,4602.78008,4602.89881
2026-08-28 19:10:00,4603.11323,4603.59814,4600.87417,4601.91013
2026-08-28 19:15:00,4601.82037,4602.40161,4600.87417,4601.07025
2026-08-28 19:20:00,4601.22267,4604.36734,4600.94516,4604.19267
2026-08-28 19:25:00,4603.87155,4603.87155,4601.84279,4601.98141
2026-08-28 19:30:00,4602.15204,4603.9957,4601.29757,4602.84807
2026-08-28 19:35:00,4603.14872,4604.89961,4601.5093,4602.28292
2026-08-28 19:40:00,4602.40918,4605.52225,4601.33759,4603.47301
2026-08-28 19:45:00,4603.39618,4605.11167,4603.20383,4604.34291
2026-08-28 19:50:00,4604.11192,4606.88488,4603.77309,4606.82618
2026-08-28 19:55:00,4606.55005,4608.20467,4605.32375,4606.34321
2026-08-28 20:00:00,4606.15158,4606.15158,4603.8396,4605.18479
2026-08-28 20:05:00,4604.89727,4606.69593,4604.89727,4606.02204
2026-08-28 20:10:00,4606.06459,4608.7197,4606.06459,4607.56188
2026-08-28 20:15:00,4607.68259,4610.73522,4605.21072,4605.37385
2026-08-28 20:20:00,4605.57691,4606.37728,4602.99194,4604.12708
2026-08-28 20:25:00,4604.03074,4604.61989,4602.16346,4603.86222
2026-08-28 20:30:00,4603.06832,4608.08258,4603.06832,4607.15023
2026-08-28 20:35:00,4607.04402,4608.02656,4603.6247,4603.98387
2026-08-28 20:40:00,4604.6768,4604.6768,4602.1446,4602.31823
2026-08-28 20:45:00,4602.53297,4603.03003,4600.87417,4601.18629
2026-08-28 20:50:00,4601.48598,4601.48598,4598.3354,4598.41915
2026-08-28 20:55:00,4598.53879,4599.73556,4598.05742,4598.25016
2026-08-28 21:00:00,4598.82245,4600.23921,4597.33821,4599.11211
2026-08-28 21:05:00,4598.78003,4598.8625,4595.58824,4596.59137
2026-08-28 21:10:00,4596.42849,4597.57468,4595.15849,4597.31535
2026-08-28 21:15:00,4596.97686,4600.87417,4596.97686,4599.99108
2026-08-28 21:20:00,4600.25148,4601.17198,4597.64288,4600.0727
2026-08-28 21:25:00,4599.81921,4602.04085,4597.70115,4597.87038
2026-08-28 21:30:00,4598.12388,4600.87417,4597.57262,4598.71285
2026-08-28 21:35:00,4598.7233,4598.74796,4594.95644,4595.43865
2026-08-28 21:40:00,4596.34392,4596.34392,4591.45519,4594.72714
2026-08-28 21:45:00,4594.29973,4595.79944,4593.68827,4593.94614
2026-08-28 21:50:00,4594.36033,4595.41396,4593.47726,4593.71266
2026-08-28 21:55:00,4593.97427,4595.39495,4591.57904,4593.5199
2026-08-28 22:00:00,4593.32785,4594.78253,4591.27681,4593.87879
2026-08-28 22:05:00,4592.75736,4596.73125,4591.78988,4594.91925
2026-08-28 22:10:00,4594.41357,4595.58824,4592.69858,4595.33417
2026-08-28 22:15:00,4594.83979,4595.79944,4592.84435,4594.6524
2026-08-28 22:20:00,4593.91342,4601.33683,4593.91342,4600.92504
2026-08-28 22:25:00,4600.40387,4603.55563,4600.40387,4601.78258
2026-08-28 22:30:00,4602.06155,4602.06155,4592.84435,4593.28932
2026-08-28 22:35:00,4594.07157,4594.07157,4589.89306,4590.93983
2026-08-28 22:40:00,4590.83101,4591.81236,4589.64475,4591.63613
2026-08-28 22:45:00,4591.08472,4594.3435,4590.73589,4593.76699
2026-08-28 22:50:00,4592.37901,4596.64445,4592.34251,4596.27007
2026-08-28 22:55:00,4596.06989,4602.35641,4592.30783,4602.23938
2026-08-28 23:00:00,4601.91405,4602.27044,4598.14225,4599.32017
2026-08-28 23:05:00,4599.09603,4605.32375,4598.88503,4604.8621
2026-08-28 23:10:00,4603.79479,4603.79479,4598.41064,4600.12481
2026-08-28 23:15:00,4599.87633,4600.11803,4594.11035,4598.14123
2026-08-28 23:20:00,4597.75197,4598.94066,4596.61639,4596.84415
2026-08-28 23:25:00,4596.98573,4604.26355,4593.80853,4601.96479
2026-08-28 23:30:00,4601.08974,4604.69731,4599.81601,4600.54484
2026-08-28 23:35:00,4600.37913,4607.0211,4599.41888,4602.12256
2026-08-28 23:40:00,4602.8294,4605.53585,4602.78008,4604.59484
2026-08-28 23:45:00,4604.3057,4611.69526,4603.02494,4611.30163
2026-08-28 23:50:00,4610.53245,4610.57611,4608.93211,4610.12845
2026-08-28 23:55:00,4609.54161,4627.27315,4609.54161,4625.76549
2026-08-29 00:00:00,4623.3947,4637.16814,4579.39678,4583.08296
2026-08-29 00:05:00,4591.69456,4591.69456,4547.93524,4572.17773
2026-08-29 00:10:00,4563.85473,4582.7414,4548.01724,4549.56306
2026-08-29 00:15:00,4551.61763,4566.41856,4544.6517,4565.42507
2026-08-29 00:20:00,4563.3319,4567.59813,4552.47369,4554.94019
2026-08-29 00:25:00,4558.6025,4560.36031,4528.57531,4530.60033
2026-08-29 00:30:00,4534.20651,4567.53976,4534.20651,4565.82018
2026-08-29 00:35:00,4563.60274,4576.03075,4563.60274,4573.86556
2026-08-29 00:40:00,4573.49391,4573.49391,4561.21146,4561.60902
2026-08-29 00:45:00,4562.71088,4568.60677,4551.66136,4557.70144
2026-08-29 00:50:00,4556.96439,4568.51861,4553.26479,4567.20083
2026-08-29 00:55:00,4565.00477,4579.38361,4565.00477,4579.05612
2026-08-29 01:00:00,4578.27475,4580.01282,4573.51932,4578.4546
2026-08-29 01:05:00,4575.18433,4581.48165,4572.47371,4573.89778
2026-08-29 01:10:00,4573.87954,4575.97069,4559.483,4560.59436
2026-08-29 01:15:00,4562.76206,4564.33429,4556.19092,4556.50642
2026-08-29 01:20:00,4556.91938,4564.54263,4555.39359,4564.04434
2026-08-29 01:25:00,4563.25456,4568.08734,4563.08465,4563.32016
2026-08-29 01:30:00,4563.70831,4572.04443,4554.56367,4560.13929
2026-08-29 01:35:00,4559.73612,4561.06753,4549.35149,4551.39374
2026-08-29 01:40:00,4554.53666,4554.53666,4537.52346,4538.49653
2026-08-29 01:45:00,4540.46515,4545.4232,4533.91739,4535.33569
2026-08-29 01:50:00,4537.29794,4545.24794,4532.47518,4543.95964
2026-08-29 01:55:00,4544.45037,4544.45037,4525.91084,4526.23566
2026-08-29 02:00:00,4526.57792,4528.3779,4522.57553,4526.13936
2026-08-29 02:05:00,4525.92504,4525.92504,4510.2327,4511.22286
2026-08-29 02:10:00,4512.75421,4514.87652,4502.70364,4504.27493
2026-08-29 02:15:00,4507.64159,4507.64159,4485.66731,4487.57314
2026-08-29 02:20:00,4490.98351,4490.98351,4467.27719,4474.61524
2026-08-29 02:25:00,4473.387,4480.27357,4465.9987,4479.69051
2026-08-29 02:30:00,4478.48061,4487.68326,4474.34368,4476.75706
2026-08-29 02:35:00,4480.14703,4484.13879,4471.07216,4483.13704
2026-08-29 02:40:00,4480.73627,4484.90828,4469.9059,4471.24048
2026-08-29 02:45:00,4473.06411,4480.28674,4468.47491,4476.81345
2026-08-29 02:50:00,4477.08162,4484.81168,4477.08162,4482.77504
2026-08-29 02:55:00,4483.74086,4483.74086,4477.07736,4480.47495
2026-08-29 03:00:00,4480.68692,4480.68692,4475.07384,4477.49329
2026-08-29 03:05:00,4477.73742,4481.89315,4474.5235,4481.39434
2026-08-29 03:10:00,4480.32179,4481.29361,4471.56564,4475.51401
2026-08-29 03:15:00,4475.60385,4482.09403,4474.40915,4478.12845
2026-08-29 03:20:00,4478.08561,4486.13358,4478.08561,4482.01972
2026-08-29 03:25:00,4482.83798,4484.30493,4476.67652,4477.67711
2026-08-29 03:30:00,4478.63509,4480.48748,4474.67335,4478.99491
2026-08-29 03:35:00,4478.20723,4482.90015,4475.63841,4481.63113
2026-08-29 03:40:00,4478.61081,4478.61081,4461.49728,4466.5373
2026-08-29 03:45:00,4465.34404,4475.4744,4465.34404,4474.36347
2026-08-29 03:50:00,4474.43897,4475.31783,4473.63799,4473.71365
2026-08-29 03:55:00,4473.80259,4475.31672,4467.07764,4471.08646
2026-08-29 04:00:00,4470.24161,4472.31055,4461.3722,4461.80372
2026-08-29 04:05:00,4462.72607,4465.10676,4459.76398,4460.61959
2026-08-29 04:10:00,4460.92292,4464.68435,4460.92292,4461.39606
2026-08-29 04:15:00,4461.94393,4463.55642,4457.12248,4461.39389
2026-08-29 04:20:00,4460.22655,4463.09024,4454.32277,4455.82988
2026-08-29 04:25:00,4458.99005,4462.09451,4451.96332,4458.5895
2026-08-29 04:30:00,4460.64529,4460.64529,4453.54948,4453.71418
2026-08-29 04:35:00,4453.90088,4458.31476,4452.16152,4453.51949
2026-08-29 04:40:00,4452.84774,4454.34298,4444.64198,4445.46745
2026-08-29 04:45:00,4446.5146,4453.69445,4445.45984,4452.44698
2026-08-29 04:50:00,4451.44346,4455.27391,4451.44346,4454.888
2026-08-29 04:55:00,4454.39913,4456.69341,4453.06075,4454.76978
2026-08-29 05:00:00,4455.17933,4460.88084,4454.49327,4457.17277
2026-08-29 05:05:00,4458.36518,4462.29362,4458.36518,4462.03832
2026-08-29 05:10:00,4461.54039,4461.78583,4455.53377,4455.85513
2026-08-29 05:15:00,4456.45453,4459.10715,4454.65471,4455.31964
2026-08-29 05:20:00,4456.31852,4461.69634,4456.31852,4458.98914
2026-08-29 05:25:00,4459.3882,4463.48866,4458.51353,4463.2394
2026-08-29 05:30:00,4462.87739,4463.66639,4461.69634,4463.61681
2026-08-29 05:35:00,4463.47247,4466.8781,4462.89106,4466.49315
2026-08-29 05:40:00,4465.60449,4467.13339,4465.07907,4465.8155
2026-08-29 05:45:00,4466.17827,4467.1644,4455.7323,4456.03898
2026-08-29 05:50:00,4456.40651,4459.52703,4453.9462,4458.21248
2026-08-29 05:55:00,4457.59945,4461.81577,4456.52658,4458.96793
2026-08-29 06:00:00,4460.00681,4462.49275,4455.93084,4462.23409
2026-08-29 06:05:00,4461.64007,4461.71488,4460.3033,4460.72599
2026-08-29 06:10:00,4460.77446,4461.29824,4457.71854,4459.21865
2026-08-29 06:15:00,4458.97276,4460.50225,4458.71232,4460.14227
2026-08-29 06:20:00,4459.85939,4459.85939,4453.9462,4454.12396
2026-08-29 06:25:00,4454.32185,4457.50463,4453.79618,4457.03875
2026-08-29 06:30:00,4455.80263,4458.0615,4455.7323,4456.48958
2026-08-29 06:35:00,4456.41945,4457.68302,4455.7323,4455.90556
2026-08-29 06:40:00,4456.20014,4456.58591,4454.34298,4456.17752
2026-08-29 06:45:00,4455.16216,4459.37666,4455.16216,4458.74323
2026-08-29 06:50:00,4457.73282,4460.3033,4453.35115,4453.67226
2026-08-29 06:55:00,4454.35481,4456.52658,4453.74783,4456.44061
2026-08-29 07:00:00,4456.35382,4458.92543,4453.52303,4458.83594
2026-08-29 07:05:00,4458.71031,4458.97843,4458.71031,4458.83352
2026-08-29 07:10:00,4458.78158,4458.93948,4458.71232,4458.88912
2026-08-29 07:15:00,4458.79374,4458.98639,4458.71232,4458.88252
2026-08-29 07:20:00,4458.78203,4458.94921,4458.71232,4458.7285
2026-08-29 07:25:00,4458.78563,4459.0161,4458.71232,4458.84447
2026-08-29 07:30:00,4458.78718,4458.90306,4458.51353,4458.79094
2026-08-29 07:35:00,4458.68589,4458.99482,4458.68589,4458.74205
2026-08-29 07:40:00,4458.79032,4458.95446,4458.71232,4458.73267
2026-08-29 07:45:00,4458.796,4458.98566,4458.51353,4458.57197
2026-08-29 07:50:00,4458.60359,4458.9073,4458.60359,4458.87237
2026-08-29 07:55:00,4458.78132,4458.97149,4458.70725,4458.87935
2026-08-29 08:00:00,4458.77197,4458.92138,4458.71232,4458.74407
2026-08-29 08:05:00,4458.76765,4458.96796,4458.71145,4458.84589
2026-08-29 08:10:00,4458.77711,4458.91584,4458.71232,4458.87768
2026-08-29 08:15:00,4458.78887,4458.98834,4458.71232,4458.73546
2026-08-29 08:20:00,4458.78256,4458.93042,4458.71232,4458.73201
2026-08-29 08:25:00,4458.78856,4458.9767,4458.71232,4458.85468
2026-08-29 08:30:00,4458.7812,4458.92746,4458.71232,4458.8742
2026-08-29 08:35:00,4458.78913,4458.98841,4458.71232,4458.73379
2026-08-29 08:40:00,4458.78265,4458.92273,4458.71232,4458.73324
2026-08-29 08:45:00,4458.78894,4458.98282,4458.71232,4458.86318
2026-08-29 08:50:00,4458.78536,4458.94048,4458.71232,4458.87462
2026-08-29 08:55:00,4458.79273,4458.99154,4458.71232,4458.73438
2026-08-29 09:00:00,4458.78842,4458.91027,4458.71232,4458.73398
2026-08-29 09:05:00,4458.78703,4458.9811,4458.71232,4458.86349
2026-08-29 09:10:00,4458.78076,4458.94507,4458.71232,4458.86826
2026-08-29 09:15:00,4458.79093,4458.98745,4458.71232,4458.73083
2026-08-29 09:20:00,4458.7831,4458.9262,4458.71232,4458.73621
2026-08-29 09:25:00,4458.78884,4458.98232,4458.71232,4458.8674
2026-08-29 09:30:00,4458.78067,4458.9529,4458.71232,4458.86382
2026-08-29 09:35:00,4458.79058,4458.98244,4458.71106,4458.72808
2026-08-29 09:40:00,4458.77921,4458.93069,4458.71232,4458.84615
2026-08-29 09:45:00,4458.783,4458.97651,4458.71232,4458.86516
2026-08-29 09:50:00,4458.77461,4458.95438,4458.71232,4458.85476
2026-08-29 09:55:00,4458.78651,4458.98504,4458.71232,4458.72835
2026-08-29 10:00:00,4458.78293,4458.93369,4458.71232,4458.73556
2026-08-29 10:05:00,4458.77774,4458.97759,4458.71232,4458.87013
2026-08-29 10:10:00,4458.77653,4458.96232,4458.71232,4458.8495
2026-08-29 10:15:00,4458.7866,4458.98529,4458.71232,4458.72595
2026-08-29 10:20:00,4458.77936,4458.9503,4458.71232,4458.83598
2026-08-29 10:25:00,4458.7834,4458.97564,4458.71232,4458.87272
2026-08-29 10:30:00,4458.77647,4458.96751,4458.71232,4458.84411
2026-08-29 10:35:00,4458.78647,4458.98638,4458.71232,4458.72513
2026-08-29 10:40:00,4458.77941,4458.95784,4458.71232,4458.83111
2026-08-29 10:45:00,4458.78536,4458.97267,4458.71232,4458.87483
2026-08-29 10:50:00,4458.77642,4458.96974,4458.71232,4458.84167
2026-08-29 10:55:00,4458.78435,4458.99043,4458.71232,4458.72659
2026-08-29 11:00:00,4458.78504,4458.96643,4458.71232,4458.83089
2026-08-29 11:05:00,4458.78956,4458.96672,4458.71232,4458.87446
2026-08-29 11:10:00,4458.77401,4458.97894,4458.71232,4458.84785
2026-08-29 11:15:00,4458.78628,4458.98538,4458.71232,4458.7233
2026-08-29 11:20:00,4458.77789,4458.96889,4458.71143,4458.81854
2026-08-29 11:25:00,4458.78557,4458.96166,4458.71232,4458.87559
2026-08-29 11:30:00,4458.77437,4458.97523,4458.71232,4458.85744
2026-08-29 11:35:00,4458.78598,4458.98548,4458.71232,4458.72509
2026-08-29 11:40:00,4458.78309,4458.97764,4458.71232,4458.81852
2026-08-29 11:45:00,4458.78974,4458.96202,4458.71232,4458.88212
2026-08-29 11:50:00,4458.78071,4458.98233,4458.71232,4458.86338
2026-08-29 11:55:00,4458.78791,4458.98247,4458.71232,4458.72497
2026-08-29 12:00:00,4458.7831,4458.98373,4458.71232,4458.82226
2026-08-29 12:05:00,4458.78789,4458.95529,4458.71232,4458.8822
2026-08-29 12:10:00,4458.78071,4458.98249,4458.71232,4458.8686
2026-08-29 12:15:00,4458.7878,4458.97846,4458.71232,4458.72504
2026-08-29 12:20:00,4458.78309,4458.98502,4458.71232,4458.82816
2026-08-29 12:25:00,4458.78799,4458.94791,4458.71232,4458.88176
2026-08-29 12:30:00,4458.78072,4458.97764,4458.71232,4458.86905
2026-08-29 12:35:00,4458.78558,4458.96914,4458.71232,4458.72321
2026-08-29 12:40:00,4458.77751,4458.97523,4458.71232,4458.82843
2026-08-29 12:45:00,4458.78214,4458.93047,4458.71232,4458.87279
2026-08-29 12:50:00,4458.77201,4458.97561,4458.71232,4458.8759
2026-08-29 12:55:00,4458.78371,4458.96759,4458.71232,4458.7257
2026-08-29 13:00:00,4458.78306,4458.98237,4458.71232,4458.83776
2026-08-29 13:05:00,4458.7861,4458.93852,4458.71232,4458.88716
2026-08-29 13:10:00,4458.79138,4458.97453,4458.71232,4458.88276
2026-08-29 13:15:00,4458.78749,4458.95532,4458.71232,4458.75838
2026-08-29 13:20:00,4458.78675,4458.98047,4458.71232,4458.83753
2026-08-29 13:25:00,4458.77992,4458.92665,4458.71232,4458.88328
2026-08-29 13:30:00,4458.78824,4458.98277,4458.71232,4458.88742
2026-08-29 13:35:00,4458.78922,4458.95084,4458.71232,4458.72571
2026-08-29 13:40:00,4458.77937,4458.98543,4458.71145,4458.84914
2026-08-29 13:45:00,4458.78677,4458.91041,4458.71232,4458.86882
2026-08-29 13:50:00,4458.77453,4458.97522,4458.71232,4458.88541
2026-08-29 13:55:00,4458.78312,4458.94025,4458.71232,4458.72598
2026-08-29 14:00:00,4458.77732,4458.98755,4458.71232,4458.85772
2026-08-29 14:05:00,4458.79027,4458.92557,4458.71232,4458.87199
2026-08-29 14:10:00,4458.7809,4458.98232,4458.71232,4458.89387
2026-08-29 14:15:00,4458.78721,4458.93573,4458.71232,4458.72912
2026-08-29 14:20:00,4458.78289,4458.98457,4458.71232,4458.86087
2026-08-29 14:25:00,4458.78858,4458.93387,4458.71232,4458.86871
2026-08-29 14:30:00,4458.78064,4458.9825,4458.71232,4458.89736
2026-08-29 14:35:00,4458.78886,4458.92335,4458.71232,4458.72832
2026-08-29 14:40:00,4458.77747,4458.98505,4458.71232,4458.86558
2026-08-29 14:45:00,4458.78892,4458.94328,4458.71232,4458.8588
2026-08-29 14:50:00,4458.77447,4458.97765,4458.71232,4458.73362
2026-08-29 14:55:00,4458.78588,4458.91305,4458.71232,4458.76201
2026-08-29 15:00:00,4458.77735,4458.97731,4458.71232,4458.86007
2026-08-29 15:05:00,4458.77822,4458.94818,4458.71232,4458.85661
2026-08-29 15:10:00,4458.77685,4458.97568,4458.71232,4458.73203
2026-08-29 15:15:00,4458.78438,4458.91275,4458.71232,4458.73259
2026-08-29 15:20:00,4458.78094,4458.98637,4458.71232,4458.87188
2026-08-29 15:25:00,4458.78744,4458.95788,4458.71232,4458.8501
2026-08-29 15:30:00,4458.77473,4458.97472,4458.71232,4458.73148
2026-08-29 15:35:00,4458.78626,4458.92744,4458.71232,4458.73357
2026-08-29 15:40:00,4458.77884,4458.98643,4458.71232,4458.87525
2026-08-29 15:45:00,4458.78721,4458.96463,4458.71232,4458.84725
2026-08-29 15:50:00,4458.77708,4458.97882,4458.71141,4458.72684
2026-08-29 15:55:00,4458.77759,4458.93291,4458.71232,4458.73531
2026-08-29 16:00:00,4458.77872,4458.98544,4458.71232,4458.87827
2026-08-29 16:05:00,4458.78728,4458.97067,4458.71232,4458.84212
2026-08-29 16:10:00,4458.7772,4458.97715,4458.71232,4458.72867
2026-08-29 16:15:00,4458.78445,4458.94127,4458.71232,4458.73715
2026-08-29 16:20:00,4458.7786,4458.98342,4458.71174,4458.88083
2026-08-29 16:25:00,4458.78734,4458.97578,4458.71232,4458.83627
2026-08-29 16:30:00,4458.77793,4458.96061,4458.70021,4458.73245
2026-08-29 16:35:00,4458.76165,4458.93132,4458.70088,4458.80658
2026-08-29 16:40:00,4458.75805,4458.94965,4458.6892,4458.85353
2026-08-29 16:45:00,4458.75606,4458.95099,4458.71277,4458.82086
2026-08-29 16:50:00,4458.75606,4458.96247,4458.70393,4458.73075
2026-08-29 16:55:00,4458.76202,4458.94389,4458.69947,4458.80936
2026-08-29 17:00:00,4458.766,4458.95584,4458.69972,4458.86479
2026-08-29 17:05:00,4458.766,4458.96357,4458.71232,4458.83023
2026-08-29 17:10:00,4458.76004,4458.9553,4458.70675,4458.72746
2026-08-29 17:15:00,4458.75925,4458.94218,4458.6909,4458.79108
2026-08-29 17:20:00,4458.75407,4458.93802,4458.68973,4458.85396
2026-08-29 17:25:00,4458.75407,4458.95384,4458.70303,4458.83575
2026-08-29 17:30:00,4458.76004,4458.95705,4458.71241,4458.72679
2026-08-29 17:35:00,4458.76004,4458.94885,4458.69354,4458.78775
2026-08-29 17:40:00,4458.75606,4458.93185,4458.69254,4458.85437
2026-08-29 17:45:00,4458.75407,4458.95467,4458.69467,4458.83551
2026-08-29 17:50:00,4458.75407,4458.9476,4458.71347,4458.72064
2026-08-29 17:55:00,4458.75407,4458.94907,4458.68721,4458.79391
2026-08-29 18:00:00,4458.75805,4458.94205,4458.70751,4458.87021
2026-08-29 18:05:00,4458.77077,4458.96648,4458.70161,4458.8661
2026-08-29 18:10:00,4458.77406,4458.97697,4458.71232,4458.72782
2026-08-29 18:15:00,4458.78906,4458.98273,4458.71232,4458.82552
2026-08-29 18:20:00,4458.78581,4458.95567,4458.71232,4458.88966
2026-08-29 18:25:00,4458.79183,4458.98549,4458.71232,4458.87348
2026-08-29 18:30:00,4458.77815,4458.96378,4458.71232,4458.72601
2026-08-29 18:35:00,4458.78272,4458.97714,4458.71232,4458.82368
2026-08-29 18:40:00,4458.77764,4458.94258,4458.71232,4458.88466
2026-08-29 18:45:00,4458.78744,4458.98344,4458.71175,4458.87818
2026-08-29 18:50:00,4458.77829,4458.95806,4458.71232,4458.72715
2026-08-29 18:55:00,4458.78434,4458.97835,4458.71232,4458.82944
2026-08-29 19:00:00,4458.7775,4458.93347,4458.71232,4458.88311
2026-08-29 19:05:00,4458.78778,4458.97834,4458.70907,4458.88067
2026-08-29 19:10:00,4458.77644,4458.95149,4458.71232,4458.72846
2026-08-29 19:15:00,4458.786,4458.97852,4458.71232,4458.83692
2026-08-29 19:20:00,4458.77936,4458.92618,4458.71232,4458.88322
2026-08-29 19:25:00,4458.78897,4458.98308,4458.7114,4458.88908
2026-08-29 19:30:00,4458.78237,4458.94793,4458.71232,4458.72921
2026-08-29 19:35:00,4458.78679,4458.98165,4458.71232,4458.84434
2026-08-29 19:40:00,4458.78139,4458.91345,4458.71232,4458.87863
2026-08-29 19:45:00,4458.78729,4458.98524,4458.71232,4458.73588
2026-08-29 19:50:00,4458.77868,4458.93544,4458.71232,4458.72951
2026-08-29 19:55:00,4458.7845,4458.97572,4458.71232,4458.84568
2026-08-29 20:00:00,4458.77711,4458.91344,4458.71232,4458.87567
2026-08-29 20:05:00,4458.78722,4458.98636,4458.71232,4458.7341
2026-08-29 20:10:00,4458.7788,4458.9264,4458.71232,4458.73063
2026-08-29 20:15:00,4458.78458,4458.97279,4458.71232,4458.85062
2026-08-29 20:20:00,4458.777,4458.92728,4458.71232,4458.87641
2026-08-29 20:25:00,4458.79112,4458.99043,4458.71232,4458.73386
2026-08-29 20:30:00,4458.78265,4458.93286,4458.71232,4458.73235
2026-08-29 20:35:00,4458.78879,4458.98071,4458.71232,4458.86101
2026-08-29 20:40:00,4458.78311,4458.93614,4458.71232,4458.87244
2026-08-29 20:45:00,4458.79161,4458.98954,4458.71232,4458.73087
2026-08-29 20:50:00,4458.77902,4458.91365,4458.71232,4458.73395
2026-08-29 20:55:00,4458.78675,4458.97907,4458.71232,4458.86143
2026-08-29 21:00:00,4458.77877,4458.94294,4458.71232,4458.86625
2026-08-29 21:05:00,4458.78921,4458.98341,4458.70977,4458.7287
2026-08-29 21:10:00,4458.77714,4458.92203,4458.71232,4458.73548
2026-08-29 21:15:00,4458.78685,4458.97833,4458.71232,4458.86344
2026-08-29 21:20:00,4458.77669,4458.94696,4458.71232,4458.85961
2026-08-29 21:25:00,4458.78708,4458.97837,4458.70907,4458.72741
2026-08-29 21:30:00,4458.77722,4458.92767,4458.71232,4458.77713
2026-08-29 21:35:00,4458.78191,4458.98248,4458.7201,4458.87106
2026-08-29 21:40:00,4458.78191,4458.96023,4458.76521,4458.8511
2026-08-29 21:45:00,4458.78191,4458.97896,4458.71543,4458.75805
2026-08-29 21:50:00,4458.78191,4458.9369,4458.73419,4458.84358
2026-08-29 21:55:00,4458.78191,4458.98156,4458.71738,4458.87411
2026-08-29 22:00:00,4458.78191,4458.96632,4458.75631,4458.84597
2026-08-29 22:05:00,4458.78191,4458.98117,4458.71686,4458.75523
2026-08-29 22:10:00,4458.78191,4458.94544,4458.72855,4458.83785
2026-08-29 22:15:00,4458.78191,4458.97961,4458.71569,4458.8767
2026-08-29 22:20:00,4458.78191,4458.9715,4458.74814,4458.8406
2026-08-29 22:25:00,4458.78191,4458.98235,4458.71933,4458.75287
2026-08-29 22:30:00,4458.78191,4458.95323,4458.72384,4458.8321
2026-08-29 22:35:00,4458.78191,4458.97664,4458.71503,4458.87881
2026-08-29 22:40:00,4458.78191,4458.97572,4458.74076,4458.84492
2026-08-29 22:45:00,4458.78191,4458.98248,4458.7228,4458.75101
2026-08-29 22:50:00,4458.78191,4458.9602,4458.72011,4458.8264
2026-08-29 22:55:00,4458.78191,4458.97266,4458.71542,4458.88043
2026-08-29 23:00:00,4458.78191,4458.97895,4458.73421,4458.85059
2026-08-29 23:05:00,4458.78191,4458.98157,4458.72726,4458.74965
2026-08-29 23:10:00,4458.78191,4458.9663,4458.71739,4458.82078
2026-08-29 23:15:00,4458.78191,4458.96772,4458.71685,4458.88153
2026-08-29 23:20:00,4458.78191,4458.98117,4458.72857,4458.85616
2026-08-29 23:25:00,4458.78191,4458.97962,4458.73267,4458.7488
2026-08-29 23:30:00,4458.78191,4458.97148,4458.71569,4458.81528
2026-08-29 23:35:00,4458.78191,4458.96186,4458.71931,4458.88212
2026-08-29 23:40:00,4458.78191,4458.98234,4458.72386,4458.86157
2026-08-29 23:45:00,4458.78191,4458.97665,4458.73899,4458.74847
2026-08-29 23:50:00,4458.78191,4458.97571,4458.71503,4458.81605
2026-08-29 23:55:00,4458.78191,4458.9551,4458.72279,4458.88219
2026-08-30 00:00:00,4458.78191,4458.98248,4458.72013,4458.8668
2026-08-30 00:05:00,4458.78191,4458.97268,4458.74616,4458.74866
2026-08-30 00:10:00,4458.78191,4458.97894,4458.71542,4458.82195
2026-08-30 00:15:00,4458.78191,4458.94752,4458.72724,4458.88174
2026-08-30 00:20:00,4458.78191,4458.98157,4458.7174,4458.87179
2026-08-30 00:25:00,4458.78191,4458.96775,4458.74938,4458.74938
2026-08-30 00:30:00,4458.78191,4458.98116,4458.71685,4458.8278
2026-08-30 00:35:00,4458.78191,4458.93917,4458.73265,4458.88077
2026-08-30 00:40:00,4458.78191,4458.97963,4458.7157,4458.87651
2026-08-30 00:45:00,4458.78191,4458.96188,4458.7506,4458.7506
2026-08-30 00:50:00,4458.78191,4458.98234,4458.7193,4458.83355
2026-08-30 00:55:00,4458.78191,4458.93011,4458.73896,4458.87928
2026-08-30 01:00:00,4458.78191,4458.97666,4458.71503,4458.88092
2026-08-30 01:05:00,4458.78191,4458.95513,4458.75234,4458.75234
2026-08-30 01:10:00,4458.78191,4458.98248,4458.72014,4458.83916
2026-08-30 01:15:00,4458.78191,4458.92042,4458.74613,4458.8773
2026-08-30 01:20:00,4458.78191,4458.97893,4458.71541,4458.88499
2026-08-30 01:25:00,4458.78191,4458.94756,4458.75456,4458.75456
2026-08-30 01:30:00,4458.78191,4458.98158,4458.71741,4458.84459
2026-08-30 01:35:00,4458.78191,4458.91017,4458.7541,4458.87484
2026-08-30 01:40:00,4458.78191,4458.98115,4458.71684,4458.88869
2026-08-30 01:45:00,4458.78191,4458.93921,4458.75727,4458.75727
2026-08-30 01:50:00,4458.78191,4458.97964,4458.7157,4458.84978
2026-08-30 01:55:00,4458.78191,4458.91766,4458.76281,4458.87191
2026-08-30 02:00:00,4458.78191,4458.98234,4458.71929,4458.77841
2026-08-30 02:05:00,4458.78191,4458.93015,4458.76042,4458.76042
2026-08-30 02:10:00,4458.78191,4458.97668,4458.71503,4458.85471
2026-08-30 02:15:00,4458.78191,4458.92752,4458.77219,4458.86853
2026-08-30 02:20:00,4458.78191,4458.98248,4458.72015,4458.77363
2026-08-30 02:25:00,4458.78191,4458.92046,4458.764,4458.764
2026-08-30 02:30:00,4458.78191,4458.97892,4458.71541,4458.85933
2026-08-30 02:35:00,4458.78191,4458.93676,4458.78191,4458.86475
2026-08-30 02:40:00,4458.78191,4458.98159,4458.71742,4458.76918
2026-08-30 02:45:00,4458.78191,4458.91021,4458.75645,4458.76799
2026-08-30 02:50:00,4458.78191,4458.98114,4458.71683,4458.86361
2026-08-30 02:55:00,4458.78191,4458.94531,4458.78191,4458.86057
2026-08-30 03:00:00,4458.78191,4458.97965,4458.71571,4458.76509
2026-08-30 03:05:00,4458.78191,4458.91762,4458.74827,4458.77234
2026-08-30 03:10:00,4458.78191,4458.98234,4458.71928,4458.86751
2026-08-30 03:15:00,4458.78191,4458.95311,4458.77495,4458.85605
2026-08-30 03:20:00,4458.78191,4458.97669,4458.71503,4458.76139
2026-08-30 03:25:00,4458.78191,4458.92748,4458.74087,4458.77703
2026-08-30 03:30:00,4458.78191,4458.98249,4458.72017,4458.871
2026-08-30 03:35:00,4458.78191,4458.96009,4458.76539,4458.8512
2026-08-30 03:40:00,4458.78191,4458.97891,4458.71541,4458.75811
2026-08-30 03:45:00,4458.78191,4458.93672,4458.73431,4458.8437
2026-08-30 03:50:00,4458.78191,4458.98159,4458.71743,4458.87406
2026-08-30 03:55:00,4458.78191,4458.96621,4458.75649,4458.84608
2026-08-30 04:00:00,4458.78191,4458.98114,4458.71682,4458.75528
2026-08-30 04:05:00,4458.78191,4458.94528,4458.72865,4458.83797
2026-08-30 04:10:00,4458.78191,4458.97966,4458.71571,4458.87665
2026-08-30 04:15:00,4458.78191,4458.97141,4458.7483,4458.84071
2026-08-30 04:20:00,4458.78191,4458.98233,4458.71927,4458.75292
2026-08-30 04:25:00,4458.78191,4458.95308,4458.72393,4458.83222
2026-08-30 04:30:00,4458.78191,4458.97671,4458.71504,4458.87877
2026-08-30 04:35:00,4458.78191,4458.97565,4458.7409,4458.8448
2026-08-30 04:40:00,4458.78191,4458.98249,4458.72272,4458.75104
2026-08-30 04:45:00,4458.78191,4458.96007,4458.72018,4458.82651
2026-08-30 04:50:00,4458.78191,4458.97275,4458.7154,4458.8804
2026-08-30 04:55:00,4458.78191,4458.9789,4458.73434,4458.85048
2026-08-30 05:00:00,4458.78191,4458.9816,4458.72716,4458.74967
2026-08-30 05:05:00,4458.78191,4458.96618,4458.71744,4458.82089
2026-08-30 05:10:00,4458.78191,4458.96783,4458.71681,4458.88152
2026-08-30 05:15:00,4458.78191,4458.98113,4458.72867,4458.85605
2026-08-30 05:20:00,4458.78191,4458.97967,4458.73255,4458.74881
2026-08-30 05:25:00,4458.78191,4458.97139,4458.71572,4458.81539
2026-08-30 05:30:00,4458.78191,4458.96198,4458.71925,4458.88212
2026-08-30 05:35:00,4458.78191,4458.98233,4458.72395,4458.86146
2026-08-30 05:40:00,4458.78191,4458.97672,4458.73885,4458.74847
2026-08-30 05:45:00,4458.78191,4458.97563,4458.71504,4458.81593
2026-08-30 05:50:00,4458.78191,4458.95525,4458.72271,4458.8822
2026-08-30 05:55:00,4458.78191,4458.98249,4458.72019,4458.86669
2026-08-30 06:00:00,4458.78191,4458.97277,4458.74601,4458.74865
2026-08-30 06:05:00,4458.78191,4458.97888,4458.7154,4458.82183
2026-08-30 06:10:00,4458.78191,4458.94769,4458.72714,4458.88175
2026-08-30 06:15:00,4458.78191,4458.9816,4458.71744,4458.87169
2026-08-30 06:20:00,4458.78191,4458.96786,4458.74936,4458.74936
2026-08-30 06:25:00,4458.78191,4458.98112,4458.71681,4458.82768
2026-08-30 06:30:00,4458.78191,4458.93935,4458.73253,4458.88079
2026-08-30 06:35:00,4458.78191,4458.97968,4458.71572,4458.87642
2026-08-30 06:40:00,4458.78191,4458.96201,4458.75057,4458.75057
2026-08-30 06:45:00,4458.78191,4458.98233,4458.71924,4458.83344
2026-08-30 06:50:00,4458.78191,4458.9303,4458.73882,4458.87932
2026-08-30 06:55:00,4458.78191,4458.97674,4458.71504,4458.88083
2026-08-30 07:00:00,4458.78191,4458.95528,4458.7523,4458.7523
2026-08-30 07:05:00,4458.78191,4458.98249,4458.72021,4458.83905
2026-08-30 07:10:00,4458.78191,4458.92062,4458.74598,4458.87735
2026-08-30 07:15:00,4458.78191,4458.97887,4458.7154,4458.88491
2026-08-30 07:20:00,4458.78191,4458.94772,4458.75451,4458.75451
2026-08-30 07:25:00,4458.78191,4458.98161,4458.71745,4458.84448
2026-08-30 07:30:00,4458.78191,4458.91038,4458.75393,4458.87489
2026-08-30 07:35:00,4458.78191,4458.98112,4458.7168,4458.88862
2026-08-30 07:40:00,4458.78191,4458.93938,4458.75721,4458.75721
2026-08-30 07:45:00,4458.78191,4458.97969,4458.71573,4458.84968
2026-08-30 07:50:00,4458.78191,4458.91746,4458.76263,4458.87197
2026-08-30 07:55:00,4458.78191,4458.98627,4458.71232,4458.78271
2026-08-30 08:00:00,4458.78588,4458.93474,4458.76418,4458.76418
2026-08-30 08:05:00,4458.78588,4458.98088,4458.71902,4458.85837
2026-08-30 08:10:00,4458.78588,4458.93087,4458.77554,4458.87274
2026-08-30 08:15:00,4458.78588,4458.98648,4458.72434,4458.77791
2026-08-30 08:20:00,4458.78588,4458.92509,4458.76773,4458.76773
2026-08-30 08:25:00,4458.78588,4458.98271,4458.71933,4458.86301
2026-08-30 08:30:00,4458.78588,4458.94015,4458.78548,4458.86898
2026-08-30 08:35:00,4458.78588,4458.98565,4458.72154,4458.77344
2026-08-30 08:40:00,4458.78588,4458.91487,4458.76099,4458.77169
2026-08-30 08:45:00,4458.78588,4458.98501,4458.72068,4458.86731
2026-08-30 08:50:00,4458.78588,4458.94875,4458.78588,4458.86483
2026-08-30 08:55:00,4458.78588,4458.98378,4458.71976,4458.76932
2026-08-30 09:00:00,4458.78588,4458.92093,4458.75276,4458.77602
2026-08-30 09:05:00,4458.78588,4458.98627,4458.72306,4458.87124
2026-08-30 09:10:00,4458.78588,4458.9566,4458.77958,4458.86033
2026-08-30 09:15:00,4458.78588,4458.98089,4458.71902,4458.76559
2026-08-30 09:20:00,4458.78588,4458.93083,4458.74531,4458.78069
2026-08-30 09:25:00,4458.78588,4458.98648,4458.72436,4458.87476
2026-08-30 09:30:00,4458.78588,4458.96364,4458.76998,4458.85551
2026-08-30 09:35:00,4458.78588,4458.9827,4458.71933,4458.76229
2026-08-30 09:40:00,4458.78588,4458.94011,4458.73869,4458.78566
2026-08-30 09:45:00,4458.78588,4458.98566,4458.72155,4458.87785
2026-08-30 09:50:00,4458.78588,4458.96981,4458.76103,4458.8504
2026-08-30 09:55:00,4458.78588,4458.985,4458.72067,4458.75943
2026-08-30 10:00:00,4458.78588,4458.94871,4458.73297,4458.84232
2026-08-30 10:05:00,4458.78588,4458.98379,4458.71977,4458.88047
2026-08-30 10:10:00,4458.78588,4458.97507,4458.75279,4458.84505
2026-08-30 10:15:00,4458.78588,4458.98626,4458.72305,4458.75703
2026-08-30 10:20:00,4458.78588,4458.95657,4458.72818,4458.83657
2026-08-30 10:25:00,4458.78588,4458.98091,4458.71902,4458.88263
2026-08-30 10:30:00,4458.78588,4458.97937,4458.74533,4458.84841
2026-08-30 10:35:00,4458.78588,4458.98649,4458.72644,4458.75513
2026-08-30 10:40:00,4458.78588,4458.96361,4458.72437,4458.83086
2026-08-30 10:45:00,4458.78588,4458.97702,4458.71932,4458.88428
2026-08-30 10:50:00,4458.78588,4458.98269,4458.73872,4458.85408
2026-08-30 10:55:00,4458.78588,4458.98566,4458.73082,4458.75372
2026-08-30 11:00:00,4458.78588,4458.96979,4458.72156,4458.82523
2026-08-30 11:05:00,4458.78588,4458.97216,4458.72067,4458.88544
2026-08-30 11:10:00,4458.78588,4458.98499,4458.73299,4458.85966
2026-08-30 11:15:00,4458.78588,4458.9838,4458.73615,4458.75283
2026-08-30 11:20:00,4458.78588,4458.97505,4458.71977,4458.81972
2026-08-30 11:25:00,4458.78588,4458.96637,4458.72304,4458.88607
2026-08-30 11:30:00,4458.78588,4458.98626,4458.7282,4458.86509
2026-08-30 11:35:00,4458.78588,4458.98092,4458.74239,4458.75245
2026-08-30 11:40:00,4458.78588,4458.97936,4458.71902,4458.81952
2026-08-30 11:45:00,4458.78588,4458.95969,4458.72643,4458.88618
2026-08-30 11:50:00,4458.78588,4458.98649,4458.72438,4458.87033
2026-08-30 11:55:00,4458.78588,4458.97704,4458.74949,4458.7526
2026-08-30 12:00:00,4458.78588,4458.98268,4458.71932,4458.82542
2026-08-30 12:05:00,4458.78588,4458.95218,4458.7308,4458.88577
2026-08-30 12:10:00,4458.78588,4458.98567,4458.72157,4458.87535
2026-08-30 12:15:00,4458.78588,4458.97218,4458.75327,4458.75327
2026-08-30 12:20:00,4458.78588,4458.98498,4458.72066,4458.83128
2026-08-30 12:25:00,4458.78588,4458.94389,4458.73612,4458.88485
2026-08-30 12:30:00,4458.78588,4458.98381,4458.71978,4458.88009
2026-08-30 12:35:00,4458.78588,4458.9664,4458.75445,4458.75445
2026-08-30 12:40:00,4458.78588,4458.98626,4458.72303,4458.83704
2026-08-30 12:45:00,4458.78588,4458.93489,4458.74236,4458.88341
2026-08-30 12:50:00,4458.78588,4458.98094,4458.71903,4458.88453
2026-08-30 12:55:00,4458.78588,4458.95972,4458.75615,4458.75615
2026-08-30 13:00:00,4458.78588,4458.98649,4458.7244,4458.84266
2026-08-30 13:05:00,4458.78588,4458.92525,4458.74946,4458.88147
2026-08-30 13:10:00,4458.78588,4458.98267,4458.71932,4458.88863
2026-08-30 13:15:00,4458.78588,4458.95221,4458.75833,4458.75833
2026-08-30 13:20:00,4458.78588,4458.98567,4458.72158,4458.84811
2026-08-30 13:25:00,4458.78588,4458.91504,4458.75736,4458.87904
2026-08-30 13:30:00,4458.78588,4458.98498,4458.72065,4458.89236
2026-08-30 13:35:00,4458.78588,4458.94393,4458.76099,4458.76099
2026-08-30 13:40:00,4458.78588,4458.98382,4458.71978,4458.85332
2026-08-30 13:45:00,4458.78588,4458.92077,4458.76601,4458.87615
2026-08-30 13:50:00,4458.78588,4458.98625,4458.72302,4458.78281
2026-08-30 13:55:00,4458.78588,4458.93493,4458.76411,4458.76411
2026-08-30 14:00:00,4458.78588,4458.98095,4458.71903,4458.85828
2026-08-30 14:05:00,4458.78588,4458.93067,4458.77534,4458.87282
2026-08-30 14:10:00,4458.78588,4458.98649,4458.72441,4458.77801
2026-08-30 14:15:00,4458.78588,4458.92529,4458.76765,4458.76765
2026-08-30 14:20:00,4458.78588,4458.98266,4458.71931,4458.86292
2026-08-30 14:25:00,4458.78588,4458.93997,4458.78527,4458.86906
2026-08-30 14:30:00,4458.78588,4458.98568,4458.72159,4458.77352
2026-08-30 14:35:00,4458.78588,4458.91509,4458.76117,4458.77161
2026-08-30 14:40:00,4458.78588,4458.98497,4458.72064,4458.86723
2026-08-30 14:45:00,4458.78588,4458.94858,4458.78588,4458.86492
2026-08-30 14:50:00,4458.78588,4458.98383,4458.71979,4458.7694
2026-08-30 14:55:00,4458.78588,4458.92073,4458.75292,4458.77593
2026-08-30 15:00:00,4458.78588,4458.98625,4458.723,4458.87116
2026-08-30 15:05:00,4458.78588,4458.95645,4458.77978,4458.86042
2026-08-30 15:10:00,4458.78588,4458.98096,4458.71903,4458.76567
2026-08-30 15:15:00,4458.78588,4458.93063,4458.74545,4458.78059
2026-08-30 15:20:00,4458.78588,4458.98649,4458.72443,4458.87469
2026-08-30 15:25:00,4458.78588,4458.9635,4458.77017,4458.85561
2026-08-30 15:30:00,4458.78588,4458.98264,4458.71931,4458.76235
2026-08-30 15:35:00,4458.78588,4458.93993,4458.73882,4458.78556
2026-08-30 15:40:00,4458.78588,4458.98569,4458.7216,4458.87779
2026-08-30 15:45:00,4458.78588,4458.96969,4458.7612,4458.85051
2026-08-30 15:50:00,4458.78588,4458.98496,4458.72064,4458.75948
2026-08-30 15:55:00,4458.78588,4458.94855,4458.73308,4458.84244
2026-08-30 16:00:00,4458.78588,4458.98384,4458.71979,4458.88043
2026-08-30 16:05:00,4458.78588,4458.97497,4458.75295,4458.84516
2026-08-30 16:10:00,4458.78588,4458.98625,4458.72299,4458.75708
2026-08-30 16:15:00,4458.78588,4458.95641,4458.72827,4458.83669
2026-08-30 16:20:00,4458.78588,4458.98098,4458.71903,4458.88259
2026-08-30 16:25:00,4458.78588,4458.9793,4458.74548,4458.84829
2026-08-30 16:30:00,4458.78588,4458.98649,4458.72636,4458.75516
2026-08-30 16:35:00,4458.78588,4458.96347,4458.72444,4458.83098
2026-08-30 16:40:00,4458.78588,4458.97711,4458.71931,4458.88426
2026-08-30 16:45:00,4458.78588,4458.98263,4458.73885,4458.85397
2026-08-30 16:50:00,4458.78588,4458.98569,4458.73072,4458.75374
2026-08-30 16:55:00,4458.78588,4458.96967,4458.72161,4458.82534
2026-08-30 17:00:00,4458.78588,4458.97227,4458.72063,4458.88542
2026-08-30 17:05:00,4458.78588,4458.98496,4458.7331,4458.85955
2026-08-30 17:10:00,4458.78588,4458.98385,4458.73603,4458.75284
2026-08-30 17:15:00,4458.78588,4458.97495,4458.7198,4458.81983
2026-08-30 17:20:00,4458.78588,4458.9665,4458.72298,4458.88606
2026-08-30 17:25:00,4458.78588,4458.98625,4458.72829,4458.86498
2026-08-30 17:30:00,4458.78588,4458.98099,4458.74225,4458.75246
2026-08-30 17:35:00,4458.78588,4458.97928,4458.71903,4458.8194
2026-08-30 17:40:00,4458.78588,4458.95984,4458.72635,4458.88619
2026-08-30 17:45:00,4458.78588,4458.98649,4458.72445,4458.87023
2026-08-30 17:50:00,4458.78588,4458.97713,4458.74934,4458.75259
2026-08-30 17:55:00,4458.78588,4458.98262,4458.7193,4458.8253
2026-08-30 18:00:00,4458.78588,4458.95234,4458.7307,4458.88579
2026-08-30 18:05:00,4458.78588,4458.9857,4458.72162,4458.87525
2026-08-30 18:10:00,4458.78588,4458.97229,4458.75325,4458.75325
2026-08-30 18:15:00,4458.78588,4458.98495,4458.72062,4458.83116
2026-08-30 18:20:00,4458.78588,4458.94407,4458.73601,4458.88487
2026-08-30 18:25:00,4458.78588,4458.98386,4458.7198,4458.88
2026-08-30 18:30:00,4458.78588,4458.96652,4458.75443,4458.75443
2026-08-30 18:35:00,4458.78588,4458.98624,4458.72297,4458.83692
2026-08-30 18:40:00,4458.78588,4458.93508,4458.74222,4458.88344
2026-08-30 18:45:00,4458.78588,4458.981,4458.71903,4458.88444
2026-08-30 18:50:00,4458.78588,4458.95987,4458.75611,4458.75611
2026-08-30 18:55:00,4458.78588,4458.98649,4458.72447,4458.84255
2026-08-30 19:00:00,4458.78588,4458.92545,4458.74931,4458.88151
2026-08-30 19:05:00,4458.78588,4458.98261,4458.7193,4458.88855
2026-08-30 19:10:00,4458.78588,4458.95238,4458.75828,4458.75828
2026-08-30 19:15:00,4458.78588,4458.9857,4458.72163,4458.848
2026-08-30 19:20:00,4458.78588,4458.91526,4458.75719,4458.8791
2026-08-30 19:25:00,4458.78588,4458.98494,4458.72061,4458.89229
2026-08-30 19:30:00,4458.78588,4458.94411,4458.76093,4458.76093
2026-08-30 19:35:00,4458.78588,4458.98387,4458.71981,4458.85322
2026-08-30 19:40:00,4458.78588,4458.92056,4458.76583,4458.87621
2026-08-30 19:45:00,4458.78588,4458.98624,4458.72296,4458.78291
2026-08-30 19:50:00,4458.78588,4458.93512,4458.76404,4458.76404
2026-08-30 19:55:00,4458.78588,4458.98102,4458.71903,4458.85818
2026-08-30 20:00:00,4458.78588,4458.93047,4458.77514,4458.87289
2026-08-30 20:05:00,4458.78588,4458.9865,4458.72448,4458.7781
2026-08-30 20:10:00,4458.78588,4458.9255,4458.76758,4458.76758
2026-08-30 20:15:00,4458.78588,4458.9826,4458.7193,4458.86283
2026-08-30 20:20:00,4458.78588,4458.93978,4458.78506,4458.86914
2026-08-30 20:25:00,4458.78588,4458.98571,4458.72164,4458.77361
2026-08-30 20:30:00,4458.78588,4458.9153,4458.76134,4458.77152
2026-08-30 20:35:00,4458.78588,4458.98493,4458.72061,4458.86715
2026-08-30 20:40:00,4458.78588,4458.94841,4458.78588,4458.86501
2026-08-30 20:45:00,4458.78588,4458.98388,4458.71981,4458.76948
2026-08-30 20:50:00,4458.78588,4458.92052,4458.75308,4458.77584
2026-08-30 20:55:00,4458.78588,4458.98624,4458.72295,4458.87109
2026-08-30 21:00:00,4458.78588,4458.95629,4458.77998,4458.86052
2026-08-30 21:05:00,4458.78588,4458.98103,4458.71903,4458.76574
2026-08-30 21:10:00,4458.78588,4458.93043,4458.74559,4458.78049
2026-08-30 21:15:00,4458.78588,4458.9865,4458.72449,4458.87462
2026-08-30 21:20:00,4458.78588,4458.96337,4458.77036,4458.85571
2026-08-30 21:25:00,4458.78588,4458.98259,4458.71929,4458.76241
2026-08-30 21:30:00,4458.78588,4458.93975,4458.73895,4458.78545
2026-08-30 21:35:00,4458.78588,4458.98571,4458.72165,4458.87773
2026-08-30 21:40:00,4458.78588,4458.96958,4458.76138,4458.85061
2026-08-30 21:45:00,4458.78588,4458.98493,4458.7206,4458.75953
2026-08-30 21:50:00,4458.78588,4458.94838,4458.73319,4458.84255
2026-08-30 21:55:00,4458.78588,4458.98389,4458.71982,4458.88038
2026-08-30 22:00:00,4458.78588,4458.97487,4458.75311,4458.84527
2026-08-30 22:05:00,4458.78588,4458.98623,4458.72293,4458.75712
2026-08-30 22:10:00,4458.78588,4458.95626,4458.72836,4458.83681
2026-08-30 22:15:00,4458.78588,4458.98105,4458.71903,4458.88255
2026-08-30 22:20:00,4458.78588,4458.97922,4458.74562,4458.84817
2026-08-30 22:25:00,4458.78588,4458.9865,4458.72628,4458.75519
2026-08-30 22:30:00,4458.78588,4458.96334,4458.72451,4458.8311
2026-08-30 22:35:00,4458.78588,4458.9772,4458.71929,4458.88423
2026-08-30 22:40:00,4458.78588,4458.98257,4458.73897,4458.85386
2026-08-30 22:45:00,4458.78588,4458.98572,4458.73062,4458.75377
2026-08-30 22:50:00,4458.78588,4458.96955,4458.72165,4458.82546
2026-08-30 22:55:00,4458.78588,4458.97238,4458.72059,4458.8854
2026-08-30 23:00:00,4458.78588,4458.98492,4458.73321,4458.85944
2026-08-30 23:05:00,4458.78588,4458.9839,4458.73591,4458.75285
2026-08-30 23:10:00,4458.78588,4458.97485,4458.71983,4458.81994
2026-08-30 23:15:00,4458.78588,4458.96663,4458.72292,4458.88605
2026-08-30 23:20:00,4458.78588,4458.98623,4458.72838,4458.86487
2026-08-30 23:25:00,4458.78588,4458.98106,4458.74212,4458.75246
2026-08-30 23:30:00,4458.78588,4458.9792,4458.71903,4458.81928
2026-08-30 23:35:00,4458.78588,4458.95998,4458.72627,4458.88619
2026-08-30 23:40:00,4458.78588,4458.9865,4458.72452,4458.87012
2026-08-30 23:45:00,4458.78588,4458.97722,4458.74918,4458.75258
2026-08-30 23:50:00,4458.78588,4458.98256,4458.71929,4458.82518
2026-08-30 23:55:00,4458.78588,4458.9525,4458.7306,4458.8858
2026-08-31 00:00:00,4458.78588,4458.98572,4458.72166,4458.87515
2026-08-31 00:05:00,4458.78588,4458.9724,4458.75323,4458.75323
2026-08-31 00:10:00,4458.78588,4458.98491,4458.72058,4458.83104
2026-08-31 00:15:00,4458.78588,4458.94425,4458.73589,4458.88489
2026-08-31 00:20:00,4458.78588,4458.98391,4458.71983,4458.8799
2026-08-31 00:25:00,4458.78588,4458.96665,4458.7544,4458.7544
2026-08-31 00:30:00,4458.78588,4458.98623,4458.72291,4458.83681
2026-08-31 00:35:00,4458.78588,4458.93527,4458.74209,4458.88348
2026-08-31 00:40:00,4458.78588,4458.98107,4458.71904,4458.88436
2026-08-31 00:45:00,4458.78588,4458.96001,4458.75607,4458.75607
2026-08-31 00:50:00,4458.78588,4458.9865,4458.72453,4458.84244
2026-08-31 00:55:00,4458.78588,4458.92566,4458.74915,4458.88156
2026-08-31 01:00:00,4458.78588,4458.98255,4458.71928,4458.88847
2026-08-31 01:05:00,4458.78588,4458.95254,4458.75823,4458.75823
2026-08-31 01:10:00,4458.78588,4458.98573,4458.72167,4458.84789
2026-08-31 01:15:00,4458.78588,4458.91547,4458.75702,4458.87915
2026-08-31 01:20:00,4458.78588,4458.9849,4458.72058,4458.89222
2026-08-31 01:25:00,4458.78588,4458.94428,4458.76087,4458.76087
2026-08-31 01:30:00,4458.78588,4458.98392,4458.71984,4458.85312
2026-08-31 01:35:00,4458.78588,4458.92035,4458.76565,4458.87628
2026-08-31 01:40:00,4458.78588,4458.98622,4458.7229,4458.78301
2026-08-31 01:45:00,4458.78588,4458.93531,4458.76397,4458.76397
2026-08-31 01:50:00,4458.78588,4458.98109,4458.71904,4458.85808
2026-08-31 01:55:00,4458.78588,4458.93028,4458.77495,4458.87296
2026-08-31 02:00:00,4458.78588,4458.9865,4458.72455,4458.7782
2026-08-31 02:05:00,4458.78588,4458.9257,4458.7675,4458.7675
2026-08-31 02:10:00,4458.78588,4458.98254,4458.71928,4458.86274
2026-08-31 02:15:00,4458.78588,4458.9396,4458.78485,4458.86922
2026-08-31 02:20:00,4458.78588,4458.98573,4458.72168,4458.7737
2026-08-31 02:25:00,4458.78588,4458.91551,4458.76152,4458.77144
2026-08-31 02:30:00,4458.78588,4458.9849,4458.72057,4458.86706
2026-08-31 02:35:00,4458.78588,4458.94824,4458.78588,4458.8651
2026-08-31 02:40:00,4458.78588,4458.98393,4458.71984,4458.76956
2026-08-31 02:45:00,4458.78588,4458.92031,4458.75324,4458.77575
2026-08-31 02:50:00,4458.78588,4458.98622,4458.72289,4458.87101
2026-08-31 02:55:00,4458.78588,4458.95614,4458.78018,4458.86062
2026-08-31 03:00:00,4458.78588,4458.9811,4458.71904,4458.76581
2026-08-31 03:05:00,4458.78588,4458.93024,4458.74574,4458.78039
2026-08-31 03:10:00,4458.78588,4458.9865,4458.72456,4458.87455
2026-08-31 03:15:00,4458.78588,4458.96323,4458.77055,4458.85581
2026-08-31 03:20:00,4458.78588,4458.98253,4458.71928,4458.76248
2026-08-31 03:25:00,4458.78588,4458.93956,4458.73907,4458.78535
2026-08-31 03:30:00,4458.78588,4458.98574,4458.72169,4458.87767
2026-08-31 03:35:00,4458.78588,4458.96946,4458.76155,4458.85072
2026-08-31 03:40:00,4458.78588,4458.98489,4458.72056,4458.75959
2026-08-31 03:45:00,4458.78588,4458.94821,4458.7333,4458.84267
2026-08-31 03:50:00,4458.78588,4458.98394,4458.71985,4458.88033
2026-08-31 03:55:00,4458.78588,4458.97477,4458.75327,4458.84538
2026-08-31 04:00:00,4458.78588,4458.96649,4458.70339,4458.72089
2026-08-31 04:05:00,4458.766,4458.93607,4458.70563,4458.80816
2026-08-31 04:10:00,4458.75991,4458.95218,4458.69117,4458.85526
2026-08-31 04:15:00,4458.75805,4458.96639,4458.71232,4458.84271
2026-08-31 04:20:00,4458.78636,4458.98648,4458.71232,4458.72456
2026-08-31 04:25:00,4458.77945,4458.97254,4458.71232,4458.82709
2026-08-31 04:30:00,4458.78736,4458.97341,4458.71232,4458.88019
2026-08-31 04:35:00,4458.78075,4458.97847,4458.71232,4458.84891
2026-08-31 04:40:00,4458.78829,4458.98563,4458.71232,4458.72405
2026-08-31 04:45:00,4458.77949,4458.97168,4458.71232,4458.82395
2026-08-31 04:50:00,4458.78766,4458.97062,4458.71232,4458.88335
2026-08-31 04:55:00,4458.78272,4459.53706,4456.79612,4456.96391
2026-08-31 05:00:00,4457.17644,4457.17644,4456.10777,4456.26427
2026-08-31 05:05:00,4456.17866,4456.33955,4456.12941,4456.23089
2026-08-31 05:10:00,4456.15874,4456.35694,4456.08651,4456.13095
2026-08-31 05:15:00,4456.15456,4456.30407,4456.11264,4456.21547
2026-08-31 05:20:00,4456.14968,4456.35717,4456.09118,4456.24811
2026-08-31 05:25:00,4456.15755,4456.34101,4456.12941,4456.21949
2026-08-31 05:30:00,4456.15304,4456.35157,4456.08951,4456.12949
2026-08-31 05:35:00,4456.15487,4456.31312,4456.10407,4456.1396
2026-08-31 05:40:00,4456.15504,4456.34569,4456.08354,4456.24114
2026-08-31 05:45:00,4456.14692,4456.33501,4456.11621,4456.20778
2026-08-31 05:50:00,4456.14728,4456.34732,4456.08379,4456.119
2026-08-31 05:55:00,4456.14728,4456.31795,4456.09073,4456.20312
2026-08-31 06:00:00,4456.14772,4456.37056,4456.09659,4456.26494
2026-08-31 06:05:00,4456.17023,4456.35282,4456.11963,4456.21709
2026-08-31 06:10:00,4456.15509,4456.36171,4456.09463,4456.1252
2026-08-31 06:15:00,4456.15635,4456.54674,4455.53377,4456.17171
2026-08-31 06:20:00,4456.10754,4456.34533,4456.08651,4456.25111
2026-08-31 06:25:00,4456.15323,4456.35295,4456.11039,4456.21879
2026-08-31 06:30:00,4456.15541,4456.34923,4456.09095,4456.11547
2026-08-31 06:35:00,4456.14767,4456.33146,4456.08565,4456.19261
2026-08-31 06:40:00,4456.14942,4456.34713,4456.09139,4456.25833
2026-08-31 06:45:00,4456.15958,4456.35747,4456.10447,4456.23027
2026-08-31 06:50:00,4456.15714,4456.35184,4456.10595,4456.1244
2026-08-31 06:55:00,4456.15642,4456.3406,4456.08961,4456.19301
2026-08-31 07:00:00,4456.15721,4456.33755,4456.0895,4456.2552
2026-08-31 07:05:00,4456.15562,4456.44856,4456.07868,4456.35744
2026-08-31 07:10:00,4456.12636,4456.52658,4456.1216,4456.13167
2026-08-31 07:15:00,4456.1711,4456.34524,4456.08874,4456.17967
2026-08-31 07:20:00,4456.14727,4456.33329,4456.09445,4456.25747
2026-08-31 07:25:00,4456.1576,4456.35773,4456.10298,4456.23705
2026-08-31 07:30:00,4456.15719,4456.34788,4456.11982,4456.12582
2026-08-31 07:35:00,4456.1584,4456.44549,4455.7323,4456.31595
2026-08-31 07:40:00,4456.25882,4456.25882,4456.03129,4456.17923
2026-08-31 07:45:00,4456.07898,4456.3264,4456.03626,4456.23358
2026-08-31 07:50:00,4456.14529,4456.34737,4456.12628,4456.12628
2026-08-31 07:55:00,4456.15919,4456.35741,4456.09337,4456.20231
2026-08-31 08:00:00,4456.15919,4456.15919,4436.55723,4448.06403
2026-08-31 08:05:00,4446.43169,4455.46442,4446.43169,4454.87728
2026-08-31 08:10:00,4454.06843,4459.30881,4454.06843,4459.04644
2026-08-31 08:15:00,4458.41817,4461.7467,4454.15885,4460.43431
2026-08-31 08:20:00,4457.24556,4466.27959,4457.24556,4465.89265
2026-08-31 08:25:00,4465.12851,4465.736,4458.71232,4459.0572
2026-08-31 08:30:00,4459.66093,4459.66093,4455.36176,4455.93745
2026-08-31 08:35:00,4456.89184,4461.49728,4450.79219,4460.8026
2026-08-31 08:40:00,4459.19502,4462.29362,4458.35076,4459.1583
2026-08-31 08:45:00,4460.5801,4460.70122,4457.12248,4459.92211
2026-08-31 08:50:00,4459.81081,4459.99253,4458.97996,4459.16894
2026-08-31 08:55:00,4459.09786,4461.83419,4458.72244,4461.54335
2026-08-31 09:00:00,4460.75495,4462.74828,4460.70122,4462.55579
2026-08-31 09:05:00,4461.97057,4466.47907,4461.97057,4466.2986
2026-08-31 09:10:00,4465.95808,4466.53421,4461.11516,4462.07788
2026-08-31 09:15:00,4464.03558,4464.03558,4459.70655,4463.49202
2026-08-31 09:20:00,4463.14785,4464.88369,4461.09921,4461.47118
2026-08-31 09:25:00,4462.09519,4462.57214,4453.84122,4454.53274
2026-08-31 09:30:00,4455.46919,4458.31476,4452.08662,4456.79181
2026-08-31 09:35:00,4456.1293,4456.51771,4450.97254,4451.20297
2026-08-31 09:40:00,4451.66343,4452.57459,4447.40938,4447.52104
2026-08-31 09:45:00,4447.74715,4451.29231,4438.86874,4439.52046
2026-08-31 09:50:00,4440.92832,4446.61835,4435.38998,4446.4269
2026-08-31 09:55:00,4446.36514,4459.40444,4444.4203,4458.89106
2026-08-31 10:00:00,4458.12245,4461.29824,4454.14458,4454.62298
2026-08-31 10:05:00,4455.31285,4458.91113,4455.27529,4457.31442
2026-08-31 10:10:00,4457.50293,4462.491,4456.32799,4461.63527
2026-08-31 10:15:00,4460.46769,4464.48247,4459.70655,4459.99141
2026-08-31 10:20:00,4460.48662,4460.48662,4457.76421,4458.098
2026-08-31 10:25:00,4458.76717,4458.76717,4452.95454,4453.29181
2026-08-31 10:30:00,4454.19293,4466.08012,4454.19293,4465.855
2026-08-31 10:35:00,4465.25923,4470.27269,4463.48866,4470.10034
2026-08-31 10:40:00,4469.75094,4470.87227,4464.28571,4464.79567
2026-08-31 10:45:00,4465.76186,4468.47491,4463.83235,4468.22717
2026-08-31 10:50:00,4468.03667,4469.24576,4462.6919,4465.416
2026-08-31 10:55:00,4464.31666,4468.11907,4458.54251,4459.10182
2026-08-31 11:00:00,4459.83325,4467.16639,4443.45701,4458.61413
2026-08-31 11:05:00,4456.56611,4462.29362,4441.64208,4443.01535
2026-08-31 11:10:00,4445.37676,4445.37676,4437.5416,4440.86614
2026-08-31 11:15:00,4439.98602,4450.94268,4438.30656,4450.31889
2026-08-31 11:20:00,4449.1651,4452.55799,4445.65462,4448.46798
2026-08-31 11:25:00,4449.45906,4449.45906,4444.24692,4447.18528
2026-08-31 11:30:00,4446.14348,4450.19116,4439.57301,4440.65841
2026-08-31 11:35:00,4442.4391,4449.35699,4438.32941,4448.50673
2026-08-31 11:40:00,4446.37977,4454.5414,4444.32147,4451.49413
2026-08-31 11:45:00,4451.9932,4451.9932,4439.49839,4440.70447
2026-08-31 11:50:00,4443.39343,4443.39343,4436.14333,4442.03375
2026-08-31 11:55:00,4441.07722,4446.50757,4440.91497,4441.82924
2026-08-31 12:00:00,4442.80031,4442.80031,4422.43057,4423.4789
2026-08-31 12:05:00,4425.33751,4431.47307,4424.24923,4430.98477
2026-08-31 12:10:00,4430.29857,4431.91652,4423.99575,4424.38559
2026-08-31 12:15:00,4425.13403,4425.13403,4421.19449,4424.58482
2026-08-31 12:20:00,4423.21573,4425.11734,4419.8895,4424.53034
2026-08-31 12:25:00,4423.25076,4428.30573,4423.21302,4426.3983
2026-08-31 12:30:00,4425.89166,4426.09005,4412.71067,4413.99006
2026-08-31 12:35:00,4415.86663,4415.86663,4405.48042,4407.69971
2026-08-31 12:40:00,4408.69791,4411.46058,4402.5711,4406.64044
2026-08-31 12:45:00,4405.6227,4406.75965,4400.63369,4401.17734
2026-08-31 12:50:00,4402.16892,4415.93847,4400.09589,4415.3852
2026-08-31 12:55:00,4414.13729,4422.31548,4414.13729,4421.66291
2026-08-31 13:00:00,4420.73188,4428.72943,4420.73188,4427.85919
2026-08-31 13:05:00,4425.93256,4425.93256,4421.78327,4423.36311
2026-08-31 13:10:00,4424.02873,4427.52585,4424.02873,4426.88612
2026-08-31 13:15:00,4425.84913,4432.86427,4425.84913,4432.46872
2026-08-31 13:20:00,4431.8443,4433.45585,4427.52147,4433.00466
2026-08-31 13:25:00,4432.0147,4432.0147,4427.12945,4428.95414
2026-08-31 13:30:00,4428.35183,4429.67885,4423.60435,4423.86994
2026-08-31 13:35:00,4424.297,4424.77876,4421.14507,4421.60895
2026-08-31 13:40:00,4422.25735,4423.47663,4420.28025,4423.01349
2026-08-31 13:45:00,4422.42473,4424.58298,4422.42473,4424.47536
2026-08-31 13:50:00,4424.24854,4425.95379,4423.80004,4424.67061
2026-08-31 13:55:00,4424.79432,4424.81464,4421.64839,4422.48108
2026-08-31 14:00:00,4422.19648,4423.38313,4419.25951,4419.52353
2026-08-31 14:05:00,4420.01792,4420.01792,4417.54649,4417.61325
2026-08-31 14:10:00,4417.84066,4423.21302,4417.84066,4422.80556
2026-08-31 14:15:00,4421.96747,4421.96747,4418.71645,4418.89242
2026-08-31 14:20:00,4419.18735,4419.39014,4417.31094,4417.93349
2026-08-31 14:25:00,4418.30307,4420.47564,4416.18089,4416.41057
2026-08-31 14:30:00,4416.79913,4416.79913,4413.55487,4413.63623
2026-08-31 14:35:00,4413.87723,4421.25741,4413.87723,4421.12112
2026-08-31 14:40:00,4420.8378,4420.8378,4417.35136,4419.06305
2026-08-31 14:45:00,4418.66205,4421.64839,4418.66205,4420.45511
2026-08-31 14:50:00,4420.73055,4421.5181,4419.05216,4419.9833
2026-08-31 14:55:00,4420.2215,4424.58298,4419.90855,4424.44791
2026-08-31 15:00:00,4424.13661,4427.44456,4423.93783,4427.00224
2026-08-31 15:05:00,4425.94084,4425.94084,4420.71577,4421.00151
2026-08-31 15:10:00,4421.51783,4424.58298,4420.03436,4424.48562
2026-08-31 15:15:00,4424.20789,4426.67998,4422.82176,4426.0993
2026-08-31 15:20:00,4424.94225,4433.36924,4424.94225,4432.87489
2026-08-31 15:25:00,4431.57328,4440.30102,4431.57328,4439.84711
2026-08-31 15:30:00,4438.77407,4440.69452,4431.83833,4432.68247
2026-08-31 15:35:00,4433.31019,4435.77005,4431.44554,4435.48274
2026-08-31 15:40:00,4435.04387,4439.31457,4433.80332,4439.03603
2026-08-31 15:45:00,4438.48605,4439.90587,4437.30987,4439.72231
2026-08-31 15:50:00,4439.06561,4439.36156,4434.5898,4438.73682
2026-08-31 15:55:00,4438.48306,4443.45701,4436.55723,4443.03037
2026-08-31 16:00:00,4442.22641,4443.24385,4433.67029,4434.01309
2026-08-31 16:05:00,4434.71695,4434.71695,4430.07132,4430.1367
2026-08-31 16:10:00,4430.62323,4434.98315,4430.62323,4433.72013
2026-08-31 16:15:00,4433.54856,4436.7524,4432.03475,4435.95171
2026-08-31 16:20:00,4434.39486,4438.52641,4434.39486,4436.30017
2026-08-31 16:25:00,4436.49554,4436.65875,4435.31435,4436.48938
2026-08-31 16:30:00,4436.21742,4436.39926,4431.6006,4435.58649
2026-08-31 16:35:00,4433.57088,4439.60928,4433.57088,4438.94689
2026-08-31 16:40:00,4437.62879,4441.35242,4437.62879,4440.03681
2026-08-31 16:45:00,4439.82026,4443.06216,4439.82026,4441.44888
2026-08-31 16:50:00,4441.69804,4441.69804,4438.32941,4438.59757
2026-08-31 16:55:00,4438.88039,4440.90425,4436.75407,4438.93245
2026-08-31 17:00:00,4438.3906,4439.90587,4437.1478,4439.47161
2026-08-31 17:05:00,4438.89573,4440.49734,4437.5416,4438.05742
2026-08-31 17:10:00,4438.11038,4439.70876,4436.22709,4436.71803
2026-08-31 17:15:00,4437.76003,4439.31457,4435.37142,4439.02439
2026-08-31 17:20:00,4438.31641,4444.9945,4437.99884,4441.90983
2026-08-31 17:25:00,4443.01859,4448.09005,4443.01859,4447.75851
2026-08-31 17:30:00,4446.96016,4446.96016,4443.06096,4443.68998
2026-08-31 17:35:00,4445.10246,4445.10246,4441.93402,4443.22458
2026-08-31 17:40:00,4443.12344,4446.65475,4441.9144,4446.23318
2026-08-31 17:45:00,4445.11022,4447.60719,4444.91281,4445.58262
2026-08-31 17:50:00,4446.4642,4446.4642,4442.66738,4443.53164
2026-08-31 17:55:00,4442.84875,4445.11515,4441.92977,4442.13212
2026-08-31 18:00:00,4442.38322,4449.19025,4441.2862,4449.03737
2026-08-31 18:05:00,4448.81309,4449.98906,4442.47001,4443.6411
2026-08-31 18:10:00,4443.59965,4443.59965,4438.25212,4438.61003
2026-08-31 18:15:00,4439.30602,4440.10301,4435.0001,4439.45563
2026-08-31 18:20:00,4438.94014,4440.10301,4438.92045,4439.16098
2026-08-31 18:25:00,4439.11009,4441.07348,4438.13243,4438.67511
2026-08-31 18:30:00,4439.33751,4441.48346,4436.65535,4437.0751
2026-08-31 18:35:00,4437.95234,4437.95234,4435.17429,4437.1543
2026-08-31 18:40:00,4437.13566,4437.18941,4434.36487,4435.88452
2026-08-31 18:45:00,4435.70076,4436.36041,4434.98315,4436.28641
2026-08-31 18:50:00,4436.02123,4436.89268,4434.5898,4435.33085
2026-08-31 18:55:00,4435.17461,4435.77005,4434.39315,4435.73315
2026-08-31 19:00:00,4435.66256,4438.92045,4435.37656,4437.62742
2026-08-31 19:05:00,4438.01732,4440.69452,4438.01732,4438.95631
2026-08-31 19:10:00,4439.43748,4443.45701,4436.55723,4443.13624
2026-08-31 19:15:00,4442.43192,4444.24275,4441.6512,4441.91681
2026-08-31 19:20:00,4442.26841,4442.26841,4439.37807,4439.6193
2026-08-31 19:25:00,4440.05904,4440.05904,4438.05226,4438.26166
2026-08-31 19:30:00,4438.80128,4443.29139,4438.80128,4442.83911
2026-08-31 19:35:00,4441.68858,4445.2507,4441.68858,4442.84688
2026-08-31 19:40:00,4442.70372,4443.28428,4441.48346,4443.21176
2026-08-31 19:45:00,4443.10596,4444.64198,4442.22963,4443.28563
2026-08-31 19:50:00,4443.57599,4443.65446,4441.48346,4443.10003
2026-08-31 19:55:00,4442.98192,4445.02026,4442.98192,4444.59569
2026-08-31 20:00:00,4443.49869,4446.61835,4443.49869,4446.23101
2026-08-31 20:05:00,4445.41176,4452.95454,4445.1081,4452.30805
2026-08-31 20:10:00,4452.11162,4452.11162,4446.42063,4450.35573
2026-08-31 20:15:00,4448.67963,4451.96332,4446.22293,4447.76069
2026-08-31 20:20:00,4447.68509,4449.38821,4447.47881,4448.77996
2026-08-31 20:25:00,4448.72939,4448.91143,4447.01383,4447.54709
2026-08-31 20:30:00,4447.61338,4449.67742,4447.61333,4449.58602
2026-08-31 20:35:00,4449.38748,4450.97254,4447.94677,4450.91352
2026-08-31 20:40:00,4450.75689,4450.80798,4449.54105,4449.71717
2026-08-31 20:45:00,4450.17624,4451.17407,4449.78419,4451.14079
2026-08-31 20:50:00,4451.07593,4455.7323,4450.79047,4454.3919
2026-08-31 20:55:00,4454.46159,4455.32971,4454.14458,4454.55777
2026-08-31 21:00:00,4454.61783,4456.27943,4453.01534,4455.7204
2026-08-31 21:05:00,4455.88865,4457.51141,4454.10493,4456.77485
2026-08-31 21:10:00,4456.4512,4456.95215,4454.33827,4454.6891
2026-08-31 21:15:00,4455.1939,4456.69492,4452.95454,4456.12341
2026-08-31 21:20:00,4455.09797,4457.91726,4455.09797,4457.48046
2026-08-31 21:25:00,4457.49221,4463.49914,4457.44633,4462.80938
2026-08-31 21:30:00,4461.73683,4464.48502,4459.7281,4460.16627
2026-08-31 21:35:00,4460.73766,4461.16958,4455.79475,4456.15863
2026-08-31 21:40:00,4456.65383,4458.82369,4454.14458,4454.2896
2026-08-31 21:45:00,4454.65738,4456.32799,4452.55799,4454.07491
2026-08-31 21:50:00,4453.90683,4454.05111,4453.14115,4453.19796
2026-08-31 21:55:00,4453.26814,4455.98233,4452.75626,4455.18278
2026-08-31 22:00:00,4455.3142,4458.87828,4455.29749,4458.61941
2026-08-31 22:05:00,4458.05566,4460.70122,4456.68097,4457.55334
2026-08-31 22:10:00,4459.33226,4459.90545,4454.79409,4459.615
2026-08-31 22:15:00,4459.15414,4459.15414,4455.19998,4457.62026
2026-08-31 22:20:00,4457.33766,4457.78644,4450.97254,4451.14923
2026-08-31 22:25:00,4451.49936,4452.16152,4448.00285,4449.98397
2026-08-31 22:30:00,4450.27831,4450.27831,4446.61835,4446.75996
2026-08-31 22:35:00,4446.98033,4446.98033,4443.13376,4443.86832
2026-08-31 22:40:00,4444.84651,4444.88021,4440.35235,4442.28945
2026-08-31 22:45:00,4441.87174,4441.87803,4436.16361,4436.31977
2026-08-31 22:50:00,4436.48166,4440.89173,4434.61617,4438.04111
2026-08-31 22:55:00,4439.06827,4439.06827,4436.50602,4438.65359
2026-08-31 23:00:00,4437.84724,4438.8798,4434.98315,4438.4432
2026-08-31 23:05:00,4437.85618,4444.97076,4435.25762,4444.43277
2026-08-31 23:10:00,4443.5582,4446.61835,4443.5582,4445.16532
2026-08-31 23:15:00,4445.30686,4448.00285,4442.66738,4444.15924
2026-08-31 23:20:00,4444.00375,4444.89783,4439.70876,4439.94247
2026-08-31 23:25:00,4440.2314,4445.99848,4439.84184,4445.74332
2026-08-31 23:30:00,4445.40866,4446.9553,4439.31457,4440.14569
2026-08-31 23:35:00,4440.30459,4440.79183,4436.75321,4440.45176
2026-08-31 23:40:00,4439.58714,4441.59102,4433.36808,4433.74461
2026-08-31 23:45:00,4434.34731,4435.09678,4427.12945,4431.53138
2026-08-31 23:50:00,4429.5885,4429.5885,4420.47564,4420.71664
2026-08-31 23:55:00,4421.35167,4424.82463,4418.4917,4419.5929
2026-09-01 00:00:00,4421.19392,4422.235,4416.75722,4421.04175
2026-09-01 00:05:00,4420.89288,4426.10907,4419.8895,4425.55621
2026-09-01 00:10:00,4424.57641,4426.93346,4423.21302,4425.54035
2026-09-01 00:15:00,4424.3943,4430.46387,4424.3943,4428.71216
2026-09-01 00:20:00,4429.31669,4429.31669,4419.33448,4420.23161
2026-09-01 00:25:00,4421.46655,4421.64839,4417.93682,4421.54087
2026-09-01 00:30:00,4421.24498,4427.12945,4418.3096,4426.80425
2026-09-01 00:35:00,4426.09288,4434.03404,4425.66145,4433.7144
2026-09-01 00:40:00,4432.82491,4434.39315,4432.82491,4433.96856
2026-09-01 00:45:00,4433.78318,4434.98315,4432.31276,4433.05018
2026-09-01 00:50:00,4434.52889,4434.52889,4426.34561,4430.82495
2026-09-01 00:55:00,4429.56781,4434.82982,4429.56781,4434.64313
2026-09-01 01:00:00,4434.30725,4434.5898,4429.67885,4430.01017
2026-09-01 01:05:00,4430.56471,4433.60674,4428.3949,4429.86147
2026-09-01 01:10:00,4430.29111,4436.36041,4430.29111,4436.08058
2026-09-01 01:15:00,4435.56177,4438.17902,4429.48264,4429.89913
2026-09-01 01:20:00,4430.6371,4434.39315,4429.27653,4432.78831
2026-09-01 01:25:00,4433.15208,4433.41018,4431.74087,4433.31117
2026-09-01 01:30:00,4433.15243,4434.19917,4430.35832,4431.06785
2026-09-01 01:35:00,4432.13269,4432.13269,4429.09026,4429.26008
2026-09-01 01:40:00,4429.35077,4430.54988,4427.45584,4428.05646
2026-09-01 01:45:00,4429.00036,4432.42764,4426.73749,4432.24016
2026-09-01 01:50:00,4431.7941,4432.62411,4428.52848,4428.92632
2026-09-01 01:55:00,4429.58033,4429.58033,4424.19118,4424.65829
2026-09-01 02:00:00,4425.44245,4432.03475,4425.44245,4431.90047
2026-09-01 02:05:00,4431.61827,4435.77005,4430.78455,4435.00725
2026-09-01 02:10:00,4434.86772,4436.16361,4432.10006,4434.58985
2026-09-01 02:15:00,4435.66828,4436.16361,4433.08994,4434.92428
2026-09-01 02:20:00,4435.10707,4436.61568,4433.99991,4435.26279
2026-09-01 02:25:00,4434.51701,4437.6395,4434.51701,4437.3473
2026-09-01 02:30:00,4436.52304,4439.51165,4435.96682,4436.09108
2026-09-01 02:35:00,4436.27728,4436.83383,4431.44554,4431.68329
2026-09-01 02:40:00,4432.13643,4437.5416,4431.07751,4436.00118
2026-09-01 02:45:00,4436.3421,4437.93616,4432.8206,4433.22213
2026-09-01 02:50:00,4433.44612,4438.18268,4432.46672,4434.65369
2026-09-01 02:55:00,4435.11189,4435.11189,4432.8206,4432.96295
2026-09-01 03:00:00,4433.13907,4434.31668,4431.83833,4432.83383
2026-09-01 03:05:00,4433.32368,4433.32368,4431.36042,4431.47168
2026-09-01 03:10:00,4431.61027,4435.17985,4430.54042,4434.93433
2026-09-01 03:15:00,4434.80781,4436.36041,4433.01711,4436.16761
2026-09-01 03:20:00,4435.79831,4436.55723,4433.60674,4434.33246
2026-09-01 03:25:00,4434.17268,4435.11639,4429.48264,4432.02243
2026-09-01 03:30:00,4431.18037,4433.44838,4429.98167,4433.11999
2026-09-01 03:35:00,4432.21116,4435.5733,4432.21116,4433.99035
2026-09-01 03:40:00,4434.54321,4436.5454,4433.41018,4436.26262
2026-09-01 03:45:00,4435.45915,4439.55301,4435.45915,4439.29909
2026-09-01 03:50:00,4438.80137,4440.19711,4438.69469,4438.78748
2026-09-01 03:55:00,4438.90834,4438.90834,4436.16361,4436.278
2026-09-01 04:00:00,4436.45498,4436.73875,4432.03475,4432.23653
2026-09-01 04:05:00,4432.58293,4432.62411,4431.56157,4431.70669
2026-09-01 04:10:00,4431.92743,4432.64321,4431.24917,4432.63914
2026-09-01 04:15:00,4432.5819,4434.5898,4431.50206,4432.01033
2026-09-01 04:20:00,4432.33013,4433.13096,4431.62968,4432.9931
2026-09-01 04:25:00,4432.80461,4433.77277,4429.28644,4431.3518
2026-09-01 04:30:00,4431.03213,4432.01246,4426.34561,4427.15708
2026-09-01 04:35:00,4427.05548,4428.50184,4426.41145,4427.63797
2026-09-01 04:40:00,4427.78046,4430.26759,4427.16356,4429.51349
2026-09-01 04:45:00,4428.71206,4432.07566,4428.71206,4431.69962
2026-09-01 04:50:00,4430.67568,4434.98315,4430.67568,4434.27997
2026-09-01 04:55:00,4434.15252,4434.15252,4431.83833,4431.9425
2026-09-01 05:00:00,4432.08365,4432.31634,4429.28644,4432.18518
2026-09-01 05:05:00,4432.00225,4434.02495,4430.3347,4433.88686
2026-09-01 05:10:00,4433.64726,4436.0153,4433.21364,4433.32559
2026-09-01 05:15:00,4433.39369,4434.12584,4433.39369,4433.81678
2026-09-01 05:20:00,4433.8039,4437.73853,4433.41018,4437.31928
2026-09-01 05:25:00,4436.29474,4441.87803,4435.45485,4441.17197
2026-09-01 05:30:00,4440.58916,4441.31548,4439.90587,4439.94263
2026-09-01 05:35:00,4439.81485,4445.62995,4439.81485,4445.40598
2026-09-01 05:40:00,4444.87293,4444.87293,4439.25173,4441.91968
2026-09-01 05:45:00,4440.6045,4447.54038,4440.6045,4447.01622
2026-09-01 05:50:00,4446.3429,4451.56695,4446.3429,4451.43807
2026-09-01 05:55:00,4450.85661,4451.95329,4448.39858,4450.90143
2026-09-01 06:00:00,4449.35924,4455.53377,4449.35924,4455.05234
2026-09-01 06:05:00,4454.86158,4454.86158,4451.98382,4452.15982
2026-09-01 06:10:00,4452.46354,4452.95454,4450.18023,4450.27817
2026-09-01 06:15:00,4450.45779,4450.45779,4448.9923,4449.13378
2026-09-01 06:20:00,4449.34593,4449.34593,4446.81608,4447.3358
2026-09-01 06:25:00,4447.42705,4448.00285,4447.40938,4447.44138
2026-09-01 06:30:00,4447.50434,4448.48563,4446.97938,4448.30559
2026-09-01 06:35:00,4447.99305,4449.79828,4447.99305,4449.61349
2026-09-01 06:40:00,4449.31436,4449.31436,4447.80501,4448.44715
2026-09-01 06:45:00,4448.26354,4448.43251,4447.01383,4447.07407
2026-09-01 06:50:00,4447.22454,4447.78464,4446.97668,4447.59714
2026-09-01 06:55:00,4447.13901,4448.84942,4447.13901,4448.80126
2026-09-01 07:00:00,4448.65508,4448.9923,4447.60719,4448.98119
2026-09-01 07:05:00,4448.89518,4449.12469,4448.76204,4449.05024
2026-09-01 07:10:00,4448.9326,4449.07863,4448.79438,4448.81534
2026-09-01 07:15:00,4448.86426,4449.14293,4448.79438,4449.03467
2026-09-01 07:20:00,4448.95774,4449.10079,4448.79438,4449.01206
2026-09-01 07:25:00,4448.94261,4449.12312,4448.87262,4448.91238
2026-09-01 07:30:00,4448.92431,4449.01975,4448.79438,4448.97718
2026-09-01 07:35:00,4448.90058,4449.10941,4448.79438,4448.9819
2026-09-01 07:40:00,4448.86251,4449.06592,4448.79438,4449.00585
2026-09-01 07:45:00,4448.93443,4449.13575,4448.79438,4448.91211
2026-09-01 07:50:00,4448.9385,4449.22635,4448.9186,4448.9687
2026-09-01 07:55:00,4448.96605,4449.15639,4448.89283,4449.05277
2026-09-01 08:00:00,4448.95865,4453.54734,4447.1047,4453.00812
2026-09-01 08:05:00,4452.31983,4455.28971,4452.16152,4454.6636
2026-09-01 08:10:00,4453.84675,4456.12941,4452.24198,4452.69816
2026-09-01 08:15:00,4453.60236,4453.60236,4450.67296,4450.7723
2026-09-01 08:20:00,4450.91892,4450.91892,4448.39858,4448.41916
2026-09-01 08:25:00,4448.43678,4450.77443,4448.15918,4450.51816
2026-09-01 08:30:00,4449.99235,4451.17066,4449.19025,4449.90958
2026-09-01 08:35:00,4449.69474,4450.02279,4448.84062,4449.02461
2026-09-01 08:40:00,4449.33892,4449.33892,4447.51118,4447.59029
2026-09-01 08:45:00,4447.78055,4448.2007,4446.52827,4446.86494
2026-09-01 08:50:00,4447.53607,4447.70204,4445.82759,4445.94848
2026-09-01 08:55:00,4446.11678,4447.44237,4446.00148,4447.31017
2026-09-01 09:00:00,4447.02091,4447.40938,4446.59223,4446.96471
2026-09-01 09:05:00,4446.8272,4446.8272,4446.02525,4446.08193
2026-09-01 09:10:00,4446.08071,4446.58045,4443.85193,4444.05657
2026-09-01 09:15:00,4444.45201,4444.9304,4443.65446,4443.69038
2026-09-01 09:20:00,4443.69193,4443.85193,4442.07534,4442.85714
2026-09-01 09:25:00,4442.5668,4444.44444,4442.5668,4443.6089
2026-09-01 09:30:00,4443.75036,4447.60719,4443.06216,4446.44169
2026-09-01 09:35:00,4446.38671,4446.38671,4445.14635,4445.19344
2026-09-01 09:40:00,4445.25195,4446.42063,4443.5547,4446.23735
2026-09-01 09:45:00,4445.91566,4449.38821,4445.00392,4448.53351
2026-09-01 09:50:00,4448.41198,4450.90865,4446.61835,4450.32116
2026-09-01 09:55:00,4449.57061,4451.56695,4448.59647,4451.28522
2026-09-01 10:00:00,4451.12295,4453.35115,4448.00051,4452.68751
2026-09-01 10:05:00,4452.56743,4455.01954,4451.54228,4454.4065
2026-09-01 10:10:00,4453.62849,4457.26876,4453.62849,4456.80518
2026-09-01 10:15:00,4456.21075,4460.27828,4453.15283,4456.32377
2026-09-01 10:20:00,4454.81518,4462.05653,4454.81518,4458.3992
2026-09-01 10:25:00,4458.89362,4461.09921,4457.32115,4460.91764
2026-09-01 10:30:00,4460.54977,4461.04487,4457.12248,4457.27489
2026-09-01 10:35:00,4457.48528,4457.99812,4453.9462,4454.21533
2026-09-01 10:40:00,4454.12867,4455.7323,4453.28833,4453.89265
2026-09-01 10:45:00,4454.77463,4456.12941,4452.16152,4455.91312
2026-09-01 10:50:00,4455.5117,4460.70122,4455.33526,4458.21223
2026-09-01 10:55:00,4459.1531,4459.1531,4453.29701,4453.581
2026-09-01 11:00:00,4453.98715,4455.93084,4448.8808,4450.0395
2026-09-01 11:05:00,4450.84779,4451.09062,4447.01383,4449.0921
2026-09-01 11:10:00,4448.85991,4449.33806,4446.22293,4448.94766
2026-09-01 11:15:00,4448.29762,4448.29762,4444.62161,4445.1216
2026-09-01 11:20:00,4445.54516,4445.54516,4439.92156,4440.35731
2026-09-01 11:25:00,4441.18453,4441.18453,4438.32941,4440.52452
2026-09-01 11:30:00,4440.1926,4441.00216,4436.12131,4436.69876
2026-09-01 11:35:00,4437.22394,4445.23471,4437.22394,4443.03673
2026-09-01 11:40:00,4443.43897,4445.23471,4441.57648,4444.97696
2026-09-01 11:45:00,4444.2502,4446.42063,4443.38421,4443.87638
2026-09-01 11:50:00,4444.51408,4444.64743,4440.77154,4441.00878
2026-09-01 11:55:00,4441.44458,4444.86395,4439.97929,4442.72416
2026-09-01 12:00:00,4442.56584,4445.57586,4442.56584,4445.1577
2026-09-01 12:05:00,4444.09636,4449.19025,4442.54033,4443.1317
2026-09-01 12:10:00,4444.0284,4448.59647,4440.79143,4445.22492
2026-09-01 12:15:00,4446.07722,4446.07722,4443.65446,4445.84151
2026-09-01 12:20:00,4445.70619,4448.00285,4444.00138,4444.95077
2026-09-01 12:25:00,4446.92384,4446.92384,4440.69452,4441.93376
2026-09-01 12:30:00,4441.81987,4441.81987,4436.95093,4439.11309
2026-09-01 12:35:00,4439.24341,4441.84435,4432.87988,4432.9872
2026-09-01 12:40:00,4433.37076,4438.0499,4432.49611,4433.44247
2026-09-01 12:45:00,4435.64485,4435.65712,4428.50184,4435.00091
2026-09-01 12:50:00,4433.75755,4439.51476,4433.75755,4438.77698
2026-09-01 12:55:00,4437.75766,4442.02014,4437.75766,4441.82939
2026-09-01 13:00:00,4441.46398,4443.45701,4440.37147,4440.63802
2026-09-01 13:05:00,4441.11851,4442.87953,4439.90587,4440.19104
2026-09-01 13:10:00,4440.19544,4441.70937,4439.1175,4439.37581
2026-09-01 13:15:00,4439.84445,4440.10301,4437.29364,4437.54978
2026-09-01 13:20:00,4438.03942,4438.03942,4433.58604,4434.69638
2026-09-01 13:25:00,4434.52172,4436.75407,4430.12136,4436.4633
2026-09-01 13:30:00,4435.90976,4436.42334,4433.80332,4436.11905
2026-09-01 13:35:00,4435.29934,4436.95093,4434.78647,4436.05981
2026-09-01 13:40:00,4435.37484,4438.5603,4435.37484,4438.54549
2026-09-01 13:45:00,4438.40021,4440.89173,4437.48504,4440.72066
2026-09-01 13:50:00,4440.21594,4443.45701,4439.85142,4441.98281
2026-09-01 13:55:00,4442.64288,4442.64288,4437.34469,4437.64894
2026-09-01 14:00:00,4438.25173,4438.25173,4435.9481,4436.06584
2026-09-01 14:05:00,4436.35809,4437.1478,4432.48864,4432.8483
2026-09-01 14:10:00,4433.42396,4433.42396,4431.24917,4431.73568
2026-09-01 14:15:00,4431.64906,4432.62411,4430.46387,4430.88521
2026-09-01 14:20:00,4431.41569,4432.42764,4429.76541,4432.39698
2026-09-01 14:25:00,4432.22834,4432.97143,4430.53016,4430.67027
2026-09-01 14:30:00,4430.8739,4430.8739,4429.09026,4429.50339
2026-09-01 14:35:00,4429.20354,4430.30321,4429.05669,4429.41331
2026-09-01 14:40:00,4429.5767,4430.26759,4426.70773,4428.47877
2026-09-01 14:45:00,4428.23436,4429.82682,4425.65484,4429.36802
2026-09-01 14:50:00,4428.55636,4429.54164,4425.95379,4429.18912
2026-09-01 14:55:00,4428.26764,4430.4053,4426.54154,4427.15114
2026-09-01 15:00:00,4427.34392,4430.61805,4426.73749,4430.24374
2026-09-01 15:05:00,4429.7319,4433.10163,4429.7319,4431.16754
2026-09-01 15:10:00,4431.33347,4431.95959,4429.71048,4431.62057
2026-09-01 15:15:00,4431.11242,4431.11242,4426.51839,4427.08217
2026-09-01 15:20:00,4428.24233,4428.24233,4425.75791,4427.14202
2026-09-01 15:25:00,4427.56961,4427.71751,4426.60621,4427.00979
2026-09-01 15:30:00,4427.08249,4434.98315,4426.98541,4432.28155
2026-09-01 15:35:00,4432.83424,4440.36124,4432.83424,4439.31476
2026-09-01 15:40:00,4437.81724,4442.27267,4437.81724,4441.85453
2026-09-01 15:45:00,4441.7985,4445.43232,4441.68073,4445.05187
2026-09-01 15:50:00,4444.56826,4445.79655,4441.48346,4442.8247
2026-09-01 15:55:00,4442.33314,4446.058188,4441.77510,4441.77510
2026-09-01 16:00:00,4440.96546,4443.96005,4435.29228,4437.44488
2026-09-01 16:05:00,4440.22941,4441.94000,4436.21916,4440.087317
2026-09-01 16:10:00,4437.15109,4438.94300,4433.50155,4436.72721
2026-09-01 16:15:00,4433.99869,4438.27227,4433.36323,4434.99786
2026-09-01 16:20:00,4435.89316,4437.95692,4431.81862,4436.095679
2026-09-01 16:25:00,4433.62380,4436.25471,4430.20076,4430.69631
2026-09-01 16:30:00,4433.68868,4434.67419,4429.61794,4434.14766
2026-09-01 16:35:00,4431.68865,4437.27763,4431.12981,4437.27763
2026-09-01 16:40:00,4432.39169,4434.73088,4432.39169,4434.60556
2026-09-01 16:45:00,4434.36196,4435.41653,4428.69796,4430.08267
2026-09-01 16:50:00,4430.06067,4430.46387,4428.50184,4430.02115
2026-09-01 16:55:00,4429.59282,4430.67765,4429.59282,4430.44634
2026-09-01 17:00:00,4430.36288,4433.99991,4429.02212,4432.88314
2026-09-01 17:05:00,4432.90677,4435.38281,4430.67618,4430.96002
2026-09-01 17:10:00,4431.45484,4431.47726,4430.07132,4431.28734
2026-09-01 17:15:00,4430.78856,4433.41018,4429.60848,4429.8643
2026-09-01 17:20:00,4430.20598,4433.28074,4427.91357,4428.24687
2026-09-01 17:25:00,4428.8921,4429.05408,4427.52147,4428.85592
2026-09-01 17:30:00,4428.46128,4428.46128,4422.235,4426.36149
2026-09-01 17:35:00,4425.48693,4428.71575,4419.69416,4420.0271
2026-09-01 17:40:00,4420.62134,4423.12221,4415.0782,4422.5123
2026-09-01 17:45:00,4421.34294,4422.20201,4417.35136,4421.74348
2026-09-01 17:50:00,4420.6469,4422.72094,4419.69416,4419.77866
2026-09-01 17:55:00,4419.90119,4421.0851,4417.54649,4417.88784
2026-09-01 18:00:00,4418.37966,4419.10822,4412.05319,4413.09178
2026-09-01 18:05:00,4414.48967,4414.48967,4403.65153,4404.04341
2026-09-01 18:10:00,4404.85532,4405.86862,4387.31189,4404.68185
2026-09-01 18:15:00,4401.86442,4406.45104,4395.6044,4396.01721
2026-09-01 18:20:00,4396.78961,4398.68746,4386.41971,4388.51255
2026-09-01 18:25:00,4391.40973,4391.40973,4383.11899,4383.75308
2026-09-01 18:30:00,4384.72881,4384.84763,4374.0925,4377.08249
2026-09-01 18:35:00,4377.4321,4377.4321,4372.1581,4374.03842
2026-09-01 18:40:00,4373.73347,4381.7565,4373.11409,4373.44533
2026-09-01 18:45:00,4374.19922,4378.51605,4370.70222,4376.22377
2026-09-01 18:50:00,4375.48155,4377.96697,4374.45319,4376.06056
2026-09-01 18:55:00,4375.8703,4378.09203,4372.73706,4375.00906
2026-09-01 19:00:00,4374.26389,4374.26389,4367.3983,4371.78922
2026-09-01 19:05:00,4369.45139,4375.6513,4367.95667,4375.12265
2026-09-01 19:10:00,4374.30843,4375.60165,4369.99653,4375.42568
2026-09-01 19:15:00,4374.98446,4377.69354,4374.52572,4377.48766
2026-09-01 19:20:00,4377.15322,4377.15322,4375.33328,4376.30104
2026-09-01 19:25:00,4376.04256,4376.04256,4371.77582,4372.55236
2026-09-01 19:30:00,4372.25436,4372.96734,4367.00293,4370.16368
2026-09-01 19:35:00,4369.61512,4371.01145,4367.00293,4367.23385
2026-09-01 19:40:00,4367.63834,4370.94479,4366.15637,4370.13363
2026-09-01 19:45:00,4368.23751,4373.11409,4368.23751,4371.55646
2026-09-01 19:50:00,4372.12677,4372.12677,4369.29261,4371.45327
2026-09-01 19:55:00,4371.15382,4372.21045,4367.13118,4367.66407
2026-09-01 20:00:00,4368.36371,4370.8204,4364.00163,4368.90526
2026-09-01 20:05:00,4369.56738,4374.62723,4367.57512,4374.29581
2026-09-01 20:10:00,4373.7511,4380.4224,4371.67827,4379.89987
2026-09-01 20:15:00,4378.66844,4382.50504,4378.66844,4380.77935
2026-09-01 20:20:00,4381.05752,4385.58021,4380.89205,4384.1391
2026-09-01 20:25:00,4384.22544,4385.09612,4383.47653,4383.72263
2026-09-01 20:30:00,4383.93547,4386.26347,4382.50504,4382.57547
2026-09-01 20:35:00,4382.73454,4385.58021,4382.73454,4385.48719
2026-09-01 20:40:00,4385.26927,4385.58021,4382.50504,4382.85414
2026-09-01 20:45:00,4383.46385,4383.68233,4377.90036,4378.03308
2026-09-01 20:50:00,4378.23109,4378.35463,4375.41019,4375.55608
2026-09-01 20:55:00,4375.7602,4379.05503,4375.19267,4378.7852
2026-09-01 21:00:00,4378.40835,4380.25357,4376.47873,4379.47705
2026-09-01 21:05:00,4378.79614,4382.31298,4376.23045,4381.90938
2026-09-01 21:10:00,4381.17291,4382.7668,4379.40695,4380.02081
2026-09-01 21:15:00,4381.03851,4381.03851,4375.21876,4376.29832
2026-09-01 21:20:00,4375.3944,4379.65181,4375.3944,4377.46417
2026-09-01 21:25:00,4377.23984,4380.84392,4375.95241,4380.63991
2026-09-01 21:30:00,4380.12523,4381.73692,4379.62598,4381.01343
2026-09-01 21:35:00,4381.33414,4383.65772,4379.41262,4383.35117
2026-09-01 21:40:00,4382.56551,4384.42652,4382.56551,4384.3701
2026-09-01 21:45:00,4384.12997,4386.73451,4384.12997,4386.68089
2026-09-01 21:50:00,4386.46004,4386.73451,4380.78694,4381.32604
2026-09-01 21:55:00,4382.45928,4382.45928,4374.26184,4374.42394
2026-09-01 22:00:00,4374.64021,4374.64021,4370.43835,4372.42207
2026-09-01 22:05:00,4372.06488,4372.34926,4370.6976,4371.71196
2026-09-01 22:10:00,4371.78008,4372.41572,4367.00293,4371.9463
2026-09-01 22:15:00,4371.20061,4373.48886,4370.95745,4373.04365
2026-09-01 22:20:00,4372.47556,4376.80654,4367.87988,4368.62381
2026-09-01 22:25:00,4368.56998,4376.1761,4366.19621,4373.0353
2026-09-01 22:30:00,4373.50433,4373.50433,4361.66965,4362.33062
2026-09-01 22:35:00,4363.55185,4363.55185,4352.93606,4353.63344
2026-09-01 22:40:00,4353.37311,4362.01686,4353.37311,4360.7039
2026-09-01 22:45:00,4358.67135,4367.76589,4358.67135,4365.26884
2026-09-01 22:50:00,4366.16,4366.16,4363.13932,4363.35876
2026-09-01 22:55:00,4363.76243,4364.65943,4357.95967,4358.72995
2026-09-01 23:00:00,4360.47159,4360.47159,4338.20659,4339.00855
2026-09-01 23:05:00,4340.35499,4342.53952,4334.17098,4341.95755
2026-09-01 23:10:00,4341.35196,4341.35196,4326.75666,4334.9385
2026-09-01 23:15:00,4333.45291,4333.45291,4328.44219,4328.6591
2026-09-01 23:20:00,4329.17516,4335.5142,4329.17516,4335.31735
2026-09-01 23:25:00,4334.77093,4343.05281,4334.77093,4342.0936
2026-09-01 23:30:00,4339.69408,4353.31505,4339.69408,4352.94977
2026-09-01 23:35:00,4352.40726,4356.53917,4346.77388,4356.05844
2026-09-01 23:40:00,4355.1444,4359.82067,4352.53401,4358.29072
2026-09-01 23:45:00,4354.49134,4362.05016,4354.49134,4359.86727
2026-09-01 23:50:00,4359.36117,4363.6877,4359.05502,4360.2037
2026-09-01 23:55:00,4362.00203,4363.0805,4357.48834,4362.53058
2026-09-02 00:00:00,4361.59198,4363.6076,4355.92684,4356.76401
2026-09-02 00:05:00,4358.1212,4366.91978,4354.26476,4365.66889
2026-09-02 00:10:00,4362.95709,4368.71997,4362.95709,4364.05897
2026-09-02 00:15:00,4364.75346,4373.49661,4364.75346,4373.27648
2026-09-02 00:20:00,4372.90235,4374.49267,4371.5847,4374.28816
2026-09-02 00:25:00,4373.90855,4374.83594,4367.76589,4370.12622
2026-09-02 00:30:00,4370.10113,4370.35544,4367.38437,4369.88586
2026-09-02 00:35:00,4368.70787,4372.54045,4367.16612,4367.91772
2026-09-02 00:40:00,4369.10679,4369.10679,4365.85898,4366.47024
2026-09-02 00:45:00,4366.33738,4373.46495,4362.95593,4364.81124
2026-09-02 00:50:00,4368.41652,4368.41652,4360.90881,4362.21255
2026-09-02 00:55:00,4363.97137,4363.97137,4357.67823,4358.43647
2026-09-02 01:00:00,4358.1105,4362.43075,4356.34938,4356.86214
2026-09-02 01:05:00,4357.64312,4359.25755,4356.15961,4357.58315
2026-09-02 01:10:00,4358.0898,4361.47941,4358.0898,4358.66124
2026-09-02 01:15:00,4359.26772,4362.69409,4356.77483,4362.19618
2026-09-02 01:20:00,4361.51229,4365.19021,4361.51229,4363.83787
2026-09-02 01:25:00,4364.03998,4365.34446,4359.57799,4362.66291
2026-09-02 01:30:00,4360.82125,4365.66838,4360.82125,4364.20414
2026-09-02 01:35:00,4364.20501,4365.6632,4363.00175,4365.47195
2026-09-02 01:40:00,4365.12622,4368.28732,4363.97947,4367.7748
2026-09-02 01:45:00,4366.76314,4372.34926,4366.76314,4369.0975
2026-09-02 01:50:00,4369.37443,4371.96695,4368.71629,4371.08325
2026-09-02 01:55:00,4371.17151,4373.93353,4371.01145,4372.41052
2026-09-02 02:00:00,4371.64299,4373.68789,4371.64299,4372.15943
2026-09-02 02:05:00,4372.36519,4373.43381,4369.41677,4369.55665
2026-09-02 02:10:00,4369.78162,4369.78162,4364.30011,4365.94872
2026-09-02 02:15:00,4366.15946,4366.15946,4358.81789,4359.28221
2026-09-02 02:20:00,4360.13363,4360.13363,4356.34938,4357.38801
2026-09-02 02:25:00,4357.15914,4359.53771,4353.50457,4353.67947
2026-09-02 02:30:00,4353.99325,4355.27286,4348.39327,4350.01685
2026-09-02 02:35:00,4349.82295,4354.26282,4348.71754,4353.94782
2026-09-02 02:40:00,4353.24306,4356.53917,4352.74658,4353.15324
2026-09-02 02:45:00,4353.61079,4357.48834,4353.61079,4356.30017
2026-09-02 02:50:00,4356.41938,4357.84991,4354.45243,4355.06148
2026-09-02 02:55:00,4355.11245,4355.78012,4353.19325,4355.0011
2026-09-02 03:00:00,4355.2104,4355.2104,4347.47551,4347.93318
2026-09-02 03:05:00,4348.8649,4348.8649,4345.55884,4345.58681
2026-09-02 03:10:00,4345.78579,4346.69217,4344.80361,4346.60752
2026-09-02 03:15:00,4346.39944,4347.82609,4344.80361,4345.13718
2026-09-02 03:20:00,4345.21468,4348.45806,4344.80361,4346.38774
2026-09-02 03:25:00,4346.01112,4348.60712,4344.04865,4346.83374
2026-09-02 03:30:00,4345.60085,4351.42074,4345.60085,4348.85609
2026-09-02 03:35:00,4349.41254,4350.0957,4347.63706,4347.99312
2026-09-02 03:40:00,4348.31339,4348.31339,4343.10532,4343.77585
2026-09-02 03:45:00,4343.93536,4343.93536,4341.97386,4343.07118
2026-09-02 03:50:00,4342.5773,4344.61485,4342.5773,4342.81632
2026-09-02 03:55:00,4342.97346,4343.85995,4342.1624,4342.25038
2026-09-02 04:00:00,4342.61539,4345.78976,4340.31624,4344.84893
2026-09-02 04:05:00,4342.88567,4342.88567,4337.68675,4338.14197
2026-09-02 04:10:00,4339.12774,4339.12774,4335.57338,4336.29504
2026-09-02 04:15:00,4336.07188,4340.27778,4335.85741,4340.15851
2026-09-02 04:20:00,4339.84634,4341.59684,4339.09028,4341.09571
2026-09-02 04:25:00,4340.61031,4341.40835,4337.26579,4337.53567
2026-09-02 04:30:00,4337.99123,4337.99123,4333.88229,4334.35722
2026-09-02 04:35:00,4334.29059,4334.34649,4329.80806,4330.25619
2026-09-02 04:40:00,4331.11282,4331.21192,4329.00433,4329.08491
2026-09-02 04:45:00,4329.03334,4330.31655,4328.62398,4328.87778
2026-09-02 04:50:00,4329.29384,4334.33223,4329.29384,4334.07241
2026-09-02 04:55:00,4333.63792,4333.63792,4328.62956,4332.87528
2026-09-02 05:00:00,4332.73933,4333.3628,4329.94155,4330.01988
2026-09-02 05:05:00,4330.18791,4333.31889,4330.18791,4330.74012
2026-09-02 05:10:00,4330.54407,4336.7015,4330.54407,4336.55056
2026-09-02 05:15:00,4336.26586,4337.26579,4335.33329,4335.61473
2026-09-02 05:20:00,4336.1698,4336.1698,4334.07013,4334.75585
2026-09-02 05:25:00,4334.5882,4335.3735,4334.07013,4335.31157
2026-09-02 05:30:00,4335.21676,4335.66238,4328.81693,4330.1701
2026-09-02 05:35:00,4330.00413,4330.82065,4328.25485,4328.5355
2026-09-02 05:40:00,4329.02115,4329.15204,4324.18657,4325.25683
2026-09-02 05:45:00,4325.74719,4329.19174,4323.3419,4328.80078
2026-09-02 05:50:00,4328.02233,4330.69161,4325.96025,4326.52919
2026-09-02 05:55:00,4326.96456,4328.62956,4325.34966,4325.7387
2026-09-02 06:00:00,4326.24583,4328.86325,4324.43398,4328.23394
2026-09-02 06:05:00,4327.05014,4330.5857,4327.05014,4330.35389
2026-09-02 06:10:00,4329.87075,4330.69161,4326.89583,4327.14729
2026-09-02 06:15:00,4327.62722,4327.90987,4324.88569,4327.79034
2026-09-02 06:20:00,4327.45825,4328.52925,4327.13111,4327.66895
2026-09-02 06:25:00,4327.77746,4329.08476,4326.40835,4326.96598
2026-09-02 06:30:00,4328.18129,4328.18129,4325.4466,4326.76569
2026-09-02 06:35:00,4326.63933,4327.65507,4324.34357,4324.92912
2026-09-02 06:40:00,4325.92912,4329.19174,4325.92912,4328.05274
2026-09-02 06:45:00,4328.29653,4329.00433,4327.31836,4328.47285
2026-09-02 06:50:00,4328.58201,4329.47442,4327.69291,4328.56738
2026-09-02 06:55:00,4328.38241,4329.00433,4328.38241,4328.57714
2026-09-02 07:00:00,4328.63198,4329.57592,4328.17703,4329.55736
2026-09-02 07:05:00,4329.47001,4329.80563,4329.39065,4329.54657
2026-09-02 07:10:00,4329.56419,4329.81195,4329.52469,4329.60296
2026-09-02 07:15:00,4329.56611,4329.72963,4329.44908,4329.62176
2026-09-02 07:20:00,4329.53436,4329.75377,4329.45302,4329.57998
2026-09-02 07:25:00,4329.51027,4329.91082,4329.42068,4329.83704
2026-09-02 07:30:00,4329.72063,4329.82106,4329.37917,4329.41262
2026-09-02 07:35:00,4329.46686,4329.73078,4329.4403,4329.6241
2026-09-02 07:40:00,4329.53485,4329.69659,4329.37917,4329.5299
2026-09-02 07:45:00,4329.4427,4329.67889,4329.37917,4329.59379
2026-09-02 07:50:00,4329.46898,4329.67017,4329.4342,4329.54854
2026-09-02 07:55:00,4329.5009,4329.8336,4329.46168,4329.74577
2026-09-02 08:00:00,4329.43633,4334.07013,4327.43011,4333.02253
2026-09-02 08:05:00,4332.83811,4334.69717,4328.62956,4330.26766
2026-09-02 08:10:00,4330.01047,4330.61306,4329.28818,4329.46367
2026-09-02 08:15:00,4329.42076,4329.50493,4327.69291,4327.87558
2026-09-02 08:20:00,4328.18283,4328.44219,4327.69291,4328.09871
2026-09-02 08:25:00,4328.17031,4328.31921,4327.69291,4327.75523
2026-09-02 08:30:00,4327.84296,4329.13083,4327.13111,4327.2309
2026-09-02 08:35:00,4327.26341,4329.78616,4327.04983,4327.81029
2026-09-02 08:40:00,4327.99503,4328.35426,4326.38228,4328.09027
2026-09-02 08:45:00,4327.73351,4328.44219,4327.69291,4328.17957
2026-09-02 08:50:00,4327.91176,4331.30255,4327.1669,4329.8797
2026-09-02 08:55:00,4330.21954,4330.21954,4329.19174,4329.55782
2026-09-02 09:00:00,4329.72145,4329.72145,4327.31836,4329.20837
2026-09-02 09:05:00,4328.51806,4330.69161,4328.51806,4330.49923
2026-09-02 09:10:00,4330.18481,4332.19252,4330.18481,4332.06159
2026-09-02 09:15:00,4331.77679,4332.3106,4329.93367,4331.35678
2026-09-02 09:20:00,4331.26538,4331.26538,4326.38228,4327.34382
2026-09-02 09:25:00,4327.40566,4330.12904,4325.41865,4329.51189
2026-09-02 09:30:00,4329.40614,4332.19252,4329.37917,4331.12985
2026-09-02 09:35:00,4331.44444,4335.00954,4331.44444,4334.85458
2026-09-02 09:40:00,4334.51013,4335.19747,4333.90559,4334.14517
2026-09-02 09:45:00,4334.47008,4334.64682,4331.62956,4332.37155
2026-09-02 09:50:00,4332.29374,4333.24346,4330.15076,4331.7206
2026-09-02 09:55:00,4331.45557,4331.45557,4326.50596,4327.80387
2026-09-02 10:00:00,4328.13669,4329.30293,4321.70794,4327.32865
2026-09-02 10:05:00,4325.50039,4330.69161,4319.28127,4324.88622
2026-09-02 10:10:00,4323.06465,4326.75666,4319.84103,4325.48011
2026-09-02 10:15:00,4323.13554,4333.88229,4323.13554,4333.70927
2026-09-02 10:20:00,4333.99205,4333.99205,4322.84423,4332.39425
2026-09-02 10:25:00,4331.00656,4331.26837,4323.38954,4324.53901
2026-09-02 10:30:00,4324.69031,4325.07244,4320.77428,4321.14129
2026-09-02 10:35:00,4321.5837,4327.50563,4321.15574,4327.20042
2026-09-02 10:40:00,4327.14875,4329.55907,4323.95036,4328.56731
2026-09-02 10:45:00,4326.9476,4330.87917,4324.04848,4324.58568
2026-09-02 10:50:00,4325.30135,4325.82146,4319.55286,4319.89468
2026-09-02 10:55:00,4320.35447,4322.64061,4314.80842,4319.92995
2026-09-02 11:00:00,4319.58299,4319.58299,4312.02893,4315.93024
2026-09-02 11:05:00,4315.41383,4323.89198,4305.33431,4309.87078
2026-09-02 11:10:00,4309.99445,4319.46784,4307.9986,4319.10071
2026-09-02 11:15:00,4318.46104,4329.30503,4316.27451,4321.45101
2026-09-02 11:20:00,4323.92675,4323.92675,4317.60287,4319.70526
2026-09-02 11:25:00,4320.09856,4325.07706,4314.99461,4315.43775
2026-09-02 11:30:00,4316.44628,4319.29234,4308.64339,4310.13259
2026-09-02 11:35:00,4313.08004,4313.08004,4305.70506,4305.95084
2026-09-02 11:40:00,4306.55115,4310.15904,4306.55115,4310.05793
2026-09-02 11:45:00,4309.77374,4310.44381,4304.10017,4306.97609
2026-09-02 11:50:00,4305.56435,4308.11649,4292.21392,4297.10113
2026-09-02 11:55:00,4295.76369,4299.22614,4290.33315,4290.8652
2026-09-02 12:00:00,4291.66759,4296.08627,4289.45224,4295.79644
2026-09-02 12:05:00,4295.24328,4302.00043,4294.9201,4296.80673
2026-09-02 12:10:00,4300.83924,4300.83924,4290.55649,4295.25611
2026-09-02 12:15:00,4293.8529,4300.70532,4293.8529,4300.44153
2026-09-02 12:20:00,4300.08459,4305.70506,4298.39079,4302.58367
2026-09-02 12:25:00,4303.02148,4304.593,4302.00043,4304.54788
2026-09-02 12:30:00,4304.42401,4307.31973,4299.90046,4306.76608
2026-09-02 12:35:00,4306.04245,4315.18081,4306.04245,4314.64366
2026-09-02 12:40:00,4313.64859,4313.64859,4311.04345,4311.21763
2026-09-02 12:45:00,4311.36709,4312.82535,4308.3021,4309.82813
2026-09-02 12:50:00,4309.91182,4310.53063,4306.81769,4308.09248
2026-09-02 12:55:00,4307.82954,4309.0305,4300.52036,4300.75214
2026-09-02 13:00:00,4301.32152,4303.66672,4299.78071,4299.99106
2026-09-02 13:05:00,4300.14843,4301.26027,4297.92837,4300.25671
2026-09-02 13:10:00,4299.66416,4300.90939,4298.8565,4299.56703
2026-09-02 13:15:00,4299.9681,4301.26027,4297.74798,4299.20219
2026-09-02 13:20:00,4298.95132,4298.95132,4291.53795,4292.22716
2026-09-02 13:25:00,4293.13483,4299.04131,4290.55649,4294.84181
2026-09-02 13:30:00,4295.79382,4295.79382,4287.4881,4288.43773
2026-09-02 13:35:00,4289.85332,4290.74173,4283.20555,4289.72651
2026-09-02 13:40:00,4288.22494,4291.84549,4286.03153,4286.26687
2026-09-02 13:45:00,4286.4156,4298.31498,4284.94998,4297.82076
2026-09-02 13:50:00,4297.06588,4299.76027,4297.06588,4299.45347
2026-09-02 13:55:00,4298.94868,4303.00013,4298.94868,4301.97371
2026-09-02 14:00:00,4302.40291,4304.593,4302.40291,4304.39374
2026-09-02 14:05:00,4303.97811,4305.9533,4303.48152,4305.47518
2026-09-02 14:10:00,4304.86689,4306.44675,4303.85195,4304.11407
2026-09-02 14:15:00,4304.57515,4304.97007,4303.45792,4303.71549
2026-09-02 14:20:00,4303.79202,4304.1697,4302.37061,4303.21001
2026-09-02 14:25:00,4303.47542,4304.42946,4302.18551,4302.30656
2026-09-02 14:30:00,4302.41821,4307.1887,4301.90109,4306.96854
2026-09-02 14:35:00,4306.60506,4307.48398,4304.2413,4307.03547
2026-09-02 14:40:00,4306.27365,4306.27365,4303.8478,4304.11896
2026-09-02 14:45:00,4304.69942,4306.19881,4304.57414,4304.66845
2026-09-02 14:50:00,4305.11624,4306.65127,4305.11624,4306.34065
2026-09-02 14:55:00,4305.88743,4307.25222,4305.88743,4307.07701
2026-09-02 15:00:00,4306.7438,4307.9309,4306.2613,4306.34364
2026-09-02 15:05:00,4306.38965,4306.81769,4304.593,4305.11001
2026-09-02 15:10:00,4305.01458,4309.92099,4304.7014,4309.54235
2026-09-02 15:15:00,4308.65522,4314.81588,4308.61795,4314.31315
2026-09-02 15:20:00,4313.55074,4313.55074,4307.1887,4307.47189
2026-09-02 15:25:00,4307.473,4313.67825,4306.94135,4313.02832
2026-09-02 15:30:00,4311.95255,4324.32432,4311.95255,4323.19599
2026-09-02 15:35:00,4322.21325,4325.12656,4318.16219,4318.49688
2026-09-02 15:40:00,4318.97715,4322.642,4315.95436,4320.53819
2026-09-02 15:45:00,4320.83953,4324.74532,4320.83953,4324.48156
2026-09-02 15:50:00,4324.13629,4324.88539,4320.33065,4320.78523
2026-09-02 15:55:00,4321.37131,4322.26833,4319.46784,4320.99603
2026-09-02 16:00:00,4321.51782,4323.43409,4318.65965,4319.50474
2026-09-02 16:05:00,4321.01042,4322.09926,4316.91617,4317.84257
2026-09-02 16:10:00,4318.9778,4328.44219,4318.9778,4327.87264
2026-09-02 16:15:00,4326.81449,4328.81693,4322.82886,4325.40726
2026-09-02 16:20:00,4323.87545,4326.94388,4321.7044,4324.41156
2026-09-02 16:25:00,4323.17668,4327.27309,4323.17668,4324.50568
2026-09-02 16:30:00,4324.77504,4324.84358,4319.4471,4319.71231
2026-09-02 16:35:00,4320.13347,4322.17114,4318.16219,4321.09695
2026-09-02 16:40:00,4319.74893,4325.82082,4319.74893,4325.12011
2026-09-02 16:45:00,4325.18433,4325.23324,4318.75879,4319.24038
2026-09-02 16:50:00,4319.87582,4320.581,4314.78531,4316.03826
2026-09-02 16:55:00,4316.25747,4321.89472,4315.7395,4319.80086
2026-09-02 17:00:00,4320.01524,4323.38954,4320.01524,4320.88067
2026-09-02 17:05:00,4321.33321,4326.75666,4316.98996,4326.34972
2026-09-02 17:10:00,4325.99039,4330.69161,4325.99039,4328.65327
2026-09-02 17:15:00,4329.33067,4329.33067,4325.63371,4327.94327
2026-09-02 17:20:00,4327.61475,4329.28048,4325.82082,4328.03336
2026-09-02 17:25:00,4327.50935,4328.44219,4326.00796,4326.48859
2026-09-02 17:30:00,4326.65385,4329.94155,4325.17925,4328.38901
2026-09-02 17:35:00,4328.59215,4330.50407,4326.68434,4330.31425
2026-09-02 17:40:00,4329.66906,4329.66906,4323.20888,4323.87745
2026-09-02 17:45:00,4324.87135,4324.87135,4322.08151,4324.4871
2026-09-02 17:50:00,4324.60828,4324.60828,4320.96098,4322.7372
2026-09-02 17:55:00,4322.15537,4323.80832,4321.52118,4323.46048
2026-09-02 18:00:00,4322.87349,4326.76544,4321.685,4322.60367
2026-09-02 18:05:00,4323.85063,4329.17397,4323.85063,4328.77595
2026-09-02 18:10:00,4327.71722,4331.44194,4325.9297,4326.20568
2026-09-02 18:15:00,4326.67257,4327.50563,4325.19586,4326.8534
2026-09-02 18:20:00,4326.61555,4326.94388,4324.88539,4326.75673
2026-09-02 18:25:00,4326.38208,4326.38208,4323.4796,4324.10809
2026-09-02 18:30:00,4323.97335,4326.88876,4321.70794,4321.8632
2026-09-02 18:35:00,4322.13542,4325.79742,4320.77428,4325.2975
2026-09-02 18:40:00,4323.98699,4326.38228,4322.19672,4322.56093
2026-09-02 18:45:00,4323.28268,4323.28268,4320.40093,4321.9866
2026-09-02 18:50:00,4321.34679,4322.45515,4315.2114,4316.10095
2026-09-02 18:55:00,4317.31763,4317.31763,4313.3785,4313.99355
2026-09-02 19:00:00,4314.55643,4316.29834,4312.79269,4316.1379
2026-09-02 19:05:00,4315.76654,4322.45383,4314.13638,4318.6453
2026-09-02 19:10:00,4319.24089,4320.8497,4315.00832,4315.56132
2026-09-02 19:15:00,4316.28025,4316.28025,4313.22546,4314.82276
2026-09-02 19:20:00,4314.81309,4315.2322,4309.33995,4309.62554
2026-09-02 19:25:00,4310.18943,4310.18943,4305.33431,4308.33581
2026-09-02 19:30:00,4307.08978,4310.34483,4307.08978,4309.13122
2026-09-02 19:35:00,4309.30611,4310.53063,4308.3021,4309.05892
2026-09-02 19:40:00,4308.75348,4311.83167,4308.34346,4310.29889
2026-09-02 19:45:00,4311.0688,4311.27398,4309.23037,4311.2167
2026-09-02 19:50:00,4311.03791,4311.03791,4307.97367,4308.10922
2026-09-02 19:55:00,4308.49666,4309.80822,4308.3021,4308.40738
2026-09-02 20:00:00,4308.55387,4309.95867,4305.66817,4305.96249
2026-09-02 20:05:00,4306.33577,4306.9607,4302.00043,4303.06333
2026-09-02 20:10:00,4302.94175,4307.23398,4302.55572,4306.43862
2026-09-02 20:15:00,4304.86227,4309.41607,4304.86227,4309.22246
2026-09-02 20:20:00,4308.83395,4311.45986,4307.68745,4310.41112
2026-09-02 20:25:00,4310.56862,4311.84452,4310.14818,4311.41643
2026-09-02 20:30:00,4311.02829,4311.02829,4307.55977,4308.87191
2026-09-02 20:35:00,4308.45409,4309.41607,4307.51153,4309.06096
2026-09-02 20:40:00,4308.88036,4309.23037,4307.43799,4309.19878
2026-09-02 20:45:00,4309.00081,4309.97879,4309.00081,4309.73163
2026-09-02 20:50:00,4309.09178,4310.15904,4305.70506,4305.93177
2026-09-02 20:55:00,4306.1695,4308.85901,4306.1695,4307.09527
2026-09-02 21:00:00,4307.03467,4311.93727,4307.03467,4310.10299
2026-09-02 21:05:00,4310.67116,4312.76146,4308.3021,4309.90234
2026-09-02 21:10:00,4309.73923,4319.33928,4308.78154,4318.30426
2026-09-02 21:15:00,4315.80658,4322.82886,4315.80658,4316.86953
2026-09-02 21:20:00,4317.26957,4320.49856,4317.04369,4318.97324
2026-09-02 21:25:00,4318.11586,4323.01574,4317.97573,4322.74717
2026-09-02 21:30:00,4322.21221,4328.7376,4321.89472,4327.94968
2026-09-02 21:35:00,4326.87362,4332.38021,4326.87362,4332.34001
2026-09-02 21:40:00,4332.15577,4335.20673,4325.27541,4325.53167
2026-09-02 21:45:00,4325.85487,4327.13111,4323.93696,4327.00646
2026-09-02 21:50:00,4326.65328,4329.57916,4323.7634,4328.70964
2026-09-02 21:55:00,4327.21606,4332.75563,4327.21606,4331.05144
2026-09-02 22:00:00,4330.35866,4333.76497,4328.83053,4329.63271
2026-09-02 22:05:00,4330.75201,4336.13737,4330.75201,4331.1374
2026-09-02 22:10:00,4331.80137,4335.15755,4329.37917,4332.5748
2026-09-02 22:15:00,4331.80904,4333.69447,4331.44194,4333.29892
2026-09-02 22:20:00,4332.85609,4347.53126,4331.06674,4336.46128
2026-09-02 22:25:00,4336.33571,4341.21988,4334.44584,4334.92149
2026-09-02 22:30:00,4335.55321,4337.67733,4332.20505,4333.0253
2026-09-02 22:35:00,4334.88616,4334.88616,4328.06752,4330.63539
2026-09-02 22:40:00,4329.90612,4334.63372,4329.90612,4333.44917
2026-09-02 22:45:00,4333.63418,4338.39479,4332.91483,4337.8997
2026-09-02 22:50:00,4336.91585,4338.3194,4333.13112,4333.2311
2026-09-02 22:55:00,4333.64284,4335.00954,4331.8172,4332.1565
2026-09-02 23:00:00,4332.19434,4341.40642,4330.6411,4341.03479
2026-09-02 23:05:00,4340.06029,4342.82882,4337.64206,4342.60504
2026-09-02 23:10:00,4341.94422,4343.96898,4338.39479,4338.77495
2026-09-02 23:15:00,4339.49277,4343.67127,4338.19839,4343.43334
2026-09-02 23:20:00,4343.0498,4347.5147,4343.0498,4347.08384
2026-09-02 23:25:00,4345.93345,4358.81789,4345.93345,4356.81698
2026-09-02 23:30:00,4356.48469,4366.43088,4353.8652,4366.03494
2026-09-02 23:35:00,4365.2684,4366.98234,4363.38249,4363.63209
2026-09-02 23:40:00,4363.8001,4375.60165,4363.8001,4374.96109
2026-09-02 23:45:00,4374.09434,4377.70871,4371.41228,4376.04729
2026-09-02 23:50:00,4373.71826,4378.85887,4368.86142,4378.21109
2026-09-02 23:55:00,4377.06602,4382.20762,4372.28982,4380.91382
2026-09-03 00:00:00,4378.41945,4384.04209,4378.41945,4383.27768
2026-09-03 00:05:00,4382.4105,4394.25232,4382.4105,4393.70545
2026-09-03 00:10:00,4392.4095,4395.14071,4386.15729,4387.00764
2026-09-03 00:15:00,4388.40478,4389.49973,4384.57763,4385.457
2026-09-03 00:20:00,4386.69365,4396.18411,4386.24044,4388.69271
2026-09-03 00:25:00,4389.86329,4389.86329,4386.44425,4388.79911
2026-09-03 00:30:00,4388.36091,4390.95543,4383.8499,4386.34381
2026-09-03 00:35:00,4385.85788,4386.73451,4383.65772,4383.73593
2026-09-03 00:40:00,4383.7669,4384.62027,4382.00188,4384.53296
2026-09-03 00:45:00,4384.26921,4387.389,4380.00964,4380.1909
2026-09-03 00:50:00,4380.50323,4381.86744,4377.32545,4377.48328
2026-09-03 00:55:00,4377.74326,4377.74326,4376.30537,4376.39311
2026-09-03 01:00:00,4376.52212,4379.17777,4374.99902,4378.46422
2026-09-03 01:05:00,4376.67168,4381.65552,4373.49661,4374.02932
2026-09-03 01:10:00,4374.93323,4377.70871,4373.93114,4374.3379
2026-09-03 01:15:00,4374.93712,4375.03748,4369.86541,4370.00629
2026-09-03 01:20:00,4370.23316,4370.44671,4364.631,4370.03721
2026-09-03 01:25:00,4369.49572,4371.4942,4368.36544,4371.00907
2026-09-03 01:30:00,4370.40058,4373.68789,4370.40058,4373.60729
2026-09-03 01:35:00,4373.36509,4373.49909,4368.14747,4368.36061
2026-09-03 01:40:00,4368.84046,4371.01145,4367.19364,4367.36323
2026-09-03 01:45:00,4367.6356,4369.52194,4365.09669,4369.36515
2026-09-03 01:50:00,4369.07602,4369.29786,4367.82842,4369.25435
2026-09-03 01:55:00,4369.14358,4373.19968,4368.33828,4372.99855
2026-09-03 02:00:00,4372.58602,4374.59216,4372.58602,4374.45115
2026-09-03 02:05:00,4374.19193,4374.19193,4368.71997,4370.60253
2026-09-03 02:10:00,4370.66757,4372.31742,4370.62384,4372.04106
2026-09-03 02:15:00,4371.61191,4372.73165,4368.33828,4370.49889
2026-09-03 02:20:00,4369.96045,4370.8204,4369.54075,4369.69133
2026-09-03 02:25:00,4369.90159,4370.33717,4368.53069,4370.06664
2026-09-03 02:30:00,4369.64197,4370.05637,4368.14747,4368.53273
2026-09-03 02:35:00,4369.07825,4369.07825,4367.57512,4367.65195
2026-09-03 02:40:00,4367.81955,4368.40245,4365.15815,4365.2977
2026-09-03 02:45:00,4365.50375,4365.91217,4364.88407,4365.70343
2026-09-03 02:50:00,4365.42599,4370.2178,4364.10227,4369.61397
2026-09-03 02:55:00,4368.07978,4370.8204,4368.07978,4369.20982
2026-09-03 03:00:00,4369.63056,4369.63056,4368.14747,4368.2923
2026-09-03 03:05:00,4368.56477,4371.01145,4368.56477,4370.88092
2026-09-03 03:10:00,4370.61368,4370.61368,4367.95667,4369.86269
2026-09-03 03:15:00,4369.45512,4369.45512,4365.09461,4365.22513
2026-09-03 03:20:00,4365.42298,4366.99689,4364.37225,4366.75106
2026-09-03 03:25:00,4366.06692,4369.10171,4366.06692,4368.53338
2026-09-03 03:30:00,4368.58408,4372.157,4366.61913,4368.4988
2026-09-03 03:35:00,4368.77454,4369.66254,4367.2682,4367.58709
2026-09-03 03:40:00,4368.18244,4375.17597,4366.62154,4374.40879
2026-09-03 03:45:00,4372.87912,4380.00964,4372.87912,4376.54154
2026-09-03 03:50:00,4376.83786,4377.51707,4375.9846,4376.44009
2026-09-03 03:55:00,4376.67928,4377.90036,4375.88723,4377.83373
2026-09-03 04:00:00,4377.68277,4377.68277,4371.96695,4375.68895
2026-09-03 04:05:00,4375.08719,4375.75083,4373.87919,4373.99118
2026-09-03 04:10:00,4374.16626,4374.16626,4371.59934,4372.52217
2026-09-03 04:15:00,4372.45617,4376.98807,4369.09919,4375.26343
2026-09-03 04:20:00,4372.03381,4379.43418,4372.03381,4374.46563
2026-09-03 04:25:00,4373.99298,4373.99298,4372.50971,4372.53964
2026-09-03 04:30:00,4372.57179,4377.51707,4372.54045,4377.36015
2026-09-03 04:35:00,4376.89315,4377.60292,4375.79311,4376.44858
2026-09-03 04:40:00,4376.34709,4376.57544,4373.68789,4373.84983
2026-09-03 04:45:00,4374.09917,4374.34036,4372.55544,4374.07746
2026-09-03 04:50:00,4373.52681,4375.79311,4373.52681,4375.56226
2026-09-03 04:55:00,4375.45071,4375.45071,4372.54045,4372.83637
2026-09-03 05:00:00,4373.32289,4375.05367,4372.34792,4374.83742
2026-09-03 05:05:00,4374.29122,4376.36761,4374.29122,4376.22601
2026-09-03 05:10:00,4376.1184,4379.8178,4375.50417,4379.69153
2026-09-03 05:15:00,4379.42218,4380.20149,4378.78483,4379.22951
2026-09-03 05:20:00,4379.08431,4380.39336,4378.99458,4380.33679
2026-09-03 05:25:00,4380.10645,4383.46557,4379.97362,4381.92704
2026-09-03 05:30:00,4381.8083,4382.93969,4380.94723,4382.90091
2026-09-03 05:35:00,4382.72131,4384.64261,4381.54493,4383.56793
2026-09-03 05:40:00,4383.16181,4387.4242,4383.16181,4386.69899
2026-09-03 05:45:00,4384.89632,4388.54197,4384.89632,4386.03091
2026-09-03 05:50:00,4385.80201,4389.43025,4385.80201,4387.28334
2026-09-03 05:55:00,4387.76412,4390.5027,4386.15729,4389.61664
2026-09-03 06:00:00,4387.77125,4391.55066,4387.77125,4389.13616
2026-09-03 06:05:00,4389.57265,4390.58658,4388.08574,4388.35606
2026-09-03 06:10:00,4388.87806,4388.87806,4387.31189,4387.4098
2026-09-03 06:15:00,4387.59291,4389.60251,4384.23429,4385.91168
2026-09-03 06:20:00,4385.6527,4385.6527,4384.74489,4385.47529
2026-09-03 06:25:00,4385.14412,4387.50439,4385.14412,4386.74168
2026-09-03 06:30:00,4386.83068,4387.87796,4385.66096,4387.78725
2026-09-03 06:35:00,4387.64662,4387.78475,4387.06631,4387.58429
2026-09-03 06:40:00,4387.47742,4389.43025,4387.0298,4389.05875
2026-09-03 06:45:00,4388.9365,4389.62293,4387.6969,4389.51186
2026-09-03 06:50:00,4389.19028,4390.97216,4389.19028,4389.77969
2026-09-03 06:55:00,4390.06078,4390.06078,4387.70034,4387.76527
2026-09-03 07:00:00,4388.00046,4389.196,4387.31189,4387.51294
2026-09-03 07:05:00,4387.41659,4387.60427,4387.36229,4387.47844
2026-09-03 07:10:00,4387.41006,4387.78556,4387.23864,4387.44383
2026-09-03 07:15:00,4387.46607,4387.59386,4387.31189,4387.44344
2026-09-03 07:20:00,4387.40621,4387.59214,4387.31189,4387.50821
2026-09-03 07:25:00,4387.41006,4387.60636,4387.11942,4387.49856
2026-09-03 07:30:00,4387.33499,4387.60233,4387.31189,4387.33482
2026-09-03 07:35:00,4387.40968,4387.53722,4387.31189,4387.43232
2026-09-03 07:40:00,4387.3987,4387.5484,4387.11942,4387.20988
2026-09-03 07:45:00,4387.26185,4387.58055,4387.26185,4387.47368
2026-09-03 07:50:00,4387.38116,4387.62067,4387.31189,4387.38294
2026-09-03 07:55:00,4387.41853,4387.6451,4387.36352,4387.57681
2026-09-03 08:00:00,4387.43639,4393.09406,4387.43639,4391.26916
2026-09-03 08:05:00,4391.44059,4391.6357,4390.52355,4390.66324
2026-09-03 08:10:00,4390.78935,4391.46218,4390.50988,4390.89945
2026-09-03 08:15:00,4391.1781,4391.1781,4388.27453,4388.37354
2026-09-03 08:20:00,4388.60041,4389.38606,4388.40144,4389.23367
2026-09-03 08:25:00,4388.95878,4391.16498,4388.95878,4390.09273
2026-09-03 08:30:00,4390.76476,4390.76476,4388.46711,4389.1701
2026-09-03 08:35:00,4389.00727,4389.00727,4387.37124,4388.20134
2026-09-03 08:40:00,4388.03605,4388.03605,4385.58021,4385.67125
2026-09-03 08:45:00,4385.81866,4386.17726,4383.8499,4384.67612
2026-09-03 08:50:00,4384.62544,4385.19558,4384.04209,4384.46177
2026-09-03 08:55:00,4384.5924,4384.9779,4384.13155,4384.84589
2026-09-03 09:00:00,4384.80378,4386.21136,4384.10822,4384.46293
2026-09-03 09:05:00,4385.12186,4386.78057,4385.12186,4386.55155
2026-09-03 09:10:00,4386.23326,4387.19564,4384.21371,4384.42497
2026-09-03 09:15:00,4384.80647,4384.80647,4382.69711,4382.72519
2026-09-03 09:20:00,4382.79426,4383.28024,4382.50504,4382.55858
2026-09-03 09:25:00,4382.5929,4383.27343,4382.37121,4382.99339
2026-09-03 09:30:00,4382.81825,4383.8499,4382.22148,4382.50115
2026-09-03 09:35:00,4382.62009,4383.31404,4381.92893,4383.21639
2026-09-03 09:40:00,4383.07976,4385.06857,4383.05713,4384.4952
2026-09-03 09:45:00,4384.7003,4388.61225,4384.7003,4386.73241
2026-09-03 09:50:00,4387.11443,4387.50668,4384.81101,4384.99689
2026-09-03 09:55:00,4385.25292,4387.69961,4384.61876,4384.73671
2026-09-03 10:00:00,4384.87906,4388.6067,4384.55692,4387.99792
2026-09-03 10:05:00,4386.47942,4391.59364,4385.77255,4386.11595
2026-09-03 10:10:00,4386.70428,4392.90107,4386.15729,4389.7258
2026-09-03 10:15:00,4390.16863,4390.70379,4385.00329,4388.54733
2026-09-03 10:20:00,4388.31369,4388.43716,4385.42992,4387.3243
2026-09-03 10:25:00,4387.25265,4390.00834,4386.59276,4387.54968
2026-09-03 10:30:00,4387.94464,4388.18166,4383.65778,4384.30652
2026-09-03 10:35:00,4385.5798,4388.90106,4383.08131,4388.22963
2026-09-03 10:40:00,4387.28742,4389.81563,4387.27581,4387.7173
2026-09-03 10:45:00,4388.61034,4389.07145,4386.54209,4388.67406
2026-09-03 10:50:00,4387.71402,4393.09406,4387.22382,4391.07027
2026-09-03 10:55:00,4391.83824,4395.02483,4390.04234,4394.72081
2026-09-03 11:00:00,4394.09732,4394.97314,4389.32956,4392.97042
2026-09-03 11:05:00,4391.47795,4401.59503,4391.47795,4400.99643
2026-09-03 11:10:00,4399.64795,4411.87477,4399.64795,4402.65906
2026-09-03 11:15:00,4403.9235,4403.9235,4397.344,4397.68599
2026-09-03 11:20:00,4398.05851,4405.07028,4397.03377,4398.43056
2026-09-03 11:25:00,4400.3742,4400.3742,4394.71656,4398.98183
2026-09-03 11:30:00,4398.09261,4409.57103,4398.09261,4405.73454
2026-09-03 11:35:00,4406.42548,4408.78229,4406.25688,4406.33291
2026-09-03 11:40:00,4406.55803,4408.19925,4401.21149,4401.88602
2026-09-03 11:45:00,4403.42029,4405.97509,4400.24641,4404.80444
2026-09-03 11:50:00,4403.30372,4407.61636,4403.30372,4407.49009
2026-09-03 11:55:00,4407.17205,4411.69983,4406.25688,4411.31922
2026-09-03 12:00:00,4410.43931,4415.25248,4409.94884,4414.77168
2026-09-03 12:05:00,4413.92673,4413.92673,4409.70851,4411.11165
2026-09-03 12:10:00,4411.0932,4412.54099,4409.94572,4412.31188
2026-09-03 12:15:00,4412.01443,4413.32836,4409.55993,4409.78858
2026-09-03 12:20:00,4410.18046,4413.73236,4407.4221,4407.83228
2026-09-03 12:25:00,4408.63116,4410.72689,4408.00494,4410.53933
2026-09-03 12:30:00,4410.1821,4417.74165,4408.73784,4415.35605
2026-09-03 12:35:00,4415.44852,4417.54649,4414.49202,4416.39329
2026-09-03 12:40:00,4416.53983,4416.96113,4414.23148,4414.95731
2026-09-03 12:45:00,4414.7544,4415.79087,4412.47849,4414.1679
2026-09-03 12:50:00,4414.27398,4419.20287,4412.39702,4418.8683
2026-09-03 12:55:00,4418.36701,4420.08487,4418.36701,4419.41902
2026-09-03 13:00:00,4419.55828,4423.74302,4418.995,4422.8677
2026-09-03 13:05:00,4421.72343,4425.95379,4421.72343,4425.86539
2026-09-03 13:10:00,4425.56955,4430.07132,4424.58298,4429.73637
2026-09-03 13:15:00,4429.0943,4429.67885,4425.95379,4426.11019
2026-09-03 13:20:00,4426.38595,4426.93346,4424.77876,4425.71097
2026-09-03 13:25:00,4425.1018,4429.94896,4425.1018,4429.39408
2026-09-03 13:30:00,4428.44157,4431.94699,4428.44157,4431.81883
2026-09-03 13:35:00,4431.61546,4432.40554,4429.48264,4430.62069
2026-09-03 13:40:00,4430.5045,4430.69586,4427.5019,4427.80401
2026-09-03 13:45:00,4428.39869,4428.39869,4424.67897,4425.14082
2026-09-03 13:50:00,4425.79251,4430.07132,4425.79251,4429.81942
2026-09-03 13:55:00,4429.26323,4432.90183,4428.2403,4432.70595
2026-09-03 14:00:00,4432.37821,4432.71514,4427.71751,4427.89292
2026-09-03 14:05:00,4428.17763,4433.44588,4426.54154,4432.65942
2026-09-03 14:10:00,4431.05764,4435.5733,4431.05764,4432.00884
2026-09-03 14:15:00,4432.36212,4432.36212,4430.07132,4431.17716
2026-09-03 14:20:00,4431.10018,4433.54835,4430.53668,4433.12439
2026-09-03 14:25:00,4432.00704,4436.75407,4432.00704,4435.09137
2026-09-03 14:30:00,4435.16963,4437.16266,4434.92973,4436.68853
2026-09-03 14:35:00,4436.4279,4437.95617,4436.10795,4437.85486
2026-09-03 14:40:00,4437.48177,4438.23324,4436.81307,4438.12955
2026-09-03 14:45:00,4437.88072,4438.63463,4436.82654,4436.98818
2026-09-03 14:50:00,4437.23907,4437.23907,4435.45611,4435.5917
2026-09-03 14:55:00,4435.80642,4437.20191,4435.35007,4436.89545
2026-09-03 15:00:00,4436.15106,4439.31457,4436.0714,4437.15986
2026-09-03 15:05:00,4437.17995,4438.56842,4431.89396,4432.18602
2026-09-03 15:10:00,4432.55464,4432.55464,4430.04859,4430.38264
2026-09-03 15:15:00,4431.06271,4431.06271,4427.32545,4430.30356
2026-09-03 15:20:00,4429.53908,4430.26774,4422.85115,4423.17664
2026-09-03 15:25:00,4423.9284,4426.36233,4423.9284,4424.38934
2026-09-03 15:30:00,4425.15004,4431.44962,4424.52004,4430.98835
2026-09-03 15:35:00,4429.97575,4432.03716,4425.56205,4429.45762
2026-09-03 15:40:00,4428.83448,4431.38084,4426.34561,4430.93015
2026-09-03 15:45:00,4430.24407,4436.21194,4428.50184,4434.89805
2026-09-03 15:50:00,4433.64173,4437.93547,4433.64173,4434.96009
2026-09-03 15:55:00,4435.66643,4435.96682,4432.03475,4432.31711
2026-09-03 16:00:00,4432.84424,4432.84424,4428.69796,4429.80522
2026-09-03 16:05:00,4429.82867,4435.37656,4429.45368,4432.30461
2026-09-03 16:10:00,4432.79524,4434.34385,4425.95379,4427.80662
2026-09-03 16:15:00,4427.23253,4429.48264,4426.46533,4428.56667
2026-09-03 16:20:00,4428.55742,4428.55742,4421.29326,4421.83053
2026-09-03 16:25:00,4423.01974,4424.19148,4418.71769,4421.73496
2026-09-03 16:30:00,4422.47241,4422.51313,4421.06194,4422.37281
2026-09-03 16:35:00,4422.11867,4425.75791,4422.11867,4424.26443
2026-09-03 16:40:00,4424.58512,4425.61877,4422.60764,4425.54546
2026-09-03 16:45:00,4425.40792,4428.10964,4425.3662,4426.79275
2026-09-03 16:50:00,4426.95485,4427.88791,4423.47859,4423.94213
2026-09-03 16:55:00,4423.82199,4423.82199,4421.14254,4421.35797
2026-09-03 17:00:00,4421.73671,4428.39491,4420.28025,4427.91141
2026-09-03 17:05:00,4426.7472,4430.85648,4423.21302,4423.73692
2026-09-03 17:10:00,4424.77399,4425.70699,4423.42338,4425.19956
2026-09-03 17:15:00,4424.60004,4426.09249,4421.71967,4422.46534
2026-09-03 17:20:00,4423.32213,4429.32511,4423.32213,4428.75056
2026-09-03 17:25:00,4427.72647,4430.07132,4425.95379,4427.949
2026-09-03 17:30:00,4427.61598,4428.60339,4427.1126,4427.21542
2026-09-03 17:35:00,4427.5081,4428.50184,4424.38722,4428.06517
2026-09-03 17:40:00,4427.27179,4431.05282,4426.66147,4427.7428
2026-09-03 17:45:00,4428.09636,4429.12362,4424.41702,4424.82312
2026-09-03 17:50:00,4425.72603,4429.26454,4424.97456,4428.60168
2026-09-03 17:55:00,4427.43407,4429.87508,4427.43407,4428.9265
2026-09-03 18:00:00,4428.97387,4432.99226,4425.98691,4432.42692
2026-09-03 18:05:00,4431.2462,4437.1478,4431.2462,4434.80423
2026-09-03 18:10:00,4435.62139,4435.62139,4430.40862,4430.72372
2026-09-03 18:15:00,4431.34642,4433.6822,4429.22087,4432.27111
2026-09-03 18:20:00,4432.16386,4435.72106,4432.16386,4433.31663
2026-09-03 18:25:00,4433.46236,4438.13243,4433.46236,4436.73336
2026-09-03 18:30:00,4437.00638,4438.78103,4436.90578,4438.41742
2026-09-03 18:35:00,4437.68323,4439.31457,4435.91128,4436.91659
2026-09-03 18:40:00,4436.65895,4437.02653,4432.3855,4432.5505
2026-09-03 18:45:00,4432.48358,4440.10301,4432.23145,4438.77874
2026-09-03 18:50:00,4438.84675,4439.19719,4434.19652,4435.87699
2026-09-03 18:55:00,4435.68716,4437.93547,4434.19652,4437.63995
2026-09-03 19:00:00,4436.89743,4436.89743,4434.5898,4434.79001
2026-09-03 19:05:00,4435.18403,4442.07534,4434.96081,4441.53079
2026-09-03 19:10:00,4440.498,4440.69522,4438.32178,4439.24007
2026-09-03 19:15:00,4439.06429,4439.06429,4435.87666,4437.60558
2026-09-03 19:20:00,4437.07133,4437.07133,4432.8206,4433.00982
2026-09-03 19:25:00,4433.32812,4435.77005,4432.44072,4435.51442
2026-09-03 19:30:00,4434.96616,4438.32941,4434.33546,4438.04279
2026-09-03 19:35:00,4437.49215,4437.49215,4431.05282,4431.43618
2026-09-03 19:40:00,4432.12079,4433.99991,4430.65043,4431.27245
2026-09-03 19:45:00,4432.19439,4432.19439,4426.79048,4428.41092
2026-09-03 19:50:00,4428.53692,4430.26759,4426.34561,4427.54965
2026-09-03 19:55:00,4427.52141,4428.50184,4426.14969,4428.35464
2026-09-03 20:00:00,4428.04569,4428.04569,4425.75791,4427.21484
2026-09-03 20:05:00,4426.47467,4429.55191,4426.13983,4426.60233
2026-09-03 20:10:00,4427.26876,4427.26876,4423.30407,4423.43545
2026-09-03 20:15:00,4423.50991,4425.56205,4422.98187,4423.20167
2026-09-03 20:20:00,4423.51516,4424.10895,4421.06194,4423.6252
2026-09-03 20:25:00,4422.82919,4423.90793,4420.67106,4423.71511
2026-09-03 20:30:00,4423.35527,4423.3612,4420.47564,4423.05462
2026-09-03 20:35:00,4422.56464,4424.97456,4421.7366,4422.56446
2026-09-03 20:40:00,4423.1041,4425.95379,4423.1041,4425.91353
2026-09-03 20:45:00,4425.79485,4426.34561,4424.70957,4424.99438
2026-09-03 20:50:00,4425.54762,4427.52147,4424.38722,4427.39625
2026-09-03 20:55:00,4427.18818,4428.13955,4427.12945,4427.27963
2026-09-03 21:00:00,4427.43143,4428.5933,4425.3662,4427.30067
2026-09-03 21:05:00,4426.81234,4430.47322,4424.11496,4429.39539
2026-09-03 21:10:00,4426.7147,4432.62573,4426.7147,4432.47966
2026-09-03 21:15:00,4432.20226,4434.98315,4429.13855,4434.72348
2026-09-03 21:20:00,4434.54689,4435.1294,4431.05282,4431.12312
2026-09-03 21:25:00,4431.24788,4435.17985,4428.59849,4432.16139
2026-09-03 21:30:00,4432.70119,4434.5898,4430.46387,4433.84482
2026-09-03 21:35:00,4433.29033,4436.16361,4433.29033,4434.88316
2026-09-03 21:40:00,4435.2632,4439.31457,4435.20933,4439.19126
2026-09-03 21:45:00,4438.93726,4440.30016,4436.95093,4437.1606
2026-09-03 21:50:00,4437.59152,4441.08896,4437.59152,4440.25739
2026-09-03 21:55:00,4440.40521,4444.83954,4439.90587,4444.54353
2026-09-03 22:00:00,4443.99915,4447.79787,4441.61464,4447.42211
2026-09-03 22:05:00,4446.39857,4448.59647,4444.83954,4446.84862
2026-09-03 22:10:00,4446.34261,4450.37828,4443.85193,4444.09555
2026-09-03 22:15:00,4444.43622,4446.01011,4440.615,4442.89019
2026-09-03 22:20:00,4442.55495,4447.24592,4438.13243,4445.95509
2026-09-03 22:25:00,4442.87512,4448.9923,4442.87512,4447.35469
2026-09-03 22:30:00,4447.62323,4469.67327,4446.81608,4465.57233
2026-09-03 22:35:00,4466.61544,4476.73131,4457.19851,4475.80625
2026-09-03 22:40:00,4473.81377,4477.87928,4465.08305,4466.23411
2026-09-03 22:45:00,4466.38662,4479.23809,4466.38662,4478.62201
2026-09-03 22:50:00,4477.54773,4490.78596,4477.54773,4489.31902
2026-09-03 22:55:00,4486.78641,4494.2323,4486.78641,4493.90441
2026-09-03 23:00:00,4493.44493,4496.45288,4489.53937,4490.9179
2026-09-03 23:05:00,4490.82004,4492.9685,4485.38172,4492.437
2026-09-03 23:10:00,4491.37498,4491.37498,4485.33761,4486.24868
2026-09-03 23:15:00,4486.50117,4486.86997,4479.28331,4479.69265
2026-09-03 23:20:00,4480.62751,4483.50072,4478.68148,4482.58166
2026-09-03 23:25:00,4482.41011,4483.18995,4476.47612,4479.33818
2026-09-03 23:30:00,4478.96413,4479.48396,4476.67652,4478.76351
2026-09-03 23:35:00,4478.54731,4478.7319,4474.27293,4474.69526
2026-09-03 23:40:00,4474.95972,4476.9332,4470.10451,4470.57948
2026-09-03 23:45:00,4471.19396,4471.36528,4459.05504,4459.41232
2026-09-03 23:50:00,4459.87168,4462.89106,4458.31476,4462.77952
2026-09-03 23:55:00,4462.49668,4467.58427,4461.49728,4465.32554
2026-09-04 00:00:00,4465.64752,4468.67459,4464.68435,4467.48373
2026-09-04 00:05:00,4466.96412,4472.47194,4464.66475,4466.65868
2026-09-04 00:10:00,4469.67553,4469.67553,4461.69634,4468.30459
2026-09-04 00:15:00,4467.8359,4475.77103,4466.67858,4475.49432
2026-09-04 00:20:00,4475.10082,4480.76903,4473.07211,4473.47347
2026-09-04 00:25:00,4474.6351,4477.6707,4471.02448,4471.75425
2026-09-04 00:30:00,4472.57409,4481.38913,4472.57409,4474.64357
2026-09-04 00:35:00,4476.52794,4476.52794,4470.27269,4472.3201
2026-09-04 00:40:00,4471.9101,4473.98441,4468.0756,4473.05841
2026-09-04 00:45:00,4470.74319,4478.68148,4470.74319,4478.48148
2026-09-04 00:50:00,4478.48196,4478.48196,4474.47313,4476.15782
2026-09-04 00:55:00,4476.19315,4483.29971,4475.21291,4482.67311
2026-09-04 01:00:00,4481.54429,4497.31253,4481.54429,4495.62552
2026-09-04 01:05:00,4492.28621,4503.08461,4492.28621,4502.62551
2026-09-04 01:10:00,4501.99737,4501.99737,4496.20071,4499.05829
2026-09-04 01:15:00,4497.85858,4509.19931,4497.85858,4508.04687
2026-09-04 01:20:00,4505.3511,4510.59991,4503.2874,4506.19129
2026-09-04 01:25:00,4505.47077,4507.14382,4505.1133,4505.3209
2026-09-04 01:30:00,4505.52896,4507.75334,4500.85516,4501.23057
2026-09-04 01:35:00,4501.90875,4503.08461,4497.39332,4498.59327
2026-09-04 01:40:00,4501.41729,4501.41729,4495.39222,4496.79208
2026-09-04 01:45:00,4496.69426,4497.93463,4488.32525,4488.76313
2026-09-04 01:50:00,4489.70062,4490.95991,4487.92748,4490.75912
2026-09-04 01:55:00,4490.32621,4492.38917,4488.1289,4491.43787
2026-09-04 02:00:00,4489.37277,4493.57419,4489.37277,4491.4733
2026-09-04 02:05:00,4491.53398,4492.9685,4488.5318,4492.67153
2026-09-04 02:10:00,4492.13448,4495.19015,4492.13448,4493.80756
2026-09-04 02:15:00,4494.2129,4495.73452,4491.75762,4492.03741
2026-09-04 02:20:00,4492.53902,4493.57419,4491.55587,4491.79223
2026-09-04 02:25:00,4491.52443,4494.18004,4491.35414,4493.93237
2026-09-04 02:30:00,4493.41911,4494.98809,4489.33782,4491.28494
2026-09-04 02:35:00,4491.0479,4491.55587,4490.34576,4490.91697
2026-09-04 02:40:00,4491.02345,4492.58289,4487.52468,4487.66932
2026-09-04 02:45:00,4487.88265,4490.95073,4487.44033,4488.37148
2026-09-04 02:50:00,4488.80033,4489.75383,4485.91423,4487.75863
2026-09-04 02:55:00,4487.47008,4487.83229,4486.56017,4486.75994
2026-09-04 03:00:00,4487.10928,4487.10928,4481.79193,4482.52651
2026-09-04 03:05:00,4483.64394,4490.43496,4483.64394,4489.71142
2026-09-04 03:10:00,4488.21538,4488.21538,4485.5118,4487.3029
2026-09-04 03:15:00,4487.13127,4487.92748,4485.56864,4487.08783
2026-09-04 03:20:00,4486.77775,4491.1197,4486.77775,4490.9189
2026-09-04 03:25:00,4490.59454,4492.70076,4490.33832,4492.25007
2026-09-04 03:30:00,4491.54629,4493.65148,4490.95073,4491.17258
2026-09-04 03:35:00,4491.57697,4493.77612,4491.43158,4492.99108
2026-09-04 03:40:00,4493.02262,4493.71769,4491.95939,4492.54951
2026-09-04 03:45:00,4492.41429,4494.18004,4491.35414,4491.61775
2026-09-04 03:50:00,4492.04133,4492.57448,4488.33034,4489.84682
2026-09-04 03:55:00,4489.07378,4491.22949,4487.67086,4488.47941
2026-09-04 04:00:00,4488.29479,4489.53937,4486.56914,4488.79577
2026-09-04 04:05:00,4488.89765,4489.17698,4484.28309,4486.8627
2026-09-04 04:10:00,4485.76352,4487.92748,4485.10944,4485.32057
2026-09-04 04:15:00,4485.68559,4486.31673,4484.50603,4485.40826
2026-09-04 04:20:00,4485.39793,4487.76281,4483.47303,4484.08839
2026-09-04 04:25:00,4484.94004,4485.61232,4480.72452,4481.63048
2026-09-04 04:30:00,4483.25176,4483.25176,4476.67652,4478.05144
2026-09-04 04:35:00,4477.50088,4482.69679,4476.88767,4482.54341
2026-09-04 04:40:00,4482.23042,4483.00343,4481.44695,4481.54852
2026-09-04 04:45:00,4481.67228,4482.69679,4478.67207,4479.49562
2026-09-04 04:50:00,4480.68716,4480.68716,4475.88538,4476.67162
2026-09-04 04:55:00,4478.0496,4478.0496,4474.61153,4475.30263
2026-09-04 05:00:00,4475.26732,4476.67705,4474.47313,4474.72382
2026-09-04 05:05:00,4474.69515,4475.67471,4474.50602,4474.95099
2026-09-04 05:10:00,4475.05695,4477.07736,4473.79702,4474.07552
2026-09-04 05:15:00,4474.50554,4476.15184,4473.07211,4475.80642
2026-09-04 05:20:00,4475.3642,4476.52558,4474.47313,4475.13137
2026-09-04 05:25:00,4475.13893,4475.42592,4472.67197,4475.16756
2026-09-04 05:30:00,4474.56156,4477.91307,4474.54475,4475.25096
2026-09-04 05:35:00,4475.48175,4476.27574,4474.47313,4476.1404
2026-09-04 05:40:00,4475.84395,4479.28331,4475.27411,4477.94684
2026-09-04 05:45:00,4478.10306,4480.48748,4477.04938,4479.71985
2026-09-04 05:50:00,4479.82294,4480.76044,4476.67652,4476.9238
2026-09-04 05:55:00,4477.29572,4478.46584,4474.15123,4475.45383
2026-09-04 06:00:00,4478.39613,4478.39613,4471.87193,4472.02217
2026-09-04 06:05:00,4472.30764,4473.72351,4471.87193,4473.45178
2026-09-04 06:10:00,4473.09465,4473.90729,4472.18726,4472.83517
2026-09-04 06:15:00,4472.6426,4472.6426,4470.47253,4471.56743
2026-09-04 06:20:00,4471.37042,4471.41325,4470.87227,4471.12378
2026-09-04 06:25:00,4470.98721,4472.47194,4470.53041,4472.39958
2026-09-04 06:30:00,4472.25551,4472.67197,4471.67196,4472.36896
2026-09-04 06:35:00,4472.26851,4472.51188,4471.07216,4471.20925
2026-09-04 06:40:00,4471.46627,4472.87203,4471.39602,4472.83038
2026-09-04 06:45:00,4472.75027,4473.10548,4471.78268,4472.95813
2026-09-04 06:50:00,4472.7526,4473.74147,4472.7526,4472.9345
2026-09-04 06:55:00,4472.98163,4473.91047,4472.96243,4473.78645
2026-09-04 07:00:00,4473.54177,4474.16248,4472.72573,4474.10808
2026-09-04 07:05:00,4474.04412,4474.27177,4474.00122,4474.03606
2026-09-04 07:10:00,4474.06586,4474.23509,4474.01339,4474.10308
2026-09-04 07:15:00,4474.07055,4474.34292,4473.99033,4474.26252
2026-09-04 07:20:00,4474.15731,4474.47313,4474.06972,4474.1574
2026-09-04 07:25:00,4474.10466,4474.28204,4473.87258,4474.19252
2026-09-04 07:30:00,4474.06132,4474.31816,4473.87258,4474.22515
2026-09-04 07:35:00,4474.06744,4474.33462,4473.99991,4474.16337
2026-09-04 07:40:00,4474.06435,4474.26,4474.01361,4474.11516
2026-09-04 07:45:00,4474.07005,4474.27548,4473.87258,4474.1954
2026-09-04 07:50:00,4474.07797,4474.30514,4473.9986,4474.12544
2026-09-04 07:55:00,4474.0866,4474.25619,4474.00312,4474.16855
2026-09-04 08:00:00,4474.06874,4478.28034,4471.02602,4477.03593
2026-09-04 08:05:00,4476.91922,4476.91922,4475.4744,4475.58409
2026-09-04 08:10:00,4475.73005,4477.2265,4474.47313,4476.91911
2026-09-04 08:15:00,4476.33085,4478.89019,4476.33085,4478.18504
2026-09-04 08:20:00,4477.99082,4479.12896,4475.23087,4475.94606
2026-09-04 08:25:00,4475.72844,4475.78306,4474.67335,4474.74015
2026-09-04 08:30:00,4474.82805,4476.67652,4474.27293,4474.67336
2026-09-04 08:35:00,4474.75026,4475.5518,4473.47231,4474.1073
2026-09-04 08:40:00,4473.97803,4476.98352,4472.95259,4473.66614
2026-09-04 08:45:00,4473.76211,4474.09365,4472.47194,4472.58864
2026-09-04 08:50:00,4472.96506,4475.27411,4472.96506,4475.24309
2026-09-04 08:55:00,4475.30266,4475.4744,4472.87203,4475.34707
2026-09-04 09:00:00,4475.0325,4476.67652,4474.89615,4476.59841
2026-09-04 09:05:00,4476.35948,4477.1684,4473.47231,4476.31427
2026-09-04 09:10:00,4475.27214,4477.07736,4474.47313,4474.60086
2026-09-04 09:15:00,4474.80367,4474.80367,4472.27191,4473.22742
2026-09-04 09:20:00,4473.10421,4473.10421,4472.4324,4473.00085
2026-09-04 09:25:00,4472.86203,4474.24376,4472.39016,4473.08665
2026-09-04 09:30:00,4473.39534,4475.93451,4472.83658,4474.24689
2026-09-04 09:35:00,4474.55809,4478.68148,4474.22163,4477.90012
2026-09-04 09:40:00,4477.83428,4478.301,4476.67652,4477.25765
2026-09-04 09:45:00,4477.16356,4477.17053,4475.27411,4475.38081
2026-09-04 09:50:00,4475.56782,4479.68463,4475.4498,4476.07445
2026-09-04 09:55:00,4476.4501,4480.0228,4476.27574,4479.87568
2026-09-04 10:00:00,4479.45567,4480.37514,4478.58464,4478.75569
2026-09-04 10:05:00,4479.19252,4482.89775,4479.19252,4480.57326
2026-09-04 10:10:00,4480.72144,4482.73015,4479.13775,4482.34733
2026-09-04 10:15:00,4481.84769,4485.21778,4476.67652,4476.74702
2026-09-04 10:20:00,4476.895,4479.68463,4476.67652,4479.4853
2026-09-04 10:25:00,4479.05111,4480.25068,4474.87358,4475.10288
2026-09-04 10:30:00,4475.53783,4477.94894,4473.47231,4477.10887
2026-09-04 10:35:00,4475.47822,4479.70997,4475.47822,4476.66604
2026-09-04 10:40:00,4476.97811,4481.36989,4476.09842,4480.84749
2026-09-04 10:45:00,4479.76078,4486.0979,4479.76078,4485.54509
2026-09-04 10:50:00,4484.58495,4484.58495,4480.68823,4483.49752
2026-09-04 10:55:00,4482.93764,4486.71931,4481.29061,4486.58502
2026-09-04 11:00:00,4486.22157,4486.55053,4479.5212,4479.8098
2026-09-04 11:05:00,4480.17325,4481.16887,4473.66003,4478.11258
2026-09-04 11:10:00,4477.8819,4483.56972,4476.85044,4478.07793
2026-09-04 11:15:00,4479.78821,4479.78821,4475.27411,4478.42003
2026-09-04 11:20:00,4478.26798,4480.25503,4474.87358,4478.33065
2026-09-04 11:25:00,4478.15691,4478.3771,4468.67459,4471.2665
2026-09-04 11:30:00,4470.84732,4472.47194,4470.07286,4470.18336
2026-09-04 11:35:00,4470.32526,4476.27574,4466.64283,4475.88636
2026-09-04 11:40:00,4475.40229,4475.67471,4470.87227,4471.14079
2026-09-04 11:45:00,4472.03352,4474.47313,4468.0756,4468.38584
2026-09-04 11:50:00,4468.87166,4472.66569,4468.44609,4472.14073
2026-09-04 11:55:00,4470.91515,4481.0898,4470.91515,4480.61609
2026-09-04 12:00:00,4479.70736,4482.69679,4479.03104,4482.42048
2026-09-04 12:05:00,4481.77408,4481.77408,4477.67877,4478.47343
2026-09-04 12:10:00,4478.73908,4480.28674,4478.28034,4480.10647
2026-09-04 12:15:00,4479.75213,4480.82934,4477.07736,4477.32036
2026-09-04 12:20:00,4477.89634,4478.4809,4473.63183,4474.05175
2026-09-04 12:25:00,4474.41719,4479.25046,4472.27191,4472.43419
2026-09-04 12:30:00,4472.63666,4475.67471,4472.07191,4473.0348
2026-09-04 12:35:00,4472.69097,4476.12948,4470.87227,4475.44562
2026-09-04 12:40:00,4473.87005,4478.02894,4472.4689,4472.68444
2026-09-04 12:45:00,4473.02736,4475.67471,4470.87227,4475.46123
2026-09-04 12:50:00,4475.13925,4478.88207,4475.13925,4478.64336
2026-09-04 12:55:00,4478.17368,4480.68823,4475.4744,4476.70512
2026-09-04 13:00:00,4476.71737,4478.55783,4475.67471,4475.89598
2026-09-04 13:05:00,4476.18904,4476.47612,4472.87203,4474.61706
2026-09-04 13:10:00,4474.54096,4474.54096,4469.44331,4469.99103
2026-09-04 13:15:00,4470.91073,4474.73026,4470.91073,4473.19679
2026-09-04 13:20:00,4473.0115,4474.47313,4472.47194,4474.3718
2026-09-04 13:25:00,4474.11006,4474.29267,4472.41043,4472.74953
2026-09-04 13:30:00,4473.44393,4475.07384,4471.62311,4474.97427
2026-09-04 13:35:00,4474.70898,4475.47843,4473.5833,4475.23067
2026-09-04 13:40:00,4474.69652,4474.69652,4470.16285,4470.42256
2026-09-04 13:45:00,4470.91542,4470.91542,4469.07401,4469.13663
2026-09-04 13:50:00,4469.31708,4469.87306,4468.67459,4468.90608
2026-09-04 13:55:00,4469.00114,4470.07478,4467.47677,4467.68791
2026-09-04 14:00:00,4468.04268,4469.74902,4465.88067,4466.51314
2026-09-04 14:05:00,4467.32266,4469.07401,4467.32266,4468.38523
2026-09-04 14:10:00,4468.11639,4469.85975,4467.32265,4469.66393
2026-09-04 14:15:00,4469.35694,4470.16695,4468.67459,4469.3399
2026-09-04 14:20:00,4469.04844,4470.07286,4469.04844,4469.37753
2026-09-04 14:25:00,4469.46149,4471.77316,4469.46149,4471.48189
2026-09-04 14:30:00,4470.75514,4474.47313,4470.75514,4472.52349
2026-09-04 14:35:00,4472.69983,4474.47313,4472.19109,4474.41042
2026-09-04 14:40:00,4474.25371,4474.87358,4473.79908,4474.37674
2026-09-04 14:45:00,4474.5227,4474.5227,4472.87203,4472.96244
2026-09-04 14:50:00,4473.01235,4474.47313,4472.5356,4474.1276
2026-09-04 14:55:00,4474.12039,4474.64245,4473.87258,4473.94209
2026-09-04 15:00:00,4474.04886,4474.07275,4471.87193,4472.55518
2026-09-04 15:05:00,4472.40961,4472.40961,4468.47491,4471.45967
2026-09-04 15:10:00,4470.96679,4471.21176,4467.67636,4468.17596
2026-09-04 15:15:00,4468.21482,4474.74601,4468.03173,4474.25162
2026-09-04 15:20:00,4473.2153,4475.07384,4469.87306,4470.93682
2026-09-04 15:25:00,4470.82356,4471.80995,4468.67459,4468.88981
2026-09-04 15:30:00,4469.24853,4473.47231,4468.67459,4473.38834
2026-09-04 15:35:00,4473.19844,4473.91903,4468.62458,4472.87465
2026-09-04 15:40:00,4471.18663,4477.87928,4471.18663,4472.0604
2026-09-04 15:45:00,4473.61661,4473.61661,4470.47253,4472.55507
2026-09-04 15:50:00,4472.31684,4472.31684,4468.33929,4468.53307
2026-09-04 15:55:00,4468.87111,4471.56194,4468.27525,4470.99567
2026-09-04 16:00:00,4470.03478,4472.47194,4469.87306,4470.11606
2026-09-04 16:05:00,4470.52931,4472.98744,4467.87597,4468.21542
2026-09-04 16:10:00,4468.86681,4471.4503,4466.67858,4467.87127
2026-09-04 16:15:00,4467.74334,4469.07401,4467.00623,4468.11437
2026-09-04 16:20:00,4468.0215,4471.47201,4468.00299,4468.50839
2026-09-04 16:25:00,4468.80901,4471.38279,4467.67636,4470.10898
2026-09-04 16:30:00,4470.25158,4471.56329,4466.56711,4470.71796
2026-09-04 16:35:00,4469.05363,4469.05363,4463.09719,4465.74236
2026-09-04 16:40:00,4465.3778,4467.67636,4464.6188,4465.87522
2026-09-04 16:45:00,4466.66556,4466.66556,4462.29362,4463.63618
2026-09-04 16:50:00,4463.48938,4464.28571,4461.49728,4462.63843
2026-09-04 16:55:00,4462.81643,4463.31703,4460.3033,4462.71619
2026-09-04 17:00:00,4461.37106,4466.73746,4461.37106,4465.96125
2026-09-04 17:05:00,4464.39999,4468.67459,4464.39999,4468.49615
2026-09-04 17:10:00,4468.12081,4470.67239,4468.12081,4469.19748
2026-09-04 17:15:00,4469.35954,4470.07286,4466.27959,4467.86243
2026-09-04 17:20:00,4467.61715,4469.3267,4467.28606,4468.90017
2026-09-04 17:25:00,4468.29858,4471.91544,4468.28875,4471.35923
2026-09-04 17:30:00,4470.29239,4475.07384,4470.29239,4473.5412
2026-09-04 17:35:00,4473.39055,4476.07538,4473.39055,4475.17999
2026-09-04 17:40:00,4475.33718,4485.39204,4472.85095,4484.47112
2026-09-04 17:45:00,4482.37541,4490.34576,4482.37541,4490.05751
2026-09-04 17:50:00,4489.44083,4491.1345,4482.89775,4482.98824
2026-09-04 17:55:00,4483.33906,4485.5118,4482.29494,4482.52504
2026-09-04 18:00:00,4482.85594,4486.7461,4480.84817,4484.89549
2026-09-04 18:05:00,4484.63893,4484.63893,4481.89315,4482.20251
2026-09-04 18:10:00,4482.37809,4483.50072,4479.85068,4483.28424
2026-09-04 18:15:00,4482.84364,4483.70174,4482.29494,4482.81299
2026-09-04 18:20:00,4483.08313,4483.86021,4480.96532,4481.25172
2026-09-04 18:25:00,4481.63524,4481.904,4479.62663,4481.79703
2026-09-04 18:30:00,4481.61632,4483.43956,4477.87928,4480.77987
2026-09-04 18:35:00,4480.04478,4481.29061,4478.0798,4478.26333
2026-09-04 18:40:00,4478.57035,4479.01155,4477.83892,4478.84354
2026-09-04 18:45:00,4478.53391,4478.90001,4476.12182,4476.36421
2026-09-04 18:50:00,4476.70685,4476.70685,4474.62501,4476.1577
2026-09-04 18:55:00,4475.41547,4479.48396,4475.41547,4478.16187
2026-09-04 19:00:00,4478.56968,4479.91603,4477.2262,4479.61756
2026-09-04 19:05:00,4479.13385,4479.13385,4473.67244,4474.50683
2026-09-04 19:10:00,4474.1742,4475.02108,4469.27374,4469.608
2026-09-04 19:15:00,4470.2283,4470.2283,4467.87597,4468.01578
2026-09-04 19:20:00,4468.29127,4469.95702,4464.87566,4466.92832
2026-09-04 19:25:00,4466.56384,4466.56384,4463.3949,4463.74861
2026-09-04 19:30:00,4464.51642,4471.18,4464.51642,4470.56275
2026-09-04 19:35:00,4469.4271,4469.5261,4467.07764,4468.69186
2026-09-04 19:40:00,4468.93679,4468.93679,4466.68098,4467.51711
2026-09-04 19:45:00,4467.33142,4469.33974,4465.6367,4468.92526
2026-09-04 19:50:00,4469.00602,4469.50611,4468.47491,4468.53254
2026-09-04 19:55:00,4468.54058,4470.11493,4466.47907,4467.27773
2026-09-04 20:00:00,4467.6554,4468.91588,4466.31009,4468.26743
2026-09-04 20:05:00,4467.44862,4470.65762,4467.44862,4470.5532
2026-09-04 20:10:00,4470.40844,4472.28356,4469.44946,4471.90445
2026-09-04 20:15:00,4471.42231,4473.2722,4471.27208,4471.74988
2026-09-04 20:20:00,4471.81773,4471.92525,4468.85156,4469.10981
2026-09-04 20:25:00,4469.46053,4471.47201,4467.34109,4470.80618
2026-09-04 20:30:00,4470.51509,4475.27411,4470.27448,4475.11743
2026-09-04 20:35:00,4474.76215,4474.99346,4470.27269,4470.46736
2026-09-04 20:40:00,4470.62457,4474.07275,4470.62457,4473.80833
2026-09-04 20:45:00,4473.73305,4476.47612,4473.40432,4476.05518
2026-09-04 20:50:00,4476.10846,4476.10846,4473.67244,4473.82968
2026-09-04 20:55:00,4474.04467,4474.83785,4474.02557,4474.63463
2026-09-04 21:00:00,4474.44939,4475.3985,4471.44795,4471.66903
2026-09-04 21:05:00,4471.95605,4472.13995,4470.38596,4470.43978
2026-09-04 21:10:00,4470.61949,4471.02853,4469.87966,4470.05995
2026-09-04 21:15:00,4470.36655,4470.36655,4467.42251,4467.67715
2026-09-04 21:20:00,4468.03188,4470.87227,4466.67858,4470.63461
2026-09-04 21:25:00,4470.11173,4472.12917,4466.27959,4466.496
2026-09-04 21:30:00,4466.68635,4468.27525,4465.43092,4467.25554
2026-09-04 21:35:00,4467.47313,4469.07401,4466.56657,4468.8821
2026-09-04 21:40:00,4468.5697,4469.67327,4465.88067,4466.13515
2026-09-04 21:45:00,4466.41049,4470.47253,4465.75868,4470.18535
2026-09-04 21:50:00,4470.41359,4470.47253,4467.47677,4467.754
2026-09-04 21:55:00,4468.14128,4469.67327,4466.81041,4467.51469
2026-09-04 22:00:00,4468.79293,4469.03526,4465.28243,4467.79708
2026-09-04 22:05:00,4467.07767,4470.27269,4467.07767,4469.78164
2026-09-04 22:10:00,4469.62764,4469.62764,4465.48183,4465.7143
2026-09-04 22:15:00,4466.09113,4466.5577,4465.08305,4466.45222
2026-09-04 22:20:00,4466.29525,4469.07401,4464.68435,4465.05134
2026-09-04 22:25:00,4465.80849,4472.15981,4465.80849,4471.6513
2026-09-04 22:30:00,4470.95046,4514.11331,4393.20049,4395.13161
2026-09-04 22:35:00,4398.91906,4408.58793,4384.42652,4396.13606
2026-09-04 22:40:00,4394.19951,4406.64522,4388.6597,4401.14481
2026-09-04 22:45:00,4402.36748,4407.77028,4377.25288,4389.96372
2026-09-04 22:50:00,4382.99758,4408.39241,4382.99758,4407.05481
2026-09-04 22:55:00,4404.05177,4409.94884,4395.17751,4407.33386
2026-09-04 23:00:00,4403.66185,4403.66185,4368.52912,4384.45263
2026-09-04 23:05:00,4383.413,4387.81198,4377.90036,4386.76788
2026-09-04 23:10:00,4384.35872,4393.09406,4383.35833,4392.70573
2026-09-04 23:15:00,4391.8374,4398.89148,4390.58658,4391.73325
2026-09-04 23:20:00,4393.12004,4404.35635,4393.12004,4399.50845
2026-09-04 23:25:00,4398.5201,4412.17794,4398.5201,4410.61808
2026-09-04 23:30:00,4406.7259,4419.10822,4406.7259,4418.87322
2026-09-04 23:35:00,4418.38587,4419.24022,4408.97668,4412.87091
2026-09-04 23:40:00,4413.38489,4422.03944,4407.81064,4420.98579
2026-09-04 23:45:00,4419.28854,4433.54988,4416.00146,4433.01166
2026-09-04 23:50:00,4432.17015,4432.17015,4422.82176,4423.32933
2026-09-04 23:55:00,4424.0617,4426.54154,4414.81612,4415.72542
2026-09-05 00:00:00,4417.76092,4417.76092,4413.647,4414.5653
2026-09-05 00:05:00,4414.90863,4425.56205,4411.89257,4425.0861
2026-09-05 00:10:00,4424.02952,4432.69555,4416.55547,4430.44408
2026-09-05 00:15:00,4424.85147,4435.96682,4424.85147,4429.54647
2026-09-05 00:20:00,4430.82162,4434.78647,4428.72642,4429.51972
2026-09-05 00:25:00,4431.20764,4435.5733,4425.07637,4431.57938
2026-09-05 00:30:00,4431.85172,4439.06482,4430.85648,4434.44205
2026-09-05 00:35:00,4435.74179,4441.2862,4429.87508,4430.82004
2026-09-05 00:40:00,4431.06221,4431.44554,4425.56205,4426.11751
2026-09-05 00:45:00,4427.00764,4431.01096,4423.01738,4427.61739
2026-09-05 00:50:00,4426.65083,4432.00648,4420.47564,4422.90349
2026-09-05 00:55:00,4423.10003,4428.8895,4420.08487,4427.71089
2026-09-05 01:00:00,4424.85702,4430.07132,4423.99575,4424.05576
2026-09-05 01:05:00,4424.70756,4440.49069,4424.70756,4439.51916
2026-09-05 01:10:00,4437.3408,4440.36012,4434.19652,4439.61418
2026-09-05 01:15:00,4437.97389,4446.48618,4437.97389,4446.04643
2026-09-05 01:20:00,4444.97444,4449.16564,4442.13458,4442.81528
2026-09-05 01:25:00,4444.34152,4446.74925,4440.0374,4440.48453
2026-09-05 01:30:00,4440.84914,4442.86476,4439.21574,4439.95952
2026-09-05 01:35:00,4440.36062,4440.5292,4438.52641,4439.35669
2026-09-05 01:40:00,4439.09884,4447.60719,4436.31721,4442.72312
2026-09-05 01:45:00,4443.37792,4444.38856,4441.85313,4444.21088
2026-09-05 01:50:00,4443.88461,4445.43232,4440.49734,4440.95622
2026-09-05 01:55:00,4441.78095,4441.78095,4436.55723,4436.64047
2026-09-05 02:00:00,4436.79082,4439.31457,4436.55757,4438.16096
2026-09-05 02:05:00,4438.32917,4440.10301,4434.98315,4435.86706
2026-09-05 02:10:00,4436.03936,4438.64953,4431.78964,4437.47477
2026-09-05 02:15:00,4434.81073,4443.25958,4434.81073,4442.84
2026-09-05 02:20:00,4442.05231,4442.10296,4436.36041,4436.64428
2026-09-05 02:25:00,4437.10969,4438.24372,4433.99991,4435.06514
2026-09-05 02:30:00,4434.76541,4437.85268,4433.37431,4437.50508
2026-09-05 02:35:00,4436.90251,4438.13243,4436.90251,4436.97759
2026-09-05 02:40:00,4437.15624,4438.68869,4436.16361,4438.04101
2026-09-05 02:45:00,4437.09863,4439.79458,4437.09863,4438.54801
2026-09-05 02:50:00,4438.62753,4440.49734,4436.75407,4436.97868
2026-09-05 02:55:00,4437.00645,4437.34469,4435.83856,4436.18722
2026-09-05 03:00:00,4436.88876,4436.88876,4430.07132,4430.34954
2026-09-05 03:05:00,4430.76997,4433.21364,4430.76997,4433.07239
2026-09-05 03:10:00,4432.77076,4433.73901,4432.23119,4433.57989
2026-09-05 03:15:00,4433.07517,4438.30991,4433.07517,4437.68563
2026-09-05 03:20:00,4436.9041,4440.10857,4432.86315,4433.63618
2026-09-05 03:25:00,4434.74529,4434.74529,4429.46748,4431.99313
2026-09-05 03:30:00,4430.99717,4430.99717,4423.99575,4424.38657
2026-09-05 03:35:00,4424.8929,4424.8929,4423.21302,4424.70584
2026-09-05 03:40:00,4424.65706,4424.65706,4418.32722,4418.48473
2026-09-05 03:45:00,4418.70051,4420.08487,4415.79087,4419.62592
2026-09-05 03:50:00,4419.34574,4421.89802,4419.31427,4421.55044
2026-09-05 03:55:00,4420.91095,4420.91095,4416.57097,4417.37914
2026-09-05 04:00:00,4417.2081,4418.1172,4412.6732,4413.72527
2026-09-05 04:05:00,4413.71144,4416.80559,4412.6732,4416.08489
2026-09-05 04:10:00,4415.15146,4418.52245,4415.15146,4418.00384
2026-09-05 04:15:00,4417.48055,4422.235,4417.48055,4420.45601
2026-09-05 04:20:00,4420.81625,4425.17037,4418.30439,4424.51958
2026-09-05 04:25:00,4424.32472,4426.54154,4422.83927,4424.53973
2026-09-05 04:30:00,4425.09198,4425.09198,4423.19993,4424.5735
2026-09-05 04:35:00,4424.05669,4425.17037,4422.235,4422.85287
2026-09-05 04:40:00,4422.76449,4423.60435,4421.83593,4423.00537
2026-09-05 04:45:00,4422.95136,4424.38722,4422.43057,4423.98839
2026-09-05 04:50:00,4423.9927,4425.53946,4423.98738,4425.38086
2026-09-05 04:55:00,4425.1283,4425.56205,4423.80004,4423.89038
2026-09-05 05:00:00,4423.99989,4424.38722,4423.5994,4423.974
2026-09-05 05:05:00,4423.85968,4425.16166,4423.32091,4424.86354
2026-09-05 05:10:00,4424.17537,4429.28644,4423.20268,4427.93684
2026-09-05 05:15:00,4427.82945,4431.05282,4427.82945,4429.67182
2026-09-05 05:20:00,4429.97557,4430.78955,4426.93346,4430.40305
2026-09-05 05:25:00,4429.36401,4435.77005,4429.36401,4435.56139
2026-09-05 05:30:00,4435.22017,4437.74571,4434.48254,4437.13101
2026-09-05 05:35:00,4436.31396,4438.54075,4435.69774,4436.0045
2026-09-05 05:40:00,4436.61937,4437.34469,4434.60659,4435.89787
2026-09-05 05:45:00,4435.98645,4438.40772,4433.41018,4434.71838
2026-09-05 05:50:00,4434.56183,4436.55723,4433.73157,4434.86595
2026-09-05 05:55:00,4434.95436,4435.96682,4433.41018,4435.0444
2026-09-05 06:00:00,4434.35504,4435.5733,4433.49674,4434.3623
2026-09-05 06:05:00,4434.18842,4434.18842,4431.44554,4431.5237
2026-09-05 06:10:00,4431.61206,4432.20279,4430.85648,4432.01301
2026-09-05 06:15:00,4431.7249,4432.49973,4430.07132,4430.76653
2026-09-05 06:20:00,4430.60383,4431.40126,4430.43048,4431.27331
2026-09-05 06:25:00,4431.02409,4431.02409,4429.5091,4429.59535
2026-09-05 06:30:00,4429.82862,4430.37822,4429.33165,4429.64429
2026-09-05 06:35:00,4429.5389,4431.34819,4429.41321,4430.63627
2026-09-05 06:40:00,4430.5113,4430.66017,4429.48264,4430.46848
2026-09-05 06:45:00,4429.99596,4431.23804,4428.89411,4428.95185
2026-09-05 06:50:00,4429.06397,4430.66017,4428.77018,4430.53808
2026-09-05 06:55:00,4430.33987,4432.16405,4429.97953,4430.05647
2026-09-05 07:00:00,4430.11359,4430.40399,4428.89411,4428.92467
2026-09-05 07:05:00,4428.99073,4429.07342,4428.89411,4428.90671
2026-09-05 07:10:00,4428.94171,4429.14588,4428.87995,4429.03085
2026-09-05 07:15:00,4428.94766,4429.11463,4428.89411,4429.01646
2026-09-05 07:20:00,4428.94069,4429.13583,4428.87878,4428.90521
2026-09-05 07:25:00,4428.94448,4429.08236,4428.89411,4428.9083
2026-09-05 07:30:00,4428.94165,4429.14441,4428.87911,4429.03257
2026-09-05 07:35:00,4428.94575,4429.12003,4428.89411,4429.01394
2026-09-05 07:40:00,4428.94248,4429.13962,4428.88272,4428.90545
2026-09-05 07:45:00,4428.94837,4429.09353,4428.89411,4428.91133
2026-09-05 07:50:00,4428.94531,4429.1419,4428.87793,4429.03378
2026-09-05 07:55:00,4428.94348,4429.12245,4428.89411,4429.00654
2026-09-05 08:00:00,4428.94118,4429.12887,4428.86829,4428.90741
2026-09-05 08:05:00,4428.93299,4429.09004,4428.87953,4428.992
2026-09-05 08:10:00,4428.93692,4429.14019,4428.87392,4429.03656
2026-09-05 08:15:00,4428.94385,4429.12998,4428.89411,4428.99944
2026-09-05 08:20:00,4428.9389,4429.14003,4428.87637,4428.90006
2026-09-05 08:25:00,4428.93958,4429.10266,4428.88888,4428.98828
2026-09-05 08:30:00,4428.93376,4429.13346,4428.867,4429.03501
2026-09-05 08:35:00,4428.94033,4429.13081,4428.89411,4428.99851
2026-09-05 08:40:00,4428.93296,4429.1346,4428.87958,4428.89931
2026-09-05 08:45:00,4428.93847,4429.11034,4428.87873,4428.98259
2026-09-05 08:50:00,4428.93366,4429.1319,4428.87294,4429.0386
2026-09-05 08:55:00,4428.94156,4429.13799,4428.89405,4429.00835
2026-09-05 09:00:00,4428.93903,4429.13796,4428.88553,4428.8995
2026-09-05 09:05:00,4428.9408,4429.12034,4428.87979,4428.98201
2026-09-05 09:10:00,4428.93937,4429.12507,4428.86817,4429.03796
2026-09-05 09:15:00,4428.94038,4429.13671,4428.88199,4429.00972
2026-09-05 09:20:00,4428.93316,4429.13044,4428.88893,4428.89844
2026-09-05 09:25:00,4428.93805,4429.12015,4428.87377,4428.97357
2026-09-05 09:30:00,4428.93542,4429.12352,4428.87411,4429.04258
2026-09-05 09:35:00,4428.94432,4429.14005,4428.88105,4429.0175
2026-09-05 09:40:00,4428.93721,4429.12962,4428.89049,4428.89691
2026-09-05 09:45:00,4428.9353,4429.12661,4428.87287,4428.96823
2026-09-05 09:50:00,4428.93532,4429.11946,4428.87712,4429.04475
2026-09-05 09:55:00,4428.94667,4429.14048,4428.8829,4429.02697
2026-09-05 10:00:00,4428.94315,4429.13424,4428.89411,4428.91196
2026-09-05 10:05:00,4428.94471,4429.12444,4428.86704,4428.96751
2026-09-05 10:10:00,4428.9293,4429.10777,4428.87943,4429.04052
2026-09-05 10:15:00,4428.94235,4429.13985,4428.87201,4429.02725
2026-09-05 10:20:00,4428.93543,4429.12751,4428.89411,4428.89917
2026-09-05 10:25:00,4428.94118,4429.14035,4428.8799,4428.98656
2026-09-05 10:30:00,4428.94308,4429.10649,4428.89197,4429.04567
2026-09-05 10:35:00,4428.94784,4429.14231,4428.87789,4429.03866
2026-09-05 10:40:00,4428.94518,4429.12814,4428.89411,4428.90089
2026-09-05 10:45:00,4428.94549,4429.14383,4428.88575,4428.99231
2026-09-05 10:50:00,4428.94305,4429.09991,4428.89411,4429.04637
2026-09-05 10:55:00,4428.94979,4429.14175,4428.88274,4429.04558
2026-09-05 11:00:00,4428.94903,4429.12402,4428.91887,4428.91887
2026-09-05 11:05:00,4428.94903,4429.14833,4428.88872,4429.00358
2026-09-05 11:10:00,4428.94903,4429.09074,4428.91824,4429.04485
2026-09-05 11:15:00,4428.94755,4429.14656,4428.88463,4429.04977
2026-09-05 11:20:00,4428.94903,4429.11683,4428.92088,4428.92088
2026-09-05 11:25:00,4428.94903,4429.14787,4428.88598,4429.0034
2026-09-05 11:30:00,4428.94298,4429.08538,4428.89411,4429.04618
2026-09-05 11:35:00,4428.95472,4429.1424,4428.8759,4428.91036
2026-09-05 11:40:00,4428.93761,4429.10026,4428.89411,4428.90169
2026-09-05 11:45:00,4428.94118,4429.1404,4428.87983,4429.0105
2026-09-05 11:50:00,4428.94491,4429.07982,4428.89411,4429.03761
2026-09-05 11:55:00,4428.94741,4429.14584,4428.88182,4428.91071
2026-09-05 12:00:00,4428.94335,4429.09778,4428.89411,4428.90403
2026-09-05 12:05:00,4428.94543,4429.13993,4428.88077,4429.01365
2026-09-05 12:10:00,4428.94292,4429.08809,4428.89411,4429.03654
2026-09-05 12:15:00,4428.94903,4429.14833,4428.88871,4428.94277
2026-09-05 12:20:00,4428.94903,4429.08425,4428.89411,4428.92405
2026-09-05 12:25:00,4428.94314,4429.13427,4428.8788,4429.01288
2026-09-05 12:30:00,4428.93726,4429.09243,4428.89411,4429.01657
2026-09-05 12:35:00,4428.93334,4429.13989,4428.87791,4428.92997
2026-09-05 12:40:00,4428.94118,4429.07229,4428.89411,4428.90596
2026-09-05 12:45:00,4428.94286,4429.1386,4428.87018,4429.02124
2026-09-05 12:50:00,4428.94201,4429.09542,4428.89411,4429.01476
2026-09-05 12:55:00,4428.93475,4429.14232,4428.87791,4428.90591
2026-09-05 13:00:00,4428.94314,4429.07413,4428.89411,4428.90808
2026-09-05 13:05:00,4428.94484,4429.14191,4428.88192,4429.02676
2026-09-05 13:10:00,4428.94285,4429.11038,4428.89411,4429.02038
2026-09-05 13:15:00,4428.94535,4429.13974,4428.87685,4428.90461
2026-09-05 13:20:00,4428.94345,4429.0898,4428.89411,4428.90978
2026-09-05 13:25:00,4428.94417,4429.14049,4428.88098,4429.02857
2026-09-05 13:30:00,4428.94118,4429.11008,4428.89411,4429.01154
2026-09-05 13:35:00,4428.9414,4429.13794,4428.87293,4428.90201
2026-09-05 13:40:00,4428.93988,4429.09591,4428.89411,4429.00615
2026-09-05 13:45:00,4428.94469,4429.13999,4428.88185,4429.03162
2026-09-05 13:50:00,4428.94051,4429.12207,4428.89411,4429.01057
2026-09-05 13:55:00,4428.94549,4429.14238,4428.87588,4428.90168
2026-09-05 14:00:00,4428.94187,4429.10464,4428.89029,4429.00047
2026-09-05 14:05:00,4428.94475,4429.13252,4428.8699,4429.02877
2026-09-05 14:10:00,4428.9353,4429.12421,4428.89411,4429.00103
2026-09-05 14:15:00,4428.94165,4429.14005,4428.87216,4428.8987
2026-09-05 14:20:00,4428.93638,4429.11265,4428.88504,4428.99599
2026-09-05 14:25:00,4428.94496,4429.13786,4428.8788,4429.03863
2026-09-05 14:30:00,4428.94278,4429.13215,4428.89411,4429.00281
2026-09-05 14:35:00,4428.94536,4429.14441,4428.88099,4428.90008
2026-09-05 14:40:00,4428.94193,4429.11986,4428.88115,4428.98908
2026-09-05 14:45:00,4428.94488,4429.14037,4428.88269,4429.04625
2026-09-05 14:50:00,4428.94903,4429.14543,4428.89411,4429.01662
2026-09-05 14:55:00,4428.95099,4429.14987,4428.89454,4428.91951
2026-09-05 15:00:00,4428.95099,4429.13145,4428.88803,4428.99217
2026-09-05 15:05:00,4428.95099,4429.12989,4428.87984,4429.04173
2026-09-05 15:10:00,4428.94276,4429.14228,4428.89411,4429.01536
2026-09-05 15:15:00,4428.94517,4429.14841,4428.89411,4428.90262
2026-09-05 15:20:00,4428.95099,4429.13344,4428.87999,4428.98286
2026-09-05 15:25:00,4428.9452,4429.13242,4428.88756,4429.05033
2026-09-05 15:30:00,4428.95099,4429.14967,4428.89538,4429.02765
2026-09-05 15:35:00,4428.95099,4429.13984,4428.89411,4428.90036
2026-09-05 15:40:00,4428.9451,4429.1398,4428.88274,4428.98036
2026-09-05 15:45:00,4428.94903,4429.12413,4428.88866,4429.04868
2026-09-05 15:50:00,4428.94903,4429.14833,4428.88525,4429.0266
2026-09-05 15:55:00,4428.94705,4429.1362,4428.89411,4428.90998
2026-09-05 16:00:00,4428.94354,4429.13974,4428.87683,4428.98465
2026-09-05 16:05:00,4428.94712,4429.10485,4428.88542,4429.03664
2026-09-05 16:10:00,4428.93648,4429.14584,4428.884,4429.03298
2026-09-05 16:15:00,4428.94702,4429.13579,4428.89411,4428.9012
2026-09-05 16:20:00,4428.94746,4429.1461,4428.88365,4428.99232
2026-09-05 16:25:00,4428.94915,4429.10507,4428.89411,4429.04377
2026-09-05 16:30:00,4428.94472,4429.14048,4428.87985,4429.03725
2026-09-05 16:35:00,4428.9451,4429.12616,4428.89411,4428.9002
2026-09-05 16:40:00,4428.94353,4429.14388,4428.87987,4428.99466
2026-09-05 16:45:00,4428.94549,4429.09401,4428.89411,4429.04051
2026-09-05 16:50:00,4428.94276,4429.13789,4428.87881,4429.04044
2026-09-05 16:55:00,4428.94499,4429.11978,4428.89411,4428.90073
2026-09-05 17:00:00,4428.94352,4429.14441,4428.88292,4428.99979
2026-09-05 17:05:00,4428.9451,4429.0868,4428.89411,4429.04075
2026-09-05 17:10:00,4428.94474,4429.13952,4428.8827,4429.04518
2026-09-05 17:15:00,4428.94678,4429.11256,4428.89411,4428.90144
2026-09-05 17:20:00,4428.94351,4429.1439,4428.88003,4429.00537
2026-09-05 17:25:00,4428.94526,4429.07465,4428.89411,4429.03648
2026-09-05 17:30:00,4428.94279,4429.1403,4428.87982,4429.04844
2026-09-05 17:35:00,4428.94493,4429.10455,4428.89411,4428.90231
2026-09-05 17:40:00,4428.94349,4429.14236,4428.87793,4429.01063
2026-09-05 17:45:00,4428.9453,4429.07615,4428.89411,4429.03375
2026-09-05 17:50:00,4428.9428,4429.14385,4428.88188,4429.05246
2026-09-05 17:55:00,4428.94666,4429.09797,4428.89411,4428.9224
2026-09-05 18:00:00,4428.94544,4429.14182,4428.87687,4429.01562
2026-09-05 18:05:00,4428.94533,4429.08614,4428.89411,4429.03661
2026-09-05 18:10:00,4428.94903,4429.14833,4428.88863,4428.94266
2026-09-05 18:15:00,4428.94856,4429.09098,4428.89411,4428.92962
2026-09-05 18:20:00,4428.94903,4429.1416,4428.87877,4429.02229
2026-09-05 18:25:00,4428.94756,4429.09556,4428.89411,4429.02697
2026-09-05 18:30:00,4428.94284,4429.14789,4428.88605,4428.9383
2026-09-05 18:35:00,4428.94903,4429.07642,4428.89411,4428.90587
2026-09-05 18:40:00,4428.94343,4429.1423,4428.87782,4429.02471
2026-09-05 18:45:00,4428.94538,4429.10432,4428.89411,4429.02904
2026-09-05 18:50:00,4428.94903,4429.1425,4428.88186,4428.90741
2026-09-05 18:55:00,4428.94735,4429.07934,4428.89411,4428.90798
2026-09-05 19:00:00,4428.94537,4429.14772,4428.88562,4429.03257
2026-09-05 19:05:00,4428.94962,4429.11414,4428.89411,4429.02067
2026-09-05 19:10:00,4428.94485,4429.13798,4428.87881,4428.90529
2026-09-05 19:15:00,4428.9448,4429.08393,4428.89411,4428.90892
2026-09-05 19:20:00,4428.94338,4429.14637,4428.88477,4429.03424
2026-09-05 19:25:00,4428.94739,4429.12141,4428.89411,4429.01599
2026-09-05 19:30:00,4428.94488,4429.13956,4428.88074,4428.90481
2026-09-05 19:35:00,4428.94674,4429.09512,4428.89411,4428.91126
2026-09-05 19:40:00,4428.94531,4429.14589,4428.88207,4429.03745
2026-09-05 19:45:00,4428.9474,4429.12783,4428.89411,4429.01101
2026-09-05 19:50:00,4428.94491,4429.1422,4428.88174,4428.90376
2026-09-05 19:55:00,4428.94672,4429.10391,4428.89411,4429.00429
2026-09-05 20:00:00,4428.94528,4429.14438,4428.87994,4429.04021
2026-09-05 20:05:00,4428.94742,4429.13336,4428.89411,4429.00578
2026-09-05 20:10:00,4428.94494,4429.14382,4428.88376,4428.90287
2026-09-05 20:15:00,4428.94671,4429.11198,4428.89123,4428.99649
2026-09-05 20:20:00,4428.94329,4429.13765,4428.87685,4429.03863
2026-09-05 20:25:00,4428.94314,4429.13609,4428.89411,4429.00063
2026-09-05 20:30:00,4428.937,4429.14833,4428.88868,4428.90287
2026-09-05 20:35:00,4428.94903,4429.12304,4428.88924,4428.99792
2026-09-05 20:40:00,4428.95099,4429.13831,4428.87877,4429.04432
2026-09-05 20:45:00,4428.94744,4429.14158,4428.89411,4429.01231
2026-09-05 20:50:00,4428.94501,4429.14396,4428.89083,4428.90161
2026-09-05 20:55:00,4428.94668,4429.12571,4428.88399,4428.98726
2026-09-05 21:00:00,4428.94518,4429.1338,4428.87974,4429.04563
2026-09-05 21:05:00,4428.94745,4429.1442,4428.89251,4429.01605
2026-09-05 21:10:00,4428.94308,4429.14047,4428.89397,4428.90054
2026-09-05 21:15:00,4428.94472,4429.12942,4428.87988,4428.97967
2026-09-05 21:20:00,4428.94319,4429.13058,4428.88756,4429.04836
2026-09-05 21:25:00,4428.94864,4429.14965,4428.89411,4429.02754
2026-09-05 21:30:00,4428.95099,4429.14598,4428.90522,4428.91787
2026-09-05 21:35:00,4428.95099,4429.14159,4428.88475,4428.98207
2026-09-05 21:40:00,4428.95099,4429.12638,4428.89047,4429.05064
2026-09-05 21:45:00,4428.95099,4429.15029,4428.8913,4429.03283
2026-09-05 21:50:00,4428.95099,4429.14252,4428.91194,4428.91781
2026-09-05 21:55:00,4428.95099,4429.14528,4428.88463,4428.98794
2026-09-05 22:00:00,4428.95099,4429.11924,4428.89443,4429.05044
2026-09-05 22:05:00,4428.95099,4429.14989,4428.8881,4429.0379
2026-09-05 22:10:00,4428.95099,4429.13808,4428.91827,4428.91827
2026-09-05 22:15:00,4428.95099,4429.14797,4428.88555,4428.99378
2026-09-05 22:20:00,4428.95099,4429.11131,4428.89935,4429.04972
2026-09-05 22:25:00,4428.95099,4429.14845,4428.88591,4429.04273
2026-09-05 22:30:00,4428.95099,4429.13269,4428.91924,4428.91924
2026-09-05 22:35:00,4428.95099,4429.14965,4428.8875,4428.99954
2026-09-05 22:40:00,4428.95099,4429.10264,4428.90519,4429.04849
2026-09-05 22:45:00,4428.95099,4429.146,4428.88475,4429.04726
2026-09-05 22:50:00,4428.95099,4429.12641,4428.92073,4428.92073
2026-09-05 22:55:00,4428.95099,4429.15029,4428.89046,4429.00519
2026-09-05 23:00:00,4428.95099,4429.09331,4428.91191,4429.04676
2026-09-05 23:05:00,4428.95099,4429.14526,4428.88463,4429.05147
2026-09-05 23:10:00,4428.95099,4429.11927,4428.9227,4428.9227
2026-09-05 23:15:00,4428.95099,4429.14989,4428.88811,4429.01067
2026-09-05 23:20:00,4428.95099,4429.08338,4428.91945,4429.04454
2026-09-05 23:25:00,4428.95099,4429.14796,4428.88554,4429.05533
2026-09-05 23:30:00,4428.95099,4429.11134,4428.92516,4428.92516
2026-09-05 23:35:00,4428.95099,4429.14846,4428.88592,4429.01595
2026-09-05 23:40:00,4428.95099,4429.08091,4428.92775,4429.04185
2026-09-05 23:45:00,4428.95099,4429.14964,4428.88749,4428.94992
2026-09-05 23:50:00,4428.95099,4429.10268,4428.92808,4428.92808
2026-09-05 23:55:00,4428.95099,4429.14601,4428.88476,4429.02098
2026-09-06 00:00:00,4428.95099,4429.09096,4428.93676,4429.03871
2026-09-06 00:05:00,4428.95099,4429.15029,4428.89045,4428.94503
2026-09-06 00:10:00,4428.95099,4429.09335,4428.93143,4428.93143
2026-09-06 00:15:00,4428.95099,4429.14525,4428.88463,4429.02572
2026-09-06 00:20:00,4428.95099,4429.10045,4428.94639,4429.03515
2026-09-06 00:25:00,4428.95099,4429.1499,4428.88812,4428.94044
2026-09-06 00:30:00,4428.95099,4429.08343,4428.9299,4428.9352
2026-09-06 00:35:00,4428.95099,4429.14795,4428.88554,4429.03013
2026-09-06 00:40:00,4428.95099,4429.10928,4428.95099,4429.03118
2026-09-06 00:45:00,4428.95099,4429.14847,4428.88593,4428.9362
2026-09-06 00:50:00,4428.95099,4429.08087,4428.92142,4428.93935
2026-09-06 00:55:00,4428.95099,4429.14964,4428.88748,4429.03419
2026-09-06 01:00:00,4428.95099,4429.1174,4428.94889,4429.02685
2026-09-06 01:05:00,4428.95099,4429.14602,4428.88476,4428.93234
2026-09-06 01:10:00,4428.95099,4429.09092,4428.91368,4428.94385
2026-09-06 01:15:00,4428.95099,4429.15029,4428.89043,4429.03786
2026-09-06 01:20:00,4428.95099,4429.12473,4428.93911,4429.02219
2026-09-06 01:25:00,4428.95099,4429.14524,4428.88463,4428.92887
2026-09-06 01:30:00,4428.95099,4429.10041,4428.90676,4428.94867
2026-09-06 01:35:00,4428.95099,4429.1499,4428.88813,4429.04111
2026-09-06 01:40:00,4428.95099,4429.13123,4428.92994,4429.01723
2026-09-06 01:45:00,4428.95099,4429.14794,4428.88553,4428.92584
2026-09-06 01:50:00,4428.95099,4429.10925,4428.9007,4429.00943
2026-09-06 01:55:00,4428.95099,4429.14848,4428.88593,4429.04391
2026-09-06 02:00:00,4428.95099,4429.13684,4428.92145,4429.01201
2026-09-06 02:05:00,4428.95099,4429.14963,4428.88747,4428.92327
2026-09-06 02:10:00,4428.95099,4429.11737,4428.89555,4429.00373
2026-09-06 02:15:00,4428.95099,4429.14603,4428.88476,4429.04625
2026-09-06 02:20:00,4428.95099,4429.14152,4428.91371,4429.01072
2026-09-06 02:25:00,4428.95099,4429.15029,4428.89042,4428.92117
2026-09-06 02:30:00,4428.95099,4429.1247,4428.89136,4428.99804
2026-09-06 02:35:00,4428.95099,4429.14258,4428.88463,4429.04811
2026-09-06 02:40:00,4428.95099,4429.14523,4428.90679,4429.01639
2026-09-06 02:45:00,4428.95099,4429.1499,4428.89436,4428.91957
2026-09-06 02:50:00,4428.95099,4429.13121,4428.88814,4428.9924
2026-09-06 02:55:00,4428.95099,4429.13816,4428.88553,4429.04946
2026-09-06 03:00:00,4428.95099,4429.14794,4428.90072,4429.02198
2026-09-06 03:05:00,4428.95099,4429.14849,4428.89926,4428.91847
2026-09-06 03:10:00,4428.95099,4429.13682,4428.88594,4428.98687
2026-09-06 03:15:00,4428.95099,4429.13279,4428.88746,4429.05031
2026-09-06 03:20:00,4428.95099,4429.14963,4428.89557,4429.02743
2026-09-06 03:25:00,4428.95099,4429.14604,4428.90509,4428.91788
2026-09-06 03:30:00,4428.95099,4429.1415,4428.88476,4428.98195
2026-09-06 03:35:00,4428.95099,4429.12652,4428.8904,4429.05064
2026-09-06 03:40:00,4428.95099,4429.15029,4428.89137,4429.03272
2026-09-06 03:45:00,4428.95099,4429.1426,4428.91179,4428.91781
2026-09-06 03:50:00,4428.95099,4429.14521,4428.88462,4428.98782
2026-09-06 03:55:00,4428.95099,4429.1194,4428.89434,4429.05045
2026-09-06 04:00:00,4428.95099,4429.14991,4428.88815,4429.0378
2026-09-06 04:05:00,4428.95099,4429.13818,4428.91826,4428.91826
2026-09-06 04:10:00,4428.95099,4429.14793,4428.88552,4428.99366
2026-09-06 04:15:00,4428.95099,4429.11148,4428.89924,4429.04974
2026-09-06 04:20:00,4428.95099,4429.14849,4428.88595,4429.04263
2026-09-06 04:25:00,4428.95099,4429.13281,4428.91922,4428.91922
2026-09-06 04:30:00,4428.95099,4429.14962,4428.88745,4428.99943
2026-09-06 04:35:00,4428.95099,4429.10283,4428.90506,4429.04852
2026-09-06 04:40:00,4428.95099,4429.14606,4428.88477,4429.04717
2026-09-06 04:45:00,4428.95099,4429.12655,4428.92069,4428.92069
2026-09-06 04:50:00,4428.95099,4429.15028,4428.89039,4429.00508
2026-09-06 04:55:00,4428.95099,4429.09351,4428.91176,4429.0468
2026-09-06 05:00:00,4428.95099,4429.1452,4428.88462,4429.05139
2026-09-06 05:05:00,4428.95099,4429.11943,4428.92266,4428.92266
2026-09-06 05:10:00,4428.95099,4429.14991,4428.88817,4429.01056
2026-09-06 05:15:00,4428.95099,4429.08359,4428.91928,4429.04459
2026-09-06 05:20:00,4428.95099,4429.14792,4428.88552,4429.05525
2026-09-06 05:25:00,4428.95099,4429.11151,4428.9251,4428.9251
2026-09-06 05:30:00,4428.95099,4429.1485,4428.88595,4429.01584
2026-09-06 05:35:00,4428.95099,4429.0807,4428.92757,4429.04191
2026-09-06 05:40:00,4428.95099,4429.14962,4428.88744,4428.95002
2026-09-06 05:45:00,4428.95099,4429.10286,4428.92801,4428.92801
2026-09-06 05:50:00,4428.95099,4429.14607,4428.88477,4429.02088
2026-09-06 05:55:00,4428.95099,4429.09076,4428.93657,4429.03878
2026-09-06 06:00:00,4428.95099,4429.15028,4428.89038,4428.94513
2026-09-06 06:05:00,4428.95099,4429.09355,4428.93136,4428.93136
2026-09-06 06:10:00,4428.95099,4429.14519,4428.88462,4429.02562
2026-09-06 06:15:00,4428.95099,4429.10026,4428.94619,4429.03522
2026-09-06 06:20:00,4428.95099,4429.14991,4428.88818,4428.94054
2026-09-06 06:25:00,4428.95099,4429.08363,4428.93008,4428.93512
2026-09-06 06:30:00,4428.95099,4429.14791,4428.88551,4429.03005
2026-09-06 06:35:00,4428.95099,4429.10911,4428.95099,4429.03127
2026-09-06 06:40:00,4428.95099,4429.14851,4428.88596,4428.93629
2026-09-06 06:45:00,4428.95099,4429.08065,4428.92158,4428.93926
2026-09-06 06:50:00,4428.95099,4429.14961,4428.88743,4429.03411
2026-09-06 06:55:00,4428.95099,4429.11724,4428.94909,4429.02694
2026-09-06 07:00:00,4428.95099,4429.14608,4428.88477,4428.93241
2026-09-06 07:05:00,4428.95099,4429.09072,4428.91383,4428.94376
2026-09-06 07:10:00,4428.95099,4429.15028,4428.89036,4429.03779
2026-09-06 07:15:00,4428.95099,4429.12459,4428.9393,4429.02229
2026-09-06 07:20:00,4428.95099,4429.14517,4428.88462,4428.92894
2026-09-06 07:25:00,4428.95099,4429.10022,4428.90689,4428.94857
2026-09-06 07:30:00,4428.95099,4429.14992,4428.88819,4429.04105
2026-09-06 07:35:00,4428.95099,4429.13111,4428.93012,4429.01733
2026-09-06 07:40:00,4428.95099,4429.1479,4428.8855,4428.9259
2026-09-06 07:45:00,4428.95099,4429.10907,4428.90082,4429.00955
2026-09-06 07:50:00,4428.95099,4429.14852,4428.88597,4429.04386
2026-09-06 07:55:00,4428.95099,4429.13673,4428.92162,4429.01212
2026-09-06 08:00:00,4428.95099,4429.14961,4428.88742,4428.92332
2026-09-06 08:05:00,4428.95099,4429.11721,4428.89565,4429.00385
2026-09-06 08:10:00,4428.95099,4429.14609,4428.88478,4429.04621
2026-09-06 08:15:00,4428.95099,4429.14143,4428.91386,4429.0106
2026-09-06 08:20:00,4428.95099,4429.15028,4428.89035,4428.92121
2026-09-06 08:25:00,4428.95099,4429.12456,4428.89143,4428.99815
2026-09-06 08:30:00,4428.95099,4429.14266,4428.88462,4429.04807
2026-09-06 08:35:00,4428.95099,4429.14516,4428.90692,4429.01627
2026-09-06 08:40:00,4428.95099,4429.14992,4428.89427,4428.91959
2026-09-06 08:45:00,4428.95099,4429.13108,4428.8882,4428.99252
2026-09-06 08:50:00,4428.95099,4429.13826,4428.8855,4429.04944
2026-09-06 08:55:00,4428.95099,4429.14789,4428.90084,4429.02186
2026-09-06 09:00:00,4428.95099,4429.14852,4428.89915,4428.91848
2026-09-06 09:05:00,4428.95099,4429.13671,4428.88598,4428.98699
2026-09-06 09:10:00,4428.95099,4429.13291,4428.88741,4429.05029
2026-09-06 09:15:00,4428.95099,4429.1496,4428.89567,4429.02732
2026-09-06 09:20:00,4428.95099,4429.1461,4428.90496,4428.91788
2026-09-06 09:25:00,4428.95099,4429.14141,4428.88478,4428.98183
2026-09-06 09:30:00,4428.95099,4429.12665,4428.89033,4429.05063
2026-09-06 09:35:00,4428.95099,4429.15028,4428.89145,4429.03261
2026-09-06 09:40:00,4428.95099,4429.14268,4428.91164,4428.9178
2026-09-06 09:45:00,4428.95099,4429.14515,4428.88462,4428.9877
2026-09-06 09:50:00,4428.95099,4429.11955,4428.89425,4429.05046
2026-09-06 09:55:00,4428.95099,4429.14992,4428.88821,4429.0377
2026-09-06 10:00:00,4428.95099,4429.13828,4428.91824,4428.91824
2026-09-06 10:05:00,4428.95099,4429.14788,4428.88549,4428.99354
2026-09-06 10:10:00,4428.95099,4429.11165,4428.89913,4429.04976
2026-09-06 10:15:00,4428.95099,4429.14853,4428.88598,4429.04254
2026-09-06 10:20:00,4428.95099,4429.13293,4428.91919,4428.91919
2026-09-06 10:25:00,4428.95099,4429.1496,4428.8874,4428.99931
2026-09-06 10:30:00,4428.95099,4429.10301,4428.90493,4429.04855
2026-09-06 10:35:00,4428.95099,4429.14612,4428.88478,4429.04708
2026-09-06 10:40:00,4428.95099,4429.12668,4428.92065,4428.92065
2026-09-06 10:45:00,4428.95099,4429.15028,4428.89032,4429.00496
2026-09-06 10:50:00,4428.95099,4429.0937,4428.91162,4429.04684
2026-09-06 10:55:00,4428.95099,4429.14513,4428.88462,4429.05131
2026-09-06 11:00:00,4428.95099,4429.11958,4428.92261,4428.92261
2026-09-06 11:05:00,4428.95099,4429.14993,4428.88822,4429.01045
2026-09-06 11:10:00,4428.95099,4429.0838,4428.91912,4429.04464
2026-09-06 11:15:00,4428.95099,4429.14787,4428.88549,4429.05518
2026-09-06 11:20:00,4428.95099,4429.11168,4428.92505,4428.92505
2026-09-06 11:25:00,4428.95099,4429.14854,4428.88599,4429.01574
2026-09-06 11:30:00,4428.95099,4429.08049,4428.9274,4429.04197
2026-09-06 11:35:00,4428.95099,4429.14959,4428.88739,4428.95012
2026-09-06 11:40:00,4428.95099,4429.10305,4428.92795,4428.92795
2026-09-06 11:45:00,4428.95099,4429.14613,4428.88478,4429.02078
2026-09-06 11:50:00,4428.95099,4429.09056,4428.93638,4429.03885
2026-09-06 11:55:00,4428.95099,4429.15028,4428.89031,4428.94522
2026-09-06 12:00:00,4428.95099,4429.09374,4428.93129,4428.93129
2026-09-06 12:05:00,4428.95099,4429.14512,4428.88461,4429.02553
2026-09-06 12:10:00,4428.95099,4429.10007,4428.94599,4429.0353
2026-09-06 12:15:00,4428.95099,4429.14993,4428.88823,4428.94063
2026-09-06 12:20:00,4428.95099,4429.08384,4428.93026,4428.93504
2026-09-06 12:25:00,4428.95099,4429.14786,4428.88548,4429.02996
2026-09-06 12:30:00,4428.95099,4429.10893,4428.95099,4429.03135
2026-09-06 12:35:00,4428.95099,4429.14855,4428.886,4428.93637
2026-09-06 12:40:00,4428.95099,4429.08044,4428.92175,4428.93918
2026-09-06 12:45:00,4428.95099,4429.14959,4428.88738,4429.03403
2026-09-06 12:50:00,4428.95099,4429.11708,4428.9493,4429.02704
2026-09-06 12:55:00,4428.95099,4429.14614,4428.88479,4428.93249
2026-09-06 13:00:00,4428.95099,4429.09052,4428.91398,4428.94366
2026-09-06 13:05:00,4428.95099,4429.15028,4428.89029,4429.03772
2026-09-06 13:10:00,4428.95099,4429.12445,4428.93949,4429.02239
2026-09-06 13:15:00,4428.95099,4429.14511,4428.88461,4428.92901
2026-09-06 13:20:00,4428.95099,4429.10003,4428.90703,4428.94847
2026-09-06 13:25:00,4428.95099,4429.14994,4428.88824,4429.04099
2026-09-06 13:30:00,4428.95099,4429.13098,4428.9303,4429.01744
2026-09-06 13:35:00,4428.95099,4429.14785,4428.88548,4428.92596
2026-09-06 13:40:00,4428.95099,4429.1089,4428.90093,4429.00967
2026-09-06 13:45:00,4428.95099,4429.14856,4428.886,4429.04381
2026-09-06 13:50:00,4428.95099,4429.13663,4428.92178,4429.01223
2026-09-06 13:55:00,4428.95099,4429.14958,4428.88737,4428.92337
2026-09-06 14:00:00,4428.95099,4429.11705,4428.89574,4429.00396
2026-09-06 14:05:00,4428.95099,4429.14615,4428.88479,4429.04617
2026-09-06 14:10:00,4428.95099,4429.14134,4428.91401,4429.01049
2026-09-06 14:15:00,4428.95099,4429.15028,4428.89028,4428.92125
2026-09-06 14:20:00,4428.95099,4429.12442,4428.89151,4428.99827
2026-09-06 14:25:00,4428.95099,4429.14274,4428.88461,4429.04804
2026-09-06 14:30:00,4428.95099,4429.14509,4428.90705,4429.01616
2026-09-06 14:35:00,4428.95099,4429.14994,4428.89418,4428.91962
2026-09-06 14:40:00,4428.95099,4429.13096,4428.88826,4428.99263
2026-09-06 14:45:00,4428.95099,4429.13836,4428.88547,4429.04942
2026-09-06 14:50:00,4428.95099,4429.14784,4428.90095,4429.02175
2026-09-06 14:55:00,4428.95099,4429.14856,4428.89904,4428.9185
2026-09-06 15:00:00,4428.95099,4429.13661,4428.88601,4428.9871
2026-09-06 15:05:00,4428.95099,4429.13303,4428.88736,4429.05028
2026-09-06 15:10:00,4428.95099,4429.14958,4428.89576,4429.02721
2026-09-06 15:15:00,4428.95099,4429.14616,4428.90483,4428.91789
2026-09-06 15:20:00,4428.95099,4429.14133,4428.88479,4428.98172
2026-09-06 15:25:00,4428.95099,4429.12679,4428.89026,4429.05063
2026-09-06 15:30:00,4428.95099,4429.15028,4428.89152,4429.03251
2026-09-06 15:35:00,4428.95099,4429.14276,4428.9115,4428.9178
2026-09-06 15:40:00,4428.95099,4429.14508,4428.88461,4428.98758
2026-09-06 15:45:00,4428.95099,4429.1197,4428.89416,4429.05046
2026-09-06 15:50:00,4428.95099,4429.14994,4428.88827,4429.0376
2026-09-06 15:55:00,4428.95099,4429.13838,4428.91823,4428.91823
2026-09-06 16:00:00,4428.95099,4429.14784,4428.88546,4428.99342
2026-09-06 16:05:00,4428.95099,4429.11182,4428.89902,4429.04978
2026-09-06 16:10:00,4428.95099,4429.14857,4428.88602,4429.04244
2026-09-06 16:15:00,4428.95099,4429.13305,4428.91917,4428.91917
2026-09-06 16:20:00,4428.95099,4429.14957,4428.88735,4428.99919
2026-09-06 16:25:00,4428.95099,4429.10319,4428.90481,4429.04858
2026-09-06 16:30:00,4428.95099,4429.14618,4428.8848,4429.04699
2026-09-06 16:35:00,4428.95099,4429.12682,4428.92062,4428.92062
2026-09-06 16:40:00,4428.95099,4429.15028,4428.89025,4429.00485
2026-09-06 16:45:00,4428.95099,4429.0939,4428.91147,4429.04688
2026-09-06 16:50:00,4428.95099,4429.14507,4428.88461,4429.05123
2026-09-06 16:55:00,4428.95099,4429.11973,4428.92257,4428.92257
2026-09-06 17:00:00,4428.95099,4429.14995,4428.88828,4429.01034
2026-09-06 17:05:00,4428.95099,4429.08401,4428.91896,4429.04469
2026-09-06 17:10:00,4428.95099,4429.14783,4428.88546,4429.0551
2026-09-06 17:15:00,4428.95099,4429.11185,4428.92499,4428.92499
2026-09-06 17:20:00,4428.95099,4429.14858,4428.88603,4429.01563
2026-09-06 17:25:00,4428.95099,4429.08027,4428.92722,4429.04203
2026-09-06 17:30:00,4428.95099,4429.14957,4428.88734,4428.95023
2026-09-06 17:35:00,4428.95099,4429.10323,4428.92789,4428.92789
2026-09-06 17:40:00,4428.95099,4429.14619,4428.8848,4429.02068
2026-09-06 17:45:00,4428.95099,4429.09036,4428.93619,4429.03892
2026-09-06 17:50:00,4428.95099,4429.15028,4428.89024,4428.94532
2026-09-06 17:55:00,4428.95099,4429.09394,4428.93122,4428.93122
2026-09-06 18:00:00,4428.95099,4429.14505,4428.88461,4429.02544
2026-09-06 18:05:00,4428.95099,4429.09988,4428.94578,4429.03538
2026-09-06 18:10:00,4428.95099,4429.14995,4428.88829,4428.94072
2026-09-06 18:15:00,4428.95099,4429.08405,4428.93044,4428.93496
2026-09-06 18:20:00,4428.95099,4429.14782,4428.88545,4429.02987
2026-09-06 18:25:00,4428.95099,4429.10876,4428.95099,4429.03144
2026-09-06 18:30:00,4428.95099,4429.14859,4428.88603,4428.93645
2026-09-06 18:35:00,4428.95099,4429.08023,4428.92192,4428.93909
2026-09-06 18:40:00,4428.95099,4429.14956,4428.88733,4429.03395
2026-09-06 18:45:00,4428.95099,4429.11692,4428.94951,4429.02713
2026-09-06 18:50:00,4428.95099,4429.1462,4428.8848,4428.93256
2026-09-06 18:55:00,4428.95099,4429.09032,4428.91414,4428.94357
2026-09-06 19:00:00,4428.95099,4429.15028,4428.89022,4429.03765
2026-09-06 19:05:00,4428.95099,4429.12431,4428.93969,4429.02248
2026-09-06 19:10:00,4428.95099,4429.14504,4428.88461,4428.92907
2026-09-06 19:15:00,4428.95099,4429.09984,4428.90716,4428.94837
2026-09-06 19:20:00,4428.95099,4429.14995,4428.8883,4429.04092
2026-09-06 19:25:00,4428.95099,4429.13086,4428.93048,4429.01754
2026-09-06 19:30:00,4428.95099,4429.14781,4428.88545,4428.92602
2026-09-06 19:35:00,4428.95099,4429.10872,4428.90105,4429.00978
2026-09-06 19:40:00,4428.95099,4429.14859,4428.88604,4429.04376
2026-09-06 19:45:00,4428.95099,4429.13652,4428.92195,4429.01234
2026-09-06 19:50:00,4428.95099,4429.14956,4428.88732,4428.92342
2026-09-06 19:55:00,4428.95099,4429.11689,4428.89584,4429.00408
2026-09-06 20:00:00,4428.95099,4429.14621,4428.8848,4429.04612
2026-09-06 20:05:00,4428.95099,4429.14126,4428.91417,4429.01037
2026-09-06 20:10:00,4428.95099,4429.15028,4428.89021,4428.92129
2026-09-06 20:15:00,4428.95099,4429.12428,4428.89159,4428.99839
2026-09-06 20:20:00,4428.95099,4429.14282,4428.8846,4429.04801
2026-09-06 20:25:00,4428.95099,4429.14503,4428.90719,4429.01604
2026-09-06 20:30:00,4428.95099,4429.14996,4428.89409,4428.91965
2026-09-06 20:35:00,4428.95099,4429.13083,4428.88831,4428.99275
2026-09-06 20:40:00,4428.95099,4429.13846,4428.88544,4429.04939
2026-09-06 20:45:00,4428.95099,4429.1478,4428.90107,4429.02163
2026-09-06 20:50:00,4428.95099,4429.1486,4428.89893,4428.91852
2026-09-06 20:55:00,4428.95099,4429.1365,4428.88605,4428.98721
2026-09-06 21:00:00,4428.95099,4429.13314,4428.88731,4429.05027
2026-09-06 21:05:00,4428.95099,4429.14955,4428.89586,4429.0271
2026-09-06 21:10:00,4428.95099,4429.14622,4428.9047,4428.9179
2026-09-06 21:15:00,4428.95099,4429.14124,4428.88481,4428.98182
2026-09-06 21:20:00,4428.95099,4429.12693,4428.89019,4429.05063
2026-09-06 21:25:00,4428.95099,4429.15027,4428.8916,4429.0324
2026-09-06 21:30:00,4428.95099,4429.14284,4428.91135,4428.9178
2026-09-06 21:35:00,4428.95099,4429.14501,4428.8846,4428.98746
2026-09-06 21:40:00,4428.95099,4429.11986,4428.89407,4429.05047
2026-09-06 21:45:00,4428.95099,4429.14996,4428.88832,4429.0375
2026-09-06 21:50:00,4428.95099,4429.13848,4428.91821,4428.91821
2026-09-06 21:55:00,4428.95099,4429.14779,4428.88544,4428.9933
2026-09-06 22:00:00,4428.95099,4429.11199,4428.89891,4429.0498
2026-09-06 22:05:00,4428.95099,4429.14861,4428.88605,4429.04234
2026-09-06 22:10:00,4428.95099,4429.13317,4428.91915,4428.91915
2026-09-06 22:15:00,4428.95099,4429.14955,4428.8873,4428.99908
2026-09-06 22:20:00,4428.95099,4429.10338,4428.90468,4429.04861
2026-09-06 22:25:00,4428.95099,4429.14624,4428.88481,4429.0469
2026-09-06 22:30:00,4428.95099,4429.12695,4428.92059,4428.92059
2026-09-06 22:35:00,4428.95099,4429.15027,4428.89018,4429.00473
2026-09-06 22:40:00,4428.95099,4429.0941,4428.91133,4429.04692
2026-09-06 22:45:00,4428.95099,4429.145,4428.8846,4429.05114
2026-09-06 22:50:00,4428.95099,4429.11989,4428.92252,4428.92252
2026-09-06 22:55:00,4428.95099,4429.14996,4428.88833,4429.01023
2026-09-06 23:00:00,4428.95099,4429.08422,4428.9188,4429.04474
2026-09-06 23:05:00,4428.95099,4429.14778,4428.88543,4429.05503
2026-09-06 23:10:00,4428.95099,4429.11202,4428.92494,4428.92494
2026-09-06 23:15:00,4428.95099,4429.14862,4428.88606,4429.01553
2026-09-06 23:20:00,4428.95099,4429.08006,4428.92704,4429.04209
2026-09-06 23:25:00,4428.95099,4429.14954,4428.88729,4428.95033
2026-09-06 23:30:00,4428.95099,4429.10341,4428.92782,4428.92782
2026-09-06 23:35:00,4428.95099,4429.14625,4428.88481,4429.02058
2026-09-06 23:40:00,4428.95099,4429.09016,4428.936,4429.03898
2026-09-06 23:45:00,4428.95099,4429.15027,4428.89017,4428.94542
2026-09-06 23:50:00,4428.95099,4429.09414,4428.93114,4428.93114
2026-09-06 23:55:00,4428.95099,4429.14499,4428.8846,4429.02534
2026-09-07 00:00:00,4428.95099,4429.09969,4428.94558,4429.03545
2026-09-07 00:05:00,4428.95099,4429.14997,4428.88835,4428.94081
2026-09-07 00:10:00,4428.95099,4429.08426,4428.93063,4428.93488
2026-09-07 00:15:00,4428.95099,4429.14777,4428.88543,4429.02979
2026-09-07 00:20:00,4428.95099,4429.10858,4428.95099,4429.03152
2026-09-07 00:25:00,4428.95099,4429.14862,4428.88607,4428.93654
2026-09-07 00:30:00,4428.95099,4429.08002,4428.92208,4428.939
2026-09-07 00:35:00,4428.95099,4429.14954,4428.88728,4429.03387
2026-09-07 00:40:00,4428.95099,4429.11676,4428.94971,4429.02722
2026-09-07 00:45:00,4428.95099,4429.14626,4428.88482,4428.93264
2026-09-07 00:50:00,4428.95099,4429.09012,4428.91429,4428.94347
2026-09-07 00:55:00,4428.95099,4429.15027,4428.89015,4429.03758
2026-09-07 01:00:00,4428.95099,4429.12416,4428.93988,4429.02258
2026-09-07 01:05:00,4428.95099,4429.14497,4428.8846,4428.92914
2026-09-07 01:10:00,4428.95099,4429.09966,4428.90729,4428.94827
2026-09-07 01:15:00,4428.95099,4429.14997,4428.88836,4429.04086
2026-09-07 01:20:00,4428.95099,4429.13073,4428.93066,4429.01764
2026-09-07 01:25:00,4428.95099,4429.14776,4428.88542,4428.92608
2026-09-07 01:30:00,4428.95099,4429.10855,4428.90116,4429.0099
2026-09-07 01:35:00,4428.95099,4429.14863,4428.88608,4429.0437
2026-09-07 01:40:00,4428.95099,4429.13642,4428.92212,4429.01245
2026-09-07 01:45:00,4428.95099,4429.14953,4428.88727,4428.92346
2026-09-07 01:50:00,4428.95099,4429.11673,4428.89594,4429.0042
2026-09-07 01:55:00,4428.95099,4429.14627,4428.88482,4429.04608
2026-09-07 02:00:00,4428.95099,4429.14117,4428.91432,4429.01025
2026-09-07 02:05:00,4428.95099,4429.15027,4428.89014,4428.92133
2026-09-07 02:10:00,4428.95099,4429.12413,4428.89166,4428.9985
2026-09-07 02:15:00,4428.95099,4429.1429,4428.8846,4429.04797
2026-09-07 02:20:00,4428.95099,4429.14496,4428.90732,4429.01592
2026-09-07 02:25:00,4428.95099,4429.14997,4428.894,4428.91968
2026-09-07 02:30:00,4428.95099,4429.13071,4428.88837,4428.99286
2026-09-07 02:35:00,4428.95099,4429.13856,4428.88541,4429.04937
2026-09-07 02:40:00,4428.95099,4429.14775,4428.90119,4429.02152
2026-09-07 02:45:00,4428.95099,4429.14864,4428.89883,4428.91854
2026-09-07 02:50:00,4428.95099,4429.13639,4428.88608,4428.98733
2026-09-07 02:55:00,4428.95099,4429.13326,4428.88726,4429.05026
2026-09-07 03:00:00,4428.95099,4429.14953,4428.89596,4429.02699
2026-09-07 03:05:00,4428.95099,4429.14628,4428.90458,4428.91791
2026-09-07 03:10:00,4428.95099,4429.14115,4428.88482,4428.98193
2026-09-07 03:15:00,4428.95099,4429.12706,4428.89013,4429.05063
2026-09-07 03:20:00,4428.95099,4429.15027,4428.89168,4429.03229
2026-09-07 03:25:00,4428.95099,4429.14292,4428.91121,4428.91779
2026-09-07 03:30:00,4428.95099,4429.14495,4428.8846,4428.98734
2026-09-07 03:35:00,4428.95099,4429.12001,4428.89398,4429.05048
2026-09-07 03:40:00,4428.95099,4429.14998,4428.88838,4429.0374
2026-09-07 03:45:00,4428.95099,4429.13857,4428.9182,4428.9182
2026-09-07 03:50:00,4428.95099,4429.14774,4428.88541,4428.99318
2026-09-07 03:55:00,4428.95099,4429.11215,4428.8988,4429.04982
2026-09-07 04:00:00,4428.95099,4429.14865,4428.87236,4429.02367
2026-09-07 04:05:00,4428.93137,4429.11001,4428.89392,4428.89392
2026-09-07 04:10:00,4428.92625,4429.12626,4428.86628,4428.9751
2026-09-07 04:15:00,4428.92549,4429.07978,4428.88255,4429.02666
2026-09-07 04:20:00,4428.92979,4429.12196,4428.86112,4429.02972
2026-09-07 04:25:00,4428.92789,4429.11262,4428.89411,4428.90002
2026-09-07 04:30:00,4428.94043,4429.14244,4428.8828,4428.99334
2026-09-07 04:35:00,4428.93897,4429.08495,4428.89411,4429.03894
2026-09-07 04:40:00,4428.94314,4429.13752,4428.87285,4429.04191
2026-09-07 04:45:00,4428.93768,4429.10564,4428.89411,4428.90141
2026-09-07 04:50:00,4428.94206,4429.13617,4428.88012,4428.99687
2026-09-07 04:55:00,4428.93679,4429.07522,4428.89411,4429.03656
2026-09-07 05:00:00,4428.94421,4429.13827,4428.87179,4428.91063
2026-09-07 05:05:00,4428.9376,4430.07132,4428.80631,4429.32406
2026-09-07 05:10:00,4429.36195,4429.36195,4428.89411,4429.00596
2026-09-07 05:15:00,4428.94081,4429.0716,4428.89411,4429.04006
2026-09-07 05:20:00,4428.94937,4429.14573,4428.87754,4428.91027
2026-09-07 05:25:00,4428.94158,4429.09319,4428.89411,4428.90395
2026-09-07 05:30:00,4428.94444,4429.13631,4428.87887,4429.01099
2026-09-07 05:35:00,4428.94075,4429.08081,4428.89411,4429.0328
2026-09-07 05:40:00,4428.94575,4429.14244,4428.88059,4428.90852
2026-09-07 05:45:00,4428.94141,4429.08367,4428.89411,4428.90444
2026-09-07 05:50:00,4428.94283,4429.13155,4428.87484,4429.01203
2026-09-07 05:55:00,4428.93677,4429.08679,4428.89411,4429.02906
2026-09-07 06:00:00,4428.9463,4429.14202,4428.87247,4428.90482
2026-09-07 06:05:00,4428.93607,4429.07639,4428.89411,4428.90779
2026-09-07 06:10:00,4428.94816,4429.13615,4428.87774,4429.01831
2026-09-07 06:15:00,4428.93868,4429.09151,4428.89411,4429.01891
2026-09-07 06:20:00,4428.94032,4429.13646,4428.86626,4428.90193
2026-09-07 06:25:00,4428.93251,4429.0716,4428.89411,4428.90731
2026-09-07 06:30:00,4428.94209,4429.13398,4428.87595,4429.01853
2026-09-07 06:35:00,4428.93441,4429.09981,4428.89411,4429.0168
2026-09-07 06:40:00,4428.94168,4429.14011,4428.87498,4428.90407
2026-09-07 06:45:00,4428.94149,4429.08338,4428.89411,4428.90886
2026-09-07 06:50:00,4428.94243,4429.14047,4428.88542,4429.02793
2026-09-07 06:55:00,4428.94055,4429.11468,4428.89411,4429.01202
2026-09-07 07:00:00,4428.94185,4429.13938,4428.87482,4428.90288
2026-09-07 07:05:00,4428.94183,4429.08797,4428.88542,4428.94818
2026-09-07 07:10:00,4428.93233,4429.13605,4428.69796,4429.0274
2026-09-07 07:15:00,4428.93659,4429.11951,4428.89411,4429.00462
2026-09-07 07:20:00,4428.94036,4429.12881,4428.8213,4428.8948
2026-09-07 07:25:00,4428.9233,4429.10995,4428.89411,4428.89752
2026-09-07 07:30:00,4428.90207,4429.14671,4428.89411,4429.04035
2026-09-07 07:35:00,4428.94114,4429.13756,4428.89411,4428.99893
2026-09-07 07:40:00,4428.94901,4429.12487,4428.82859,4428.86365
2026-09-07 07:45:00,4428.89579,4429.14355,4428.89182,4429.05774
2026-09-07 07:50:00,4428.95723,4429.29768,4428.95723,4429.18962
2026-09-07 07:55:00,4429.09409,4429.31448,4429.09026,4429.20258
2026-09-07 08:00:00,4429.13538,4429.44752,4418.32722,4421.82216
2026-09-07 08:05:00,4420.9252,4425.75791,4420.9252,4425.45347
2026-09-07 08:10:00,4424.86112,4429.09026,4424.57681,4428.88689
2026-09-07 08:15:00,4428.37011,4429.87508,4427.62754,4428.1805
2026-09-07 08:20:00,4428.30267,4429.55436,4427.43946,4428.20926
2026-09-07 08:25:00,4428.43105,4429.87508,4428.02941,4429.7178
2026-09-07 08:30:00,4429.4233,4430.85648,4428.68028,4428.93085
2026-09-07 08:35:00,4429.35273,4429.56166,4427.91357,4429.42788
2026-09-07 08:40:00,4429.24724,4431.04113,4428.95823,4430.92226
2026-09-07 08:45:00,4430.59258,4433.98978,4430.59258,4433.85387
2026-09-07 08:50:00,4433.41678,4434.89188,4431.83833,4431.89421
2026-09-07 08:55:00,4431.9992,4432.62411,4429.45356,4429.79502
2026-09-07 09:00:00,4430.4578,4431.05282,4429.09026,4430.27973
2026-09-07 09:05:00,4430.43589,4431.40387,4429.87508,4430.99863
2026-09-07 09:10:00,4430.8531,4430.8531,4429.67885,4429.88698
2026-09-07 09:15:00,4429.82942,4430.11968,4429.28644,4429.53521
2026-09-07 09:20:00,4429.49053,4430.02677,4426.51631,4427.6214
2026-09-07 09:25:00,4427.52742,4427.52742,4425.75791,4426.88121
2026-09-07 09:30:00,4426.62761,4428.06712,4425.26762,4427.87448
2026-09-07 09:35:00,4427.40087,4429.87508,4427.40087,4428.8328
2026-09-07 09:40:00,4428.5373,4429.28644,4424.79922,4428.96748
2026-09-07 09:45:00,4428.45712,4434.30525,4428.45712,4428.93181
2026-09-07 09:50:00,4428.95947,4429.0848,4423.01738,4424.5353
2026-09-07 09:55:00,4424.4191,4424.58298,4420.60461,4423.50511
2026-09-07 10:00:00,4421.87877,4426.48457,4421.87877,4422.65187
2026-09-07 10:05:00,4423.43333,4426.25428,4421.25741,4421.56091
2026-09-07 10:10:00,4422.03798,4427.33356,4421.9915,4425.02775
2026-09-07 10:15:00,4425.7005,4427.71751,4423.77495,4426.26045
2026-09-07 10:20:00,4427.24279,4428.30253,4424.77876,4426.2727
2026-09-07 10:25:00,4426.04544,4426.97929,4423.95897,4424.22606
2026-09-07 10:30:00,4424.59822,4425.89526,4419.64811,4419.75957
2026-09-07 10:35:00,4420.05032,4422.17781,4419.10822,4421.20067
2026-09-07 10:40:00,4419.81006,4424.42683,4419.81006,4424.27936
2026-09-07 10:45:00,4424.01402,4428.69796,4424.01402,4428.47361
2026-09-07 10:50:00,4428.0332,4428.0332,4422.65589,4423.11075
2026-09-07 10:55:00,4424.07471,4424.6534,4412.2838,4412.56108
2026-09-07 11:00:00,4413.16818,4415.38696,4410.00563,4410.71525
2026-09-07 11:05:00,4411.41539,4411.89447,4403.81422,4406.25259
2026-09-07 11:10:00,4406.49438,4410.35059,4395.99086,4396.58668
2026-09-07 11:15:00,4397.5704,4399.7238,4392.32222,4392.82256
2026-09-07 11:20:00,4393.68047,4396.18411,4391.3649,4395.88124
2026-09-07 11:25:00,4395.26626,4403.73437,4393.9073,4403.37526
2026-09-07 11:30:00,4402.59411,4411.69983,4401.30483,4411.04277
2026-09-07 11:35:00,4409.77886,4412.55448,4407.4221,4411.81596
2026-09-07 11:40:00,4409.93643,4413.4522,4409.36549,4410.26509
2026-09-07 11:45:00,4410.07846,4412.6732,4409.17108,4410.72649
2026-09-07 11:50:00,4411.05389,4415.78011,4409.75438,4415.41969
2026-09-07 11:55:00,4414.69393,4415.98587,4410.50981,4410.89689
2026-09-07 12:00:00,4411.53669,4411.53669,4405.48042,4406.2972
2026-09-07 12:05:00,4406.09717,4408.19925,4404.28722,4404.53499
2026-09-07 12:10:00,4404.98975,4406.06274,4403.9283,4404.39847
2026-09-07 12:15:00,4405.07585,4406.83941,4403.04467,4406.67346
2026-09-07 12:20:00,4406.20847,4409.00839,4405.62648,4408.77371
2026-09-07 12:25:00,4408.24368,4409.36549,4408.00494,4408.28966
2026-09-07 12:30:00,4408.24939,4414.23148,4407.81877,4413.03434
2026-09-07 12:35:00,4412.42382,4417.93682,4412.42382,4417.53889
2026-09-07 12:40:00,4416.78746,4418.13201,4414.03664,4414.38143
2026-09-07 12:45:00,4414.95431,4418.13201,4414.42635,4418.06863
2026-09-07 12:50:00,4417.98862,4417.98862,4414.4275,4414.6659
2026-09-07 12:55:00,4414.96461,4414.96461,4408.97668,4409.23463
2026-09-07 13:00:00,4409.71128,4410.60029,4407.68119,4408.56746
2026-09-07 13:05:00,4408.26863,4409.36549,4406.06274,4406.14041
2026-09-07 13:10:00,4406.30784,4408.17978,4405.72372,4408.06417
2026-09-07 13:15:00,4407.90468,4408.30744,4404.89825,4405.14409
2026-09-07 13:20:00,4405.31041,4409.55993,4405.31041,4408.97933
2026-09-07 13:25:00,4409.08388,4409.55993,4408.78229,4409.06757
2026-09-07 13:30:00,4409.13687,4409.19545,4407.4221,4408.13706
2026-09-07 13:35:00,4408.00041,4408.19925,4404.51022,4404.84227
2026-09-07 13:40:00,4405.3997,4405.77682,4402.18348,4402.43984
2026-09-07 13:45:00,4402.84786,4404.99487,4402.37728,4404.85363
2026-09-07 13:50:00,4404.60975,4404.60975,4401.9897,4402.08694
2026-09-07 13:55:00,4402.27553,4403.71625,4402.14229,4403.44643
2026-09-07 14:00:00,4403.09419,4405.28634,4403.09419,4404.06047
2026-09-07 14:05:00,4403.96239,4404.69619,4401.9897,4404.2691
2026-09-07 14:10:00,4403.3289,4406.83941,4403.3289,4406.50925
2026-09-07 14:15:00,4406.41307,4406.55281,4403.15266,4403.23237
2026-09-07 14:20:00,4403.41094,4404.18872,4401.02104,4401.32303
2026-09-07 14:25:00,4401.56438,4402.41903,4400.96752,4402.27527
2026-09-07 14:30:00,4401.94147,4402.37728,4398.27352,4399.0169
2026-09-07 14:35:00,4400.63536,4400.63536,4395.57107,4396.36043
2026-09-07 14:40:00,4396.32531,4397.34564,4395.02483,4397.30078
2026-09-07 14:45:00,4397.18537,4397.344,4395.98053,4396.27486
2026-09-07 14:50:00,4396.80111,4397.73077,4395.6044,4396.40738
2026-09-07 14:55:00,4396.61256,4398.89148,4395.57786,4398.75843
2026-09-07 15:00:00,4398.51436,4400.66598,4397.35019,4397.97618
2026-09-07 15:05:00,4399.00928,4403.9283,4399.00928,4401.43613
2026-09-07 15:10:00,4401.72743,4402.18348,4397.64833,4401.23532
2026-09-07 15:15:00,4400.74949,4405.2838,4400.74949,4404.96365
2026-09-07 15:20:00,4404.40327,4405.48042,4402.5711,4403.42192
2026-09-07 15:25:00,4403.00736,4410.61009,4403.00736,4410.047
2026-09-07 15:30:00,4408.60223,4412.6732,4405.48042,4405.94669
2026-09-07 15:35:00,4406.79534,4410.33783,4405.67451,4406.02059
2026-09-07 15:40:00,4406.6175,4406.89151,4401.79593,4404.62468
2026-09-07 15:45:00,4404.35375,4405.47294,4402.5711,4403.81172
2026-09-07 15:50:00,4403.5442,4403.5442,4397.09937,4397.51644
2026-09-07 15:55:00,4398.15049,4398.15049,4395.41119,4397.73365
2026-09-07 16:00:00,4397.31829,4397.31829,4388.12719,4392.68562
2026-09-07 16:05:00,4391.99581,4391.99581,4385.96491,4388.13493
2026-09-07 16:10:00,4387.46843,4393.67311,4387.46843,4393.22168
2026-09-07 16:15:00,4392.98444,4395.41119,4392.90107,4395.28734
2026-09-07 16:20:00,4394.92162,4395.95498,4391.16498,4395.24074
2026-09-07 16:25:00,4393.48383,4397.344,4393.48383,4394.87121
2026-09-07 16:30:00,4395.19154,4397.52779,4394.15846,4397.07326
2026-09-07 16:35:00,4396.34608,4397.92418,4394.44542,4394.581
2026-09-07 16:40:00,4394.64077,4399.40715,4393.95769,4397.04565
2026-09-07 16:45:00,4397.55073,4399.08916,4396.76398,4398.8697
2026-09-07 16:50:00,4398.49339,4398.49339,4396.24289,4396.9812
2026-09-07 16:55:00,4397.04916,4398.9768,4391.34048,4391.60856
2026-09-07 17:00:00,4392.16921,4398.70081,4392.16921,4398.15972
2026-09-07 17:05:00,4397.37947,4401.21474,4397.37947,4399.39806
2026-09-07 17:10:00,4399.88626,4403.00811,4396.37739,4399.84932
2026-09-07 17:15:00,4398.54512,4401.19893,4398.09471,4398.21279
2026-09-07 17:20:00,4398.35256,4401.02104,4396.76398,4396.88093
2026-09-07 17:25:00,4397.00698,4399.40369,4396.13218,4396.73926
2026-09-07 17:30:00,4397.73244,4397.73244,4395.41119,4395.80995
2026-09-07 17:35:00,4395.84476,4399.08499,4394.92523,4396.41295
2026-09-07 17:40:00,4396.8237,4396.8237,4391.8152,4392.17345
2026-09-07 17:45:00,4393.02568,4398.42358,4393.02568,4395.80698
2026-09-07 17:50:00,4396.06507,4401.9897,4396.06507,4401.91963
2026-09-07 17:55:00,4401.81376,4406.64522,4399.99682,4405.5398
2026-09-07 18:00:00,4404.62367,4415.98587,4404.62367,4415.54676
2026-09-07 18:05:00,4414.67233,4414.98564,4410.76918,4413.08312
2026-09-07 18:10:00,4412.77861,4417.03464,4412.74556,4416.71372
2026-09-07 18:15:00,4416.15574,4422.38024,4416.15574,4421.65207
2026-09-07 18:20:00,4420.51395,4423.86613,4418.52245,4420.18542
2026-09-07 18:25:00,4419.82033,4420.64491,4416.5186,4419.29278
2026-09-07 18:30:00,4418.90204,4422.62616,4418.8034,4422.53938
2026-09-07 18:35:00,4422.24892,4422.24892,4417.90141,4418.27015
2026-09-07 18:40:00,4418.77638,4420.22689,4413.74758,4415.51175
2026-09-07 18:45:00,4415.13622,4415.79087,4413.84181,4415.0853
2026-09-07 18:50:00,4414.77015,4415.03932,4410.33783,4412.02858
2026-09-07 18:55:00,4411.39714,4412.47849,4409.87367,4409.96412
2026-09-07 19:00:00,4410.32666,4413.3415,4410.32666,4412.36401
2026-09-07 19:05:00,4412.53287,4412.78214,4411.69983,4412.29313
2026-09-07 19:10:00,4411.93789,4413.47801,4411.50521,4411.60962
2026-09-07 19:15:00,4411.72939,4411.80791,4407.37129,4407.79541
2026-09-07 19:20:00,4408.66735,4408.97668,4406.96028,4408.46136
2026-09-07 19:25:00,4408.52219,4409.19165,4406.59181,4407.41534
2026-09-07 19:30:00,4408.95709,4408.95709,4404.51022,4406.28506
2026-09-07 19:35:00,4405.9469,4408.10954,4405.20769,4407.72137
2026-09-07 19:40:00,4406.67312,4410.33783,4406.24922,4409.33173
2026-09-07 19:45:00,4409.14699,4410.10713,4408.99519,4410.01072
2026-09-07 19:50:00,4409.77011,4410.71127,4408.3905,4408.67695
2026-09-07 19:55:00,4409.17036,4409.17036,4405.09229,4405.22938
2026-09-07 20:00:00,4405.50756,4406.12609,4404.89825,4404.95895
2026-09-07 20:05:00,4405.03413,4405.53694,4402.76494,4403.98763
2026-09-07 20:10:00,4403.42063,4404.95623,4402.88396,4402.91665
2026-09-07 20:15:00,4403.03717,4404.13495,4402.80925,4403.97956
2026-09-07 20:20:00,4403.72898,4404.37679,4398.50451,4399.02603
2026-09-07 20:25:00,4399.84371,4399.84371,4396.95731,4397.0994
2026-09-07 20:30:00,4397.31453,4397.31453,4394.09835,4394.50378
2026-09-07 20:35:00,4395.36074,4395.36074,4392.86141,4394.09552
2026-09-07 20:40:00,4393.66043,4398.73176,4392.51515,4398.1417
2026-09-07 20:45:00,4396.9177,4399.66563,4394.78855,4394.94055
2026-09-07 20:50:00,4395.17399,4395.17399,4393.48008,4393.55177
2026-09-07 20:55:00,4393.4234,4394.89689,4390.00834,4391.88558
2026-09-07 21:00:00,4391.79139,4391.9364,4389.81563,4391.09821
2026-09-07 21:05:00,4390.64869,4393.86616,4390.64869,4391.55601
2026-09-07 21:10:00,4391.94069,4394.44542,4390.97216,4394.29281
2026-09-07 21:15:00,4393.97861,4393.97861,4393.07171,4393.10245
2026-09-07 21:20:00,4393.1288,4395.02483,4389.43025,4389.84644
2026-09-07 21:25:00,4390.59179,4390.92931,4388.27453,4389.12679
2026-09-07 21:30:00,4389.39531,4390.607,4383.33511,4383.80812
2026-09-07 21:35:00,4384.7274,4388.34253,4382.50504,4387.99873
2026-09-07 21:40:00,4387.34735,4388.46711,4386.92696,4388.23006
2026-09-07 21:45:00,4388.0566,4392.1293,4385.49509,4392.0105
2026-09-07 21:50:00,4391.75518,4391.93342,4388.34692,4388.92386
2026-09-07 21:55:00,4390.21209,4390.21209,4385.77255,4386.32106
2026-09-07 22:00:00,4386.2099,4390.00834,4383.92165,4387.10667
2026-09-07 22:05:00,4387.61932,4391.55066,4385.48346,4391.42494
2026-09-07 22:10:00,4391.13651,4393.09406,4390.39382,4392.5722
2026-09-07 22:15:00,4392.23521,4392.5941,4391.3207,4392.43593
2026-09-07 22:20:00,4392.21473,4393.64162,4391.17292,4391.76156
2026-09-07 22:25:00,4391.92597,4394.58752,4391.92597,4394.50984
2026-09-07 22:30:00,4394.31607,4396.66523,4394.31607,4396.6196
2026-09-07 22:35:00,4396.60556,4396.60556,4392.66034,4395.3777
2026-09-07 22:40:00,4394.86264,4397.73077,4394.86264,4396.31142
2026-09-07 22:45:00,4396.51573,4397.344,4396.18411,4396.40518
2026-09-07 22:50:00,4396.68538,4397.92418,4394.83168,4394.98448
2026-09-07 22:55:00,4395.18171,4396.43821,4394.46822,4396.14784
2026-09-07 23:00:00,4395.32895,4398.69799,4395.32895,4396.85569
2026-09-07 23:05:00,4397.07561,4402.13973,4396.82675,4401.06576
2026-09-07 23:10:00,4400.72025,4404.25229,4400.72025,4403.95008
2026-09-07 23:15:00,4403.5617,4405.02561,4402.2388,4403.31843
2026-09-07 23:20:00,4403.15302,4404.31623,4402.76494,4404.0808
2026-09-07 23:25:00,4403.92722,4404.89825,4402.89457,4403.83668
2026-09-07 23:30:00,4403.95001,4407.45342,4403.34654,4407.34491
2026-09-07 23:35:00,4407.12869,4407.41142,4403.07143,4403.18143
2026-09-07 23:40:00,4403.31783,4403.73437,4402.20815,4402.52807
2026-09-07 23:45:00,4402.70438,4407.81064,4402.65838,4405.02456
2026-09-07 23:50:00,4406.0692,4406.0692,4402.95879,4404.14578
2026-09-07 23:55:00,4403.79695,4404.51022,4401.60218,4401.7618
2026-09-08 00:00:00,4401.95268,4407.81064,4401.7096,4407.23534
2026-09-08 00:05:00,4407.23813,4408.39358,4405.86293,4408.34703
2026-09-08 00:10:00,4408.23025,4409.15443,4406.8944,4408.91858
2026-09-08 00:15:00,4408.52762,4408.78229,4407.22785,4407.38415
2026-09-08 00:20:00,4407.64436,4408.20446,4406.23353,4406.65092
2026-09-08 00:25:00,4407.42769,4408.19925,4405.48042,4407.3192
2026-09-08 00:30:00,4407.69693,4407.69693,4406.06274,4406.62822
2026-09-08 00:35:00,4406.56362,4406.86101,4405.48042,4405.77527
2026-09-08 00:40:00,4406.08431,4411.62656,4404.08369,4410.8872
2026-09-08 00:45:00,4409.04784,4417.93682,4409.04784,4417.63877
2026-09-08 00:50:00,4416.8183,4418.28378,4412.67946,4417.58173
2026-09-08 00:55:00,4416.55052,4419.10822,4415.98587,4416.10995
2026-09-08 01:00:00,4416.21457,4416.94243,4413.647,4413.78933
2026-09-08 01:05:00,4414.01147,4414.75665,4409.14163,4411.44095
2026-09-08 01:10:00,4410.2691,4413.9763,4410.2691,4413.76157
2026-09-08 01:15:00,4413.53749,4414.81612,4412.83817,4413.82406
2026-09-08 01:20:00,4413.94673,4415.13421,4413.84181,4414.10684
2026-09-08 01:25:00,4414.22171,4414.89148,4411.69983,4413.11938
2026-09-08 01:30:00,4412.66987,4413.73787,4410.78572,4411.09728
2026-09-08 01:35:00,4411.72492,4414.03664,4411.72492,4412.10839
2026-09-08 01:40:00,4412.1683,4413.36529,4409.75438,4410.87399
2026-09-08 01:45:00,4409.75424,4412.64767,4409.75424,4412.61184
2026-09-08 01:50:00,4412.51671,4413.25743,4411.98155,4412.71348
2026-09-08 01:55:00,4412.76626,4414.76501,4412.51257,4414.3585
2026-09-08 02:00:00,4413.55703,4415.01104,4413.25743,4413.31877
2026-09-08 02:05:00,4413.5222,4415.20175,4413.5222,4415.10696
2026-09-08 02:10:00,4414.95383,4417.15623,4414.93697,4416.67989
2026-09-08 02:15:00,4416.83231,4416.83231,4413.25743,4413.37453
2026-09-08 02:20:00,4413.55087,4413.98603,4413.06267,4413.84895
2026-09-08 02:25:00,4413.65097,4414.42635,4413.14899,4413.91664
2026-09-08 02:30:00,4413.98575,4414.03664,4413.20543,4413.9061
2026-09-08 02:35:00,4413.76493,4413.76493,4412.39855,4412.66201
2026-09-08 02:40:00,4412.59807,4414.068,4412.06721,4413.46005
2026-09-08 02:45:00,4413.56709,4414.23148,4413.06267,4413.44342
2026-09-08 02:50:00,4413.29866,4414.62123,4412.83428,4413.74604
2026-09-08 02:55:00,4413.93842,4414.30144,4412.81868,4414.01478
2026-09-08 03:00:00,4413.56852,4415.20597,4413.56852,4413.87053
2026-09-08 03:05:00,4413.9072,4414.42635,4412.6732,4413.28437
2026-09-08 03:10:00,4413.09134,4413.4522,4412.24939,4412.28565
2026-09-08 03:15:00,4412.30126,4413.9286,4412.22532,4413.73805
2026-09-08 03:20:00,4413.46979,4414.20843,4412.6518,4412.70921
2026-09-08 03:25:00,4412.74979,4413.09285,4412.08912,4412.55223
2026-09-08 03:30:00,4412.37493,4412.82553,4410.29991,4410.47102
2026-09-08 03:35:00,4410.75677,4410.78873,4409.94884,4410.74247
2026-09-08 03:40:00,4410.59946,4411.01481,4410.28792,4411.01481
2026-09-08 03:45:00,4410.94114,4410.9419,4409.94884,4410.70502
2026-09-08 03:50:00,4410.58127,4410.92144,4409.17108,4409.39499
2026-09-08 03:55:00,4409.76999,4409.88091,4407.61636,4408.37463
2026-09-08 04:00:00,4408.24741,4408.58793,4405.248,4408.33989
2026-09-08 04:05:00,4407.92343,4409.36549,4406.83941,4409.2734
2026-09-08 04:10:00,4409.14229,4409.14229,4405.53823,4405.84341
2026-09-08 04:15:00,4406.23456,4406.23456,4403.86742,4404.77223
2026-09-08 04:20:00,4404.61533,4406.52219,4403.98368,4406.3946
2026-09-08 04:25:00,4406.14268,4406.41182,4403.34654,4406.11556
2026-09-08 04:30:00,4405.42367,4406.9262,4405.42367,4406.82898
2026-09-08 04:35:00,4406.66381,4406.88352,4404.70422,4404.86285
2026-09-08 04:40:00,4405.08064,4405.23425,4405.08064,4405.16221
2026-09-08 04:45:00,4405.08064,4405.27321,4405.01082,4405.06067
2026-09-08 04:50:00,4405.07696,4405.49274,4405.07696,4405.13151
2026-09-08 04:55:00,4405.20797,4405.29279,4405.03354,4405.17646
2026-09-08 05:00:00,4405.09617,4405.25675,4405.0831,4405.1565
2026-09-08 05:05:00,4405.07739,4405.31234,4405.03314,4405.07886
2026-09-08 05:10:00,4405.08644,4405.28634,4404.89825,4405.08335
2026-09-08 05:15:00,4405.09031,4405.28267,4405.00573,4405.16927
2026-09-08 05:20:00,4405.08483,4405.25985,4405.0759,4405.14948
2026-09-08 05:25:00,4405.07676,4405.30554,4405.04611,4405.248
2026-09-08 05:30:00,4405.15347,4405.28634,4405.09229,4405.10451
2026-09-08 05:35:00,4405.12984,4405.29243,4405.03739,4405.18537
2026-09-08 05:40:00,4405.07128,4405.315,4405.07128,4405.17916
2026-09-08 05:45:00,4405.07575,4405.33505,4405.04176,4405.08469
2026-09-08 05:50:00,4405.10616,4405.23694,4405.04604,4405.08049
2026-09-08 05:55:00,4405.08084,4405.23673,4404.99065,4405.12996
2026-09-08 06:00:00,4405.03484,4405.26466,4405.03065,4405.14379
2026-09-08 06:05:00,4405.08047,4405.27756,4405.01842,4405.0561
2026-09-08 06:10:00,4405.08223,4405.24244,4405.02961,4405.13685
2026-09-08 06:15:00,4405.08081,4405.27715,4405.01098,4405.17646
2026-09-08 06:20:00,4405.08366,4405.26645,4405.04091,4405.13701
2026-09-08 06:25:00,4405.07856,4405.27869,4405.02091,4405.0538
2026-09-08 06:30:00,4405.08222,4405.29801,4405.02501,4405.22269
2026-09-08 06:35:00,4405.09442,4405.33584,4405.02431,4405.19374
2026-09-08 06:40:00,4405.09958,4405.27967,4405.04025,4405.14449
2026-09-08 06:45:00,4405.08053,4405.27879,4405.02439,4405.05198
2026-09-08 06:50:00,4405.08221,4405.25698,4404.89825,4404.9325
2026-09-08 06:55:00,4404.98126,4405.26868,4404.98126,4405.18434
2026-09-08 07:00:00,4405.04851,4405.33234,4405.04851,4405.13415
2026-09-08 07:05:00,4405.08551,4405.27783,4405.02702,4405.04872
2026-09-08 07:10:00,4405.08064,4405.34796,4405.01874,4405.27265
2026-09-08 07:15:00,4405.22404,4405.2683,4405.01833,4405.18298
2026-09-08 07:20:00,4405.08491,4405.27367,4405.01971,4405.1561
2026-09-08 07:25:00,4405.08258,4405.31271,4405.05841,4405.25
2026-09-08 07:30:00,4405.15602,4405.23069,4405.02052,4405.10465
2026-09-08 07:35:00,4405.06908,4405.25463,4405.01514,4405.17774
2026-09-08 07:40:00,4405.07909,4405.27679,4404.89825,4404.94504
2026-09-08 07:45:00,4404.99918,4405.27085,4404.99918,4405.04567
2026-09-08 07:50:00,4405.0787,4405.48558,4405.03647,4405.11376
2026-09-08 07:55:00,4405.12136,4405.27444,4405.04285,4405.2011
2026-09-08 08:00:00,4405.10199,4414.81612,4397.62905,4411.26383
2026-09-08 08:05:00,4411.37611,4413.49105,4411.37611,4412.21182
2026-09-08 08:10:00,4412.44464,4413.32771,4412.44464,4412.54441
2026-09-08 08:15:00,4412.68351,4413.25743,4412.55363,4412.93225
2026-09-08 08:20:00,4412.76809,4413.28376,4411.50521,4411.57753
2026-09-08 08:25:00,4411.67738,4411.69983,4409.94884,4409.97522
2026-09-08 08:30:00,4409.99362,4410.02208,4408.97547,4409.23111
2026-09-08 08:35:00,4409.12311,4409.88904,4408.72814,4409.14143
2026-09-08 08:40:00,4409.23041,4409.55993,4407.81064,4407.95124
2026-09-08 08:45:00,4408.15994,4408.19925,4406.45104,4406.56241
2026-09-08 08:50:00,4406.74788,4407.46187,4406.64522,4406.98236
2026-09-08 08:55:00,4407.13559,4408.19925,4407.13559,4407.65314
2026-09-08 09:00:00,4407.5422,4411.21059,4406.57196,4410.70192
2026-09-08 09:05:00,4409.91816,4412.47849,4409.91816,4411.65453
2026-09-08 09:10:00,4411.51579,4411.51579,4410.53235,4410.96085
2026-09-08 09:15:00,4410.88628,4411.11601,4409.36549,4409.51771
2026-09-08 09:20:00,4409.79301,4412.47849,4409.75438,4410.83471
2026-09-08 09:25:00,4411.38284,4413.52697,4409.13334,4410.79884
2026-09-08 09:30:00,4411.20185,4416.87715,4409.94884,4415.73763
2026-09-08 09:35:00,4412.90488,4421.41531,4412.90488,4419.07904
2026-09-08 09:40:00,4419.3839,4425.96415,4419.23224,4425.71772
2026-09-08 09:45:00,4425.00253,4427.71751,4423.60435,4425.98458
2026-09-08 09:50:00,4425.66307,4426.93346,4421.80011,4422.22839
2026-09-08 09:55:00,4423.06768,4423.60435,4420.28025,4421.55303
2026-09-08 10:00:00,4422.03427,4423.01738,4419.61412,4421.01224
2026-09-08 10:05:00,4420.85211,4420.87583,4417.93682,4419.86131
2026-09-08 10:10:00,4419.43867,4419.81455,4416.18089,4416.30576
2026-09-08 10:15:00,4416.39077,4429.09026,4415.9685,4428.31649
2026-09-08 10:20:00,4426.91303,4430.26759,4421.2233,4421.92134
2026-09-08 10:25:00,4423.33762,4423.33762,4418.71769,4421.67254
2026-09-08 10:30:00,4420.28074,4425.56205,4420.28074,4425.25979
2026-09-08 10:35:00,4424.71723,4425.95182,4422.32788,4422.58268
2026-09-08 10:40:00,4422.94137,4425.3662,4420.51985,4421.04716
2026-09-08 10:45:00,4422.20075,4422.68975,4418.13201,4418.44097
2026-09-08 10:50:00,4419.02099,4420.08487,4416.18089,4416.27541
2026-09-08 10:55:00,4416.89424,4426.29984,4416.89424,4425.97719
2026-09-08 11:00:00,4425.35222,4426.93346,4419.43808,4420.70401
2026-09-08 11:05:00,4423.48683,4423.48683,4417.54649,4421.97806
2026-09-08 11:10:00,4421.48163,4430.66017,4419.87953,4430.28833
2026-09-08 11:15:00,4429.4426,4430.26759,4428.10964,4430.08783
2026-09-08 11:20:00,4429.67832,4434.78647,4428.69796,4434.39573
2026-09-08 11:25:00,4433.60707,4435.55926,4432.7322,4433.86816
2026-09-08 11:30:00,4434.6557,4435.96682,4432.76521,4433.13856
2026-09-08 11:35:00,4433.61581,4433.61581,4431.78809,4431.9609
2026-09-08 11:40:00,4432.25434,4434.98315,4429.90829,4434.33375
2026-09-08 11:45:00,4434.13884,4440.69452,4431.36626,4440.23713
2026-09-08 11:50:00,4439.2515,4440.14704,4435.32108,4438.4783
2026-09-08 11:55:00,4438.12082,4438.94228,4436.16361,4436.46317
2026-09-08 12:00:00,4436.83471,4438.56211,4433.56931,4434.01582
2026-09-08 12:05:00,4434.96304,4434.96304,4429.67885,4430.093
2026-09-08 12:10:00,4430.87279,4430.87279,4426.07168,4430.142
2026-09-08 12:15:00,4429.64154,4429.64154,4426.14969,4427.17054
2026-09-08 12:20:00,4427.2346,4429.1376,4426.14969,4427.35986
2026-09-08 12:25:00,4427.71973,4430.07132,4425.3662,4425.59804
2026-09-08 12:30:00,4425.90002,4425.90002,4423.60435,4423.78195
2026-09-08 12:35:00,4424.05608,4424.43521,4421.8151,4423.51217
2026-09-08 12:40:00,4422.75385,4426.41987,4421.22327,4425.54139
2026-09-08 12:45:00,4423.4247,4428.74527,4423.4247,4424.49862
2026-09-08 12:50:00,4424.63767,4425.27851,4421.64839,4421.84833
2026-09-08 12:55:00,4422.14472,4424.77876,4422.14472,4424.27875
2026-09-08 13:00:00,4423.85681,4425.56205,4423.40868,4425.3536
2026-09-08 13:05:00,4424.95652,4428.32399,4424.93675,4427.71331
2026-09-08 13:10:00,4426.16175,4431.05282,4426.11582,4430.451
2026-09-08 13:15:00,4430.11381,4434.47657,4428.47458,4433.46542
2026-09-08 13:20:00,4432.18024,4438.52641,4432.18024,4438.23768
2026-09-08 13:25:00,4437.68658,4438.04999,4431.64192,4431.88808
2026-09-08 13:30:00,4432.31392,4434.78647,4431.05282,4431.31808
2026-09-08 13:35:00,4431.77371,4431.86036,4430.85648,4431.00977
2026-09-08 13:40:00,4431.24771,4433.21364,4430.82532,4433.13595
2026-09-08 13:45:00,4432.9164,4436.65638,4432.71782,4436.19589
2026-09-08 13:50:00,4435.38066,4438.29732,4435.17985,4436.19499
2026-09-08 13:55:00,4436.07815,4438.16765,4435.65909,4437.91248
2026-09-08 14:00:00,4437.17426,4441.70418,4437.17426,4441.06943
2026-09-08 14:05:00,4440.06224,4443.20358,4439.90261,4440.21429
2026-09-08 14:10:00,4440.77766,4442.07681,4439.51165,4439.8858
2026-09-08 14:15:00,4440.20953,4440.98406,4438.34929,4439.06379
2026-09-08 14:20:00,4439.76702,4439.76702,4433.65861,4433.91718
2026-09-08 14:25:00,4434.41427,4434.41427,4432.42764,4432.46504
2026-09-08 14:30:00,4432.53571,4434.24697,4432.38905,4433.97546
2026-09-08 14:35:00,4433.59554,4434.39315,4433.41018,4433.52129
2026-09-08 14:40:00,4433.7314,4436.36041,4433.7314,4436.198
2026-09-08 14:45:00,4435.95438,4436.23866,4435.04723,4435.15188
2026-09-08 14:50:00,4435.27414,4435.27414,4434.74372,4434.76163
2026-09-08 14:55:00,4434.79073,4440.10301,4434.58086,4439.63019
2026-09-08 15:00:00,4438.81812,4438.81812,4435.57031,4435.95013
2026-09-08 15:05:00,4436.60084,4436.60084,4431.10787,4431.47201
2026-09-08 15:10:00,4432.05652,4432.05652,4427.91357,4428.70526
2026-09-08 15:15:00,4428.65709,4429.20337,4426.82215,4429.01074
2026-09-08 15:20:00,4428.75562,4430.86,4426.03763,4427.05066
2026-09-08 15:25:00,4428.94923,4428.94923,4421.64839,4421.83238
2026-09-08 15:30:00,4422.13402,4423.40868,4419.75935,4420.06242
2026-09-08 15:35:00,4420.84372,4425.9459,4420.84372,4425.12419
2026-09-08 15:40:00,4423.06358,4426.73749,4423.06358,4425.73714
2026-09-08 15:45:00,4426.10734,4428.69796,4423.80004,4424.92982
2026-09-08 15:50:00,4425.15068,4425.15068,4421.06194,4421.244
2026-09-08 15:55:00,4421.51436,4422.78717,4416.94093,4420.01009
2026-09-08 16:00:00,4419.5614,4420.47564,4413.4522,4415.14097
2026-09-08 16:05:00,4414.83347,4414.83347,4412.86792,4414.79112
2026-09-08 16:10:00,4414.56575,4415.16396,4410.14333,4411.61152
2026-09-08 16:15:00,4410.34981,4412.6732,4403.98321,4405.11092
2026-09-08 16:20:00,4406.60474,4406.60474,4401.59821,4403.23683
2026-09-08 16:25:00,4404.32973,4404.32973,4399.9721,4400.19023
2026-09-08 16:30:00,4400.77892,4402.95879,4399.47206,4401.83393
2026-09-08 16:35:00,4401.90743,4404.31623,4398.89148,4403.73335
2026-09-08 16:40:00,4402.77856,4408.05612,4402.77856,4407.34009
2026-09-08 16:45:00,4405.79323,4408.78229,4405.79323,4406.96056
2026-09-08 16:50:00,4407.37825,4408.82561,4404.89622,4405.14759
2026-09-08 16:55:00,4405.61274,4405.61274,4403.73437,4404.4355
2026-09-08 17:00:00,4404.28793,4407.46812,4403.15266,4404.48406
2026-09-08 17:05:00,4405.12783,4409.17108,4405.12783,4407.47701
2026-09-08 17:10:00,4407.64052,4408.4466,4403.91547,4404.57855
2026-09-08 17:15:00,4405.64171,4405.64171,4401.54566,4401.7076
2026-09-08 17:20:00,4401.97075,4404.89491,4399.92599,4401.09734
2026-09-08 17:25:00,4401.45543,4404.12226,4400.64642,4402.34457
2026-09-08 17:30:00,4402.60541,4405.48042,4400.07784,4401.63845
2026-09-08 17:35:00,4405.32279,4405.32279,4394.05493,4395.03192
2026-09-08 17:40:00,4397.03526,4397.90672,4391.16498,4394.7113
2026-09-08 17:45:00,4393.61956,4397.53738,4393.61956,4395.37288
2026-09-08 17:50:00,4395.59354,4397.37333,4391.55066,4392.76897
2026-09-08 17:55:00,4392.49105,4393.67311,4390.75144,4390.88154
2026-09-08 18:00:00,4391.36432,4392.7081,4389.43025,4390.48849
2026-09-08 18:05:00,4390.12798,4395.09301,4389.79287,4390.66026
2026-09-08 18:10:00,4392.03784,4392.32222,4387.80805,4392.14204
2026-09-08 18:15:00,4391.53937,4392.7081,4389.62293,4392.4799
2026-09-08 18:20:00,4392.14881,4393.09406,4389.97803,4392.46694
2026-09-08 18:25:00,4391.81532,4396.39794,4391.81532,4395.10175
2026-09-08 18:30:00,4395.2443,4397.25977,4394.05923,4396.98166
2026-09-08 18:35:00,4396.6154,4397.344,4395.00213,4395.72953
2026-09-08 18:40:00,4395.39895,4395.99086,4392.86517,4393.15344
2026-09-08 18:45:00,4393.60096,4398.69799,4390.03233,4392.79728
2026-09-08 18:50:00,4393.71669,4395.02483,4390.44497,4392.83299
2026-09-08 18:55:00,4392.57797,4394.25232,4391.89093,4394.2052
2026-09-08 19:00:00,4394.04502,4395.37892,4392.3987,4394.96344
2026-09-08 19:05:00,4394.23994,4397.53738,4394.23994,4395.95558
2026-09-08 19:10:00,4395.79677,4398.02561,4394.9171,4396.84455
2026-09-08 19:15:00,4397.02498,4399.27852,4396.90382,4398.27357
2026-09-08 19:20:00,4398.71605,4398.71605,4394.78935,4394.92214
2026-09-08 19:25:00,4395.1001,4395.41119,4393.48008,4394.73503
2026-09-08 19:30:00,4394.54046,4397.15065,4392.32222,4395.76254
2026-09-08 19:35:00,4395.98727,4396.77906,4395.41119,4396.64438
2026-09-08 19:40:00,4396.29976,4403.54045,4395.14613,4401.21534
2026-09-08 19:45:00,4401.77144,4403.31386,4400.0528,4401.98151
2026-09-08 19:50:00,4402.23156,4405.86862,4402.23156,4404.58876
2026-09-08 19:55:00,4404.6966,4405.09229,4403.15266,4403.37161
2026-09-08 20:00:00,4403.54014,4405.47257,4399.78542,4400.0031
2026-09-08 20:05:00,4400.31121,4400.86637,4396.95731,4397.02302
2026-09-08 20:10:00,4397.12361,4397.40872,4394.25232,4395.57274
2026-09-08 20:15:00,4394.83888,4398.49933,4394.83888,4398.3342
2026-09-08 20:20:00,4398.10672,4405.28072,4398.10672,4401.34081
2026-09-08 20:25:00,4401.53281,4401.53281,4399.38616,4400.8137
2026-09-08 20:30:00,4400.65945,4400.65945,4397.92088,4397.94245
2026-09-08 20:35:00,4397.95795,4398.40791,4394.90535,4395.2392
2026-09-08 20:40:00,4395.88422,4397.92418,4393.82815,4397.81733
2026-09-08 20:45:00,4397.52887,4399.73613,4397.32525,4399.55436
2026-09-08 20:50:00,4399.03191,4400.0528,4397.42564,4397.72952
2026-09-08 20:55:00,4398.26723,4399.75562,4396.95416,4397.69623
2026-09-08 21:00:00,4399.31308,4399.31308,4395.79762,4397.38522
2026-09-08 21:05:00,4396.97954,4396.97954,4394.05923,4394.16081
2026-09-08 21:10:00,4394.68133,4396.57067,4390.29003,4390.87488
2026-09-08 21:15:00,4391.75967,4401.44752,4391.75967,4401.05483
2026-09-08 21:20:00,4400.1671,4401.79593,4399.08499,4400.18218
2026-09-08 21:25:00,4399.77576,4402.5711,4399.77576,4402.47986
2026-09-08 21:30:00,4402.25803,4404.70422,4398.49315,4404.38634
2026-09-08 21:35:00,4403.93946,4407.61636,4403.93946,4406.99589
2026-09-08 21:40:00,4406.75359,4406.75359,4404.69783,4406.0091
2026-09-08 21:45:00,4405.87726,4405.87726,4399.66563,4399.98155
2026-09-08 21:50:00,4400.55029,4404.4993,4397.15065,4399.64795
2026-09-08 21:55:00,4398.89749,4405.76949,4398.89749,4404.99895
2026-09-08 22:00:00,4404.03783,4406.83941,4402.76494,4402.9802
2026-09-08 22:05:00,4403.33072,4404.12226,4402.37728,4403.51571
2026-09-08 22:10:00,4403.52734,4403.54687,4392.26581,4392.94507
2026-09-08 22:15:00,4393.92143,4395.40623,4386.92696,4389.12132
2026-09-08 22:20:00,4389.08295,4396.95731,4388.58962,4391.37561
2026-09-08 22:25:00,4392.09424,4400.17904,4392.09424,4397.27629
2026-09-08 22:30:00,4397.48809,4407.22785,4397.48809,4406.92899
2026-09-08 22:35:00,4406.29416,4406.77437,4399.08499,4399.44042
2026-09-08 22:40:00,4400.14584,4400.44004,4396.07044,4396.60687
2026-09-08 22:45:00,4397.48781,4400.76098,4395.41119,4400.4382
2026-09-08 22:50:00,4399.70593,4403.15266,4399.70593,4401.4143
2026-09-08 22:55:00,4401.66087,4409.95807,4401.14156,4408.91702
2026-09-08 23:00:00,4406.45448,4411.11601,4403.34654,4404.6493
2026-09-08 23:05:00,4404.45265,4407.29414,4401.89188,4406.70681
2026-09-08 23:10:00,4405.36318,4407.67341,4402.76494,4407.45554
2026-09-08 23:15:00,4406.80623,4409.17108,4406.31494,4409.10092
2026-09-08 23:20:00,4408.82836,4410.11207,4403.74946,4407.0262
2026-09-08 23:25:00,4406.66589,4409.01416,4399.47206,4399.78147
2026-09-08 23:30:00,4400.25602,4405.67451,4397.9084,4401.47681
2026-09-08 23:35:00,4401.49442,4403.63585,4395.78018,4401.03614
2026-09-08 23:40:00,4400.39909,4402.31244,4392.32222,4392.99488
2026-09-08 23:45:00,4393.31196,4399.92965,4393.31196,4399.70251
2026-09-08 23:50:00,4399.03168,4402.95879,4397.62946,4398.21292
2026-09-08 23:55:00,4398.88509,4408.02467,4398.88509,4401.06301
2026-09-09 00:00:00,4403.13865,4403.13865,4397.344,4398.57999
2026-09-09 00:05:00,4398.57544,4401.79593,4397.10036,4399.96891
2026-09-09 00:10:00,4400.05479,4401.79593,4394.69393,4395.67041
2026-09-09 00:15:00,4397.83166,4399.28087,4393.28706,4398.50991
2026-09-09 00:20:00,4397.44694,4400.74968,4397.44694,4399.76914
2026-09-09 00:25:00,4398.33297,4402.76494,4398.33297,4400.3817
2026-09-09 00:30:00,4402.65476,4402.65476,4395.218,4397.98632
2026-09-09 00:35:00,4397.7091,4398.79461,4397.28872,4398.49937
2026-09-09 00:40:00,4398.44631,4398.44631,4393.28706,4393.5145
2026-09-09 00:45:00,4393.96646,4397.67365,4393.6151,4394.62076
2026-09-09 00:50:00,4396.93274,4396.93274,4389.81563,4393.67739
2026-09-09 00:55:00,4390.86566,4396.37739,4390.86566,4394.62809
2026-09-09 01:00:00,4394.8798,4404.10436,4394.8798,4403.68412
2026-09-09 01:05:00,4402.71447,4404.51022,4401.79593,4401.82583
2026-09-09 01:10:00,4402.01786,4407.03363,4402.01786,4405.74471
2026-09-09 01:15:00,4406.13266,4408.39358,4404.89825,4407.56953
2026-09-09 01:20:00,4407.7306,4408.44381,4396.76398,4397.18419
2026-09-09 01:25:00,4397.51654,4402.5711,4397.28657,4400.0974
2026-09-09 01:30:00,4401.06724,4402.95879,4399.08499,4402.74555
2026-09-09 01:35:00,4402.61377,4403.21278,4398.89148,4399.61447
2026-09-09 01:40:00,4399.79611,4401.00297,4398.11761,4398.24026
2026-09-09 01:45:00,4398.38255,4401.21474,4396.76398,4397.51079
2026-09-09 01:50:00,4397.38976,4399.27852,4396.76398,4399.2142
2026-09-09 01:55:00,4398.98937,4399.64272,4396.07486,4396.42442
2026-09-09 02:00:00,4397.08115,4397.08115,4391.74352,4392.93537
2026-09-09 02:05:00,4392.54581,4394.75805,4388.14236,4389.40427
2026-09-09 02:10:00,4392.38899,4392.38899,4382.50504,4382.7053
2026-09-09 02:15:00,4383.11067,4386.73451,4383.11067,4385.23568
2026-09-09 02:20:00,4385.8037,4392.51515,4382.87204,4392.35842
2026-09-09 02:25:00,4392.03502,4393.6215,4391.35839,4393.36738
2026-09-09 02:30:00,4392.71657,4395.99086,4392.63904,4394.20646
2026-09-09 02:35:00,4394.35454,4395.78112,4393.7716,4393.91514
2026-09-09 02:40:00,4394.29705,4395.6044,4394.05923,4394.32074
2026-09-09 02:45:00,4394.70236,4394.70236,4392.7081,4392.80925
2026-09-09 02:50:00,4392.88363,4396.37739,4392.21907,4394.30709
2026-09-09 02:55:00,4393.78648,4395.41119,4392.51515,4395.21941
2026-09-09 03:00:00,4394.7119,4400.36284,4393.28706,4399.88346
2026-09-09 03:05:00,4398.83857,4403.54045,4397.53738,4397.82698
2026-09-09 03:10:00,4398.39274,4398.73028,4395.25373,4395.43931
2026-09-09 03:15:00,4395.763,4397.01128,4394.67827,4396.44683
2026-09-09 03:20:00,4396.42406,4397.15065,4393.48008,4393.88194
2026-09-09 03:25:00,4393.80007,4394.32898,4392.51515,4394.02685
2026-09-09 03:30:00,4393.19876,4394.83168,4393.19876,4394.75116
2026-09-09 03:35:00,4394.39345,4395.34085,4390.39382,4392.93915
2026-09-09 03:40:00,4392.3834,4392.3834,4386.2199,4386.5314
2026-09-09 03:45:00,4387.14712,4387.6969,4385.77255,4387.66281
2026-09-09 03:50:00,4387.49848,4389.23759,4386.50732,4389.11012
2026-09-09 03:55:00,4388.92157,4390.00834,4388.46711,4389.86695
2026-09-09 04:00:00,4389.59085,4390.00834,4387.50439,4387.60394
2026-09-09 04:05:00,4387.71944,4388.46711,4385.19558,4385.31839
2026-09-09 04:10:00,4385.5658,4387.28493,4383.56376,4385.81417
2026-09-09 04:15:00,4386.35795,4387.79284,4384.81101,4385.03985
2026-09-09 04:20:00,4385.39038,4386.4538,4384.43348,4385.95143
2026-09-09 04:25:00,4385.48572,4386.34968,4384.61472,4384.7011
2026-09-09 04:30:00,4384.96862,4386.23673,4382.12095,4383.75269
2026-09-09 04:35:00,4383.30194,4384.81101,4382.77036,4384.74228
2026-09-09 04:40:00,4384.57816,4384.88524,4383.77173,4384.65847
2026-09-09 04:45:00,4384.31417,4391.81593,4368.73383,4372.66408
2026-09-09 04:50:00,4380.61495,4380.61495,4358.81789,4370.55928
2026-09-09 04:55:00,4366.0645,4377.51707,4366.0645,4373.43296
2026-09-09 05:00:00,4373.64858,4376.36761,4371.20252,4375.94864
2026-09-09 05:05:00,4375.0962,4375.0962,4370.62937,4372.00704
2026-09-09 05:10:00,4371.72687,4374.26184,4371.49549,4372.19543
2026-09-09 05:15:00,4373.7858,4373.7858,4368.14747,4368.34178
2026-09-09 05:20:00,4368.67076,4369.90811,4368.00322,4368.12227
2026-09-09 05:25:00,4368.28507,4369.23718,4367.00293,4369.105
2026-09-09 05:30:00,4368.72536,4369.47218,4362.24045,4362.6356
2026-09-09 05:35:00,4363.32725,4369.29261,4362.8114,4369.06384
2026-09-09 05:40:00,4368.61423,4369.48759,4366.81223,4369.29553
2026-09-09 05:45:00,4368.95685,4368.95685,4365.28724,4366.01808
2026-09-09 05:50:00,4365.92943,4366.42484,4361.81486,4362.02094
2026-09-09 05:55:00,4362.50126,4363.42873,4358.44408,4363.03014
2026-09-09 06:00:00,4361.79741,4363.81225,4356.53917,4359.39603
2026-09-09 06:05:00,4360.37935,4360.37935,4356.83833,4359.10569
2026-09-09 06:10:00,4358.39476,4361.47941,4356.34938,4361.30143
2026-09-09 06:15:00,4360.95692,4361.20316,4359.38794,4360.43665
2026-09-09 06:20:00,4360.2404,4361.88036,4359.76806,4360.84223
2026-09-09 06:25:00,4360.61283,4360.61283,4356.32734,4356.92222
2026-09-09 06:30:00,4358.07877,4358.43794,4355.78012,4357.86091
2026-09-09 06:35:00,4357.07087,4358.6279,4357.07087,4357.37084
2026-09-09 06:40:00,4357.52258,4358.05805,4357.29524,4358.00525
2026-09-09 06:45:00,4357.89626,4358.05805,4355.74239,4355.91776
2026-09-09 06:50:00,4356.18199,4358.43666,4348.39327,4355.58522
2026-09-09 06:55:00,4354.87506,4356.15961,4353.88366,4356.02958
2026-09-09 07:00:00,4355.73503,4355.74905,4355.4007,4355.72756
2026-09-09 07:05:00,4355.64131,4355.90208,4355.50697,4355.61771
2026-09-09 07:10:00,4355.67233,4355.79137,4355.5904,4355.60627
2026-09-09 07:15:00,4355.6543,4355.83861,4355.54636,4355.72068
2026-09-09 07:20:00,4355.64637,4355.87564,4355.5904,4355.74156
2026-09-09 07:25:00,4355.65928,4355.82253,4355.51556,4355.69953
2026-09-09 07:30:00,4355.61798,4355.76722,4355.55345,4355.70049
2026-09-09 07:35:00,4355.61267,4355.89908,4355.48216,4355.78114
2026-09-09 07:40:00,4355.7086,4355.81251,4355.5904,4355.73309
2026-09-09 07:45:00,4355.65728,4355.85497,4355.5904,4355.80015
2026-09-09 07:50:00,4355.70673,4355.78012,4355.32322,4355.33611
2026-09-09 07:55:00,4355.41288,4355.9414,4355.41288,4355.82537
2026-09-09 08:00:00,4355.74787,4358.81789,4354.64205,4357.4667
2026-09-09 08:05:00,4357.68554,4357.86276,4353.69411,4353.94354
2026-09-09 08:10:00,4354.40935,4357.10862,4354.25677,4356.9471
2026-09-09 08:15:00,4356.70602,4357.86813,4355.21101,4355.40758
2026-09-09 08:20:00,4355.69298,4356.14648,4353.37821,4353.49366
2026-09-09 08:25:00,4353.78381,4355.5904,4353.6552,4354.82026
2026-09-09 08:30:00,4354.85478,4355.78012,4354.45243,4354.95139
2026-09-09 08:35:00,4355.13859,4355.21101,4353.1131,4353.55931
2026-09-09 08:40:00,4354.27764,4354.27764,4351.62799,4352.69385
2026-09-09 08:45:00,4352.62304,4352.62304,4351.04207,4351.4852
2026-09-09 08:50:00,4351.37659,4353.69411,4351.37659,4353.56758
2026-09-09 08:55:00,4353.47532,4354.09195,4352.24814,4352.53883
2026-09-09 09:00:00,4352.97477,4354.95126,4352.97477,4353.70127
2026-09-09 09:05:00,4353.92955,4353.9689,4352.90136,4353.90483
2026-09-09 09:10:00,4353.77818,4354.45243,4352.36769,4352.59667
2026-09-09 09:15:00,4352.51295,4353.50457,4351.81071,4353.41624
2026-09-09 09:20:00,4353.22401,4354.33523,4352.74658,4353.85713
2026-09-09 09:25:00,4354.00966,4357.52686,4353.3749,4357.28201
2026-09-09 09:30:00,4356.70129,4360.14825,4356.70129,4359.86666
2026-09-09 09:35:00,4359.74123,4359.74123,4357.10813,4357.29443
2026-09-09 09:40:00,4357.25632,4359.00789,4356.55829,4358.95618
2026-09-09 09:45:00,4358.83444,4358.83444,4355.21101,4356.85195
2026-09-09 09:50:00,4356.44383,4357.18166,4350.85277,4351.01021
2026-09-09 09:55:00,4351.25903,4352.74658,4349.97557,4350.2027
2026-09-09 10:00:00,4350.62625,4351.98886,4346.23188,4351.75971
2026-09-09 10:05:00,4351.24617,4351.24617,4344.80361,4347.95324
2026-09-09 10:10:00,4347.10465,4352.36769,4347.10465,4352.25467
2026-09-09 10:15:00,4351.87075,4352.31602,4344.4261,4347.5105
2026-09-09 10:20:00,4346.93611,4349.31488,4343.65614,4343.89936
2026-09-09 10:25:00,4344.35073,4347.10667,4341.97386,4346.26261
2026-09-09 10:30:00,4344.29749,4348.20419,4344.29749,4346.26573
2026-09-09 10:35:00,4346.49365,4347.91161,4344.49967,4344.76465
2026-09-09 10:40:00,4345.29187,4353.71168,4345.29187,4352.46415
2026-09-09 10:45:00,4350.83004,4355.67275,4350.83004,4354.90737
2026-09-09 10:50:00,4355.14334,4360.71865,4355.14334,4360.45487
2026-09-09 10:55:00,4359.88803,4364.00364,4358.94298,4363.11784
2026-09-09 11:00:00,4361.68634,4365.28724,4354.64205,4357.8897
2026-09-09 11:05:00,4357.31477,4367.19364,4355.11662,4366.82584
2026-09-09 11:10:00,4366.17408,4368.14747,4363.29722,4366.8453
2026-09-09 11:15:00,4366.75039,4368.33828,4363.00175,4365.47442
2026-09-09 11:20:00,4364.83895,4368.11431,4364.83895,4367.73807
2026-09-09 11:25:00,4367.11978,4372.54045,4367.11978,4372.15641
2026-09-09 11:30:00,4371.2374,4376.05181,4371.2374,4375.52847
2026-09-09 11:35:00,4374.86871,4377.51707,4374.86871,4375.42263
2026-09-09 11:40:00,4376.29015,4376.94227,4374.40158,4376.81755
2026-09-09 11:45:00,4376.42322,4377.37132,4373.68789,4373.88748
2026-09-09 11:50:00,4374.3355,4375.93209,4371.77582,4372.22432
2026-09-09 11:55:00,4372.01945,4375.02734,4371.77582,4372.11845
2026-09-09 12:00:00,4372.59497,4373.87919,4371.3936,4372.87672
2026-09-09 12:05:00,4372.59328,4374.39963,4371.5847,4372.30741
2026-09-09 12:10:00,4372.94274,4375.41019,4372.94274,4373.75777
2026-09-09 12:15:00,4374.69807,4375.86106,4372.51453,4375.72766
2026-09-09 12:20:00,4375.46953,4375.46953,4372.34926,4372.50358
2026-09-09 12:25:00,4372.79097,4373.22601,4371.77582,4372.20294
2026-09-09 12:30:00,4372.15277,4374.30629,4369.86541,4370.0404
2026-09-09 12:35:00,4370.27127,4370.27127,4367.38437,4369.74708
2026-09-09 12:40:00,4369.43166,4372.27303,4368.71997,4371.66408
2026-09-09 12:45:00,4370.68124,4377.91269,4370.68124,4376.07794
2026-09-09 12:50:00,4376.23283,4384.61876,4374.5573,4384.05507
2026-09-09 12:55:00,4382.93553,4382.93553,4380.77715,4380.9499
2026-09-09 13:00:00,4381.05231,4382.69711,4378.66713,4380.01777
2026-09-09 13:05:00,4379.74664,4381.44902,4378.85887,4379.11023
2026-09-09 13:10:00,4379.58923,4380.20149,4378.61352,4378.8557
2026-09-09 13:15:00,4379.14024,4379.14024,4376.55915,4376.64426
2026-09-09 13:20:00,4376.76453,4378.80138,4376.40538,4378.083
2026-09-09 13:25:00,4378.14189,4379.24239,4375.41019,4377.14612
2026-09-09 13:30:00,4376.21116,4379.67093,4375.60165,4376.28372
2026-09-09 13:35:00,4376.29379,4377.45852,4375.9846,4377.38778
2026-09-09 13:40:00,4377.26895,4379.8178,4376.76667,4378.52518
2026-09-09 13:45:00,4378.63856,4379.05062,4377.70871,4377.78441
2026-09-09 13:50:00,4377.82747,4379.47327,4376.69371,4377.76039
2026-09-09 13:55:00,4377.35208,4378.15089,4376.08213,4377.22289
2026-09-09 14:00:00,4377.20056,4377.20056,4374.47957,4374.92548
2026-09-09 14:05:00,4375.07408,4375.25661,4371.77582,4372.70614
2026-09-09 14:10:00,4372.56011,4373.49661,4370.57147,4373.39601
2026-09-09 14:15:00,4373.05123,4374.26184,4372.67419,4372.78102
2026-09-09 14:20:00,4373.01833,4376.78795,4373.01833,4376.31904
2026-09-09 14:25:00,4375.11192,4380.96907,4375.11192,4380.64716
2026-09-09 14:30:00,4380.00418,4380.39135,4378.57768,4380.18416
2026-09-09 14:35:00,4379.79108,4380.37324,4378.16981,4378.91175
2026-09-09 14:40:00,4379.05656,4379.53435,4376.15236,4378.12967
2026-09-09 14:45:00,4377.7378,4380.05104,4377.7378,4379.95121
2026-09-09 14:50:00,4379.7492,4381.05678,4377.54447,4380.67217
2026-09-09 14:55:00,4379.70146,4382.72311,4379.70146,4382.5829
2026-09-09 15:00:00,4382.31425,4384.42652,4380.72218,4382.04943
2026-09-09 15:05:00,4382.42078,4384.42652,4381.54493,4384.36311
2026-09-09 15:10:00,4384.15521,4388.08197,4383.44752,4387.87893
2026-09-09 15:15:00,4387.41158,4388.46711,4387.31189,4388.38372
2026-09-09 15:20:00,4388.09468,4389.96693,4383.46557,4383.74636
2026-09-09 15:25:00,4383.82187,4387.88943,4383.82187,4386.87071
2026-09-09 15:30:00,4387.66879,4387.66879,4384.74715,4385.38066
2026-09-09 15:35:00,4385.42411,4392.02838,4385.42411,4390.33056
2026-09-09 15:40:00,4390.93188,4395.05047,4390.93188,4394.65903
2026-09-09 15:45:00,4393.85258,4397.59848,4392.7081,4396.841
2026-09-09 15:50:00,4396.22014,4399.8592,4396.03823,4399.73935
2026-09-09 15:55:00,4399.42251,4401.02104,4398.26739,4399.44357
2026-09-09 16:00:00,4399.60533,4403.01129,4396.06445,4401.82989
2026-09-09 16:05:00,4398.89437,4404.89825,4398.89437,4400.42591
2026-09-09 16:10:00,4400.76471,4401.52006,4399.14517,4401.33428
2026-09-09 16:15:00,4401.02389,4403.34781,4399.8592,4400.15691
2026-09-09 16:20:00,4400.11409,4401.21474,4397.92039,4399.55893
2026-09-09 16:25:00,4399.10218,4401.01237,4396.57067,4396.64977
2026-09-09 16:30:00,4396.64566,4402.21744,4396.26622,4400.18228
2026-09-09 16:35:00,4400.57423,4406.25688,4400.57423,4406.00586
2026-09-09 16:40:00,4405.50465,4406.50853,4399.8592,4400.08032
2026-09-09 16:45:00,4400.46628,4400.63868,4399.25398,4399.43194
2026-09-09 16:50:00,4399.26242,4401.60218,4399.23514,4400.30866
2026-09-09 16:55:00,4400.33931,4401.37614,4399.8592,4399.96557
2026-09-09 17:00:00,4400.04356,4401.84958,4399.67462,4401.71978
2026-09-09 17:05:00,4401.38998,4403.9283,4401.38998,4403.8894
2026-09-09 17:10:00,4403.75939,4406.55469,4403.28221,4406.13757
2026-09-09 17:15:00,4405.04285,4407.22785,4404.3761,4404.5623
2026-09-09 17:20:00,4404.79474,4406.83941,4403.09727,4406.77768
2026-09-09 17:25:00,4406.50837,4407.81064,4405.28634,4407.567
2026-09-09 17:30:00,4407.35969,4408.51402,4406.83941,4407.2195
2026-09-09 17:35:00,4407.02907,4409.94884,4407.02907,4408.55478
2026-09-09 17:40:00,4408.78439,4410.14333,4408.73432,4409.09752
2026-09-09 17:45:00,4409.16598,4412.86792,4408.72115,4412.02839
2026-09-09 17:50:00,4411.84561,4412.24923,4409.17108,4411.18339
2026-09-09 17:55:00,4410.68795,4410.68795,4408.78229,4408.93793
2026-09-09 18:00:00,4409.17771,4409.17771,4407.22785,4407.37777
2026-09-09 18:05:00,4407.63054,4411.89447,4407.63054,4409.33296
2026-09-09 18:10:00,4410.1761,4410.64045,4404.32976,4404.84934
2026-09-09 18:15:00,4405.68846,4405.68846,4402.76494,4402.86938
2026-09-09 18:20:00,4403.12365,4404.12226,4401.36961,4401.64171
2026-09-09 18:25:00,4402.08043,4402.63048,4399.8592,4400.07483
2026-09-09 18:30:00,4400.4708,4402.95879,4399.99715,4402.79853
2026-09-09 18:35:00,4402.57782,4403.47044,4400.43059,4402.53319
2026-09-09 18:40:00,4401.77611,4402.19027,4399.27852,4400.38467
2026-09-09 18:45:00,4400.58809,4401.9897,4399.46232,4401.9072
2026-09-09 18:50:00,4401.6826,4402.25887,4399.47206,4401.66383
2026-09-09 18:55:00,4401.45253,4403.48961,4400.63369,4400.8675
2026-09-09 19:00:00,4401.28586,4401.84067,4400.42418,4401.73592
2026-09-09 19:05:00,4401.52448,4401.90618,4399.8592,4401.70459
2026-09-09 19:10:00,4401.50711,4401.91819,4398.11761,4398.24493
2026-09-09 19:15:00,4398.46389,4399.46647,4397.44252,4399.02194
2026-09-09 19:20:00,4398.40847,4399.73241,4398.3667,4398.59631
2026-09-09 19:25:00,4399.01828,4399.01828,4397.53738,4397.96344
2026-09-09 19:30:00,4398.14133,4398.18336,4396.76398,4398.00208
2026-09-09 19:35:00,4397.72844,4398.31105,4397.72844,4398.27612
2026-09-09 19:40:00,4398.17395,4398.17395,4395.41119,4396.21653
2026-09-09 19:45:00,4396.1794,4396.1794,4394.05923,4394.86632
2026-09-09 19:50:00,4394.93391,4395.53461,4392.25082,4393.99977
2026-09-09 19:55:00,4393.42109,4393.42109,4389.23759,4389.33042
2026-09-09 20:00:00,4389.30323,4391.43179,4386.73451,4390.55782
2026-09-09 20:05:00,4389.56576,4393.09406,4389.56576,4392.80674
2026-09-09 20:10:00,4392.72195,4393.35792,4391.19142,4391.42542
2026-09-09 20:15:00,4391.71699,4393.68724,4389.81563,4392.76683
2026-09-09 20:20:00,4391.38311,4395.99086,4391.38311,4394.44362
2026-09-09 20:25:00,4394.46978,4395.26811,4393.67311,4393.78512
2026-09-09 20:30:00,4393.96613,4396.5581,4393.96613,4396.36838
2026-09-09 20:35:00,4396.07164,4399.27852,4396.07164,4399.12074
2026-09-09 20:40:00,4398.86233,4399.42572,4394.63854,4394.78026
2026-09-09 20:45:00,4395.04136,4399.27852,4394.77971,4398.98463
2026-09-09 20:50:00,4398.15758,4401.65245,4398.15758,4401.18144
2026-09-09 20:55:00,4400.05454,4402.37728,4400.05454,4401.61887
2026-09-09 21:00:00,4401.3506,4403.34654,4400.0528,4401.89102
2026-09-09 21:05:00,4402.06823,4403.9283,4402.05602,4403.49055
2026-09-09 21:10:00,4402.92388,4404.70422,4402.92388,4403.65129
2026-09-09 21:15:00,4404.09177,4404.09177,4401.9897,4403.89115
2026-09-09 21:20:00,4403.53946,4405.16981,4402.76494,4404.90204
2026-09-09 21:25:00,4404.28147,4408.97668,4404.28147,4408.05557
2026-09-09 21:30:00,4408.15815,4409.04104,4405.62833,4408.45748
2026-09-09 21:35:00,4407.36344,4407.36344,4403.57316,4404.63429
2026-09-09 21:40:00,4404.48602,4406.25688,4404.18724,4406.04389
2026-09-09 21:45:00,4405.97942,4409.99259,4403.34654,4408.06591
2026-09-09 21:50:00,4405.01703,4416.18089,4405.01703,4408.91664
2026-09-09 21:55:00,4409.80186,4409.80186,4405.86862,4408.05164
2026-09-09 22:00:00,4407.9466,4409.09207,4404.68637,4405.30183
2026-09-09 22:05:00,4406.6791,4406.6791,4400.63369,4403.67534
2026-09-09 22:10:00,4403.03332,4404.70422,4399.65628,4400.09877
2026-09-09 22:15:00,4400.91271,4400.91271,4396.95731,4398.22253
2026-09-09 22:20:00,4398.13283,4400.44004,4395.97437,4396.38659
2026-09-09 22:25:00,4397.0368,4397.0368,4394.05923,4395.60236
2026-09-09 22:30:00,4395.5675,4396.57067,4392.1293,4396.27088
2026-09-09 22:35:00,4395.6388,4396.79262,4392.49608,4392.94927
2026-09-09 22:40:00,4393.64881,4393.98883,4391.50748,4393.56561
2026-09-09 22:45:00,4392.93095,4399.47206,4392.93095,4398.91133
2026-09-09 22:50:00,4398.62735,4398.62735,4396.37739,4398.01458
2026-09-09 22:55:00,4397.87001,4402.37728,4397.83321,4402.19532
2026-09-09 23:00:00,4401.70269,4407.03363,4400.0528,4406.821
2026-09-09 23:05:00,4406.42209,4409.83079,4404.74091,4409.63655
2026-09-09 23:10:00,4409.36413,4413.06267,4409.36413,4412.16043
2026-09-09 23:15:00,4411.92647,4416.41789,4409.32964,4415.20831
2026-09-09 23:20:00,4412.33083,4425.43952,4412.33083,4423.84241
2026-09-09 23:25:00,4421.00529,4429.67885,4421.00529,4429.46166
2026-09-09 23:30:00,4429.06148,4432.62411,4428.48381,4430.04209
2026-09-09 23:35:00,4430.55832,4431.83833,4423.66224,4424.24962
2026-09-09 23:40:00,4425.31548,4425.31548,4412.12671,4412.95628
2026-09-09 23:45:00,4414.1059,4419.49883,4414.1059,4419.06259
2026-09-09 23:50:00,4418.94012,4423.21498,4416.49079,4418.75896
2026-09-09 23:55:00,4419.2442,4419.52145,4411.75885,4411.99897
2026-09-10 00:00:00,4412.58426,4423.38759,4412.58426,4422.72027
2026-09-10 00:05:00,4421.04826,4426.73749,4420.85711,4422.7998
2026-09-10 00:10:00,4422.98735,4423.41088,4419.10822,4419.26158
2026-09-10 00:15:00,4419.20445,4422.235,4416.46252,4416.80536
2026-09-10 00:20:00,4417.50346,4417.50346,4413.647,4414.40265
2026-09-10 00:25:00,4414.20677,4424.15057,4410.22241,4423.3078
2026-09-10 00:30:00,4421.56608,4426.42705,4421.56608,4421.97806
2026-09-10 00:35:00,4422.19146,4425.3662,4421.38588,4424.13751
2026-09-10 00:40:00,4424.44889,4426.28149,4420.28025,4420.68188
2026-09-10 00:45:00,4421.31224,4422.00995,4418.91295,4421.73695
2026-09-10 00:50:00,4421.52583,4422.43057,4420.75036,4421.07272
2026-09-10 00:55:00,4421.41652,4421.41652,4416.57097,4416.63198
2026-09-10 01:00:00,4416.64904,4421.68759,4399.47206,4400.69197
2026-09-10 01:05:00,4403.4592,4403.4592,4382.68351,4394.66996
2026-09-10 01:10:00,4393.24341,4393.24341,4384.61876,4387.85149
2026-09-10 01:15:00,4386.53574,4391.55066,4383.62609,4384.90063
2026-09-10 01:20:00,4387.49162,4387.49162,4373.68719,4374.74471
2026-09-10 01:25:00,4376.02127,4393.58484,4373.41071,4392.92035
2026-09-10 01:30:00,4391.34011,4398.55944,4391.34011,4398.00983
2026-09-10 01:35:00,4397.31483,4404.31623,4397.31483,4401.2297
2026-09-10 01:40:00,4401.67519,4403.68572,4400.44004,4401.24888
2026-09-10 01:45:00,4402.20295,4405.09479,4400.72959,4401.24622
2026-09-10 01:50:00,4402.38417,4406.64522,4396.64902,4400.85908
2026-09-10 01:55:00,4401.36343,4401.36343,4399.08499,4399.20644
2026-09-10 02:00:00,4399.40271,4401.9805,4397.73077,4401.39008
2026-09-10 02:05:00,4400.65337,4402.76494,4396.30317,4397.02736
2026-09-10 02:10:00,4398.24581,4398.38798,4395.0161,4397.99624
2026-09-10 02:15:00,4397.46142,4399.84848,4392.32222,4392.49836
2026-09-10 02:20:00,4392.80674,4397.574,4392.65658,4396.77195
2026-09-10 02:25:00,4395.28935,4402.03276,4395.28935,4401.77494
2026-09-10 02:30:00,4401.34915,4403.73437,4399.90178,4403.52044
2026-09-10 02:35:00,4403.03096,4403.81809,4398.76051,4399.33892
2026-09-10 02:40:00,4400.4051,4407.03363,4400.4051,4406.81546
2026-09-10 02:45:00,4406.3773,4408.24044,4406.3773,4407.90609
2026-09-10 02:50:00,4407.71336,4407.85779,4405.40598,4405.66007
2026-09-10 02:55:00,4406.15441,4409.50315,4406.15441,4409.35274
2026-09-10 03:00:00,4408.93201,4412.56862,4408.79569,4412.41414
2026-09-10 03:05:00,4411.96693,4419.49883,4411.72206,4419.32971
2026-09-10 03:10:00,4418.82163,4419.69416,4415.79087,4415.94501
2026-09-10 03:15:00,4416.55783,4419.14605,4415.65957,4418.1842
2026-09-10 03:20:00,4417.89939,4418.78751,4416.37592,4418.60954
2026-09-10 03:25:00,4418.28605,4420.28025,4415.88645,4416.66659
2026-09-10 03:30:00,4417.82595,4417.82595,4412.94429,4413.19272
2026-09-10 03:35:00,4413.56101,4414.80338,4412.08912,4412.28873
2026-09-10 03:40:00,4412.75309,4417.86752,4412.75309,4414.34067
2026-09-10 03:45:00,4414.831,4415.20597,4413.8278,4414.09574
2026-09-10 03:50:00,4414.40269,4415.98587,4413.84181,4415.92441
2026-09-10 03:55:00,4415.72491,4416.96113,4415.40092,4416.89938
2026-09-10 04:00:00,4416.69609,4418.52245,4415.655,4417.47395
2026-09-10 04:05:00,4417.38525,4419.35953,4415.83307,4416.0247
2026-09-10 04:10:00,4416.54618,4421.64839,4416.54618,4421.44786
2026-09-10 04:15:00,4421.05837,4421.05837,4419.30352,4420.07914
2026-09-10 04:20:00,4419.97484,4419.97484,4417.44246,4417.8558
2026-09-10 04:25:00,4418.67212,4418.67212,4416.96113,4417.1997
2026-09-10 04:30:00,4417.30951,4417.74165,4414.42635,4416.04083
2026-09-10 04:35:00,4415.6663,4415.79087,4413.84181,4415.12921
2026-09-10 04:40:00,4414.71975,4416.36459,4410.14333,4410.33017
2026-09-10 04:45:00,4410.64021,4410.64021,4407.0064,4407.22709
2026-09-10 04:50:00,4407.63017,4407.81064,4405.67451,4405.77886
2026-09-10 04:55:00,4405.97286,4407.69717,4401.79593,4402.28328
2026-09-10 05:00:00,4402.46154,4405.37399,4397.73077,4397.87965
2026-09-10 05:05:00,4398.1178,4399.66563,4397.52737,4399.02747
2026-09-10 05:10:00,4399.01827,4399.27852,4397.53738,4397.67408
2026-09-10 05:15:00,4397.96092,4401.9924,4397.96092,4401.46761
2026-09-10 05:20:00,4400.76469,4404.89825,4400.76469,4404.74454
2026-09-10 05:25:00,4404.42086,4404.76147,4400.52172,4400.77642
2026-09-10 05:30:00,4401.25097,4401.25097,4399.4274,4399.48121
2026-09-10 05:35:00,4399.54587,4399.8052,4395.61822,4395.88583
2026-09-10 05:40:00,4396.2508,4399.56487,4396.2508,4398.96056
2026-09-10 05:45:00,4397.47569,4401.60218,4397.47569,4400.86454
2026-09-10 05:50:00,4400.80643,4401.02607,4396.76398,4399.61183
2026-09-10 05:55:00,4399.3845,4400.22968,4398.50451,4398.58875
2026-09-10 06:00:00,4398.60251,4399.08499,4397.02323,4397.89914
2026-09-10 06:05:00,4397.67941,4397.67941,4396.37739,4396.97502
2026-09-10 06:10:00,4396.98407,4398.34517,4396.8688,4398.2356
2026-09-10 06:15:00,4398.02321,4398.02321,4395.35881,4395.62935
2026-09-10 06:20:00,4395.97066,4396.37873,4393.48008,4394.83683
2026-09-10 06:25:00,4394.64143,4396.02174,4394.05923,4394.25349
2026-09-10 06:30:00,4394.56074,4397.73077,4393.95132,4397.60562
2026-09-10 06:35:00,4397.41863,4401.40845,4395.87459,4399.41693
2026-09-10 06:40:00,4399.62363,4399.92906,4399.153,4399.91674
2026-09-10 06:45:00,4399.81595,4401.02104,4399.01233,4399.70087
2026-09-10 06:50:00,4399.76319,4400.44115,4399.66563,4400.33773
2026-09-10 06:55:00,4400.19374,4402.06134,4399.95696,4401.6959
2026-09-10 07:00:00,4401.22755,4402.37728,4401.22755,4401.62523
2026-09-10 07:05:00,4401.57118,4402.35707,4401.40845,4401.73045
2026-09-10 07:10:00,4401.64536,4401.89696,4401.49038,4401.61084
2026-09-10 07:15:00,4401.6133,4401.71571,4401.40845,4401.53013
2026-09-10 07:20:00,4401.5562,4401.89267,4401.40698,4401.59429
2026-09-10 07:25:00,4401.60643,4401.67856,4401.40845,4401.6441
2026-09-10 07:30:00,4401.55216,4401.77084,4401.50826,4401.69207
2026-09-10 07:35:00,4401.60565,4401.71175,4401.53452,4401.53452
2026-09-10 07:40:00,4401.55854,4401.74179,4401.40845,4401.62074
2026-09-10 07:45:00,4401.55475,4401.69355,4401.33713,4401.59796
2026-09-10 07:50:00,4401.49719,4401.75339,4401.48753,4401.54889
2026-09-10 07:55:00,4401.55457,4401.71097,4401.53917,4401.53917
2026-09-10 08:00:00,4401.5615,4406.06274,4401.54355,4405.98105
2026-09-10 08:05:00,4405.7932,4405.7932,4403.34654,4404.44517
2026-09-10 08:10:00,4404.09319,4405.60104,4402.95879,4403.69167
2026-09-10 08:15:00,4404.45095,4404.45095,4402.39328,4403.6711
2026-09-10 08:20:00,4403.53669,4403.66167,4401.40845,4401.53715
2026-09-10 08:25:00,4401.71128,4403.52444,4400.82736,4400.92703
2026-09-10 08:30:00,4401.06341,4403.9283,4400.44607,4403.80845
2026-09-10 08:35:00,4403.53431,4403.86549,4399.8592,4400.31686
2026-09-10 08:40:00,4400.39191,4401.9897,4400.32082,4401.9267
2026-09-10 08:45:00,4401.76589,4401.76589,4399.66563,4399.76027
2026-09-10 08:50:00,4399.90071,4400.44004,4399.02487,4399.12057
2026-09-10 08:55:00,4399.26155,4400.21449,4397.92418,4399.96682
2026-09-10 09:00:00,4399.35083,4402.7615,4399.35083,4402.56238
2026-09-10 09:05:00,4402.22037,4402.95879,4399.64581,4399.83055
2026-09-10 09:10:00,4400.0606,4402.37728,4399.08499,4402.13068
2026-09-10 09:15:00,4401.81283,4401.9897,4397.94939,4401.62248
2026-09-10 09:20:00,4400.93231,4401.45358,4398.09595,4398.61605
2026-09-10 09:25:00,4399.30248,4399.47206,4395.6044,4395.97664
2026-09-10 09:30:00,4396.52631,4399.08499,4394.25232,4394.43318
2026-09-10 09:35:00,4394.74356,4394.74356,4394.20286,4394.29752
2026-09-10 09:40:00,4394.32359,4394.32359,4393.67311,4393.99029
2026-09-10 09:45:00,4393.73892,4395.34847,4393.48008,4393.6279
2026-09-10 09:50:00,4393.93166,4394.83168,4393.89519,4394.7191
2026-09-10 09:55:00,4394.55681,4395.04189,4393.48008,4393.58004
2026-09-10 10:00:00,4393.63719,4394.25232,4390.00834,4390.07109
2026-09-10 10:05:00,4390.53018,4392.7081,4390.53018,4390.76613
2026-09-10 10:10:00,4391.27741,4396.57067,4391.27741,4395.77648
2026-09-10 10:15:00,4396.17798,4397.92418,4394.83168,4397.51915
2026-09-10 10:20:00,4397.20332,4397.73077,4395.6044,4395.76412
2026-09-10 10:25:00,4395.99601,4396.18411,4393.63641,4394.19848
2026-09-10 10:30:00,4394.94029,4394.94029,4392.32222,4392.44325
2026-09-10 10:35:00,4392.59348,4399.88767,4390.30084,4399.88767
2026-09-10 10:40:00,4400.26100,4401.94233,4395.89434,4400.14253
2026-09-10 10:45:00,4402.43884,4402.43884,4396.55955,4399.55617
2026-09-10 10:50:00,4397.96977,4405.68979,4397.60529,4401.18959
2026-09-10 10:55:00,4403.45862,4405.85809,4400.52065,4402.19928
2026-09-10 11:00:00,4402.97891,4414.24993,4400.65245,4409.17456
2026-09-10 11:05:00,4408.38397,4419.13434,4407.18353,4417.52021
2026-09-10 11:10:00,4416.88367,4420.34796,4410.013844,4412.020781
2026-09-10 11:15:00,4412.034396,4417.66939,4410.50176,4417.059408
2026-09-10 11:20:00,4416.71280,4416.71280,4410.017514,4414.25366
2026-09-10 11:25:00,4414.48995,4421.64002,4410.27004,4411.47910
2026-09-10 11:30:00,4412.86773,4412.86773,4405.33860,4409.36479
2026-09-10 11:35:00,4407.14977,4411.69685,4405.044917,4408.011048
2026-09-10 11:40:00,4409.48256,4411.88851,4406.27504,4408.69505
2026-09-10 11:45:00,4409.20663,4415.72433,4408.69019,4411.93802
2026-09-10 11:50:00,4415.51686,4415.51686,4408.0040092,4408.65559
2026-09-10 11:55:00,4411.69505,4415.24561,4407.057592,4413.98670
2026-09-10 12:00:00,4411.99252,4419.00091984,4411.12431,4417.25262
2026-09-10 12:05:00,4416.30350,4420.62598,4414.85646,4416.55758
2026-09-10 12:10:00,4417.67928,4417.67928,4411.41574,4416.41169
2026-09-10 12:15:00,4415.59682,4415.67426,4407.76087,4411.49216
2026-09-10 12:20:00,4411.14648,4415.30248,4409.26396,4412.93430
2026-09-10 12:25:00,4415.58239,4418.74401,4412.22060,4416.16588
2026-09-10 12:30:00,4420.041008,4420.041008,4410.93371,4417.28139
2026-09-10 12:35:00,4414.85934,4421.51039,4413.70336,4420.77062
2026-09-10 12:40:00,4421.12531,4422.13429,4416.32783,4417.74326
2026-09-10 12:45:00,4416.91492,4421.47557,4416.029341,4420.10280
2026-09-10 12:50:00,4420.013381,4422.66019,4416.16588,4422.66019
2026-09-10 12:55:00,4422.74938,4422.74938,4416.82350,4417.98299
2026-09-10 13:00:00,4419.59085,4422.95524,4414.41595,4416.33794
2026-09-10 13:05:00,4416.81554,4418.73559,4411.20554,4414.24854
2026-09-10 13:10:00,4414.62809,4417.92245,4411.20179,4413.74188
2026-09-10 13:15:00,4412.33089,4415.69937,4410.89003,4415.55157
2026-09-10 13:20:00,4413.97249,4414.92136,4410.38951,4412.030879
2026-09-10 13:25:00,4413.64164,4413.84024,4408.28528,4412.29874
2026-09-10 13:30:00,4409.45468,4413.079195,4408.48946,4412.64069
2026-09-10 13:35:00,4411.064051,4411.78181,4405.98335,4408.18703
2026-09-10 13:40:00,4410.30204,4410.30204,4405.94016,4406.73727
2026-09-10 13:45:00,4407.098694,4411.43903,4406.61062,4410.43919
2026-09-10 13:50:00,4408.97190,4410.95708,4406.68547,4407.44333
2026-09-10 13:55:00,4410.66902,4410.66902,4407.031379,4408.27259
2026-09-10 14:00:00,4408.71004,4414.71655,4407.77829,4413.85948
2026-09-10 14:05:00,4414.10835,4415.95508,4410.27573,4414.46385
2026-09-10 14:10:00,4414.032348,4416.70412,4412.24487,4413.71804
2026-09-10 14:15:00,4414.17941,4416.94795,4412.88052,4416.71121
2026-09-10 14:20:00,4416.50861,4417.020364,4413.28721,4414.069433
2026-09-10 14:25:00,4413.65055,4416.037651,4410.51456,4411.31913
2026-09-10 14:30:00,4411.51095,4415.86015,4410.42895,4410.84307
2026-09-10 14:35:00,4413.65131,4413.65131,4407.65946,4410.14720
2026-09-10 14:40:00,4410.75876,4410.75876,4404.30266,4407.81190
2026-09-10 14:45:00,4408.48277,4411.69437,4405.63512,4410.80294
2026-09-10 14:50:00,4412.65979,4413.28189,4406.39509,4406.81508
2026-09-10 14:55:00,4407.086694,4410.58760,4406.053492,4408.14532
2026-09-10 15:00:00,4410.13521,4415.39698,4408.023166,4410.64818
2026-09-10 15:05:00,4410.18770,4416.33183,4408.97235,4416.33183
2026-09-10 15:10:00,4416.14403,4423.73248,4413.44273,4420.40371
2026-09-10 15:15:00,4418.57394,4421.32871,4415.79023,4420.41307
2026-09-10 15:20:00,4420.21732,4421.37608,4416.83377,4418.68116
2026-09-10 15:25:00,4419.31903,4422.10186,4415.39181,4422.10186
2026-09-10 15:30:00,4421.66088,4426.48415,4417.34054,4425.93467
2026-09-10 15:35:00,4425.84663,4426.78705,4423.45873,4424.12235
2026-09-10 15:40:00,4425.03175,4429.48264,4422.62616,4429.13412
2026-09-10 15:45:00,4428.39723,4429.48264,4427.10859,4427.34454
2026-09-10 15:50:00,4427.68526,4428.49619,4424.38722,4427.4085
2026-09-10 15:55:00,4427.22767,4429.43619,4425.24933,4428.78668
2026-09-10 16:00:00,4427.97766,4430.46387,4427.52147,4427.74846
2026-09-10 16:05:00,4428.10804,4428.10804,4423.21302,4423.68294
2026-09-10 16:10:00,4423.88878,4423.88878,4417.21055,4417.80511
2026-09-10 16:15:00,4418.97968,4418.97968,4412.46658,4415.55049
2026-09-10 16:20:00,4415.05775,4415.20597,4411.52477,4413.87496
2026-09-10 16:25:00,4412.77925,4417.2116,4412.77925,4416.65191
2026-09-10 16:30:00,4415.19679,4418.52245,4415.19679,4416.51874
2026-09-10 16:35:00,4416.39237,4417.96044,4413.4522,4417.39472
2026-09-10 16:40:00,4416.55694,4426.93346,4416.55694,4426.38942
2026-09-10 16:45:00,4425.37945,4428.30573,4424.19148,4424.35306
2026-09-10 16:50:00,4424.60836,4428.69796,4423.5169,4425.44037
2026-09-10 16:55:00,4425.90036,4425.90036,4423.99575,4424.135
2026-09-10 17:00:00,4424.39313,4426.16847,4415.59588,4415.94099
2026-09-10 17:05:00,4416.50754,4416.76604,4414.62123,4415.25755
2026-09-10 17:10:00,4415.0251,4416.76604,4413.77809,4416.46725
2026-09-10 17:15:00,4416.63627,4416.63627,4412.47849,4413.00957
2026-09-10 17:20:00,4413.21431,4413.21431,4410.72689,4412.15269
2026-09-10 17:25:00,4411.87784,4411.93646,4408.90724,4408.99753
2026-09-10 17:30:00,4409.1252,4409.21384,4406.23761,4407.12394
2026-09-10 17:35:00,4409.17956,4409.17956,4404.89825,4406.63264
2026-09-10 17:40:00,4406.57604,4409.36505,4404.139,4408.48427
2026-09-10 17:45:00,4406.29079,4412.6732,4406.29079,4411.58296
2026-09-10 17:50:00,4411.6272,4415.20597,4411.6272,4414.39422
2026-09-10 17:55:00,4414.52115,4414.52115,4411.50521,4411.63949
2026-09-10 18:00:00,4411.88689,4412.2838,4408.25032,4408.6724
2026-09-10 18:05:00,4409.47572,4409.47572,4407.4221,4408.13941
2026-09-10 18:10:00,4408.31124,4409.75438,4406.04761,4406.57697
2026-09-10 18:15:00,4407.72524,4407.72524,4405.48042,4406.25258
2026-09-10 18:20:00,4406.10027,4407.4221,4405.88459,4407.25306
2026-09-10 18:25:00,4406.81932,4406.81932,4404.73764,4405.72805
2026-09-10 18:30:00,4405.42648,4405.86862,4400.63369,4400.89657
2026-09-10 18:35:00,4401.3626,4401.3626,4399.08499,4399.27611
2026-09-10 18:40:00,4399.61786,4400.44004,4395.79762,4396.00177
2026-09-10 18:45:00,4396.34601,4396.34601,4393.17342,4393.39856
2026-09-10 18:50:00,4393.817,4398.77427,4392.89294,4396.51985
2026-09-10 18:55:00,4396.7931,4397.37102,4394.05923,4395.51441
2026-09-10 19:00:00,4395.29091,4396.09774,4393.67311,4395.77382
2026-09-10 19:05:00,4395.33778,4395.79762,4391.55066,4393.19195
2026-09-10 19:10:00,4394.20006,4394.83168,4391.9364,4394.73905
2026-09-10 19:15:00,4394.43371,4396.18411,4394.43371,4395.69961
2026-09-10 19:20:00,4395.75958,4396.02021,4393.18198,4393.45842
2026-09-10 19:25:00,4393.88928,4395.218,4392.1293,4393.59946
2026-09-10 19:30:00,4394.08417,4394.08417,4390.53525,4390.78062
2026-09-10 19:35:00,4391.33626,4392.1293,4391.33626,4391.58059
2026-09-10 19:40:00,4391.65587,4392.57342,4388.85232,4391.60726
2026-09-10 19:45:00,4389.66326,4395.41119,4389.66326,4395.32785
2026-09-10 19:50:00,4395.15846,4395.38722,4393.91635,4395.17402
2026-09-10 19:55:00,4394.99654,4395.218,4393.77645,4393.92401
2026-09-10 20:00:00,4394.13769,4398.5637,4392.61272,4398.14949
2026-09-10 20:05:00,4397.20735,4401.05461,4394.31333,4395.15363
2026-09-10 20:10:00,4396.78729,4396.78729,4390.71955,4396.39409
2026-09-10 20:15:00,4395.81417,4400.06955,4394.78107,4398.25989
2026-09-10 20:20:00,4398.49747,4399.27852,4396.67186,4397.14064
2026-09-10 20:25:00,4398.09302,4398.09302,4394.7001,4394.93785
2026-09-10 20:30:00,4395.33685,4395.33685,4384.64221,4385.7002
2026-09-10 20:35:00,4387.13283,4387.13283,4379.43418,4384.48517
2026-09-10 20:40:00,4383.37669,4387.05108,4382.66592,4386.62169
2026-09-10 20:45:00,4385.94287,4385.94287,4381.35296,4381.65196
2026-09-10 20:50:00,4382.24437,4384.59135,4375.21876,4378.35127
2026-09-10 20:55:00,4378.09005,4387.11942,4374.78998,4379.73247
2026-09-10 21:00:00,4380.93055,4383.65772,4378.09203,4383.36107
2026-09-10 21:05:00,4382.82472,4384.54788,4378.95082,4382.79657
2026-09-10 21:10:00,4382.23393,4382.5659,4373.13148,4381.84661
2026-09-10 21:15:00,4380.03582,4384.42652,4380.03582,4382.89657
2026-09-10 21:20:00,4383.24304,4383.60294,4380.19057,4382.14909
2026-09-10 21:25:00,4381.90376,4388.6597,4381.90376,4386.3616
2026-09-10 21:30:00,4387.14957,4387.55193,4385.24819,4385.62236
2026-09-10 21:35:00,4386.14785,4389.22871,4385.10513,4385.84778
2026-09-10 21:40:00,4386.96495,4392.00805,4385.27035,4385.8408
2026-09-10 21:45:00,4387.1084,4387.1084,4380.58525,4380.84519
2026-09-10 21:50:00,4381.21453,4382.68951,4375.60165,4378.17364
2026-09-10 21:55:00,4377.32657,4379.62598,4375.02734,4376.82777
2026-09-10 22:00:00,4376.57888,4377.71687,4371.01145,4371.57832
2026-09-10 22:05:00,4372.63408,4374.4566,4370.8204,4374.2481
2026-09-10 22:10:00,4373.62324,4376.7507,4372.1581,4373.56967
2026-09-10 22:15:00,4374.00824,4377.75874,4367.00293,4372.62004
2026-09-10 22:20:00,4371.69214,4373.68789,4367.29745,4367.87364
2026-09-10 22:25:00,4369.14395,4369.14395,4362.05016,4362.24141
2026-09-10 22:30:00,4362.48103,4365.71926,4345.46026,4347.50282
2026-09-10 22:35:00,4351.60725,4351.60725,4326.36097,4327.53994
2026-09-10 22:40:00,4329.90314,4335.48731,4324.51133,4334.58303
2026-09-10 22:45:00,4332.30928,4347.25408,4328.59596,4342.74051
2026-09-10 22:50:00,4343.3322,4356.71142,4343.3322,4345.53292
2026-09-10 22:55:00,4346.25343,4346.25343,4337.45391,4343.57826
2026-09-10 23:00:00,4343.12,4353.50457,4335.98162,4352.96658
2026-09-10 23:05:00,4352.62956,4353.14191,4347.07007,4347.87982
2026-09-10 23:10:00,4347.91375,4350.85277,4345.55884,4345.80522
2026-09-10 23:15:00,4346.21273,4347.20794,4342.7281,4346.78507
2026-09-10 23:20:00,4345.71946,4356.23122,4344.55421,4352.258
2026-09-10 23:25:00,4353.48175,4356.80182,4344.47158,4355.77165
2026-09-10 23:30:00,4353.31786,4366.17119,4351.16061,4364.5211
2026-09-10 23:35:00,4361.93688,4371.96695,4360.90281,4370.82143
2026-09-10 23:40:00,4368.7966,4372.30384,4366.83712,4367.63581
2026-09-10 23:45:00,4369.45793,4375.02734,4364.21337,4374.20735
2026-09-10 23:50:00,4372.47971,4375.9846,4363.73321,4374.83412
2026-09-10 23:55:00,4372.67162,4372.67162,4365.28724,4368.12807
2026-09-11 00:00:00,4368.07524,4375.02734,4365.59767,4370.88112
