time,open,high,low,close
2026-05-05 23:00:00,4564.88078,4583.82063,4563.2,4579.20076
2026-05-06 00:00:00,4578.71724,4587.17375,4569.74867,4580.63947
2026-05-06 01:00:00,4580.29328,4584.42992,4569.14413,4570.09942
2026-05-06 02:00:00,4569.40731,4570.38391,4554.56367,4562.17819
2026-05-06 03:00:00,4562.11751,4562.42026,4553.68656,4559.962
2026-05-06 04:00:00,4559.65935,4566.03133,4558.03033,4560.66694
2026-05-06 05:00:00,4560.50163,4560.7954,4551.91941,4554.42376
2026-05-06 06:00:00,4553.72777,4560.26352,4552.69747,4556.92512
2026-05-06 07:00:00,4556.73388,4557.74786,4556.4314,4557.29574
2026-05-06 08:00:00,4557.23084,4575.78654,4542.23432,4571.10808
2026-05-06 09:00:00,4568.57386,4595.50573,4568.48659,4593.97573
2026-05-06 10:00:00,4594.07205,4618.21951,4588.61576,4618.02024
2026-05-06 11:00:00,4617.99826,4627.70142,4609.58169,4625.62066
2026-05-06 12:00:00,4626.07296,4641.06778,4625.56085,4639.61682
2026-05-06 13:00:00,4640.17199,4650.08138,4639.24443,4643.60342
2026-05-06 14:00:00,4643.63505,4652.46115,4643.59072,4650.27922
2026-05-06 15:00:00,4650.23928,4662.86673,4643.91588,4662.21851
2026-05-06 16:00:00,4661.14502,4667.56573,4656.0641,4667.00811
2026-05-06 17:00:00,4665.55486,4678.83234,4658.09577,4678.13838
2026-05-06 18:00:00,4676.87602,4699.9472,4673.47626,4694.45685
2026-05-06 19:00:00,4694.84582,4705.2843,4687.19135,4701.47018
2026-05-06 20:00:00,4701.5502,4721.34846,4696.69407,4719.68323
2026-05-06 21:00:00,4719.4671,4722.77486,4692.24448,4695.49318
2026-05-06 22:00:00,4693.37736,4693.51356,4664.1791,4680.86608
2026-05-06 23:00:00,4677.86323,4705.43949,4669.24123,4704.08268
2026-05-07 00:00:00,4704.50448,4716.39425,4698.38977,4703.25284
2026-05-07 01:00:00,4703.28578,4705.88811,4689.04774,4690.09084
2026-05-07 02:00:00,4691.22749,4692.85279,4682.11892,4682.28339
2026-05-07 03:00:00,4682.06467,4687.57715,4678.73774,4683.41089
2026-05-07 04:00:00,4683.74416,4689.99156,4682.52482,4686.08235
2026-05-07 05:00:00,4686.54008,4699.35936,4686.15794,4695.19384
2026-05-07 06:00:00,4696.25027,4699.37453,4686.02718,4690.91268
2026-05-07 07:00:00,4690.82727,4691.31169,4689.96529,4690.32291
2026-05-07 08:00:00,4690.21813,4699.99614,4685.08702,4695.89043
2026-05-07 09:00:00,4695.72319,4699.28707,4690.41982,4698.50838
2026-05-07 10:00:00,4698.24922,4700.62116,4686.47483,4688.12971
2026-05-07 11:00:00,4687.84949,4720.5712,4686.25521,4714.90227
2026-05-07 12:00:00,4715.12268,4718.12519,4700.95816,4709.6844
2026-05-07 13:00:00,4709.58543,4709.65007,4700.24492,4700.41166
2026-05-07 14:00:00,4700.67147,4701.45745,4692.66243,4696.84918
2026-05-07 15:00:00,4696.8162,4706.11101,4695.01925,4701.86222
2026-05-07 16:00:00,4702.05845,4749.19581,4701.89957,4738.8545
2026-05-07 17:00:00,4738.54289,4750.02632,4733.2427,4743.6699
2026-05-07 18:00:00,4743.57354,4752.50303,4732.01933,4732.51134
2026-05-07 19:00:00,4732.54225,4738.93945,4723.34168,4726.94301
2026-05-07 20:00:00,4727.62592,4740.02165,4726.77973,4736.78053
2026-05-07 21:00:00,4736.99953,4742.80725,4727.73986,4742.80725
2026-05-07 22:00:00,4742.77748,4751.89371,4733.63444,4747.72968
2026-05-07 23:00:00,4746.67732,4756.02654,4729.18826,4747.39981
2026-05-08 00:00:00,4747.02498,4762.88795,4743.88492,4762.83661
2026-05-08 01:00:00,4762.66804,4765.85857,4728.66968,4728.7107
2026-05-08 02:00:00,4728.76171,4731.2252,4705.88235,4713.59025
2026-05-08 03:00:00,4713.28039,4729.41171,4691.52444,4706.11138
2026-05-08 04:00:00,4708.81559,4715.20181,4696.80035,4709.9256
2026-05-08 05:00:00,4709.45285,4711.45268,4698.4493,4705.04204
2026-05-08 06:00:00,4705.85651,4717.42617,4686.52351,4689.4371
2026-05-08 07:00:00,4688.10345,4688.45234,4685.70236,4686.72263
2026-05-08 08:00:00,4686.74719,4701.19201,4671.02499,4685.69447
2026-05-08 09:00:00,4685.90343,4704.60971,4685.37694,4703.85506
2026-05-08 10:00:00,4703.69144,4709.75511,4694.96041,4700.62027
2026-05-08 11:00:00,4700.13435,4724.66093,4699.46896,4723.88243
2026-05-08 12:00:00,4724.4007,4731.98438,4707.71137,4713.84166
2026-05-08 13:00:00,4713.8935,4730.48914,4711.36208,4720.46704
2026-05-08 14:00:00,4720.41101,4722.55018,4709.28429,4712.65794
2026-05-08 15:00:00,4714.5991,4730.30705,4710.9813,4728.40643
2026-05-08 16:00:00,4728.8666,4734.09993,4717.43554,4726.29828
2026-05-08 17:00:00,4725.91979,4727.59858,4698.45224,4708.60462
2026-05-08 18:00:00,4708.34723,4723.27597,4707.87628,4716.23601
2026-05-08 19:00:00,4716.37784,4722.03148,4707.24069,4711.43898
2026-05-08 20:00:00,4710.3801,4727.5073,4710.09373,4719.46322
2026-05-08 21:00:00,4719.33017,4727.77836,4713.01662,4718.18975
2026-05-08 22:00:00,4717.49905,4730.84747,4704.33269,4729.97096
2026-05-08 23:00:00,4730.16894,4745.95285,4717.64872,4745.47247
2026-05-09 00:00:00,4744.35667,4746.76034,4714.6799,4717.20187
2026-05-09 01:00:00,4717.73471,4722.1322,4704.29933,4706.24045
2026-05-09 02:00:00,4706.8584,4720.64335,4705.91543,4714.02576
2026-05-09 03:00:00,4713.74195,4721.93344,4712.75743,4720.60866
2026-05-09 04:00:00,4720.46648,4728.1426,4719.14665,4722.71128
2026-05-09 05:00:00,4722.66783,4726.35548,4721.65825,4724.35852
2026-05-09 06:00:00,4724.28718,4724.33505,4715.0711,4716.2703
2026-05-09 07:00:00,4716.00307,4716.00307,4714.5522,4714.83408
2026-05-09 08:00:00,4714.75497,4715.59408,4714.44984,4715.46658
2026-05-09 09:00:00,4715.36965,4715.59187,4715.30012,4715.45261
2026-05-09 10:00:00,4715.36734,4715.59143,4715.30177,4715.43746
2026-05-09 11:00:00,4715.36772,4715.5876,4715.30104,4715.44922
2026-05-09 12:00:00,4715.37271,4715.59185,4715.29545,4715.46494
2026-05-09 13:00:00,4715.37304,4715.59387,4715.30012,4715.48152
2026-05-09 14:00:00,4715.37341,4715.59171,4715.3003,4715.36619
2026-05-09 15:00:00,4715.3715,4715.59185,4715.3031,4715.36308
2026-05-09 16:00:00,4715.38034,4715.58786,4715.30013,4715.34543
2026-05-09 17:00:00,4715.3738,4715.5959,4715.3076,4715.33921
2026-05-09 18:00:00,4715.37432,4715.59106,4715.29882,4715.33775
2026-05-09 19:00:00,4715.37434,4715.58933,4715.28647,4715.33906
2026-05-09 20:00:00,4715.37205,4715.59632,4715.30335,4715.34504
2026-05-09 21:00:00,4715.37005,4715.59345,4715.29791,4715.37048
2026-05-09 22:00:00,4715.38191,4715.5941,4715.31127,4715.44288
2026-05-09 23:00:00,4715.38191,4715.5941,4715.31128,4715.42477
2026-05-10 00:00:00,4715.38191,4715.5941,4715.31128,4715.4224
2026-05-10 01:00:00,4715.38191,4715.5941,4715.31128,4715.44071
2026-05-10 02:00:00,4715.38191,4715.59362,4715.31128,4715.45738
2026-05-10 03:00:00,4715.38191,4715.5941,4715.31135,4715.47125
2026-05-10 04:00:00,4715.38191,4715.5941,4715.31128,4715.48134
2026-05-10 05:00:00,4715.38191,4715.5941,4715.31128,4715.48695
2026-05-10 06:00:00,4715.38191,4715.5941,4715.31129,4715.4877
2026-05-10 07:00:00,4715.38191,4715.5941,4715.31129,4715.48579
2026-05-10 08:00:00,4715.38413,4715.59579,4715.31353,4715.47702
2026-05-10 09:00:00,4715.38413,4715.59632,4715.31355,4715.46422
2026-05-10 10:00:00,4715.38413,4715.59632,4715.31353,4715.4483
2026-05-10 11:00:00,4715.38413,4715.59632,4715.31353,4715.46053
2026-05-10 12:00:00,4715.38413,4715.59632,4715.31353,4715.47729
2026-05-10 13:00:00,4715.38413,4715.59632,4715.31354,4715.49162
2026-05-10 14:00:00,4715.38413,4715.59632,4715.31354,4715.37718
2026-05-10 15:00:00,4715.38413,4715.59578,4715.31354,4715.36381
2026-05-10 16:00:00,4715.38413,4715.59632,4715.31353,4715.35432
2026-05-10 17:00:00,4715.38413,4715.59632,4715.31353,4715.3494
2026-05-10 18:00:00,4715.38413,4715.59632,4715.31353,4715.34937
2026-05-10 19:00:00,4715.38413,4715.59632,4715.31353,4715.35425
2026-05-10 20:00:00,4715.38413,4715.59632,4715.31355,4715.36369
2026-05-10 21:00:00,4715.38413,4715.5958,4715.31352,4715.37703
2026-05-10 22:00:00,4715.38413,4715.59632,4715.31352,4715.43968
2026-05-10 23:00:00,4715.38413,4715.59632,4715.31352,4715.42176
2026-05-11 00:00:00,4715.38413,4715.59632,4715.31352,4715.43017
2026-05-11 01:00:00,4715.38413,4715.59632,4715.31352,4715.44812
2026-05-11 02:00:00,4715.38413,4715.59632,4715.31351,4715.46407
2026-05-11 03:00:00,4715.38413,4715.59632,4715.31356,4715.47691
2026-05-11 04:00:00,4715.38413,4715.59137,4715.28483,4715.48584
2026-05-11 05:00:00,4715.38496,4715.59411,4715.20181,4715.4922
2026-05-11 06:00:00,4715.38857,4715.59137,4714.97949,4715.48243
2026-05-11 07:00:00,4715.37746,4717.81329,4713.54185,4715.61132
2026-05-11 08:00:00,4715.50865,4719.90218,4677.95614,4692.78201
2026-05-11 09:00:00,4692.79636,4698.61937,4689.99156,4692.03972
2026-05-11 10:00:00,4693.54404,4693.97706,4674.95028,4680.5461
2026-05-11 11:00:00,4679.24531,4704.43677,4677.04972,4680.2746
2026-05-11 12:00:00,4681.76102,4699.66641,4676.74093,4680.98509
2026-05-11 13:00:00,4680.22012,4690.27387,4676.65058,4678.6198
2026-05-11 14:00:00,4677.82041,4680.24735,4668.46813,4674.67988
2026-05-11 15:00:00,4673.8495,4680.88266,4649.21661,4654.09187
2026-05-11 16:00:00,4654.03475,4680.73061,4649.49406,4678.25659
2026-05-11 17:00:00,4678.2061,4680.59263,4667.00891,4667.0583
2026-05-11 18:00:00,4667.03364,4677.48725,4665.26709,4667.613
2026-05-11 19:00:00,4667.87396,4669.6241,4652.63908,4657.38783
2026-05-11 20:00:00,4658.22025,4667.65849,4656.03596,4665.44111
2026-05-11 21:00:00,4665.38587,4677.83811,4664.4639,4673.8703
2026-05-11 22:00:00,4673.50292,4699.81707,4667.50161,4697.36003
2026-05-11 23:00:00,4699.55214,4746.76034,4699.35991,4739.61196
2026-05-12 00:00:00,4741.99129,4743.38298,4715.12305,4724.69094
2026-05-12 01:00:00,4724.81657,4738.76954,4723.88871,4732.00565
2026-05-12 02:00:00,4731.59474,4733.05566,4710.83633,4716.23903
2026-05-12 03:00:00,4715.78232,4724.33505,4714.53491,4722.3717
2026-05-12 04:00:00,4722.49231,4728.80314,4722.32716,4726.61632
2026-05-12 05:00:00,4727.50254,4736.12407,4723.43516,4735.09104
2026-05-12 06:00:00,4734.61397,4738.48755,4730.79576,4735.46064
2026-05-12 07:00:00,4735.04061,4735.74541,4735.04061,4735.32364
2026-05-12 08:00:00,4735.21551,4755.20612,4731.64938,4751.25483
2026-05-12 09:00:00,4751.58068,4768.653,4748.22053,4768.11184
2026-05-12 10:00:00,4768.03136,4773.4977,4750.86593,4752.17651
2026-05-12 11:00:00,4753.95838,4754.88565,4721.8812,4725.50935
2026-05-12 12:00:00,4725.53044,4733.45714,4723.88871,4731.96139
2026-05-12 13:00:00,4731.93045,4733.46374,4718.86106,4720.13908
2026-05-12 14:00:00,4719.93764,4729.90853,4711.96692,4714.95597
2026-05-12 15:00:00,4716.05084,4720.60748,4707.96032,4716.38285
2026-05-12 16:00:00,4717.63926,4720.50019,4695.01973,4698.17088
2026-05-12 17:00:00,4697.3635,4704.19795,4689.34704,4700.78298
2026-05-12 18:00:00,4702.76234,4705.66091,4697.38732,4703.84724
2026-05-12 19:00:00,4703.78335,4704.2268,4694.33191,4699.56254
2026-05-12 20:00:00,4699.00091,4708.06035,4686.47483,4692.16392
2026-05-12 21:00:00,4692.29107,4708.36148,4686.18813,4707.51245
2026-05-12 22:00:00,4707.78581,4711.12471,4691.6333,4702.72013
2026-05-12 23:00:00,4703.30714,4708.83024,4678.72899,4680.13096
2026-05-13 00:00:00,4682.04966,4695.77265,4671.29817,4671.29817
2026-05-13 01:00:00,4671.64396,4674.64473,4641.66357,4667.20183
2026-05-13 02:00:00,4667.58908,4674.2302,4664.05567,4672.56871
2026-05-13 03:00:00,4673.15679,4682.30591,4672.02392,4678.75812
2026-05-13 04:00:00,4678.8898,4697.63611,4677.36969,4696.31612
2026-05-13 05:00:00,4696.92736,4714.7781,4694.83783,4714.6335
2026-05-13 06:00:00,4714.21139,4718.20938,4712.24616,4715.30897
2026-05-13 07:00:00,4715.18842,4715.58389,4714.53491,4715.22427
2026-05-13 08:00:00,4715.14178,4721.75513,4713.64601,4717.52309
2026-05-13 09:00:00,4717.85308,4723.79582,4715.60251,4718.26532
2026-05-13 10:00:00,4718.19823,4726.43751,4715.4774,4718.48726
2026-05-13 11:00:00,4717.41917,4717.41917,4701.9409,4702.15568
2026-05-13 12:00:00,4702.4395,4707.24525,4689.25946,4692.64067
2026-05-13 13:00:00,4692.31897,4705.67366,4688.56409,4695.45779
2026-05-13 14:00:00,4695.48954,4703.06841,4695.41316,4699.48621
2026-05-13 15:00:00,4699.35774,4707.74459,4695.71751,4703.91734
2026-05-13 16:00:00,4702.23185,4717.08335,4700.06046,4700.31889
2026-05-13 17:00:00,4699.99754,4708.22847,4697.07279,4702.2301
2026-05-13 18:00:00,4702.92369,4704.46127,4694.43472,4701.97358
2026-05-13 19:00:00,4701.82163,4702.48483,4686.69447,4699.46676
2026-05-13 20:00:00,4699.30667,4708.2128,4694.11795,4694.63584
2026-05-13 21:00:00,4695.32218,4704.87473,4691.46344,4699.29989
2026-05-13 22:00:00,4699.1209,4700.60861,4676.9395,4684.28109
2026-05-13 23:00:00,4684.24768,4694.54273,4669.46693,4682.24715
2026-05-14 00:00:00,4681.86735,4690.87021,4673.83512,4680.56021
2026-05-14 01:00:00,4680.79318,4699.44815,4679.91634,4695.45464
2026-05-14 02:00:00,4695.78689,4710.18978,4694.26255,4696.12943
2026-05-14 03:00:00,4696.21897,4701.11582,4685.87934,4687.7833
2026-05-14 04:00:00,4687.55265,4693.87401,4679.96024,4685.8377
2026-05-14 05:00:00,4687.16492,4689.77161,4683.83501,4688.41087
2026-05-14 06:00:00,4687.70263,4693.31661,4686.50244,4688.61014
2026-05-14 07:00:00,4688.76102,4689.41792,4679.05163,4688.60938
2026-05-14 08:00:00,4688.62161,4700.50522,4688.45234,4700.3435
2026-05-14 09:00:00,4700.29678,4702.32881,4693.73387,4696.63865
2026-05-14 10:00:00,4696.08003,4708.16224,4690.87156,4704.50626
2026-05-14 11:00:00,4702.43829,4709.04849,4685.59648,4685.85273
2026-05-14 12:00:00,4686.01702,4699.93881,4682.30557,4686.65339
2026-05-14 13:00:00,4687.64567,4694.1828,4674.97476,4675.84498
2026-05-14 14:00:00,4675.81839,4712.73847,4671.52559,4703.20367
2026-05-14 15:00:00,4703.23315,4703.62932,4693.36887,4694.69965
2026-05-14 16:00:00,4696.76132,4701.04992,4687.28087,4700.58854
2026-05-14 17:00:00,4700.15553,4717.47809,4693.8206,4694.19122
2026-05-14 18:00:00,4694.95738,4706.56715,4691.46108,4694.41254
2026-05-14 19:00:00,4694.61332,4701.45745,4689.42056,4700.4217
2026-05-14 20:00:00,4700.77011,4707.50368,4691.97204,4696.72942
2026-05-14 21:00:00,4696.60489,4705.07993,4689.69045,4697.82461
2026-05-14 22:00:00,4697.82569,4708.72946,4693.02247,4705.18492
2026-05-14 23:00:00,4704.1183,4705.87828,4670.08,4683.58597
2026-05-15 00:00:00,4683.47357,4699.55088,4674.05754,4684.73446
2026-05-15 01:00:00,4686.09595,4688.68234,4679.06502,4685.6819
2026-05-15 02:00:00,4685.78153,4686.10964,4671.58741,4678.13071
2026-05-15 03:00:00,4677.42986,4682.62933,4677.16308,4678.73004
2026-05-15 04:00:00,4678.59064,4680.46881,4668.01318,4671.10687
2026-05-15 05:00:00,4670.06694,4671.77064,4653.81581,4655.0795
2026-05-15 06:00:00,4654.85933,4658.213,4645.0047,4651.91243
2026-05-15 07:00:00,4651.6473,4652.26793,4651.30399,4652.02831
2026-05-15 08:00:00,4651.95687,4663.18,4648.777,4662.38046
2026-05-15 09:00:00,4662.4797,4664.83183,4649.21661,4650.57492
2026-05-15 10:00:00,4650.29605,4655.71023,4614.17765,4626.21241
2026-05-15 11:00:00,4622.35142,4629.84397,4606.99716,4614.99084
2026-05-15 12:00:00,4614.30628,4622.21966,4609.98061,4619.87895
2026-05-15 13:00:00,4621.10792,4622.90419,4609.35699,4615.9248
2026-05-15 14:00:00,4615.36183,4620.75128,4605.90734,4606.6718
2026-05-15 15:00:00,4606.63564,4606.80673,4563.59326,4569.56982
2026-05-15 16:00:00,4567.98975,4581.00268,4557.84223,4567.67438
2026-05-15 17:00:00,4567.50239,4587.39502,4567.4614,4569.7825
2026-05-15 18:00:00,4570.03404,4571.1148,4552.24107,4554.08644
2026-05-15 19:00:00,4554.94768,4560.49308,4534.70673,4544.7705
2026-05-15 20:00:00,4544.83443,4572.05503,4544.62825,4568.81463
2026-05-15 21:00:00,4568.17789,4569.08651,4550.8328,4551.87153
2026-05-15 22:00:00,4551.87937,4557.67741,4545.66117,4552.51953
2026-05-15 23:00:00,4552.53389,4556.82655,4512.32918,4534.42514
2026-05-16 00:00:00,4535.91049,4566.42515,4525.66688,4565.85756
2026-05-16 01:00:00,4564.92428,4564.95937,4533.03961,4533.95994
2026-05-16 02:00:00,4535.21692,4547.88333,4530.01133,4544.21449
2026-05-16 03:00:00,4544.11,4564.72964,4543.97041,4559.58841
2026-05-16 04:00:00,4559.66954,4562.61617,4553.70845,4559.23338
2026-05-16 05:00:00,4559.25335,4559.52057,4545.93783,4545.98597
2026-05-16 06:00:00,4545.96866,4547.76667,4534.12442,4540.14677
2026-05-16 07:00:00,4539.89139,4540.29512,4537.61684,4537.67283
2026-05-16 08:00:00,4537.69715,4537.9644,4537.61684,4537.72045
2026-05-16 09:00:00,4537.75185,4537.96621,4537.58499,4537.70856
2026-05-16 10:00:00,4537.7445,4537.95848,4537.67468,4537.71385
2026-05-16 11:00:00,4537.74818,4537.96104,4537.67701,4537.71967
2026-05-16 12:00:00,4537.74804,4537.96995,4537.68228,4537.73172
2026-05-16 13:00:00,4537.74986,4537.97331,4537.68132,4537.75333
2026-05-16 14:00:00,4537.75731,4537.9723,4537.68848,4537.8078
2026-05-16 15:00:00,4537.75519,4537.97009,4537.69292,4537.81237
2026-05-16 16:00:00,4537.76306,4537.97001,4537.68264,4537.81866
2026-05-16 17:00:00,4537.76295,4537.968,4537.67852,4537.82996
2026-05-16 18:00:00,4537.76491,4537.96627,4537.68479,4537.83089
2026-05-16 19:00:00,4537.74984,4537.95747,4537.66419,4537.83267
2026-05-16 20:00:00,4537.74039,4537.94869,4537.67115,4537.84592
2026-05-16 21:00:00,4537.74656,4537.95044,4537.67255,4537.84248
2026-05-16 22:00:00,4537.74039,4537.94458,4537.67239,4537.84034
2026-05-16 23:00:00,4537.74039,4537.94457,4537.67238,4537.83359
2026-05-17 00:00:00,4537.74039,4537.94457,4537.67238,4537.8227
2026-05-17 01:00:00,4537.74039,4537.94457,4537.67238,4537.80844
2026-05-17 02:00:00,4537.74039,4537.94457,4537.67238,4537.80719
2026-05-17 03:00:00,4537.74039,4537.94457,4537.67256,4537.82393
2026-05-17 04:00:00,4537.74039,4537.94422,4537.67238,4537.83877
2026-05-17 05:00:00,4537.74039,4537.94457,4537.67238,4537.73958
2026-05-17 06:00:00,4537.74039,4537.94457,4537.67238,4537.72547
2026-05-17 07:00:00,4537.74039,4537.94806,4537.67237,4537.72117
2026-05-17 08:00:00,4537.74656,4537.95073,4537.67853,4537.71455
2026-05-17 09:00:00,4537.74656,4537.95073,4537.67881,4537.71255
2026-05-17 10:00:00,4537.74656,4537.95048,4537.67853,4537.7153
2026-05-17 11:00:00,4537.74656,4537.95073,4537.67853,4537.72262
2026-05-17 12:00:00,4537.74656,4537.95073,4537.67853,4537.73399
2026-05-17 13:00:00,4537.74656,4537.95073,4537.67853,4537.8073
2026-05-17 14:00:00,4537.74656,4537.95072,4537.67852,4537.78984
2026-05-17 15:00:00,4537.74656,4537.95072,4537.67852,4537.78341
2026-05-17 16:00:00,4537.74656,4537.95072,4537.67883,4537.80114
2026-05-17 17:00:00,4537.74656,4537.95049,4537.67852,4537.81743
2026-05-17 18:00:00,4537.74656,4537.95072,4537.67852,4537.83114
2026-05-17 19:00:00,4537.74656,4537.95072,4537.67852,4537.84132
2026-05-17 20:00:00,4537.74656,4537.95072,4537.67852,4537.84726
2026-05-17 21:00:00,4537.74656,4537.95072,4537.67852,4537.84853
2026-05-17 22:00:00,4537.74656,4537.95072,4537.67884,4537.84506
2026-05-17 23:00:00,4537.74656,4537.95051,4537.67852,4537.83708
2026-05-18 00:00:00,4537.74656,4537.95071,4537.67852,4537.82515
2026-05-18 01:00:00,4537.74656,4537.95071,4537.67852,4537.81011
2026-05-18 02:00:00,4537.74656,4537.95071,4537.67852,4537.81823
2026-05-18 03:00:00,4537.74656,4537.95071,4537.67851,4537.83455
2026-05-18 04:00:00,4537.74656,4537.95071,4537.65595,4537.83214
2026-05-18 05:00:00,4537.73186,4537.96184,4537.41095,4537.66852
2026-05-18 06:00:00,4537.69007,4537.96399,4537.61684,4537.71527
2026-05-18 07:00:00,4537.73389,4540.33654,4537.61684,4540.17594
2026-05-18 08:00:00,4540.07868,4554.95988,4529.88534,4546.17578
2026-05-18 09:00:00,4546.55611,4548.67683,4531.3387,4536.68377
2026-05-18 10:00:00,4536.76036,4538.73065,4476.89916,4504.2515
2026-05-18 11:00:00,4504.32487,4532.58855,4492.80034,4527.18962
2026-05-18 12:00:00,4528.21653,4542.86497,4523.18937,4534.32519
2026-05-18 13:00:00,4534.27315,4547.27769,4526.32055,4543.50574
2026-05-18 14:00:00,4543.17839,4547.72841,4528.576,4539.89669
2026-05-18 15:00:00,4539.83574,4551.52401,4531.75242,4532.77725
2026-05-18 16:00:00,4534.62128,4547.22205,4531.41797,4546.25268
2026-05-18 17:00:00,4546.46972,4559.80333,4537.75084,4547.10441
2026-05-18 18:00:00,4547.05173,4556.62596,4542.81468,4552.41557
2026-05-18 19:00:00,4552.76449,4553.19592,4540.21071,4543.58589
2026-05-18 20:00:00,4543.45468,4547.47002,4533.65747,4540.1195
2026-05-18 21:00:00,4539.97176,4565.9382,4533.94261,4552.00681
2026-05-18 22:00:00,4553.03508,4575.15859,4544.53855,4568.38369
2026-05-18 23:00:00,4564.29012,4584.42213,4563.17654,4578.61437
2026-05-19 00:00:00,4579.41399,4579.41399,4539.88287,4545.3713
2026-05-19 01:00:00,4544.91706,4547.31481,4533.70812,4543.24252
2026-05-19 02:00:00,4543.65219,4553.66899,4535.7645,4551.77845
2026-05-19 03:00:00,4552.73634,4558.09289,4545.86781,4546.75188
2026-05-19 04:00:00,4546.33669,4548.18992,4535.94016,4536.79169
2026-05-19 05:00:00,4538.01712,4562.46008,4528.85758,4558.90049
2026-05-19 06:00:00,4560.29363,4567.49923,4557.46969,4566.17371
2026-05-19 07:00:00,4565.99461,4567.88167,4565.99461,4566.64109
2026-05-19 08:00:00,4566.55918,4578.75458,4563.41248,4573.14618
2026-05-19 09:00:00,4573.06048,4588.83994,4571.27513,4579.9231
2026-05-19 10:00:00,4580.47105,4593.46333,4564.13922,4566.96629
2026-05-19 11:00:00,4565.77016,4572.57412,4553.55647,4565.95635
2026-05-19 12:00:00,4565.44835,4565.57176,4547.10804,4547.33071
2026-05-19 13:00:00,4547.70493,4555.69412,4544.21521,4546.0011
2026-05-19 14:00:00,4545.75143,4547.58352,4538.69935,4541.72397
2026-05-19 15:00:00,4541.90705,4546.48784,4532.68063,4541.86365
2026-05-19 16:00:00,4541.79311,4553.94144,4533.69099,4548.01019
2026-05-19 17:00:00,4548.09596,4559.13194,4542.117,4557.08285
2026-05-19 18:00:00,4557.1654,4557.43421,4536.94158,4543.14034
2026-05-19 19:00:00,4543.38776,4546.69455,4536.39086,4545.07659
2026-05-19 20:00:00,4544.14289,4544.14289,4526.52544,4542.96547
2026-05-19 21:00:00,4542.15195,4547.4913,4531.22117,4531.41203
2026-05-19 22:00:00,4531.74136,4546.77218,4528.98551,4538.92434
2026-05-19 23:00:00,4540.27283,4540.27283,4466.8781,4506.0862
2026-05-20 00:00:00,4504.85039,4509.98963,4484.26905,4493.42554
2026-05-20 01:00:00,4490.29132,4508.36301,4490.29132,4507.85631
2026-05-20 02:00:00,4507.42698,4512.04253,4496.60506,4508.40677
2026-05-20 03:00:00,4507.94124,4510.42496,4499.84216,4500.98263
2026-05-20 04:00:00,4500.62374,4503.32356,4490.95073,4494.53285
2026-05-20 05:00:00,4494.36053,4497.21173,4481.29061,4481.56989
2026-05-20 06:00:00,4482.01744,4487.72607,4481.43219,4481.85399
2026-05-20 07:00:00,4482.10568,4482.89775,4481.87359,4482.51295
2026-05-20 08:00:00,4482.36415,4486.11547,4477.93826,4484.05127
2026-05-20 09:00:00,4483.52601,4496.20071,4480.08602,4489.48579
2026-05-20 10:00:00,4490.36847,4507.34698,4480.68823,4498.93306
2026-05-20 11:00:00,4499.65277,4501.46298,4460.3033,4479.55822
2026-05-20 12:00:00,4480.06293,4486.71931,4458.58039,4465.91541
2026-05-20 13:00:00,4464.84085,4467.93265,4454.14458,4464.34456
2026-05-20 14:00:00,4463.6536,4470.27269,4456.7252,4461.64976
2026-05-20 15:00:00,4461.52856,4478.77242,4460.06412,4472.50927
2026-05-20 16:00:00,4472.91841,4478.30168,4462.49275,4473.81062
2026-05-20 17:00:00,4473.91711,4485.31061,4472.87203,4478.40214
2026-05-20 18:00:00,4477.94385,4489.00216,4476.67652,4485.12818
2026-05-20 19:00:00,4485.14313,4490.14413,4472.59693,4485.67937
2026-05-20 20:00:00,4486.35591,4496.60506,4484.70715,4494.258
2026-05-20 21:00:00,4494.15811,4500.0962,4490.52411,4496.99403
2026-05-20 22:00:00,4497.66167,4505.31627,4492.9685,4495.04825
2026-05-20 23:00:00,4495.48189,4505.72227,4483.26821,4483.56315
2026-05-21 00:00:00,4484.08049,4536.79339,4467.27719,4534.67715
2026-05-21 01:00:00,4534.53892,4550.8328,4515.68508,4527.83509
2026-05-21 02:00:00,4528.98459,4535.35308,4524.27272,4532.60385
2026-05-21 03:00:00,4532.73096,4536.99923,4530.21654,4530.95961
2026-05-21 04:00:00,4531.16671,4545.66117,4530.01133,4543.17149
2026-05-21 05:00:00,4543.65943,4550.48645,4541.94486,4547.55672
2026-05-21 06:00:00,4547.29257,4548.55583,4542.56382,4544.05897
2026-05-21 07:00:00,4543.91433,4545.71296,4543.80225,4544.53935
2026-05-21 08:00:00,4544.41759,4548.76274,4535.7645,4539.88016
2026-05-21 09:00:00,4540.70242,4546.48784,4534.60488,4543.87923
2026-05-21 10:00:00,4544.69654,4551.24704,4536.18454,4545.91293
2026-05-21 11:00:00,4545.97766,4571.01065,4538.6702,4560.84277
2026-05-21 12:00:00,4560.77173,4565.94986,4532.55244,4535.96024
2026-05-21 13:00:00,4535.31833,4540.29512,4527.55014,4529.33521
2026-05-21 14:00:00,4529.18861,4540.06782,4528.11888,4538.54662
2026-05-21 15:00:00,4538.19667,4539.88287,4520.79566,4529.49716
2026-05-21 16:00:00,4528.88928,4538.64658,4519.95599,4519.95832
2026-05-21 17:00:00,4519.9591,4523.65874,4512.22814,4522.70244
2026-05-21 18:00:00,4522.20195,4535.7645,4518.54864,4534.02235
2026-05-21 19:00:00,4533.78052,4542.56382,4529.19063,4530.3527
2026-05-21 20:00:00,4530.44274,4534.91448,4506.3314,4512.77347
2026-05-21 21:00:00,4513.74147,4519.9783,4508.97286,4512.47463
2026-05-21 22:00:00,4512.28414,4520.13863,4503.08461,4503.3972
2026-05-21 23:00:00,4503.9758,4520.56285,4490.74906,4513.73715
2026-05-22 00:00:00,4514.58259,4515.59295,4499.03271,4509.1416
2026-05-22 01:00:00,4508.82676,4512.22814,4497.78377,4512.10232
2026-05-22 02:00:00,4511.8106,4519.9783,4511.21036,4518.58291
2026-05-22 03:00:00,4518.07784,4558.71627,4514.51553,4553.87034
2026-05-22 04:00:00,4555.57198,4557.70597,4527.96015,4530.30791
2026-05-22 05:00:00,4530.14243,4543.5958,4529.37125,4543.25781
2026-05-22 06:00:00,4542.96051,4544.8348,4539.04148,4543.10657
2026-05-22 07:00:00,4542.91896,4546.52149,4542.15116,4545.58641
2026-05-22 08:00:00,4545.391,4546.21565,4539.66475,4542.69344
2026-05-22 09:00:00,4542.51008,4545.2859,4532.88609,4535.1827
2026-05-22 10:00:00,4534.44967,4540.91363,4526.75415,4527.61355
2026-05-22 11:00:00,4528.99924,4535.97024,4520.78949,4526.40729
2026-05-22 12:00:00,4526.61425,4529.8242,4519.43721,4519.7539
2026-05-22 13:00:00,4520.42441,4529.89978,4520.17454,4529.07773
2026-05-22 14:00:00,4528.73379,4533.29707,4526.52544,4527.31191
2026-05-22 15:00:00,4527.65189,4534.5134,4509.17617,4509.96234
2026-05-22 16:00:00,4511.24935,4528.37024,4510.88344,4527.58336
2026-05-22 17:00:00,4527.24361,4528.39903,4516.71183,4522.26142
2026-05-22 18:00:00,4522.30084,4530.01133,4516.91585,4522.05821
2026-05-22 19:00:00,4522.11375,4534.73608,4515.48812,4532.67016
2026-05-22 20:00:00,4532.99568,4537.26087,4511.21036,4514.11565
2026-05-22 21:00:00,4514.20536,4524.11756,4510.5917,4520.95272
2026-05-22 22:00:00,4521.04239,4534.8958,4516.30386,4521.26652
2026-05-22 23:00:00,4521.69578,4534.32484,4511.00686,4512.55569
2026-05-23 00:00:00,4512.7053,4513.02194,4491.97264,4501.90761
2026-05-23 01:00:00,4502.05386,4521.61331,4499.31269,4521.0387
2026-05-23 02:00:00,4520.61321,4526.75807,4512.34118,4514.52883
2026-05-23 03:00:00,4513.85543,4528.57531,4513.597,4519.70775
2026-05-23 04:00:00,4520.43683,4520.43683,4513.32638,4514.42383
2026-05-23 05:00:00,4514.00194,4516.19025,4504.70742,4509.28039
2026-05-23 06:00:00,4508.9796,4510.39646,4504.70742,4508.84161
2026-05-23 07:00:00,4508.183,4509.37951,4504.3859,4505.66656
2026-05-23 08:00:00,4505.68775,4505.88404,4505.60989,4505.67323
2026-05-23 09:00:00,4505.68116,4505.88142,4505.60665,4505.72927
2026-05-23 10:00:00,4505.67541,4505.88435,4505.60174,4505.71582
2026-05-23 11:00:00,4505.67952,4505.87945,4505.608,4505.72207
2026-05-23 12:00:00,4505.67973,4505.88029,4505.61003,4505.73696
2026-05-23 13:00:00,4505.67776,4505.87896,4505.60636,4505.75246
2026-05-23 14:00:00,4505.67785,4505.8794,4505.60661,4505.76315
2026-05-23 15:00:00,4505.6759,4505.88014,4505.60786,4505.776
2026-05-23 16:00:00,4505.68039,4505.87825,4505.60596,4505.77848
2026-05-23 17:00:00,4505.67801,4505.88029,4505.61003,4505.77827
2026-05-23 18:00:00,4505.67841,4505.87894,4505.60799,4505.77546
2026-05-23 19:00:00,4505.68038,4505.8873,4505.60859,4505.76423
2026-05-23 20:00:00,4505.67792,4505.88015,4505.6079,4505.75123
2026-05-23 21:00:00,4505.67808,4505.88731,4505.60596,4505.74441
2026-05-23 22:00:00,4505.68572,4505.88836,4505.61814,4505.76138
2026-05-23 23:00:00,4505.68572,4505.88836,4505.61814,4505.7771
2026-05-24 00:00:00,4505.68572,4505.88836,4505.61814,4505.79033
2026-05-24 01:00:00,4505.68572,4505.88836,4505.61814,4505.67684
2026-05-24 02:00:00,4505.68572,4505.88833,4505.61814,4505.6646
2026-05-24 03:00:00,4505.68572,4505.88837,4505.61864,4505.65619
2026-05-24 04:00:00,4505.68572,4505.88837,4505.61814,4505.65222
2026-05-24 05:00:00,4505.68572,4505.88837,4505.61814,4505.65295
2026-05-24 06:00:00,4505.68572,4505.88837,4505.61814,4505.65833
2026-05-24 07:00:00,4505.68572,4505.88837,4505.61814,4505.66411
2026-05-24 08:00:00,4505.68166,4505.88429,4505.61408,4505.67742
2026-05-24 09:00:00,4505.68166,4505.88429,4505.6146,4505.73171
2026-05-24 10:00:00,4505.68166,4505.8843,4505.61408,4505.71475
2026-05-24 11:00:00,4505.68166,4505.8843,4505.61408,4505.72873
2026-05-24 12:00:00,4505.68166,4505.8843,4505.61408,4505.74564
2026-05-24 13:00:00,4505.68166,4505.8843,4505.61408,4505.76043
2026-05-24 14:00:00,4505.68166,4505.8843,4505.61408,4505.77208
2026-05-24 15:00:00,4505.68166,4505.88427,4505.61408,4505.77977
2026-05-24 16:00:00,4505.68166,4505.88431,4505.61458,4505.78297
2026-05-24 17:00:00,4505.68166,4505.88431,4505.61408,4505.78144
2026-05-24 18:00:00,4505.68166,4505.88431,4505.61408,4505.7753
2026-05-24 19:00:00,4505.68166,4505.88431,4505.61408,4505.76498
2026-05-24 20:00:00,4505.68166,4505.88431,4505.61408,4505.7512
2026-05-24 21:00:00,4505.68166,4505.88426,4505.61408,4505.74579
2026-05-24 22:00:00,4505.68166,4505.88432,4505.61456,4505.76258
2026-05-24 23:00:00,4505.68166,4505.88432,4505.61408,4505.77762
2026-05-25 00:00:00,4505.68166,4505.88432,4505.61408,4505.78984
2026-05-25 01:00:00,4505.68166,4505.88432,4505.61408,4505.66847
2026-05-25 02:00:00,4505.68166,4505.88432,4505.61408,4505.65738
2026-05-25 03:00:00,4505.68166,4505.88433,4505.61408,4505.65035
2026-05-25 04:00:00,4505.68166,4505.87897,4505.60175,4505.64178
2026-05-25 05:00:00,4505.67639,4505.87975,4505.6044,4505.63605
2026-05-25 06:00:00,4505.66863,4506.12833,4505.60465,4505.64909
2026-05-25 07:00:00,4505.67354,4508.76956,4503.98456,4505.68718
2026-05-25 08:00:00,4505.70197,4565.16777,4505.68976,4564.29359
2026-05-25 09:00:00,4563.44429,4579.56673,4563.44429,4568.57882
2026-05-25 10:00:00,4571.56663,4577.53338,4565.16777,4568.71546
2026-05-25 11:00:00,4569.07151,4573.9377,4561.00342,4561.82004
2026-05-25 12:00:00,4562.17673,4570.93228,4559.13194,4563.11183
2026-05-25 13:00:00,4562.45851,4564.75099,4557.64688,4561.11608
2026-05-25 14:00:00,4560.87335,4566.10563,4559.51033,4564.77695
2026-05-25 15:00:00,4564.85518,4566.21815,4552.5953,4555.26715
2026-05-25 16:00:00,4555.00059,4562.50561,4551.03991,4562.25745
2026-05-25 17:00:00,4561.53617,4565.19424,4552.30297,4564.76571
2026-05-25 18:00:00,4564.48798,4565.41994,4553.80914,4556.30898
2026-05-25 19:00:00,4556.20648,4568.92219,4554.71763,4568.81762
2026-05-25 20:00:00,4568.59852,4574.30826,4567.87868,4569.05312
2026-05-25 21:00:00,4569.24118,4576.86304,4567.87868,4570.79948
2026-05-25 22:00:00,4570.66073,4570.66073,4553.73406,4566.74503
2026-05-25 23:00:00,4567.42311,4569.96618,4560.4305,4563.78865
2026-05-26 00:00:00,4564.03837,4570.17504,4562.66825,4566.70157
2026-05-26 01:00:00,4566.43163,4573.77093,4566.00155,4571.13002
2026-05-26 02:00:00,4571.39735,4574.3939,4568.08734,4573.35177
2026-05-26 03:00:00,4573.18132,4577.5753,4563.29287,4565.10681
2026-05-26 04:00:00,4564.65183,4571.63756,4564.30301,4571.23621
2026-05-26 05:00:00,4571.14262,4571.4409,4570.75579,4571.24387
2026-05-26 06:00:00,4571.16262,4572.0556,4570.67957,4571.23972
2026-05-26 07:00:00,4571.17382,4572.08448,4570.7563,4571.2259
2026-05-26 08:00:00,4571.15482,4576.65904,4569.34083,4575.47807
2026-05-26 09:00:00,4575.77817,4580.93828,4555.39359,4561.87281
2026-05-26 10:00:00,4561.362,4561.362,4540.08899,4544.02091
2026-05-26 11:00:00,4545.3704,4550.21158,4529.57629,4536.00056
2026-05-26 12:00:00,4535.22304,4539.67678,4530.83231,4532.77887
2026-05-26 13:00:00,4533.01789,4545.45455,4530.97279,4542.16748
2026-05-26 14:00:00,4542.49782,4543.27237,4524.27272,4524.49545
2026-05-26 15:00:00,4525.00347,4535.763,4523.89618,4528.04658
2026-05-26 16:00:00,4527.85815,4537.98124,4527.85815,4531.60784
2026-05-26 17:00:00,4532.47599,4539.0586,4521.61331,4538.73093
2026-05-26 18:00:00,4538.00462,4538.73876,4521.00005,4523.18415
2026-05-26 19:00:00,4523.45578,4527.51844,4513.11781,4521.28255
2026-05-26 20:00:00,4519.83015,4540.08899,4519.36826,4534.96634
2026-05-26 21:00:00,4534.69808,4536.38178,4505.64897,4507.09739
2026-05-26 22:00:00,4509.7039,4524.01601,4501.04553,4520.73812
2026-05-26 23:00:00,4521.61696,4530.01133,4513.04269,4513.4358
2026-05-27 00:00:00,4514.16659,4524.65057,4509.37951,4514.53294
2026-05-27 01:00:00,4514.53423,4515.69203,4502.67909,4506.91393
2026-05-27 02:00:00,4506.90323,4510.39646,4500.24751,4505.66026
2026-05-27 03:00:00,4505.4691,4509.56104,4492.1583,4492.36307
2026-05-27 04:00:00,4492.66526,4499.84251,4482.69679,4498.98719
2026-05-27 05:00:00,4498.89816,4510.45845,4497.11229,4510.10731
2026-05-27 06:00:00,4509.50698,4511.6685,4503.85921,4507.58338
2026-05-27 07:00:00,4507.27263,4508.24207,4507.09405,4508.13224
2026-05-27 08:00:00,4507.90584,4523.86651,4498.62792,4512.54847
2026-05-27 09:00:00,4512.01505,4527.94941,4504.32291,4518.93727
2026-05-27 10:00:00,4519.16926,4525.29641,4515.35043,4516.34207
2026-05-27 11:00:00,4517.65738,4521.00005,4506.53122,4509.13608
2026-05-27 12:00:00,4509.01978,4510.89010,4498.21416,4505.41215
2026-05-27 13:00:00,4505.49462,4512.19337,4497.91858,4498.28195
2026-05-27 14:00:00,4498.99931,4516.68072,4497.21173,4509.94726
2026-05-27 15:00:00,4510.17328,4514.50483,4492.51505,4497.29352
2026-05-27 16:00:00,4497.42769,4499.48766,4481.89315,4484.95979
2026-05-27 17:00:00,4485.03773,4489.33782,4476.47612,4481.88939
2026-05-27 18:00:00,4481.79946,4499.23513,4481.07315,4496.38042
2026-05-27 19:00:00,4496.01539,4497.99739,4486.99529,4491.12534
2026-05-27 20:00:00,4491.37199,4492.83892,4443.45701,4444.38842
2026-05-27 21:00:00,4445.01283,4452.21307,4426.73255,4427.40303
2026-05-27 22:00:00,4428.79313,4466.47907,4424.7065,4439.2502
2026-05-27 23:00:00,4440.82617,4440.82617,4402.37728,4427.1848
2026-05-28 00:00:00,4426.90606,4454.68089,4425.12856,4434.55941
2026-05-28 01:00:00,4434.65444,4441.08896,4429.46038,4436.6639
2026-05-28 02:00:00,4436.4199,4453.15283,4432.73897,4450.65203
2026-05-28 03:00:00,4450.4116,4454.4091,4442.27267,4452.23558
2026-05-28 04:00:00,4453.08367,4457.71854,4448.00285,4454.44729
2026-05-28 05:00:00,4454.21054,4455.13677,4449.3798,4449.52383
2026-05-28 06:00:00,4449.88061,4459.18452,4449.88061,4456.29881
2026-05-28 07:00:00,4456.18342,4458.3568,4455.7323,4456.18527
2026-05-28 08:00:00,4456.32558,4466.27959,4455.09698,4457.68056
2026-05-28 09:00:00,4457.60293,4458.3351,4443.92829,4447.61698
2026-05-28 10:00:00,4448.15928,4457.32115,4443.50979,4456.6696
2026-05-28 11:00:00,4455.69908,4459.95745,4407.3535,4409.95943
2026-05-28 12:00:00,4409.59077,4413.12287,4392.90107,4395.8495
2026-05-28 13:00:00,4396.21268,4397.03286,4368.52912,4375.20015
2026-05-28 14:00:00,4374.03433,4381.54493,4367.19364,4374.32509
2026-05-28 15:00:00,4373.97787,4396.30279,4368.71997,4389.5593
2026-05-28 16:00:00,4390.56262,4390.56262,4374.83594,4383.17604
2026-05-28 17:00:00,4382.88197,4395.45831,4382.88197,4386.49782
2026-05-28 18:00:00,4385.52644,4395.27571,4384.48586,4386.73152
2026-05-28 19:00:00,4386.80372,4399.27852,4386.05724,4393.93639
2026-05-28 20:00:00,4394.53105,4402.95879,4378.58925,4384.03919
2026-05-28 21:00:00,4384.31879,4390.39382,4380.71648,4387.63154
2026-05-28 22:00:00,4386.93947,4430.46299,4379.24239,4426.93554
2026-05-28 23:00:00,4426.97342,4437.1478,4418.83392,4432.25078
2026-05-29 00:00:00,4431.52929,4479.08268,4422.235,4464.1492
2026-05-29 01:00:00,4464.94535,4485.10944,4464.94535,4479.10605
2026-05-29 02:00:00,4479.69566,4510.31792,4478.88207,4509.01053
2026-05-29 03:00:00,4509.11354,4514.67269,4501.05775,4508.56337
2026-05-29 04:00:00,4508.47931,4516.50784,4498.48298,4501.5216
2026-05-29 05:00:00,4501.98047,4503.89316,4498.00219,4498.7797
2026-05-29 06:00:00,4498.68202,4501.05775,4494.76221,4496.36988
2026-05-29 07:00:00,4496.26762,4496.6688,4493.37228,4496.48933
2026-05-29 08:00:00,4496.36875,4498.62792,4492.36298,4493.76226
2026-05-29 09:00:00,4493.79616,4496.40288,4489.49398,4495.90132
2026-05-29 10:00:00,4495.36324,4500.24751,4492.56508,4493.94233
2026-05-29 11:00:00,4494.52438,4519.85957,4494.38202,4506.28666
2026-05-29 12:00:00,4506.32312,4511.35289,4499.64003,4502.60336
2026-05-29 13:00:00,4503.23298,4503.91824,4494.78605,4500.77647
2026-05-29 14:00:00,4500.615,4514.87652,4500.29248,4514.32445
2026-05-29 15:00:00,4514.03722,4515.69203,4502.88184,4512.78656
2026-05-29 16:00:00,4512.05515,4523.62559,4508.91311,4522.69747
2026-05-29 17:00:00,4522.91406,4525.96491,4511.19029,4525.40424
2026-05-29 18:00:00,4525.11866,4525.12129,4510.88234,4514.77145
2026-05-29 19:00:00,4514.56358,4539.71079,4513.85754,4532.82625
2026-05-29 20:00:00,4532.42422,4542.56382,4525.5023,4537.30276
2026-05-29 21:00:00,4536.55926,4540.29512,4526.52544,4537.21301
2026-05-29 22:00:00,4535.40497,4538.85258,4513.55815,4520.66767
2026-05-29 23:00:00,4518.60098,4540.73854,4516.71183,4540.29256
2026-05-30 00:00:00,4539.50342,4569.13095,4527.18833,4567.12594
2026-05-30 01:00:00,4567.24481,4594.65168,4559.87938,4570.51728
2026-05-30 02:00:00,4569.56935,4572.68279,4560.7954,4566.86892
2026-05-30 03:00:00,4566.54242,4569.26671,4551.86854,4553.31377
2026-05-30 04:00:00,4553.01327,4561.21146,4550.8328,4554.53231
2026-05-30 05:00:00,4554.82078,4559.96352,4542.97656,4543.61815
2026-05-30 06:00:00,4544.20095,4548.96966,4539.92996,4540.15778
2026-05-30 07:00:00,4540.56315,4542.85519,4538.64658,4542.5261
2026-05-30 08:00:00,4542.45652,4542.67385,4542.35748,4542.56034
2026-05-30 09:00:00,4542.47097,4542.67328,4542.39666,4542.56262
2026-05-30 10:00:00,4542.4689,4542.67327,4542.40079,4542.56917
2026-05-30 11:00:00,4542.4689,4542.67383,4542.40079,4542.57109
2026-05-30 12:00:00,4542.4689,4542.67327,4542.39699,4542.56408
2026-05-30 13:00:00,4542.46438,4542.6712,4542.3974,4542.56131
2026-05-30 14:00:00,4542.46443,4542.66977,4542.39494,4542.55729
2026-05-30 15:00:00,4542.4645,4542.6712,4542.39872,4542.55214
2026-05-30 16:00:00,4542.46459,4542.67178,4542.39666,4542.54622
2026-05-30 17:00:00,4542.46469,4542.6712,4542.39836,4542.55239
2026-05-30 18:00:00,4542.4648,4542.67033,4542.39666,4542.56682
2026-05-30 19:00:00,4542.4649,4542.671,4542.39834,4542.46159
2026-05-30 20:00:00,4542.465,4542.6712,4542.39746,4542.44794
2026-05-30 21:00:00,4542.46509,4542.67248,4542.39667,4542.44204
2026-05-30 22:00:00,4542.4689,4542.67328,4542.4008,4542.43618
2026-05-30 23:00:00,4542.4689,4542.67328,4542.4008,4542.43499
2026-05-31 00:00:00,4542.4689,4542.67302,4542.4008,4542.43855
2026-05-31 01:00:00,4542.4689,4542.67329,4542.40106,4542.44661
2026-05-31 02:00:00,4542.4689,4542.67329,4542.4008,4542.45862
2026-05-31 03:00:00,4542.4689,4542.67329,4542.4008,4542.52671
2026-05-31 04:00:00,4542.4689,4542.67329,4542.40081,4542.50929
2026-05-31 05:00:00,4542.4689,4542.67329,4542.40081,4542.50887
2026-05-31 06:00:00,4542.4689,4542.67329,4542.40081,4542.52645
2026-05-31 07:00:00,4542.4689,4542.673,4542.40081,4542.5424
2026-05-31 08:00:00,4542.4689,4542.67329,4542.40105,4542.55558
2026-05-31 09:00:00,4542.4689,4542.67329,4542.40081,4542.56509
2026-05-31 10:00:00,4542.4689,4542.67329,4542.40081,4542.57026
2026-05-31 11:00:00,4542.4689,4542.67329,4542.40081,4542.57072
2026-05-31 12:00:00,4542.4689,4542.6733,4542.40081,4542.56645
2026-05-31 13:00:00,4542.4689,4542.67298,4542.40082,4542.55774
2026-05-31 14:00:00,4542.4689,4542.6733,4542.40103,4542.5452
2026-05-31 15:00:00,4542.4689,4542.6733,4542.40082,4542.5297
2026-05-31 16:00:00,4542.4689,4542.6733,4542.40082,4542.54354
2026-05-31 17:00:00,4542.4689,4542.6733,4542.40082,4542.55958
2026-05-31 18:00:00,4542.4689,4542.6733,4542.40082,4542.57321
2026-05-31 19:00:00,4542.4689,4542.6733,4542.40082,4542.46133
2026-05-31 20:00:00,4542.4689,4542.67296,4542.40082,4542.44865
2026-05-31 21:00:00,4542.4689,4542.6733,4542.40101,4542.43977
2026-05-31 22:00:00,4542.4689,4542.6733,4542.40082,4542.43531
2026-05-31 23:00:00,4542.4689,4542.6733,4542.40083,4542.43558
2026-06-01 00:00:00,4542.4689,4542.6733,4542.40083,4542.44056
2026-06-01 01:00:00,4542.4689,4542.6733,4542.40083,4542.4499
2026-06-01 02:00:00,4542.4689,4542.67294,4542.40083,4542.46295
2026-06-01 03:00:00,4542.4689,4542.6733,4542.401,4542.52134
2026-06-01 04:00:00,4542.4689,4542.67261,4542.35748,4542.50284
2026-06-01 05:00:00,4542.46887,4542.67743,4542.35748,4542.54511
2026-06-01 06:00:00,4542.46471,4542.84688,4542.32919,4542.5767
2026-06-01 07:00:00,4542.51773,4542.70067,4538.85258,4539.66479
2026-06-01 08:00:00,4539.55725,4547.2852,4516.71183,4537.49507
2026-06-01 09:00:00,4537.5712,4546.01162,4535.7645,4541.34765
2026-06-01 10:00:00,4542.55052,4545.66117,4535.36484,4538.07634
2026-06-01 11:00:00,4538.93792,4542.09382,4523.86338,4526.66818
2026-06-01 12:00:00,4526.03115,4535.60273,4521.81777,4522.2593
2026-06-01 13:00:00,4522.2963,4525.09163,4510.39646,4515.22934
2026-06-01 14:00:00,4514.5504,4519.77401,4509.58286,4514.02489
2026-06-01 15:00:00,4513.68334,4523.78096,4513.68334,4520.08158
2026-06-01 16:00:00,4521.42842,4521.42842,4501.26035,4502.53325
2026-06-01 17:00:00,4502.63206,4509.78624,4493.17038,4501.72416
2026-06-01 18:00:00,4500.98769,4503.89587,4491.22979,4497.31116
2026-06-01 19:00:00,4497.05106,4506.12833,4490.95073,4496.13743
2026-06-01 20:00:00,4495.98402,4510.81536,4495.74945,4503.83393
2026-06-01 21:00:00,4504.05892,4512.22814,4500.24751,4506.42113
2026-06-01 22:00:00,4506.38731,4510.10181,4497.61626,4500.10601
2026-06-01 23:00:00,4500.25285,4503.09932,4449.9822,4452.08909
2026-06-02 00:00:00,4451.87713,4461.69634,4447.44688,4456.18073
2026-06-02 01:00:00,4456.26078,4478.4809,4455.82017,4473.23127
2026-06-02 02:00:00,4473.66317,4480.88901,4463.6879,4478.99334
2026-06-02 03:00:00,4479.37056,4495.79643,4465.01534,4488.18058
2026-06-02 04:00:00,4488.61111,4490.14413,4484.90828,4487.5101
2026-06-02 05:00:00,4487.79165,4488.60299,4479.88531,4480.41972
2026-06-02 06:00:00,4480.22418,4484.88725,4479.55003,4484.65892
2026-06-02 07:00:00,4483.98323,4488.73601,4465.88067,4469.91272
2026-06-02 08:00:00,4470.00759,4494.78605,4468.68712,4485.41974
2026-06-02 09:00:00,4485.28546,4488.49218,4480.28674,4485.17533
2026-06-02 10:00:00,4484.48163,4496.80727,4477.62627,4482.27458
2026-06-02 11:00:00,4482.49472,4491.55587,4464.08642,4475.85735
2026-06-02 12:00:00,4475.48571,4486.31673,4472.87203,4485.91454
2026-06-02 13:00:00,4484.95653,4500.20778,4484.79468,4498.82829
2026-06-02 14:00:00,4498.22946,4517.23392,4498.22946,4516.84972
2026-06-02 15:00:00,4516.04604,4528.16519,4515.70631,4518.60616
2026-06-02 16:00:00,4518.32075,4536.38178,4517.17398,4535.47932
2026-06-02 17:00:00,4534.60551,4540.08899,4527.67487,4534.43855
2026-06-02 18:00:00,4534.0431,4539.0586,4526.32055,4526.41102
2026-06-02 19:00:00,4526.48309,4536.1947,4522.63579,4528.47563
2026-06-02 20:00:00,4529.08806,4533.50258,4524.47742,4533.39217
2026-06-02 21:00:00,4533.06777,4535.99854,4525.62809,4527.06806
2026-06-02 22:00:00,4527.91484,4533.70812,4514.16782,4514.83376
2026-06-02 23:00:00,4516.33656,4524.23017,4503.89587,4504.87514
2026-06-03 00:00:00,4504.74449,4506.3314,4491.35414,4501.76215
2026-06-03 01:00:00,4502.14,4508.68975,4501.05775,4502.02891
2026-06-03 02:00:00,4502.21506,4502.74892,4487.16058,4491.17467
2026-06-03 03:00:00,4490.64748,4492.40082,4482.64437,4484.59915
2026-06-03 04:00:00,4484.31248,4490.95073,4477.76652,4487.23432
2026-06-03 05:00:00,4487.54085,4490.70244,4483.75298,4487.2641
2026-06-03 06:00:00,4487.53918,4491.27966,4486.51801,4488.67153
2026-06-03 07:00:00,4488.40791,4489.34291,4487.92748,4489.24552
2026-06-03 08:00:00,4489.08823,4493.17038,4485.10612,4486.31377
2026-06-03 09:00:00,4486.66292,4488.42356,4462.33888,4474.21886
2026-06-03 10:00:00,4474.03459,4496.20071,4473.27268,4486.63196
2026-06-03 11:00:00,4487.23764,4487.23764,4464.88369,4475.01123
2026-06-03 12:00:00,4474.54975,4484.56647,4473.2722,4481.05366
2026-06-03 13:00:00,4480.31112,4487.32331,4480.31112,4483.93908
2026-06-03 14:00:00,4484.17128,4488.1289,4469.07401,4469.27482
2026-06-03 15:00:00,4469.32354,4474.0985,4457.73777,4458.19286
2026-06-03 16:00:00,4458.99118,4470.07286,4455.13677,4462.05588
2026-06-03 17:00:00,4461.32394,4472.46649,4453.82048,4454.31498
2026-06-03 18:00:00,4454.99164,4458.91113,4441.48346,4441.83416
2026-06-03 19:00:00,4442.28268,4459.70655,4438.96384,4440.88546
2026-06-03 20:00:00,4441.6736,4464.11209,4441.30847,4459.5293
2026-06-03 21:00:00,4459.73712,4467.68532,4458.20112,4461.7808
2026-06-03 22:00:00,4461.93936,4466.8781,4448.59647,4462.07739
2026-06-03 23:00:00,4461.46832,4465.28243,4429.09026,4443.67949
2026-06-04 00:00:00,4443.88884,4460.50225,4443.88884,4457.65498
2026-06-04 01:00:00,4457.51167,4457.72431,4437.73853,4442.0041
2026-06-04 02:00:00,4441.81222,4443.65446,4434.39315,4442.88944
2026-06-04 03:00:00,4442.16451,4447.01383,4436.28992,4438.48524
2026-06-04 04:00:00,4438.55353,4442.47001,4435.96682,4441.9619
2026-06-04 05:00:00,4441.32912,4452.32841,4441.32912,4444.04635
2026-06-04 06:00:00,4444.46598,4445.03712,4431.21076,4434.46857
2026-06-04 07:00:00,4434.26768,4434.98315,4433.79572,4434.50661
2026-06-04 08:00:00,4434.41872,4451.17066,4424.58298,4447.02983
2026-06-04 09:00:00,4447.29243,4464.08642,4444.80612,4457.63514
2026-06-04 10:00:00,4457.77847,4463.88715,4444.78356,4447.76251
2026-06-04 11:00:00,4447.83991,4473.2722,4445.43232,4465.21421
2026-06-04 12:00:00,4465.4544,4475.10971,4455.43984,4472.3249
2026-06-04 13:00:00,4472.46788,4477.47828,4459.3304,4463.72721
2026-06-04 14:00:00,4463.48511,4484.57924,4463.28944,4480.68768
2026-06-04 15:00:00,4480.36476,4482.27836,4467.67636,4469.32169
2026-06-04 16:00:00,4468.94922,4476.87693,4463.48866,4466.95633
2026-06-04 17:00:00,4467.38826,4472.49128,4459.87205,4460.19029
2026-06-04 18:00:00,4460.61397,4467.67636,4458.91113,4463.79734
2026-06-04 19:00:00,4464.12794,4475.66621,4460.18025,4469.95756
2026-06-04 20:00:00,4470.39325,4472.87203,4464.21003,4471.95074
2026-06-04 21:00:00,4471.41473,4514.67269,4469.87306,4514.15334
2026-06-04 22:00:00,4513.04377,4515.39736,4491.35414,4504.28119
2026-06-04 23:00:00,4504.60027,4515.79837,4498.2232,4501.94167
2026-06-05 00:00:00,4501.28038,4501.28038,4458.71232,4464.40703
2026-06-05 01:00:00,4463.52178,4479.16552,4463.45975,4477.83263
2026-06-05 02:00:00,4477.71365,4485.20515,4475.67471,4482.76326
2026-06-05 03:00:00,4483.08205,4483.08205,4474.83085,4478.57466
2026-06-05 04:00:00,4478.47946,4480.74058,4473.26142,4477.78358
2026-06-05 05:00:00,4477.84376,4483.08431,4476.6844,4481.3366
2026-06-05 06:00:00,4480.86382,4482.21991,4474.38547,4475.96582
2026-06-05 07:00:00,4475.678,4476.07538,4474.87358,4475.42472
2026-06-05 08:00:00,4475.41952,4481.29061,4469.86342,4470.15096
2026-06-05 09:00:00,4470.51511,4473.67244,4461.67281,4462.32826
2026-06-05 10:00:00,4462.38535,4466.47907,4451.56695,4461.52126
2026-06-05 11:00:00,4463.56351,4469.07401,4444.64544,4445.76157
2026-06-05 12:00:00,4446.01921,4454.79778,4438.52641,4441.15376
2026-06-05 13:00:00,4441.2597,4444.04942,4434.5795,4442.19147
2026-06-05 14:00:00,4442.34967,4446.24284,4437.34469,4445.29336
2026-06-05 15:00:00,4445.41401,4450.07241,4439.31457,4439.79172
2026-06-05 16:00:00,4440.03809,4456.32799,4429.15481,4453.00791
2026-06-05 17:00:00,4452.67856,4467.07764,4451.76512,4461.38895
2026-06-05 18:00:00,4461.59943,4466.94019,4458.92715,4463.21456
2026-06-05 19:00:00,4463.10937,4469.07401,4459.50767,4464.20308
2026-06-05 20:00:00,4463.9313,4468.55634,4461.27556,4466.51138
2026-06-05 21:00:00,4466.59774,4474.27293,4460.90021,4469.91985
2026-06-05 22:00:00,4469.45329,4476.39626,4408.76939,4411.66698
2026-06-05 23:00:00,4411.89295,4420.28025,4376.43126,4377.04485
2026-06-06 00:00:00,4378.42025,4378.66713,4342.89781,4369.46382
2026-06-06 01:00:00,4368.64122,4372.91128,4335.45176,4335.78068
2026-06-06 02:00:00,4336.26429,4343.4826,4325.63371,4343.24563
2026-06-06 03:00:00,4342.87369,4348.51577,4335.65754,4343.21285
2026-06-06 04:00:00,4342.96651,4343.0056,4315.90356,4323.41654
2026-06-06 05:00:00,4323.51813,4325.87841,4314.62225,4318.04163
2026-06-06 06:00:00,4318.15141,4330.9824,4312.20354,4328.95948
2026-06-06 07:00:00,4328.79582,4330.46662,4328.01662,4330.13806
2026-06-06 08:00:00,4330.10091,4330.30749,4330.04159,4330.15284
2026-06-06 09:00:00,4330.11407,4330.30868,4330.03972,4330.16053
2026-06-06 10:00:00,4330.10453,4330.30747,4330.04013,4330.17559
2026-06-06 11:00:00,4330.10444,4330.30866,4330.04193,4330.19711
2026-06-06 12:00:00,4330.11433,4330.30882,4330.04155,4330.19679
2026-06-06 13:00:00,4330.10432,4330.30697,4330.04195,4330.20144
2026-06-06 14:00:00,4330.10429,4330.30885,4330.04033,4330.2016
2026-06-06 15:00:00,4330.10429,4330.30697,4330.04153,4330.20676
2026-06-06 16:00:00,4330.11439,4330.30615,4330.03784,4330.19634
2026-06-06 17:00:00,4330.11246,4330.30991,4330.04148,4330.17654
2026-06-06 18:00:00,4330.10444,4330.30616,4330.04035,4330.16151
2026-06-06 19:00:00,4330.10466,4330.29945,4330.03823,4330.17692
2026-06-06 20:00:00,4330.10466,4330.30677,4330.042,4330.19334
2026-06-06 21:00:00,4330.10472,4330.30678,4330.03784,4330.20309
2026-06-06 22:00:00,4330.10279,4330.29756,4330.03784,4330.09453
2026-06-06 23:00:00,4330.10279,4330.29747,4330.03784,4330.08269
2026-06-07 00:00:00,4330.10279,4330.29756,4330.03825,4330.07453
2026-06-07 01:00:00,4330.10279,4330.29756,4330.03784,4330.07062
2026-06-07 02:00:00,4330.10279,4330.29756,4330.03784,4330.07122
2026-06-07 03:00:00,4330.10279,4330.29757,4330.03784,4330.07631
2026-06-07 04:00:00,4330.10279,4330.29757,4330.03784,4330.08551
2026-06-07 05:00:00,4330.10279,4330.29745,4330.03784,4330.09819
2026-06-07 06:00:00,4330.10279,4330.29757,4330.03824,4330.15149
2026-06-07 07:00:00,4330.10279,4330.29757,4330.03784,4330.13714
2026-06-07 08:00:00,4330.10466,4330.29946,4330.03972,4330.14917
2026-06-07 09:00:00,4330.10466,4330.29946,4330.03972,4330.16547
2026-06-07 10:00:00,4330.10466,4330.29946,4330.03972,4330.1798
2026-06-07 11:00:00,4330.10466,4330.29946,4330.03972,4330.19115
2026-06-07 12:00:00,4330.10466,4330.2993,4330.03972,4330.19871
2026-06-07 13:00:00,4330.10466,4330.29946,4330.04007,4330.20198
2026-06-07 14:00:00,4330.10466,4330.29946,4330.03973,4330.20071
2026-06-07 15:00:00,4330.10466,4330.29946,4330.03973,4330.195
2026-06-07 16:00:00,4330.10466,4330.29947,4330.03973,4330.18524
2026-06-07 17:00:00,4330.10466,4330.29947,4330.03973,4330.17212
2026-06-07 18:00:00,4330.10466,4330.29929,4330.03973,4330.16557
2026-06-07 19:00:00,4330.10466,4330.29947,4330.04005,4330.18176
2026-06-07 20:00:00,4330.10466,4330.29947,4330.03973,4330.1963
2026-06-07 21:00:00,4330.10466,4330.29947,4330.03973,4330.20819
2026-06-07 22:00:00,4330.10466,4330.29947,4330.03973,4330.09253
2026-06-07 23:00:00,4330.10466,4330.29947,4330.03973,4330.08171
2026-06-08 00:00:00,4330.10466,4330.29947,4330.03973,4330.07478
2026-06-08 01:00:00,4330.10466,4330.29927,4330.04004,4330.0722
2026-06-08 02:00:00,4330.10466,4330.29948,4330.03973,4330.07416
2026-06-08 03:00:00,4330.10466,4330.29948,4330.03973,4330.08053
2026-06-08 04:00:00,4330.10466,4330.30058,4330.0326,4330.09264
2026-06-08 05:00:00,4330.10654,4331.8172,4329.40081,4330.16762
2026-06-08 06:00:00,4330.16116,4330.38087,4329.00433,4330.1492
2026-06-08 07:00:00,4330.10644,4331.36536,4329.37917,4329.91608
2026-06-08 08:00:00,4330.21391,4332.8969,4309.97328,4320.09727
2026-06-08 09:00:00,4320.20177,4347.182,4319.84103,4343.47444
2026-06-08 10:00:00,4343.90617,4352.93606,4340.27778,4343.45487
2026-06-08 11:00:00,4343.36404,4343.36404,4303.66932,4324.75225
2026-06-08 12:00:00,4325.27574,4330.03329,4307.84527,4312.93193
2026-06-08 13:00:00,4312.87671,4317.23007,4304.40771,4315.74007
2026-06-08 14:00:00,4315.43505,4322.17355,4307.9309,4309.24093
2026-06-08 15:00:00,4309.47875,4318.61325,4268.19299,4291.08141
2026-06-08 16:00:00,4287.73335,4311.64576,4287.73335,4299.80081
2026-06-08 17:00:00,4299.3729,4317.33091,4294.53152,4298.2353
2026-06-08 18:00:00,4297.88433,4297.88433,4284.85731,4289.36555
2026-06-08 19:00:00,4288.95894,4302.27293,4272.52932,4293.60615
2026-06-08 20:00:00,4293.31368,4304.7783,4288.08593,4301.44856
2026-06-08 21:00:00,4300.92356,4332.94337,4297.74798,4329.81447
2026-06-08 22:00:00,4330.24886,4338.39479,4321.52118,4332.80719
2026-06-08 23:00:00,4331.0684,4345.37001,4322.26833,4327.36088
2026-06-09 00:00:00,4328.11553,4330.33813,4315.92577,4328.30675
2026-06-09 01:00:00,4326.82832,4345.38198,4323.02968,4342.0707
2026-06-09 02:00:00,4342.52162,4345.93655,4337.33407,4341.40222
2026-06-09 03:00:00,4341.27052,4341.97386,4332.75563,4338.30592
2026-06-09 04:00:00,4337.60105,4346.08966,4333.66351,4335.98948
2026-06-09 05:00:00,4335.85024,4338.39479,4323.95036,4327.56236
2026-06-09 06:00:00,4326.83373,4330.45043,4325.4466,4330.19194
2026-06-09 07:00:00,4330.08007,4331.17023,4329.37917,4330.11721
2026-06-09 08:00:00,4330.05536,4332.38021,4323.38954,4328.08713
2026-06-09 09:00:00,4327.9964,4328.91364,4313.69166,4316.9302
2026-06-09 10:00:00,4317.14775,4323.05078,4315.36702,4320.59116
2026-06-09 11:00:00,4320.02048,4338.43862,4320.02048,4337.02933
2026-06-09 12:00:00,4336.23773,4341.03143,4328.25485,4335.79951
2026-06-09 13:00:00,4336.22176,4341.59684,4331.23647,4335.99886
2026-06-09 14:00:00,4336.85299,4341.09564,4324.69835,4329.13157
2026-06-09 15:00:00,4328.98583,4350.28494,4328.64919,4344.47633
2026-06-09 16:00:00,4344.14612,4348.01513,4331.33814,4332.14136
2026-06-09 17:00:00,4333.99674,4334.25798,4322.08151,4327.27769
2026-06-09 18:00:00,4327.16597,4336.62699,4320.96098,4327.07122
2026-06-09 19:00:00,4327.61094,4335.94936,4325.69878,4331.62744
2026-06-09 20:00:00,4331.36144,4338.86572,4325.82082,4338.36361
2026-06-09 21:00:00,4337.07707,4343.28799,4335.94936,4342.59329
2026-06-09 22:00:00,4342.24902,4344.13944,4335.76136,4340.04207
2026-06-09 23:00:00,4339.50849,4359.95814,4326.38228,4332.14726
2026-06-10 00:00:00,4334.18025,4334.25798,4281.00518,4300.56413
2026-06-10 01:00:00,4299.23921,4299.9656,4264.93795,4274.73872
2026-06-10 02:00:00,4274.97557,4281.00518,4236.57007,4249.08022
2026-06-10 03:00:00,4248.36187,4268.05939,4248.36187,4264.28334
2026-06-10 04:00:00,4263.6601,4276.3012,4259.85091,4270.5793
2026-06-10 05:00:00,4269.9602,4271.13142,4250.25502,4258.3175
2026-06-10 06:00:00,4258.0535,4262.02958,4254.98863,4260.08482
2026-06-10 07:00:00,4260.09729,4264.64304,4259.8185,4264.60872
2026-06-10 08:00:00,4264.4923,4266.04904,4232.25618,4234.86162
2026-06-10 09:00:00,4235.51113,4246.46482,4210.82313,4217.72895
2026-06-10 10:00:00,4218.80568,4227.97226,4200.62169,4217.50794
2026-06-10 11:00:00,4215.85099,4221.96451,4183.15205,4188.4328
2026-06-10 12:00:00,4188.64099,4191.01077,4174.24652,4174.37859
2026-06-10 13:00:00,4174.59525,4186.20228,4172.56917,4184.5261
2026-06-10 14:00:00,4184.10414,4187.65784,4173.27435,4174.98234
2026-06-10 15:00:00,4174.87617,4208.04578,4173.7969,4205.2507
2026-06-10 16:00:00,4206.03737,4223.93616,4202.21036,4205.0273
2026-06-10 17:00:00,4204.64739,4207.05331,4180.52904,4181.6567
2026-06-10 18:00:00,4183.05976,4187.95544,4160.94537,4168.84634
2026-06-10 19:00:00,4169.32815,4177.80749,4163.71737,4167.2881
2026-06-10 20:00:00,4167.08333,4177.80749,4155.41242,4177.07739
2026-06-10 21:00:00,4176.94213,4176.94213,4147.35313,4148.73316
2026-06-10 22:00:00,4150.57438,4172.40372,4134.11055,4144.53167
2026-06-10 23:00:00,4145.18388,4184.8008,4132.53098,4178.6367
2026-06-11 00:00:00,4179.08229,4180.00439,4118.61614,4119.27151
2026-06-11 01:00:00,4120.65049,4137.01804,4107.11352,4125.32793
2026-06-11 02:00:00,4124.1556,4134.79429,4118.10732,4121.19878
2026-06-11 03:00:00,4120.66051,4133.93964,4101.55449,4110.48774
2026-06-11 04:00:00,4111.15895,4119.8039,4099.20066,4103.11594
2026-06-11 05:00:00,4102.55857,4102.55857,4081.29949,4081.69776
2026-06-11 06:00:00,4082.15627,4084.78477,4067.52085,4071.58097
2026-06-11 07:00:00,4071.20709,4075.33988,4071.16395,4075.20669
2026-06-11 08:00:00,4075.10085,4077.67328,4036.88669,4048.16007
2026-06-11 09:00:00,4049.64576,4064.98718,4023.49722,4049.15936
2026-06-11 10:00:00,4048.47315,4077.63823,4039.09847,4076.80783
2026-06-11 11:00:00,4076.28737,4116.97393,4067.6863,4099.03049
2026-06-11 12:00:00,4099.76491,4102.90075,4054.328,4073.99852
2026-06-11 13:00:00,4071.83098,4078.13711,4058.771,4074.71217
2026-06-11 14:00:00,4074.93071,4085.94321,4070.83661,4082.17731
2026-06-11 15:00:00,4082.65812,4110.87397,4072.32448,4095.25775
2026-06-11 16:00:00,4095.538,4098.05802,4076.47466,4093.19603
2026-06-11 17:00:00,4093.70185,4109.71566,4093.70185,4105.27161
2026-06-11 18:00:00,4104.54999,4112.51851,4085.83583,4086.04396
2026-06-11 19:00:00,4086.42472,4095.84272,4078.30343,4090.92391
2026-06-11 20:00:00,4091.23853,4095.17179,4086.80371,4090.43813
2026-06-11 21:00:00,4090.21915,4095.33319,4080.38039,4081.33013
2026-06-11 22:00:00,4082.59694,4089.24388,4057.78283,4076.53213
2026-06-11 23:00:00,4077.91039,4092.12968,4068.67931,4085.68164
2026-06-12 00:00:00,4086.13113,4087.68863,4053.79247,4077.52026
2026-06-12 01:00:00,4075.75577,4094.16581,4072.49033,4089.00474
2026-06-12 02:00:00,4088.36808,4106.10167,4078.96884,4082.22428
2026-06-12 03:00:00,4081.67764,4169.09864,4072.32448,4157.16455
2026-06-12 04:00:00,4156.44554,4170.48962,4131.04718,4163.68891
2026-06-12 05:00:00,4163.09599,4217.98549,4160.90257,4208.47397
2026-06-12 06:00:00,4209.45863,4217.15869,4205.98937,4211.07514
2026-06-12 07:00:00,4211.30068,4215.90845,4210.70361,4215.85115
2026-06-12 08:00:00,4215.73932,4245.20292,4206.52138,4243.5815
2026-06-12 09:00:00,4243.25224,4243.93197,4213.78717,4219.76087
2026-06-12 10:00:00,4220.12879,4229.87044,4201.50414,4204.94301
2026-06-12 11:00:00,4203.30225,4207.3376,4172.05557,4186.99291
2026-06-12 12:00:00,4187.45272,4199.56325,4182.80857,4191.57019
2026-06-12 13:00:00,4189.81239,4204.67584,4189.81239,4198.19253
2026-06-12 14:00:00,4198.95763,4200.97463,4190.06117,4190.71136
2026-06-12 15:00:00,4191.07794,4192.34478,4171.53346,4172.04886
2026-06-12 16:00:00,4172.97977,4186.17047,4171.59508,4182.67135
2026-06-12 17:00:00,4181.72847,4187.80262,4170.14178,4181.90264
2026-06-12 18:00:00,4181.16876,4225.47114,4181.16876,4221.41302
2026-06-12 19:00:00,4222.04787,4229.55647,4218.34135,4223.2987
2026-06-12 20:00:00,4223.63754,4226.28406,4203.62352,4212.69193
2026-06-12 21:00:00,4212.04364,4215.31847,4199.03422,4208.00312
2026-06-12 22:00:00,4209.15525,4215.14079,4190.12355,4190.25349
2026-06-12 23:00:00,4190.75164,4215.81324,4182.70035,4186.25177
2026-06-13 00:00:00,4186.97181,4206.25403,4168.76731,4206.01418
2026-06-13 01:00:00,4205.54457,4237.39412,4200.61255,4213.07113
2026-06-13 02:00:00,4213.31446,4231.55044,4208.22287,4217.24462
2026-06-13 03:00:00,4216.91603,4225.01031,4213.85732,4221.54264
2026-06-13 04:00:00,4221.43017,4235.28608,4216.08347,4216.6434
2026-06-13 05:00:00,4217.82192,4218.72833,4202.21036,4209.85993
2026-06-13 06:00:00,4208.65599,4219.363,4208.65599,4217.96336
2026-06-13 07:00:00,4218.56207,4221.12451,4215.14079,4215.38275
2026-06-13 08:00:00,4215.29714,4215.48473,4215.22208,4215.3665
2026-06-13 09:00:00,4215.2923,4215.47538,4215.22002,4215.34723
2026-06-13 10:00:00,4215.28681,4215.48125,4215.22683,4215.35197
2026-06-13 11:00:00,4215.29019,4215.4789,4215.22402,4215.37719
2026-06-13 12:00:00,4215.30418,4215.47828,4215.22327,4215.38079
2026-06-13 13:00:00,4215.28982,4215.48146,4215.22043,4215.39033
2026-06-13 14:00:00,4215.28648,4215.48005,4215.22351,4215.27642
2026-06-13 15:00:00,4215.29181,4215.48147,4215.22578,4215.26515
2026-06-13 16:00:00,4215.29004,4215.47765,4215.2215,4215.25605
2026-06-13 17:00:00,4215.28579,4215.47969,4215.22126,4215.25857
2026-06-13 18:00:00,4215.28933,4215.48862,4215.22405,4215.25824
2026-06-13 19:00:00,4215.28749,4215.48627,4215.22298,4215.27113
2026-06-13 20:00:00,4215.29123,4215.48147,4215.22406,4215.27711
2026-06-13 21:00:00,4215.28625,4215.48439,4215.22329,4215.34944
2026-06-13 22:00:00,4215.29537,4215.48505,4215.2322,4215.33327
2026-06-13 23:00:00,4215.29537,4215.48505,4215.2322,4215.33202
2026-06-14 00:00:00,4215.29537,4215.48505,4215.2322,4215.34836
2026-06-14 01:00:00,4215.29537,4215.4847,4215.2322,4215.36321
2026-06-14 02:00:00,4215.29537,4215.48505,4215.23234,4215.37552
2026-06-14 03:00:00,4215.29537,4215.48505,4215.2322,4215.38445
2026-06-14 04:00:00,4215.29537,4215.48505,4215.2322,4215.38935
2026-06-14 05:00:00,4215.29537,4215.48505,4215.23221,4215.3899
2026-06-14 06:00:00,4215.29537,4215.48505,4215.23221,4215.38604
2026-06-14 07:00:00,4215.29537,4215.48468,4215.23221,4215.37437
2026-06-14 08:00:00,4215.29181,4215.48149,4215.2288,4215.36278
2026-06-14 09:00:00,4215.29181,4215.48149,4215.22864,4215.34843
2026-06-14 10:00:00,4215.29181,4215.48149,4215.22864,4215.36087
2026-06-14 11:00:00,4215.29181,4215.48149,4215.22865,4215.37578
2026-06-14 12:00:00,4215.29181,4215.48149,4215.22865,4215.38846
2026-06-14 13:00:00,4215.29181,4215.48149,4215.22865,4215.28495
2026-06-14 14:00:00,4215.29181,4215.48114,4215.22865,4215.27315
2026-06-14 15:00:00,4215.29181,4215.48149,4215.22879,4215.26486
2026-06-14 16:00:00,4215.29181,4215.4815,4215.22865,4215.26066
2026-06-14 17:00:00,4215.29181,4215.4815,4215.22865,4215.26085
2026-06-14 18:00:00,4215.29181,4215.4815,4215.22865,4215.26542
2026-06-14 19:00:00,4215.29181,4215.4815,4215.22866,4215.27404
2026-06-14 20:00:00,4215.29181,4215.48112,4215.22866,4215.28612
2026-06-14 21:00:00,4215.29181,4215.4815,4215.22877,4215.34068
2026-06-14 22:00:00,4215.29181,4215.4815,4215.22866,4215.3247
2026-06-14 23:00:00,4215.29181,4215.4815,4215.22866,4215.33378
2026-06-15 00:00:00,4215.29181,4215.4815,4215.22866,4215.34976
2026-06-15 01:00:00,4215.29181,4215.4815,4215.22866,4215.36391
2026-06-15 02:00:00,4215.29181,4215.4815,4215.22867,4215.37522
2026-06-15 03:00:00,4215.29181,4215.4811,4215.22867,4215.38292
2026-06-15 04:00:00,4215.29181,4215.47972,4215.21632,4215.37231
2026-06-15 05:00:00,4215.27795,4215.47377,4215.21553,4215.37302
2026-06-15 06:00:00,4215.27903,4215.48149,4215.22408,4215.36946
2026-06-15 07:00:00,4215.28083,4223.50805,4213.19131,4219.30936
2026-06-15 08:00:00,4219.33985,4306.49146,4219.33985,4289.04297
2026-06-15 09:00:00,4289.42797,4294.97917,4281.37175,4294.87052
2026-06-15 10:00:00,4294.70179,4307.00319,4292.24826,4294.11045
2026-06-15 11:00:00,4294.16868,4319.27652,4286.75609,4316.49941
2026-06-15 12:00:00,4316.8167,4335.76807,4316.41894,4328.4257
2026-06-15 13:00:00,4328.59895,4331.34754,4321.70794,4324.08299
2026-06-15 14:00:00,4324.13435,4329.37917,4321.70794,4328.51195
2026-06-15 15:00:00,4328.305,4333.50667,4308.48772,4310.97787
2026-06-15 16:00:00,4310.72482,4312.94747,4299.29446,4308.82855
2026-06-15 17:00:00,4309.28056,4324.69835,4305.64555,4324.37382
2026-06-15 18:00:00,4323.72951,4345.37001,4323.20263,4335.85031
2026-06-15 19:00:00,4335.68142,4344.70979,4334.82162,4340.65426
2026-06-15 20:00:00,4340.11274,4341.326,4335.11854,4338.4895
2026-06-15 21:00:00,4338.36164,4347.25905,4332.56791,4335.50629
2026-06-15 22:00:00,4335.39281,4349.52808,4325.82082,4348.42567
2026-06-15 23:00:00,4348.49871,4366.24023,4342.094,4356.7394
2026-06-16 00:00:00,4358.08472,4367.57512,4354.64205,4358.45756
2026-06-16 01:00:00,4359.40437,4359.76806,4349.45237,4359.01237
2026-06-16 02:00:00,4358.35681,4358.43794,4334.08301,4339.03231
2026-06-16 03:00:00,4339.08851,4339.69483,4321.1477,4323.86221
2026-06-16 04:00:00,4323.39753,4327.76579,4319.09472,4325.50411
2026-06-16 05:00:00,4325.58346,4326.09264,4317.27758,4320.09947
2026-06-16 06:00:00,4319.67096,4322.35276,4306.63221,4309.42435
2026-06-16 07:00:00,4309.05706,4309.68198,4308.66724,4309.6414
2026-06-16 08:00:00,4309.45375,4314.80842,4306.21952,4312.43626
2026-06-16 09:00:00,4312.64967,4318.90818,4312.01759,4316.60662
2026-06-16 10:00:00,4316.88622,4319.72529,4307.37422,4318.19141
2026-06-16 11:00:00,4318.47337,4325.70059,4312.57547,4312.67825
2026-06-16 12:00:00,4312.90831,4321.1477,4308.11649,4320.883
2026-06-16 13:00:00,4320.37151,4333.36199,4316.11205,4330.46731
2026-06-16 14:00:00,4330.65035,4331.44194,4321.33443,4322.15189
2026-06-16 15:00:00,4322.32092,4329.75407,4315.21188,4315.54404
2026-06-16 16:00:00,4315.98826,4324.05172,4313.88967,4323.75796
2026-06-16 17:00:00,4323.14454,4335.38542,4322.61765,4335.13422
2026-06-16 18:00:00,4334.78422,4346.2746,4333.31889,4344.83258
2026-06-16 19:00:00,4344.88959,4348.01513,4338.95952,4345.95539
2026-06-16 20:00:00,4345.86437,4348.77147,4342.7281,4348.25678
2026-06-16 21:00:00,4347.61677,4349.3389,4336.27324,4339.37855
2026-06-16 22:00:00,4339.30284,4355.91345,4336.65645,4352.76865
2026-06-16 23:00:00,4353.035,4355.72565,4332.19252,4332.83289
2026-06-17 00:00:00,4332.83017,4338.20659,4314.99461,4323.71917
2026-06-17 01:00:00,4323.60021,4343.52077,4321.89472,4338.72609
2026-06-17 02:00:00,4340.27617,4347.15956,4334.95229,4341.20035
2026-06-17 03:00:00,4341.71763,4341.71763,4325.75809,4339.63785
2026-06-17 04:00:00,4339.72564,4343.5832,4336.7015,4337.65878
2026-06-17 05:00:00,4338.12307,4342.9167,4330.4819,4330.98996
2026-06-17 06:00:00,4331.96238,4335.00954,4329.5239,4331.36946
2026-06-17 07:00:00,4331.25761,4331.69762,4330.87917,4331.36162
2026-06-17 08:00:00,4331.30498,4336.7015,4329.19174,4335.78862
2026-06-17 09:00:00,4335.58761,4337.83022,4329.75407,4330.89486
2026-06-17 10:00:00,4330.74672,4341.03143,4329.92329,4336.24744
2026-06-17 11:00:00,4336.27539,4349.52808,4336.14492,4340.96256
2026-06-17 12:00:00,4341.16331,4345.0389,4329.80474,4332.65663
2026-06-17 13:00:00,4333.04834,4334.25798,4329.56661,4331.32318
2026-06-17 14:00:00,4331.35942,4332.94337,4319.65443,4324.39848
2026-06-17 15:00:00,4324.28682,4333.69447,4321.26913,4325.3365
2026-06-17 16:00:00,4325.50393,4331.32675,4321.70794,4331.15098
2026-06-17 17:00:00,4330.62309,4333.69447,4324.69835,4324.98962
2026-06-17 18:00:00,4325.44659,4327.69291,4317.27296,4325.37164
2026-06-17 19:00:00,4325.18685,4334.20934,4321.70794,4329.38813
2026-06-17 20:00:00,4329.01035,4334.44584,4326.3002,4331.673
2026-06-17 21:00:00,4332.07835,4332.07835,4321.1477,4322.80405
2026-06-17 22:00:00,4322.29888,4335.00954,4320.02765,4333.01654
2026-06-17 23:00:00,4332.93971,4343.85995,4323.52001,4341.11188
2026-06-18 00:00:00,4341.21759,4361.8599,4336.68602,4344.84262
2026-06-18 01:00:00,4345.2339,4363.95374,4344.61485,4362.41418
2026-06-18 02:00:00,4362.82539,4366.43088,4355.78012,4358.72319
2026-06-18 03:00:00,4358.04788,4383.27343,4355.66669,4378.23142
2026-06-18 04:00:00,4378.68852,4383.61801,4272.63378,4283.0714
2026-06-18 05:00:00,4285.24526,4294.71704,4220.01613,4237.60798
2026-06-18 06:00:00,4238.19209,4268.26087,4236.3906,4258.07298
2026-06-18 07:00:00,4257.66935,4259.07011,4256.58707,4258.73036
2026-06-18 08:00:00,4258.65177,4270.949,4255.68133,4267.13454
2026-06-18 09:00:00,4267.74428,4283.76562,4264.39232,4276.08418
2026-06-18 10:00:00,4275.16274,4314.62225,4275.16274,4310.87917
2026-06-18 11:00:00,4312.0293,4328.7481,4307.5483,4319.30865
2026-06-18 12:00:00,4319.17984,4329.94155,4310.71644,4311.54856
2026-06-18 13:00:00,4311.53411,4322.642,4309.04472,4319.21221
2026-06-18 14:00:00,4319.38616,4323.38954,4309.3707,4316.11555
2026-06-18 15:00:00,4316.20442,4323.95036,4300.47274,4308.1775
2026-06-18 16:00:00,4308.26601,4309.04468,4296.45542,4306.21743
2026-06-18 17:00:00,4305.39162,4309.41607,4287.42926,4287.85809
2026-06-18 18:00:00,4288.68212,4292.76669,4266.93975,4267.32439
2026-06-18 19:00:00,4267.72303,4273.13905,4259.76896,4271.15373
2026-06-18 20:00:00,4270.25432,4271.67877,4254.95702,4255.18663
2026-06-18 21:00:00,4255.59592,4255.69418,4240.70226,4240.81586
2026-06-18 22:00:00,4241.21775,4269.30795,4239.7327,4247.61844
2026-06-18 23:00:00,4247.05269,4275.14856,4245.56339,4253.12962
2026-06-19 00:00:00,4253.40826,4255.50023,4239.109,4251.26165
2026-06-19 01:00:00,4247.62294,4254.59496,4223.73647,4229.19424
2026-06-19 02:00:00,4229.21241,4232.62325,4214.01683,4217.39301
2026-06-19 03:00:00,4216.36433,4232.98341,4216.36433,4231.06272
2026-06-19 04:00:00,4231.44499,4232.80423,4218.69727,4220.38987
2026-06-19 05:00:00,4220.47442,4220.60144,4202.11632,4217.20221
2026-06-19 06:00:00,4216.62815,4219.76538,4208.04578,4209.12291
2026-06-19 07:00:00,4208.51583,4210.36044,4208.51583,4209.59286
2026-06-19 08:00:00,4209.50717,4211.05824,4202.74019,4208.07847
2026-06-19 09:00:00,4208.11986,4209.66435,4186.90337,4187.97614
2026-06-19 10:00:00,4187.83831,4198.68161,4183.1412,4191.00615
2026-06-19 11:00:00,4190.75515,4193.92719,4184.27549,4184.64365
2026-06-19 12:00:00,4184.9491,4185.8961,4172.57782,4176.72757
2026-06-19 13:00:00,4176.51119,4176.93497,4150.21274,4152.19837
2026-06-19 14:00:00,4155.97643,4157.63769,4125.58274,4125.88226
2026-06-19 15:00:00,4126.18913,4141.64423,4122.52133,4139.27104
2026-06-19 16:00:00,4138.92749,4149.72197,4133.05611,4149.06996
2026-06-19 17:00:00,4148.89843,4161.29166,4148.00475,4160.94355
2026-06-19 18:00:00,4160.0622,4178.54483,4155.7578,4165.95128
2026-06-19 19:00:00,4166.45885,4171.01147,4160.89918,4162.58379
2026-06-19 20:00:00,4163.47603,4163.47603,4149.54977,4149.69632
2026-06-19 21:00:00,4149.81294,4155.40781,4139.97416,4152.46136
2026-06-19 22:00:00,4152.38986,4177.45843,4145.39414,4177.08057
2026-06-19 23:00:00,4176.42012,4183.38096,4152.86908,4153.66515
2026-06-20 00:00:00,4155.2545,4155.2545,4144.04708,4149.84371
2026-06-20 01:00:00,4149.57079,4154.37664,4147.13248,4150.38088
2026-06-20 02:00:00,4150.40792,4159.65116,4144.90591,4154.75204
2026-06-20 03:00:00,4154.80117,4160.25294,4154.54121,4159.92818
2026-06-20 04:00:00,4159.90794,4160.47464,4156.27598,4156.71676
2026-06-20 05:00:00,4156.62998,4156.78821,4156.27598,4156.52781
2026-06-20 06:00:00,4156.54731,4156.82529,4155.93051,4156.6112
2026-06-20 07:00:00,4156.46111,4156.74785,4156.27598,4156.53237
2026-06-20 08:00:00,4156.56276,4156.7484,4156.4935,4156.53544
2026-06-20 09:00:00,4156.56103,4156.74196,4156.47968,4156.52566
2026-06-20 10:00:00,4156.54308,4156.7393,4156.48319,4156.53799
2026-06-20 11:00:00,4156.54261,4156.73839,4156.48026,4156.59973
2026-06-20 12:00:00,4156.54916,4156.73498,4156.48152,4156.60304
2026-06-20 13:00:00,4156.54212,4156.74371,4156.48221,4156.6088
2026-06-20 14:00:00,4156.54176,4156.73506,4156.48012,4156.61661
2026-06-20 15:00:00,4156.54863,4156.73928,4156.4815,4156.62519
2026-06-20 16:00:00,4156.55377,4156.73752,4156.48172,4156.63036
2026-06-20 17:00:00,4156.54634,4156.73622,4156.48152,4156.6393
2026-06-20 18:00:00,4156.54828,4156.73586,4156.48148,4156.63546
2026-06-20 19:00:00,4156.54064,4156.73822,4156.48175,4156.64806
2026-06-20 20:00:00,4156.55551,4156.74439,4156.48179,4156.62847
2026-06-20 21:00:00,4156.5411,4156.7366,4156.47968,4156.61876
2026-06-20 22:00:00,4156.54202,4156.72895,4156.47968,4156.60601
2026-06-20 23:00:00,4156.54202,4156.72894,4156.47968,4156.60135
2026-06-21 00:00:00,4156.54202,4156.72896,4156.48015,4156.61684
2026-06-21 01:00:00,4156.54202,4156.72896,4156.47968,4156.63068
2026-06-21 02:00:00,4156.54202,4156.72896,4156.47968,4156.64193
2026-06-21 03:00:00,4156.54202,4156.72896,4156.47968,4156.52972
2026-06-21 04:00:00,4156.54202,4156.72896,4156.47968,4156.51953
2026-06-21 05:00:00,4156.54202,4156.72897,4156.47968,4156.51309
2026-06-21 06:00:00,4156.54202,4156.72893,4156.48013,4156.51085
2026-06-21 07:00:00,4156.54202,4156.72897,4156.47968,4156.51637
2026-06-21 08:00:00,4156.54548,4156.73244,4156.48313,4156.52265
2026-06-21 09:00:00,4156.54548,4156.73244,4156.48313,4156.5327
2026-06-21 10:00:00,4156.54548,4156.73244,4156.48313,4156.60282
2026-06-21 11:00:00,4156.54548,4156.73245,4156.48314,4156.5868
2026-06-21 12:00:00,4156.54548,4156.73235,4156.48314,4156.57747
2026-06-21 13:00:00,4156.54548,4156.73245,4156.48352,4156.59378
2026-06-21 14:00:00,4156.54548,4156.73245,4156.48314,4156.6089
2026-06-21 15:00:00,4156.54548,4156.73245,4156.48314,4156.62176
2026-06-21 16:00:00,4156.54548,4156.73245,4156.48314,4156.63146
2026-06-21 17:00:00,4156.54548,4156.73245,4156.48314,4156.63733
2026-06-21 18:00:00,4156.54548,4156.73234,4156.48314,4156.63897
2026-06-21 19:00:00,4156.54548,4156.73246,4156.48351,4156.63624
2026-06-21 20:00:00,4156.54548,4156.73246,4156.48314,4156.62935
2026-06-21 21:00:00,4156.54548,4156.73246,4156.48314,4156.61878
2026-06-21 22:00:00,4156.54548,4156.73246,4156.48314,4156.60526
2026-06-21 23:00:00,4156.54548,4156.73246,4156.48314,4156.60945
2026-06-22 00:00:00,4156.54548,4156.73246,4156.48314,4156.62456
2026-06-22 01:00:00,4156.54548,4156.73232,4156.48314,4156.63774
2026-06-22 02:00:00,4156.54548,4156.73246,4156.48349,4156.54227
2026-06-22 03:00:00,4156.54548,4156.73247,4156.48314,4156.52984
2026-06-22 04:00:00,4156.54548,4156.73938,4156.44873,4156.52577
2026-06-22 05:00:00,4156.54911,4156.78677,4156.49181,4156.52766
2026-06-22 06:00:00,4156.55723,4157.44038,4155.23976,4156.5162
2026-06-22 07:00:00,4156.54721,4156.76142,4156.38092,4156.52801
2026-06-22 08:00:00,4156.55584,4165.89386,4143.36027,4156.57938
2026-06-22 09:00:00,4156.48806,4164.58437,4135.46633,4141.37652
2026-06-22 10:00:00,4141.3067,4199.33688,4138.08309,4194.08601
2026-06-22 11:00:00,4195.59055,4216.38487,4188.74794,4191.12528
2026-06-22 12:00:00,4191.76065,4198.32907,4183.40027,4188.7928
2026-06-22 13:00:00,4188.99311,4189.88562,4171.01147,4172.32703
2026-06-22 14:00:00,4172.16321,4181.65092,4170.81089,4181.30687
2026-06-22 15:00:00,4180.46242,4197.91821,4179.72832,4195.27403
2026-06-22 16:00:00,4195.1909,4207.16059,4190.89796,4197.93641
2026-06-22 17:00:00,4199.11387,4201.68067,4189.35903,4190.80451
2026-06-22 18:00:00,4190.43518,4197.14583,4187.72624,4195.08009
2026-06-22 19:00:00,4195.40455,4210.92999,4195.40455,4208.72176
2026-06-22 20:00:00,4208.95892,4214.2526,4204.33046,4204.5525
2026-06-22 21:00:00,4204.60023,4214.07501,4200.8124,4206.60862
2026-06-22 22:00:00,4205.77301,4211.41293,4193.22047,4193.62349
2026-06-22 23:00:00,4194.23207,4204.86082,4182.9198,4200.68293
2026-06-23 00:00:00,4201.2858,4209.64008,4187.95544,4199.18826
2026-06-23 01:00:00,4198.89846,4199.74964,4172.05557,4185.41544
2026-06-23 02:00:00,4184.84029,4190.41234,4174.94238,4190.07087
2026-06-23 03:00:00,4189.20597,4192.1995,4178.33117,4182.61446
2026-06-23 04:00:00,4182.64603,4192.52054,4182.64603,4190.89199
2026-06-23 05:00:00,4190.94433,4192.87212,4184.62569,4191.73515
2026-06-23 06:00:00,4190.82929,4194.279,4188.22541,4191.78368
2026-06-23 07:00:00,4192.03092,4192.03092,4191.11484,4191.71305
2026-06-23 08:00:00,4191.61903,4194.45493,4188.48002,4190.22735
2026-06-23 09:00:00,4189.6501,4195.10073,4187.95544,4189.17623
2026-06-23 10:00:00,4189.13162,4194.9828,4178.85499,4193.44278
2026-06-23 11:00:00,4193.11026,4195.86288,4151.10004,4161.46108
2026-06-23 12:00:00,4161.0084,4163.56001,4148.18684,4149.14398
2026-06-23 13:00:00,4151.24322,4151.24322,4131.26461,4143.99242
2026-06-23 14:00:00,4143.41341,4146.45271,4121.21679,4123.33723
2026-06-23 15:00:00,4126.05721,4137.01804,4116.10761,4121.41981
2026-06-23 16:00:00,4120.67585,4127.28548,4109.60594,4115.71742
2026-06-23 17:00:00,4116.51058,4126.99321,4097.85682,4099.01496
2026-06-23 18:00:00,4099.25886,4110.65894,4092.15534,4103.62106
2026-06-23 19:00:00,4103.99602,4120.14338,4103.57421,4119.27617
2026-06-23 20:00:00,4119.45816,4132.2314,4112.42872,4120.41927
2026-06-23 21:00:00,4120.54946,4130.6952,4117.59862,4126.119
2026-06-23 22:00:00,4125.04993,4127.14839,4112.51851,4114.5209
2026-06-23 23:00:00,4115.43922,4139.41551,4105.49574,4137.04835
2026-06-24 00:00:00,4135.71605,4141.81577,4123.03125,4128.97396
2026-06-24 01:00:00,4128.51723,4140.95822,4123.49469,4138.3514
2026-06-24 02:00:00,4138.24906,4143.01694,4131.71921,4132.71109
2026-06-24 03:00:00,4132.6601,4140.44386,4127.96698,4129.08504
2026-06-24 04:00:00,4129.03891,4131.14394,4113.36432,4117.26375
2026-06-24 05:00:00,4116.7778,4125.07219,4113.74299,4113.91042
2026-06-24 06:00:00,4114.16871,4114.92002,4107.78837,4110.44546
2026-06-24 07:00:00,4109.93157,4111.0518,4109.93157,4110.42187
2026-06-24 08:00:00,4110.33453,4114.71835,4098.02475,4106.25173
2026-06-24 09:00:00,4106.32126,4106.32126,4081.96587,4099.12637
2026-06-24 10:00:00,4099.83445,4112.51851,4093.64613,4094.3685
2026-06-24 11:00:00,4095.32367,4101.04987,4067.52085,4089.18575
2026-06-24 12:00:00,4088.75168,4094.66874,4054.49238,4064.34621
2026-06-24 13:00:00,4065.20962,4070.09586,4050.56143,4062.60218
2026-06-24 14:00:00,4062.6361,4066.69378,4055.47895,4066.55553
2026-06-24 15:00:00,4066.03423,4085.1342,4060.91039,4076.52329
2026-06-24 16:00:00,4076.50098,4096.68169,4072.36169,4086.24091
2026-06-24 17:00:00,4086.7437,4090.67227,4074.48152,4075.68845
2026-06-24 18:00:00,4075.42834,4087.80607,4073.17633,4076.95117
2026-06-24 19:00:00,4077.25046,4079.51551,4064.87541,4065.20765
2026-06-24 20:00:00,4065.3871,4066.03237,4055.15004,4055.99748
2026-06-24 21:00:00,4056.97339,4058.25804,4037.3047,4046.96552
2026-06-24 22:00:00,4047.89801,4049.01018,3991.19791,3992.99029
2026-06-24 23:00:00,3995.33519,4040.5673,3965.42152,4032.71986
2026-06-25 00:00:00,4034.04688,4037.3047,4004.16433,4006.68114
2026-06-25 01:00:00,4006.04917,4016.83758,3999.04023,4001.96806
2026-06-25 02:00:00,4002.92054,4022.53945,3995.4807,4007.14851
2026-06-25 03:00:00,4007.64267,4011.23145,3973.6152,3974.21084
2026-06-25 04:00:00,3975.19768,3993.13181,3961.49428,3980.66584
2026-06-25 05:00:00,3981.15596,3988.88948,3974.35303,3988.15991
2026-06-25 06:00:00,3987.66422,4002.40808,3983.37623,4001.11524
2026-06-25 07:00:00,4000.57448,4000.96031,3998.72041,4000.768
2026-06-25 08:00:00,4000.78255,4009.14084,3994.40783,3996.45623
2026-06-25 09:00:00,3996.77318,4018.32356,3991.20288,4010.20002
2026-06-25 10:00:00,4010.60494,4016.06426,3978.89218,3991.43205
2026-06-25 11:00:00,3993.27432,4003.68339,3973.45731,3974.06573
2026-06-25 12:00:00,3975.42104,3990.42298,3964.41385,3982.40256
2026-06-25 13:00:00,3981.81656,4003.62578,3967.46677,3996.55985
2026-06-25 14:00:00,3996.31229,3997.28185,3984.06375,3995.94267
2026-06-25 15:00:00,3995.80255,3999.68003,3981.52572,3990.32602
2026-06-25 16:00:00,3990.00539,3991.20353,3973.75315,3976.77648
2026-06-25 17:00:00,3977.62244,3989.4678,3972.98371,3987.20098
2026-06-25 18:00:00,3985.3043,4001.60064,3985.3043,3989.40351
2026-06-25 19:00:00,3989.71296,3998.12727,3987.68983,3989.33223
2026-06-25 20:00:00,3989.9258,3989.9258,3981.68425,3982.95634
2026-06-25 21:00:00,3982.47753,3987.40031,3973.42665,3980.16878
2026-06-25 22:00:00,3980.5188,4018.00064,3971.54328,4010.5468
2026-06-25 23:00:00,4011.09356,4034.29953,4003.04231,4005.59579
2026-06-26 00:00:00,4005.03241,4027.31218,4002.33994,4013.38101
2026-06-26 01:00:00,4013.62222,4041.54945,4005.60785,4039.71301
2026-06-26 02:00:00,4040.15361,4043.83517,4022.84979,4028.58865
2026-06-26 03:00:00,4028.37725,4036.32694,4027.54843,4035.76793
2026-06-26 04:00:00,4035.73517,4044.57442,4027.87288,4034.63596
2026-06-26 05:00:00,4035.04835,4043.50815,4021.71727,4026.20618
2026-06-26 06:00:00,4025.66184,4035.46995,4024.02234,4026.44634
2026-06-26 07:00:00,4026.49141,4027.77173,4026.49141,4027.66232
2026-06-26 08:00:00,4027.59061,4036.16403,4021.26305,4026.65517
2026-06-26 09:00:00,4026.49341,4031.34339,4013.31632,4013.46148
2026-06-26 10:00:00,4013.78669,4023.82102,4012.19708,4022.69729
2026-06-26 11:00:00,4021.32748,4029.49591,4014.93556,4020.23346
2026-06-26 12:00:00,4019.93055,4022.52615,3984.06375,3991.23932
2026-06-26 13:00:00,3988.66144,4007.01612,3986.13583,4003.06952
2026-06-26 14:00:00,4003.35948,4015.41921,3998.99891,4013.41772
2026-06-26 15:00:00,4013.41805,4021.02483,4006.89185,4008.2752
2026-06-26 16:00:00,4009.04124,4032.09548,4005.20027,4031.90538
2026-06-26 17:00:00,4031.45691,4040.40404,4027.22403,4030.57161
2026-06-26 18:00:00,4030.6342,4037.63072,4025.60283,4031.38657
2026-06-26 19:00:00,4031.1586,4055.15004,4029.76903,4049.04382
2026-06-26 20:00:00,4048.95277,4054.2095,4042.36397,4052.97465
2026-06-26 21:00:00,4053.18992,4055.31449,4042.69484,4045.52212
2026-06-26 22:00:00,4045.54573,4060.53331,4036.04364,4059.06601
2026-06-26 23:00:00,4057.18199,4076.80704,4039.42379,4076.35901
2026-06-27 00:00:00,4075.15845,4090.98347,4068.84485,4083.14879
2026-06-27 01:00:00,4084.86386,4095.31638,4075.43471,4089.95839
2026-06-27 02:00:00,4090.1456,4094.40064,4082.29915,4084.78937
2026-06-27 03:00:00,4084.93888,4087.97318,4073.79773,4074.00806
2026-06-27 04:00:00,4074.53166,4079.39386,4067.96856,4068.16761
2026-06-27 05:00:00,4068.43939,4074.81358,4064.71019,4073.55463
2026-06-27 06:00:00,4074.04155,4089.31054,4063.81756,4088.92554
2026-06-27 07:00:00,4088.78641,4091.22487,4080.76694,4080.88206
2026-06-27 08:00:00,4080.82648,4081.00837,4080.75867,4080.86314
2026-06-27 09:00:00,4080.82164,4081.00672,4080.75738,4080.85062
2026-06-27 10:00:00,4080.81813,4081.00492,4080.75567,4080.86659
2026-06-27 11:00:00,4080.81796,4081.00422,4080.75528,4080.87965
2026-06-27 12:00:00,4080.81596,4081.00672,4080.76028,4080.8921
2026-06-27 13:00:00,4080.81576,4081.00404,4080.75861,4080.90468
2026-06-27 14:00:00,4080.81923,4081.01002,4080.76064,4080.90857
2026-06-27 15:00:00,4080.8175,4081.00557,4080.75694,4080.91157
2026-06-27 16:00:00,4080.81916,4081.01002,4080.75914,4080.91034
2026-06-27 17:00:00,4080.82085,4081.00707,4080.76043,4080.90337
2026-06-27 18:00:00,4080.82093,4081.00566,4080.75915,4080.89282
2026-06-27 19:00:00,4080.82104,4081.01073,4080.76146,4080.87942
2026-06-27 20:00:00,4080.82119,4081.0056,4080.76027,4080.88753
2026-06-27 21:00:00,4080.82135,4081.00745,4080.76027,4080.90004
2026-06-27 22:00:00,4080.82149,4081.00503,4080.76027,4080.91281
2026-06-27 23:00:00,4080.82149,4081.00503,4080.76071,4080.81746
2026-06-28 00:00:00,4080.82149,4081.00498,4080.76027,4080.80544
2026-06-28 01:00:00,4080.82149,4081.00502,4080.76027,4080.79669
2026-06-28 02:00:00,4080.82149,4081.00502,4080.76027,4080.7918
2026-06-28 03:00:00,4080.82149,4081.00502,4080.76027,4080.79113
2026-06-28 04:00:00,4080.82149,4081.00502,4080.76027,4080.79473
2026-06-28 05:00:00,4080.82149,4081.00502,4080.76073,4080.80233
2026-06-28 06:00:00,4080.82149,4081.00499,4080.76027,4080.81341
2026-06-28 07:00:00,4080.82149,4081.00501,4080.76027,4080.8737
2026-06-28 08:00:00,4080.82315,4081.00667,4080.76194,4080.8581
2026-06-28 09:00:00,4080.82315,4081.00667,4080.76194,4080.86047
2026-06-28 10:00:00,4080.82315,4081.00668,4080.76194,4080.87618
2026-06-28 11:00:00,4080.82315,4081.00666,4080.76194,4080.89032
2026-06-28 12:00:00,4080.82315,4081.00668,4080.7624,4080.90191
2026-06-28 13:00:00,4080.82315,4081.00668,4080.76194,4080.91013
2026-06-28 14:00:00,4080.82315,4081.00668,4080.76194,4080.91441
2026-06-28 15:00:00,4080.82315,4081.00668,4080.76194,4080.91445
2026-06-28 16:00:00,4080.82315,4081.00669,4080.76194,4080.91025
2026-06-28 17:00:00,4080.82315,4081.00665,4080.76194,4080.9021
2026-06-28 18:00:00,4080.82315,4081.00669,4080.76238,4080.89056
2026-06-28 19:00:00,4080.82315,4081.00669,4080.76194,4080.87646
2026-06-28 20:00:00,4080.82315,4081.00669,4080.76194,4080.89152
2026-06-28 21:00:00,4080.82315,4081.00669,4080.76194,4080.90578
2026-06-28 22:00:00,4080.82315,4081.00669,4080.76194,4080.91779
2026-06-28 23:00:00,4080.82315,4081.0067,4080.76194,4080.81523
2026-06-29 00:00:00,4080.82315,4081.00664,4080.76194,4080.80411
2026-06-29 01:00:00,4080.82315,4081.0067,4080.76236,4080.79646
2026-06-29 02:00:00,4080.82315,4081.0067,4080.76194,4080.79282
2026-06-29 03:00:00,4080.82315,4081.0067,4080.76194,4080.79343
2026-06-29 04:00:00,4080.82315,4081.13292,4080.74566,4080.80642
2026-06-29 05:00:00,4080.83117,4081.01495,4080.75567,4080.80241
2026-06-29 06:00:00,4080.82239,4081.0092,4080.63331,4080.80878
2026-06-29 07:00:00,4080.82962,4089.97955,4079.88539,4089.72531
2026-06-29 08:00:00,4089.63666,4092.0206,4055.31449,4067.03395
2026-06-29 09:00:00,4068.30942,4070.16973,4052.39942,4063.9055
2026-06-29 10:00:00,4064.02398,4073.48568,4048.91084,4071.47852
2026-06-29 11:00:00,4071.62831,4074.64754,4054.24952,4061.20105
2026-06-29 12:00:00,4061.37088,4071.81735,4056.98902,4066.86925
2026-06-29 13:00:00,4067.18023,4074.81358,4065.53645,4068.94887
2026-06-29 14:00:00,4068.76367,4069.63462,4049.5667,4049.81034
2026-06-29 15:00:00,4050.32701,4059.40007,4039.91435,4056.90312
2026-06-29 16:00:00,4056.03027,4065.04065,4053.99927,4062.34059
2026-06-29 17:00:00,4062.39133,4068.51377,4057.45354,4062.28304
2026-06-29 18:00:00,4063.19776,4067.35541,4045.30744,4045.86592
2026-06-29 19:00:00,4046.89227,4054.16363,4026.08906,4026.58292
2026-06-29 20:00:00,4027.33523,4040.2408,4027.33523,4036.97127
2026-06-29 21:00:00,4036.12497,4041.71045,4027.87288,4039.34186
2026-06-29 22:00:00,4039.74273,4051.69969,4037.55717,4043.22079
2026-06-29 23:00:00,4043.55628,4052.19224,4030.83861,4031.12234
2026-06-30 00:00:00,4031.56082,4033.00048,4002.40144,4028.70877
2026-06-30 01:00:00,4028.68882,4029.49591,4017.55828,4028.79593
2026-06-30 02:00:00,4028.72292,4028.72292,4018.32141,4024.793
2026-06-30 03:00:00,4024.99549,4031.60781,4019.45416,4019.7218
2026-06-30 04:00:00,4020.10668,4025.23362,4011.87515,4013.16086
2026-06-30 05:00:00,4012.91167,4018.96954,4005.7401,4015.97948
2026-06-30 06:00:00,4014.52544,4018.00064,4013.16318,4016.52691
2026-06-30 07:00:00,4016.3401,4017.74556,4016.2223,4017.60654
2026-06-30 08:00:00,4017.56641,4021.55554,4008.27203,4014.50313
2026-06-30 09:00:00,4014.83734,4021.87902,4013.48531,4015.4108
2026-06-30 10:00:00,4015.20909,4015.5462,3980.30019,3985.45163
2026-06-30 11:00:00,3982.86507,3987.39982,3949.44708,3967.75873
2026-06-30 12:00:00,3967.98065,3972.51023,3950.6432,3962.35227
2026-06-30 13:00:00,3962.14613,3970.93277,3960.39604,3970.68238
2026-06-30 14:00:00,3970.30763,3997.0469,3966.67103,3985.50974
2026-06-30 15:00:00,3986.03992,3990.58223,3976.44032,3978.7963
2026-06-30 16:00:00,3978.65626,4033.23385,3977.88297,4030.62625
2026-06-30 17:00:00,4030.22807,4034.2101,4024.14487,4032.56468
2026-06-30 18:00:00,4032.14163,4036.9413,4014.12974,4014.51511
2026-06-30 19:00:00,4014.99754,4023.49722,4013.1611,4023.31722
2026-06-30 20:00:00,4022.81735,4030.95776,4020.90873,4030.90961
2026-06-30 21:00:00,4030.77419,4036.37717,4025.7649,4032.73145
2026-06-30 22:00:00,4032.90283,4034.42248,4009.30158,4009.52345
2026-06-30 23:00:00,4010.11546,4033.23385,4010.11546,4028.43435
2026-07-01 00:00:00,4028.8958,4063.05867,4024.21942,4039.88608
2026-07-01 01:00:00,4041.00585,4041.00585,4023.07043,4029.69913
2026-07-01 02:00:00,4030.01178,4033.55921,4026.25116,4026.58776
2026-07-01 03:00:00,4027.21032,4032.36468,4020.48953,4030.35656
2026-07-01 04:00:00,4030.47257,4033.7437,4028.63197,4031.34158
2026-07-01 05:00:00,4031.33209,4031.33209,4015.58045,4016.10624
2026-07-01 06:00:00,4016.70062,4020.89328,4006.57078,4007.70422
2026-07-01 07:00:00,4007.52576,4008.77261,4007.37357,4008.51998
2026-07-01 08:00:00,4008.44981,4017.67778,4007.94135,4012.77271
2026-07-01 09:00:00,4012.6154,4018.16209,4005.76831,4005.7759
2026-07-01 10:00:00,4005.80108,4009.14084,3995.20575,3997.38855
2026-07-01 11:00:00,3998.15246,3999.32406,3972.9245,3977.31067
2026-07-01 12:00:00,3977.43353,3986.44608,3970.45978,3979.16348
2026-07-01 13:00:00,3979.45329,3987.08185,3977.20144,3980.20633
2026-07-01 14:00:00,3979.81518,3983.98044,3972.82587,3977.89243
2026-07-01 15:00:00,3978.15448,3979.15998,3970.45978,3975.81406
2026-07-01 16:00:00,3976.54201,3977.69815,3963.53547,3971.8649
2026-07-01 17:00:00,3971.74845,3978.67431,3959.59368,3976.28897
2026-07-01 18:00:00,3976.59611,3986.36282,3969.52065,3973.35841
2026-07-01 19:00:00,3973.70908,3986.07526,3972.98371,3984.04693
2026-07-01 20:00:00,3984.42196,3998.1514,3981.79039,3998.05324
2026-07-01 21:00:00,3997.91287,4036.10385,3997.91287,4030.85327
2026-07-01 22:00:00,4031.23245,4033.51194,4020.74705,4025.41607
2026-07-01 23:00:00,4025.33671,4115.77285,4012.7717,4090.62986
2026-07-02 00:00:00,4089.88635,4115.23508,4085.30109,4092.71283
2026-07-02 01:00:00,4092.23639,4093.70085,4077.9708,4079.91686
2026-07-02 02:00:00,4080.36994,4089.25554,4071.30706,4071.71746
2026-07-02 03:00:00,4072.59276,4073.54173,4067.52085,4067.67016
2026-07-02 04:00:00,4068.00898,4071.16395,4058.11217,4062.24508
2026-07-02 05:00:00,4062.02052,4068.34825,4035.34966,4038.58819
2026-07-02 06:00:00,4037.86443,4039.50248,4029.65828,4031.56804
2026-07-02 07:00:00,4031.38647,4031.84249,4030.47036,4031.13515
2026-07-02 08:00:00,4031.143,4044.80032,4031.11607,4044.58166
2026-07-02 09:00:00,4044.29628,4044.81657,4034.04736,4035.59478
2026-07-02 10:00:00,4035.79995,4052.35645,4028.94876,4050.71499
2026-07-02 11:00:00,4050.60546,4067.85177,4045.43817,4050.94022
2026-07-02 12:00:00,4052.62785,4060.7488,4041.52849,4060.54234
2026-07-02 13:00:00,4059.89288,4074.31551,4056.03539,4070.66679
2026-07-02 14:00:00,4071.38814,4072.98794,4061.45214,4061.92557
2026-07-02 15:00:00,4062.28772,4067.21029,4053.99927,4066.80046
2026-07-02 16:00:00,4066.68202,4079.80091,4066.03237,4075.11156
2026-07-02 17:00:00,4075.6282,4075.6282,4060.83644,4065.81237
2026-07-02 18:00:00,4066.10581,4079.80091,4061.21423,4077.06992
2026-07-02 19:00:00,4077.78157,4077.78157,4064.71019,4066.95913
2026-07-02 20:00:00,4066.73329,4069.50718,4061.70424,4066.54479
2026-07-02 21:00:00,4065.81171,4072.58816,4057.8438,4066.99731
2026-07-02 22:00:00,4067.73357,4139.75824,4059.82169,4117.95763
2026-07-02 23:00:00,4118.8628,4142.39852,4108.91012,4135.01759
2026-07-03 00:00:00,4135.45635,4138.90154,4115.05699,4128.00873
2026-07-03 01:00:00,4127.55292,4131.37781,4118.27314,4128.15099
2026-07-03 02:00:00,4127.22324,4129.33064,4100.37723,4118.55277
2026-07-03 03:00:00,4118.36272,4119.54591,4105.71324,4107.07121
2026-07-03 04:00:00,4107.45901,4125.92318,4105.35636,4122.427
2026-07-03 05:00:00,4122.12588,4124.05147,4108.08332,4120.94459
2026-07-03 06:00:00,4121.6046,4125.5886,4117.22954,4123.87904
2026-07-03 07:00:00,4123.72424,4124.25601,4122.69129,4124.08834
2026-07-03 08:00:00,4124.01405,4127.96698,4122.47647,4124.17879
2026-07-03 09:00:00,4124.37085,4130.96431,4120.90817,4126.56116
2026-07-03 10:00:00,4126.72023,4150.23864,4123.62183,4149.28341
2026-07-03 11:00:00,4149.33156,4195.33479,4145.21895,4183.0552
2026-07-03 12:00:00,4182.71575,4186.90337,4176.58606,4184.86959
2026-07-03 13:00:00,4185.0047,4185.76991,4175.60067,4176.49801
2026-07-03 14:00:00,4176.2845,4182.35048,4173.7969,4178.78315
2026-07-03 15:00:00,4178.56546,4181.47606,4169.96789,4171.07495
2026-07-03 16:00:00,4171.23355,4174.31959,4161.98443,4173.51379
2026-07-03 17:00:00,4172.78317,4180.77679,4170.48962,4175.93561
2026-07-03 18:00:00,4176.30227,4186.90337,4171.33617,4182.18452
2026-07-03 19:00:00,4181.85026,4181.85026,4168.92483,4173.2602
2026-07-03 20:00:00,4173.16731,4182.19681,4171.05605,4177.4701
2026-07-03 21:00:00,4177.50838,4186.55279,4176.07673,4178.66879
2026-07-03 22:00:00,4179.15536,4182.87531,4172.40372,4172.57735
2026-07-03 23:00:00,4173.24474,4179.47649,4164.31343,4164.86232
2026-07-04 00:00:00,4165.78884,4170.66059,4156.27598,4170.12903
2026-07-04 01:00:00,4168.99852,4174.31959,4164.23753,4164.72353
2026-07-04 02:00:00,4164.89225,4176.41163,4162.17553,4174.47128
2026-07-04 03:00:00,4174.93694,4176.1049,4174.58316,4175.03314
2026-07-04 04:00:00,4174.97105,4175.19693,4174.58789,4174.96813
2026-07-04 05:00:00,4174.90845,4175.50293,4174.59324,4174.94163
2026-07-04 06:00:00,4174.89499,4175.42551,4174.60578,4174.93638
2026-07-04 07:00:00,4174.90346,4175.10346,4174.84061,4174.95414
2026-07-04 08:00:00,4174.90863,4175.10336,4174.8424,4174.96789
2026-07-04 09:00:00,4174.90672,4175.10147,4174.8424,4174.9813
2026-07-04 10:00:00,4174.90665,4175.10101,4174.8424,4174.99682
2026-07-04 11:00:00,4174.91212,4175.09843,4174.8424,4175.00011
2026-07-04 12:00:00,4174.90863,4175.09926,4174.8424,4175.00604
2026-07-04 13:00:00,4174.91212,4175.09997,4174.8424,4175.00064
2026-07-04 14:00:00,4174.90863,4175.09845,4174.8424,4174.99981
2026-07-04 15:00:00,4174.91417,4175.10144,4174.8424,4174.98987
2026-07-04 16:00:00,4174.91411,4175.10148,4174.8424,4174.977
2026-07-04 17:00:00,4174.91368,4175.09929,4174.8424,4174.97319
2026-07-04 18:00:00,4174.91212,4175.102,4174.8424,4174.98864
2026-07-04 19:00:00,4174.91212,4175.10148,4174.8424,4174.99902
2026-07-04 20:00:00,4174.90863,4175.09923,4174.8424,4174.86537
2026-07-04 21:00:00,4174.90863,4175.10169,4174.8424,4174.89322
2026-07-04 22:00:00,4174.90689,4175.09474,4174.84431,4174.88337
2026-07-04 23:00:00,4174.90689,4175.09474,4174.84431,4174.87736
2026-07-05 00:00:00,4174.90689,4175.09474,4174.84451,4174.8756
2026-07-05 01:00:00,4174.90689,4175.09445,4174.84431,4174.87822
2026-07-05 02:00:00,4174.90689,4175.09474,4174.84431,4174.88503
2026-07-05 03:00:00,4174.90689,4175.09474,4174.84431,4174.89556
2026-07-05 04:00:00,4174.90689,4175.09474,4174.84431,4174.96247
2026-07-05 05:00:00,4174.90689,4175.09474,4174.8443,4174.9464
2026-07-05 06:00:00,4174.90689,4175.09474,4174.8443,4174.94111
2026-07-05 07:00:00,4174.90689,4175.09474,4174.84453,4174.9574
2026-07-05 08:00:00,4174.90689,4175.09447,4167.47444,4174.97235
2026-07-05 09:00:00,4174.90689,4175.09474,4174.8443,4174.98492
2026-07-05 10:00:00,4174.90689,4175.09473,4174.8443,4174.99421
2026-07-05 11:00:00,4174.90689,4175.09473,4174.8443,4174.9996
2026-07-05 12:00:00,4174.90689,4175.09473,4174.8443,4175.00069
2026-07-05 13:00:00,4174.90689,4175.09473,4174.84454,4174.99741
2026-07-05 14:00:00,4174.90689,4175.09449,4174.8443,4174.98999
2026-07-05 15:00:00,4174.90689,4175.09473,4174.8443,4174.97895
2026-07-05 16:00:00,4174.90689,4175.09473,4174.84429,4174.96506
2026-07-05 17:00:00,4174.90689,4175.09473,4174.84429,4174.97312
2026-07-05 18:00:00,4174.90689,4175.09473,4174.84429,4174.98811
2026-07-05 19:00:00,4174.90689,4175.09473,4174.84429,4175.00104
2026-07-05 20:00:00,4174.90689,4175.09473,4174.84456,4174.90195
2026-07-05 21:00:00,4174.90689,4175.0945,4174.84429,4174.88983
2026-07-05 22:00:00,4174.90689,4175.09472,4174.84429,4174.8811
2026-07-05 23:00:00,4174.90689,4175.09472,4174.84429,4174.87636
2026-07-06 00:00:00,4174.90689,4175.09472,4174.84429,4174.87594
2026-07-06 01:00:00,4174.90689,4175.09472,4174.84429,4174.87987
2026-07-06 02:00:00,4174.90689,4175.09472,4174.84457,4174.88788
2026-07-06 03:00:00,4174.90689,4175.09452,4174.84429,4174.89941
2026-07-06 04:00:00,4174.90689,4175.10249,4174.82691,4174.96636
2026-07-06 05:00:00,4174.91254,4175.09992,4174.8424,4174.94638
2026-07-06 06:00:00,4174.91042,4175.1096,4173.27435,4175.01112
2026-07-06 07:00:00,4174.96346,4175.90264,4174.66811,4175.75615
2026-07-06 08:00:00,4175.70533,4190.93919,4174.8424,4189.45192
2026-07-06 09:00:00,4189.01736,4202.03378,4176.7605,4184.07633
2026-07-06 10:00:00,4184.25234,4189.09736,4170.84922,4179.03467
2026-07-06 11:00:00,4180.66557,4201.28023,4174.31959,4188.02043
2026-07-06 12:00:00,4190.38932,4190.38932,4169.27246,4171.304
2026-07-06 13:00:00,4172.23908,4175.77315,4160.57367,4165.47242
2026-07-06 14:00:00,4165.49721,4166.75287,4158.00416,4160.21239
2026-07-06 15:00:00,4160.36688,4160.66078,4148.1039,4149.00222
2026-07-06 16:00:00,4150.28516,4159.55035,4146.28079,4149.7756
2026-07-06 17:00:00,4149.60294,4165.79879,4146.74683,4164.28588
2026-07-06 18:00:00,4164.25605,4165.1069,4148.00066,4151.96933
2026-07-06 19:00:00,4151.67666,4151.67666,4136.70206,4144.46081
2026-07-06 20:00:00,4144.20322,4155.58511,4142.50207,4154.82792
2026-07-06 21:00:00,4154.71509,4160.62992,4151.77752,4154.26417
2026-07-06 22:00:00,4154.52661,4158.51057,4131.80986,4140.68503
2026-07-06 23:00:00,4141.64589,4152.01491,4139.14185,4140.92288
2026-07-07 00:00:00,4142.24853,4145.59323,4129.33064,4137.17957
2026-07-07 01:00:00,4136.92103,4151.4447,4136.92103,4148.46859
2026-07-07 02:00:00,4148.34357,4156.44873,4140.78675,4156.1832
2026-07-07 03:00:00,4155.65877,4161.53859,4150.58316,4161.39063
2026-07-07 04:00:00,4161.12854,4167.80418,4155.45336,4164.16293
2026-07-07 05:00:00,4163.97695,4165.10475,4158.81838,4162.63055
2026-07-07 06:00:00,4162.43197,4165.42664,4161.04262,4165.12051
2026-07-07 07:00:00,4164.60827,4165.79879,4164.58437,4165.73819
2026-07-07 08:00:00,4165.59701,4169.44182,4163.54401,4164.76966
2026-07-07 09:00:00,4164.82131,4165.70478,4156.6215,4156.89039
2026-07-07 10:00:00,4157.39553,4162.87064,4147.24474,4148.54209
2026-07-07 11:00:00,4149.39924,4149.39924,4126.94482,4141.43325
2026-07-07 12:00:00,4141.74175,4145.07772,4131.88993,4135.5545
2026-07-07 13:00:00,4135.9428,4139.99148,4125.92318,4131.5241
2026-07-07 14:00:00,4130.68982,4140.27243,4125.92318,4126.13408
2026-07-07 15:00:00,4126.46794,4131.80975,4117.59862,4124.55368
2026-07-07 16:00:00,4124.8111,4133.34143,4122.01154,4130.36793
2026-07-07 17:00:00,4130.67199,4136.3173,4124.90203,4125.7453
2026-07-07 18:00:00,4125.62271,4139.00873,4121.61615,4126.7824
2026-07-07 19:00:00,4126.57319,4133.42702,4120.82252,4131.87029
2026-07-07 20:00:00,4131.57832,4138.55895,4131.03648,4135.05611
2026-07-07 21:00:00,4135.20209,4154.73945,4131.81084,4154.17915
2026-07-07 22:00:00,4153.39444,4174.49384,4153.39444,4171.12205
2026-07-07 23:00:00,4169.07716,4179.37894,4158.1111,4158.53665
2026-07-08 00:00:00,4159.37611,4166.47967,4145.7651,4155.36994
2026-07-08 01:00:00,4155.43415,4156.09566,4136.33355,4138.43581
2026-07-08 02:00:00,4138.19967,4147.41506,4137.87396,4143.54141
2026-07-08 03:00:00,4144.04506,4148.01393,4141.47271,4144.694
2026-07-08 04:00:00,4144.60335,4144.90591,4125.58274,4130.07576
2026-07-08 05:00:00,4129.45655,4129.45655,4093.9768,4115.19232
2026-07-08 06:00:00,4115.82623,4115.82623,4103.50415,4106.14352
2026-07-08 07:00:00,4106.19217,4107.72345,4105.59593,4107.50068
2026-07-08 08:00:00,4107.52684,4116.23045,4094.10785,4096.45772
2026-07-08 09:00:00,4096.65876,4106.77618,4094.35376,4097.09556
2026-07-08 10:00:00,4097.22139,4125.75295,4097.18523,4113.87042
2026-07-08 11:00:00,4115.82963,4117.42908,4097.18523,4111.66887
2026-07-08 12:00:00,4111.28344,4124.56177,4105.93307,4114.97377
2026-07-08 13:00:00,4114.84059,4130.6952,4114.84059,4123.54059
2026-07-08 14:00:00,4123.87474,4129.33064,4121.50188,4125.6744
2026-07-08 15:00:00,4125.9147,4134.11055,4122.52133,4128.45329
2026-07-08 16:00:00,4128.35187,4132.40217,4122.69961,4124.56102
2026-07-08 17:00:00,4124.64604,4127.28548,4114.39922,4121.04222
2026-07-08 18:00:00,4121.07356,4121.45689,4055.15004,4055.46482
2026-07-08 19:00:00,4055.74994,4060.91371,4042.7698,4043.64125
2026-07-08 20:00:00,4045.00584,4058.08989,4041.5471,4054.22101
2026-07-08 21:00:00,4054.53909,4071.03429,4042.36397,4061.6802
2026-07-08 22:00:00,4061.48049,4085.90878,4060.25417,4074.60396
2026-07-08 23:00:00,4075.95516,4082.01487,4067.85177,4071.06487
2026-07-09 00:00:00,4071.22468,4071.26939,4035.83824,4042.1276
2026-07-09 01:00:00,4042.29646,4043.8624,4022.20256,4034.0089
2026-07-09 02:00:00,4033.51391,4064.21459,4032.67826,4063.41711
2026-07-09 03:00:00,4063.16669,4075.9762,4059.75966,4065.89036
2026-07-09 04:00:00,4065.2657,4091.31822,4065.2657,4084.01382
2026-07-09 05:00:00,4083.40572,4092.4117,4079.46804,4081.44974
2026-07-09 06:00:00,4081.68149,4083.46605,4071.98194,4077.27796
2026-07-09 07:00:00,4077.44095,4078.1814,4075.10594,4078.05657
2026-07-09 08:00:00,4077.97246,4080.85187,4072.98794,4077.06534
2026-07-09 09:00:00,4077.08712,4078.23499,4072.12524,4076.47837
2026-07-09 10:00:00,4076.68833,4088.99157,4070.83249,4073.57622
2026-07-09 11:00:00,4073.6447,4080.34681,4059.77346,4072.11417
2026-07-09 12:00:00,4071.55843,4082.51324,4065.49779,4065.77665
2026-07-09 13:00:00,4066.1283,4069.32077,4054.06488,4062.78764
2026-07-09 14:00:00,4062.28016,4064.52468,4056.95971,4063.4864
2026-07-09 15:00:00,4063.15682,4084.46677,4062.92106,4084.23697
2026-07-09 16:00:00,4083.87493,4106.87129,4076.36394,4106.67382
2026-07-09 17:00:00,4106.10594,4111.23491,4102.36772,4106.84859
2026-07-09 18:00:00,4105.44031,4116.41214,4102.81812,4108.86306
2026-07-09 19:00:00,4108.9413,4112.04925,4103.57421,4107.84538
2026-07-09 20:00:00,4107.32969,4109.96544,4094.83641,4098.30464
2026-07-09 21:00:00,4097.50335,4111.03321,4097.41435,4108.20014
2026-07-09 22:00:00,4108.23132,4124.16757,4105.64959,4108.91023
2026-07-09 23:00:00,4110.32011,4127.6262,4107.45092,4120.92721
2026-07-10 00:00:00,4119.84885,4136.3357,4114.17376,4126.64619
2026-07-10 01:00:00,4125.20468,4132.67267,4125.20468,4127.4198
2026-07-10 02:00:00,4127.79172,4137.70275,4125.70727,4129.2448
2026-07-10 03:00:00,4129.68779,4137.70275,4125.24236,4136.11988
2026-07-10 04:00:00,4135.35727,4137.01804,4121.53693,4125.08635
2026-07-10 05:00:00,4125.06352,4127.37652,4119.63418,4122.44908
2026-07-10 06:00:00,4122.23351,4125.75295,4120.48292,4123.6425
2026-07-10 07:00:00,4123.75241,4127.90217,4121.50188,4121.61518
2026-07-10 08:00:00,4121.61909,4127.28548,4121.30676,4122.68719
2026-07-10 09:00:00,4122.64656,4124.90203,4120.76382,4123.26351
2026-07-10 10:00:00,4123.30394,4127.6262,4114.96673,4126.1633
2026-07-10 11:00:00,4126.36849,4129.33064,4109.81424,4118.14461
2026-07-10 12:00:00,4119.01134,4128.64869,4116.58159,4126.98167
2026-07-10 13:00:00,4126.75442,4133.93964,4119.29478,4120.39899
2026-07-10 14:00:00,4120.32379,4121.74375,4112.18028,4115.54884
2026-07-10 15:00:00,4115.56569,4117.41978,4109.30758,4116.36039
2026-07-10 16:00:00,4116.05856,4119.97363,4111.01474,4112.37953
2026-07-10 17:00:00,4112.72667,4115.3957,4104.41635,4108.07895
2026-07-10 18:00:00,4107.16648,4109.33184,4095.17179,4097.30507
2026-07-10 19:00:00,4097.21222,4105.59593,4095.17179,4105.21774
2026-07-10 20:00:00,4105.06233,4111.84211,4103.90859,4106.05107
2026-07-10 21:00:00,4106.29068,4108.39191,4097.01737,4102.42886
2026-07-10 22:00:00,4102.7721,4117.42908,4095.80549,4101.31759
2026-07-10 23:00:00,4100.73262,4107.21037,4087.08347,4099.76164
2026-07-11 00:00:00,4099.80939,4125.6944,4076.64085,4092.77043
2026-07-11 01:00:00,4092.95356,4112.57168,4089.75593,4112.09646
2026-07-11 02:00:00,4111.49227,4115.96748,4105.21698,4105.54582
2026-07-11 03:00:00,4106.15029,4107.02169,4101.21806,4101.31341
2026-07-11 04:00:00,4101.43401,4104.7533,4098.52863,4100.4625
2026-07-11 05:00:00,4100.71689,4108.69358,4097.18533,4108.40211
2026-07-11 06:00:00,4107.95106,4120.82252,4107.95106,4119.32483
2026-07-11 07:00:00,4119.46069,4120.42164,4110.97947,4111.53671
2026-07-11 08:00:00,4111.44482,4111.6364,4111.38824,4111.54537
2026-07-11 09:00:00,4111.45361,4111.63746,4111.38993,4111.54135
2026-07-11 10:00:00,4111.45359,4111.63692,4111.38722,4111.53164
2026-07-11 11:00:00,4111.45158,4111.63825,4111.38688,4111.52187
2026-07-11 12:00:00,4111.45348,4111.63581,4111.38688,4111.5025
2026-07-11 13:00:00,4111.4482,4111.63806,4111.38687,4111.51649
2026-07-11 14:00:00,4111.4482,4111.63657,4111.38719,4111.53461
2026-07-11 15:00:00,4111.45323,4111.63689,4111.3835,4111.54103
2026-07-11 16:00:00,4111.44496,4111.63573,4111.38824,4111.44249
2026-07-11 17:00:00,4111.44989,4111.63583,4111.38891,4111.43459
2026-07-11 18:00:00,4111.453,4111.63825,4111.38892,4111.42669
2026-07-11 19:00:00,4111.45296,4111.63686,4111.38824,4111.4228
2026-07-11 20:00:00,4111.45294,4111.63804,4111.38516,4111.41983
2026-07-11 21:00:00,4111.44989,4111.63517,4111.38148,4111.41793
2026-07-11 22:00:00,4111.44313,4111.62809,4111.38147,4111.42663
2026-07-11 23:00:00,4111.44313,4111.62795,4111.38147,4111.43865
2026-07-12 00:00:00,4111.44313,4111.62809,4111.38182,4111.48951
2026-07-12 01:00:00,4111.44313,4111.62809,4111.38147,4111.474
2026-07-12 02:00:00,4111.44313,4111.62809,4111.38147,4111.48536
2026-07-12 03:00:00,4111.44313,4111.62809,4107.55154,4111.50085
2026-07-12 04:00:00,4111.44313,4111.62809,4111.38147,4111.51445
2026-07-12 05:00:00,4111.44313,4111.62809,4111.38147,4111.52523
2026-07-12 06:00:00,4111.44313,4111.62794,4111.38147,4111.53243
2026-07-12 07:00:00,4111.44313,4111.6281,4111.3818,4111.53722
2026-07-12 08:00:00,4111.44482,4111.62979,4111.38317,4111.53605
2026-07-12 09:00:00,4111.44482,4111.62979,4111.38317,4111.53066
2026-07-12 10:00:00,4111.44482,4111.6298,4111.38317,4111.52142
2026-07-12 11:00:00,4111.44482,4111.6298,4111.38317,4111.50899
2026-07-12 12:00:00,4111.44482,4111.6296,4111.38317,4111.50252
2026-07-12 13:00:00,4111.44482,4111.6298,4111.38346,4111.5179
2026-07-12 14:00:00,4111.44482,4111.6298,4111.38317,4111.53173
2026-07-12 15:00:00,4111.44482,4111.6298,4111.38317,4111.54303
2026-07-12 16:00:00,4111.44482,4111.6298,4111.38317,4111.4334
2026-07-12 17:00:00,4111.44482,4111.6298,4111.38318,4111.4231
2026-07-12 18:00:00,4111.44482,4111.6298,4111.38318,4111.41648
2026-07-12 19:00:00,4111.44482,4111.62958,4111.38344,4111.414
2026-07-12 20:00:00,4111.44482,4111.62981,4111.38318,4111.41583
2026-07-12 21:00:00,4111.44482,4111.62981,4111.38318,4111.42184
2026-07-12 22:00:00,4111.44482,4111.62981,4111.38318,4111.43161
2026-07-12 23:00:00,4111.44482,4111.62981,4111.38318,4111.44447
2026-07-13 00:00:00,4111.44482,4111.62981,4111.38318,4111.48647
2026-07-13 01:00:00,4111.44482,4111.62957,4111.38318,4111.47566
2026-07-13 02:00:00,4111.44482,4111.62981,4111.38342,4111.49183
2026-07-13 03:00:00,4111.44482,4111.62981,4111.38318,4111.50686
2026-07-13 04:00:00,4111.44482,4111.63659,4111.38004,4111.51986
2026-07-13 05:00:00,4111.44531,4111.64438,4111.3851,4111.54428
2026-07-13 06:00:00,4111.46033,4111.74068,4111.36101,4111.53882
2026-07-13 07:00:00,4111.4482,4111.713,4110.48997,4111.55762
2026-07-13 08:00:00,4111.46511,4112.96916,4074.81358,4077.63716
2026-07-13 09:00:00,4077.70634,4084.29995,4068.8842,4084.0945
2026-07-13 10:00:00,4083.76858,4091.41147,4065.53645,4076.90982
2026-07-13 11:00:00,4077.14875,4088.64175,4066.64117,4073.52891
2026-07-13 12:00:00,4072.64975,4077.63823,4066.82699,4070.44738
2026-07-13 13:00:00,4070.31343,4070.31343,4053.01342,4059.40809
2026-07-13 14:00:00,4059.80404,4060.73375,4051.20726,4058.53438
2026-07-13 15:00:00,4058.19737,4070.99821,4052.6849,4054.61334
2026-07-13 16:00:00,4055.03267,4063.54609,4044.81657,4052.84182
2026-07-13 17:00:00,4053.13903,4064.20881,4049.07479,4063.94247
2026-07-13 18:00:00,4063.19893,4080.83602,4062.60464,4074.80337
2026-07-13 19:00:00,4074.9291,4077.75682,4068.63755,4069.97134
2026-07-13 20:00:00,4069.62028,4070.17555,4048.11596,4061.07949
2026-07-13 21:00:00,4060.77497,4068.34825,4054.9856,4056.76908
2026-07-13 22:00:00,4056.86059,4067.98971,4054.16363,4066.08214
2026-07-13 23:00:00,4064.99213,4067.52481,4044.43826,4048.44624
2026-07-14 00:00:00,4051.32598,4051.32598,4002.72185,4012.56192
2026-07-14 01:00:00,4012.09584,4019.13106,4010.21338,4012.94101
2026-07-14 02:00:00,4013.35386,4017.51637,3986.60501,3992.42364
2026-07-14 03:00:00,3991.94425,4001.59304,3990.99362,3993.40267
2026-07-14 04:00:00,3993.69229,4005.28698,3986.92289,3999.3276
2026-07-14 05:00:00,3999.84188,4004.32467,3994.08875,4001.92332
2026-07-14 06:00:00,4001.77161,4006.09555,3997.41501,4001.23284
2026-07-14 07:00:00,4001.38582,4002.08523,4001.28041,4001.81595
2026-07-14 08:00:00,4001.84405,4006.57078,4001.60064,4001.9196
2026-07-14 09:00:00,4001.99019,4003.04231,3993.13181,4000.59789
2026-07-14 10:00:00,4000.21282,4007.89225,3985.81051,4007.35985
2026-07-14 11:00:00,4006.51607,4011.35956,3993.13181,4010.55104
2026-07-14 12:00:00,4008.70559,4019.18853,4005.78011,4013.16784
2026-07-14 13:00:00,4012.76237,4018.80802,4011.71421,4014.96345
2026-07-14 14:00:00,4015.61451,4024.15476,4012.92088,4020.73075
2026-07-14 15:00:00,4020.37456,4033.39652,4019.61572,4031.9021
2026-07-14 16:00:00,4031.76183,4032.78201,4022.52615,4024.38814
2026-07-14 17:00:00,4024.21631,4029.49591,4020.55488,4020.80157
2026-07-14 18:00:00,4021.2803,4023.84005,4015.58045,4016.46269
2026-07-14 19:00:00,4016.59484,4024.90597,4013.96861,4021.64272
2026-07-14 20:00:00,4021.43554,4022.41914,4014.93556,4022.03352
2026-07-14 21:00:00,4021.3342,4031.68508,4015.41921,4031.45772
2026-07-14 22:00:00,4031.07946,4099.20066,4012.54715,4070.41345
2026-07-14 23:00:00,4071.30265,4087.80607,4071.16395,4077.5519
2026-07-15 00:00:00,4077.46163,4086.80371,4071.66124,4086.44327
2026-07-15 01:00:00,4085.77284,4097.88226,4065.7997,4068.05449
2026-07-15 02:00:00,4068.01457,4068.01457,4057.94749,4061.23401
2026-07-15 03:00:00,4060.84973,4064.23825,4055.47895,4062.66448
2026-07-15 04:00:00,4062.98907,4064.604,4043.17543,4053.67487
2026-07-15 05:00:00,4052.17086,4057.28892,4049.06978,4055.73594
2026-07-15 06:00:00,4055.88311,4056.30146,4049.13699,4052.83213
2026-07-15 07:00:00,4052.82,4055.80792,4052.6849,4055.58304
2026-07-15 08:00:00,4055.4879,4055.67726,4048.91084,4049.28584
2026-07-15 09:00:00,4049.44647,4056.13694,4046.81431,4052.87981
2026-07-15 10:00:00,4053.08282,4060.25534,4051.37139,4059.95052
2026-07-15 11:00:00,4059.45165,4060.41904,4036.00113,4036.23531
2026-07-15 12:00:00,4036.44799,4042.16012,4029.92298,4037.34129
2026-07-15 13:00:00,4038.96404,4040.78877,4028.52194,4031.66482
2026-07-15 14:00:00,4031.80894,4035.75857,4029.00886,4032.88851
2026-07-15 15:00:00,4032.61231,4036.99679,4023.37974,4034.01094
2026-07-15 16:00:00,4033.9136,4034.18573,4022.07251,4032.16442
2026-07-15 17:00:00,4031.77916,4034.37286,4019.9389,4024.07981
2026-07-15 18:00:00,4024.25418,4033.22234,4016.65246,4032.94625
2026-07-15 19:00:00,4032.41248,4034.3469,4025.92697,4028.88853
2026-07-15 20:00:00,4028.18848,4035.67537,4026.90942,4027.77252
2026-07-15 21:00:00,4027.81049,4040.92238,4026.82708,4038.20054
2026-07-15 22:00:00,4036.48028,4070.50108,4036.48028,4069.78762
2026-07-15 23:00:00,4068.58416,4077.62508,4053.36087,4064.8337
2026-07-16 00:00:00,4064.08095,4065.93068,4054.12354,4060.07434
2026-07-16 01:00:00,4059.93504,4061.57345,4039.111,4047.11899
2026-07-16 02:00:00,4047.33909,4048.60189,4025.78664,4032.79937
2026-07-16 03:00:00,4031.56814,4065.86705,4031.56814,4063.7926
2026-07-16 04:00:00,4063.252,4080.34808,4058.91325,4059.15012
2026-07-16 05:00:00,4059.54381,4063.05867,4048.27017,4055.08475
2026-07-16 06:00:00,4053.63008,4062.94879,4053.63008,4060.42611
2026-07-16 07:00:00,4060.34917,4062.39844,4058.44156,4058.52417
2026-07-16 08:00:00,4058.57552,4068.67931,4058.07259,4061.13239
2026-07-16 09:00:00,4060.87389,4062.41556,4055.75279,4059.23147
2026-07-16 10:00:00,4059.03319,4060.91371,4047.11839,4048.12745
2026-07-16 11:00:00,4049.6637,4049.6637,4034.8612,4038.90313
2026-07-16 12:00:00,4039.11554,4040.11648,4025.44079,4032.19872
2026-07-16 13:00:00,4032.00068,4036.65811,4027.40832,4036.05901
2026-07-16 14:00:00,4036.14774,4037.3047,4031.93291,4033.83753
2026-07-16 15:00:00,4034.01986,4035.09719,4026.25116,4027.38673
2026-07-16 16:00:00,4027.73167,4036.00113,4023.08457,4031.20165
2026-07-16 17:00:00,4031.17128,4031.17128,4023.17348,4030.88973
2026-07-16 18:00:00,4030.60194,4036.00113,4026.01674,4035.25028
2026-07-16 19:00:00,4035.05478,4037.6351,4030.59449,4032.68642
2026-07-16 20:00:00,4032.86643,4034.74129,4029.42856,4030.01941
2026-07-16 21:00:00,4030.93807,4043.0788,4022.1713,4037.74715
2026-07-16 22:00:00,4038.22918,4045.84468,3991.85661,3992.13856
2026-07-16 23:00:00,3992.71319,4007.90802,3975.98505,3989.70765
2026-07-17 00:00:00,3989.70092,4005.44741,3987.19792,3998.3223
2026-07-17 01:00:00,3997.81226,4016.70951,3991.06003,4006.72557
2026-07-17 02:00:00,4006.63051,4007.3671,3984.06375,3993.54817
2026-07-17 03:00:00,3994.28818,3994.28818,3980.5748,3984.20953
2026-07-17 04:00:00,3984.26907,3990.58223,3977.09195,3979.9166
2026-07-17 05:00:00,3980.11146,3985.65165,3968.99714,3979.44878
2026-07-17 06:00:00,3978.95475,3980.86471,3972.19464,3976.78276
2026-07-17 07:00:00,3976.51091,3976.85049,3971.39551,3975.95003
2026-07-17 08:00:00,3975.56084,3980.31738,3973.14156,3977.783
2026-07-17 09:00:00,3976.97903,3985.49731,3975.37755,3984.94251
2026-07-17 10:00:00,3983.80174,3990.94636,3980.00159,3990.47174
2026-07-17 11:00:00,3989.78174,3996.004,3979.7827,3982.42126
2026-07-17 12:00:00,3982.1521,3986.76394,3971.5636,3979.56604
2026-07-17 13:00:00,3979.26428,4008.6587,3976.97442,3991.80371
2026-07-17 14:00:00,3991.70714,3992.40304,3980.0995,3981.91131
2026-07-17 15:00:00,3981.82187,3990.90075,3976.30124,3986.57915
2026-07-17 16:00:00,3987.68063,4006.73131,3984.85754,4001.29116
2026-07-17 17:00:00,4000.6526,4002.08108,3993.13181,3993.19323
2026-07-17 18:00:00,3993.28201,3998.88031,3987.88105,3997.44105
2026-07-17 19:00:00,3997.8025,4002.40144,3993.45074,3997.38353
2026-07-17 20:00:00,3997.25647,3998.40064,3991.37862,3991.48421
2026-07-17 21:00:00,3991.65198,3998.07815,3991.06003,3994.50153
2026-07-17 22:00:00,3995.10833,3995.36538,3965.10706,3966.45036
2026-07-17 23:00:00,3967.59091,3998.88031,3961.80817,3994.79235
2026-07-18 00:00:00,3993.48929,4003.04231,3990.10468,4000.16303
2026-07-18 01:00:00,3999.82818,4021.07041,3995.69345,4017.91484
2026-07-18 02:00:00,4018.05391,4022.84979,4012.94772,4015.41378
2026-07-18 03:00:00,4015.87362,4018.48503,4008.58367,4009.85791
2026-07-18 04:00:00,4009.33493,4016.54818,4007.36342,4011.89199
2026-07-18 05:00:00,4011.57426,4016.38686,4002.87485,4015.59571
2026-07-18 06:00:00,4015.95076,4017.83921,4008.72489,4016.97584
2026-07-18 07:00:00,4016.96818,4018.00997,4010.40238,4010.61839
2026-07-18 08:00:00,4010.54613,4010.73569,4010.47727,4010.60762
2026-07-18 09:00:00,4010.54726,4010.7337,4010.48444,4010.60756
2026-07-18 10:00:00,4010.54429,4010.73465,4010.48532,4010.62535
2026-07-18 11:00:00,4010.54775,4010.73131,4010.48748,4010.63884
2026-07-18 12:00:00,4010.54953,4010.73625,4010.48373,4010.53738
2026-07-18 13:00:00,4010.54198,4010.73964,4010.48932,4010.5393
2026-07-18 14:00:00,4010.55303,4010.73256,4010.4813,4010.52823
2026-07-18 15:00:00,4010.55152,4010.73465,4010.48929,4010.52078
2026-07-18 16:00:00,4010.54841,4010.73298,4010.48292,4010.51769
2026-07-18 17:00:00,4010.54871,4010.7309,4010.48047,4010.51712
2026-07-18 18:00:00,4010.54575,4010.73559,4010.48271,4010.53483
2026-07-18 19:00:00,4010.55606,4010.73634,4010.48444,4010.54657
2026-07-18 20:00:00,4010.55739,4010.73719,4010.48104,4010.54646
2026-07-18 21:00:00,4010.54657,4010.72969,4010.47006,4010.56635
2026-07-18 22:00:00,4010.53005,4010.71052,4010.46996,4010.56465
2026-07-18 23:00:00,4010.53005,4010.71052,4010.46997,4010.58021
2026-07-19 00:00:00,4010.53005,4010.71014,4010.46997,4010.59437
2026-07-19 01:00:00,4010.53005,4010.71052,4010.47006,4010.60614
2026-07-19 02:00:00,4010.53005,4010.71052,4010.46997,4010.61469
2026-07-19 03:00:00,4010.53005,4010.71052,4010.46997,4010.61942
2026-07-19 04:00:00,4010.53005,4010.71052,4010.46997,4010.62001
2026-07-19 05:00:00,4010.53005,4010.71052,4010.46997,4010.61641
2026-07-19 06:00:00,4010.53005,4010.71012,4010.46998,4010.60888
2026-07-19 07:00:00,4010.53005,4010.71052,4010.47004,4010.60467
2026-07-19 08:00:00,4010.53648,4010.71696,4010.47644,4010.59114
2026-07-19 09:00:00,4010.53648,4010.71696,4010.47644,4010.60137
2026-07-19 10:00:00,4010.53648,4010.71696,4010.47644,4010.61564
2026-07-19 11:00:00,4010.53648,4010.71696,4010.47643,4010.62785
2026-07-19 12:00:00,4010.53648,4010.71696,4010.47645,4010.53065
2026-07-19 13:00:00,4010.53648,4010.71651,4010.47643,4010.51925
2026-07-19 14:00:00,4010.53648,4010.71696,4010.47643,4010.51117
2026-07-19 15:00:00,4010.53648,4010.71696,4010.47643,4010.50695
2026-07-19 16:00:00,4010.53648,4010.71696,4010.47643,4010.50691
2026-07-19 17:00:00,4010.53648,4010.71696,4010.47642,4010.51103
2026-07-19 18:00:00,4010.53648,4010.71696,4010.47646,4010.51904
2026-07-19 19:00:00,4010.53648,4010.71653,4010.47642,4010.53037
2026-07-19 20:00:00,4010.53648,4010.71696,4010.47642,4010.58381
2026-07-19 21:00:00,4010.53648,4010.71696,4010.47642,4010.56857
2026-07-19 22:00:00,4010.53648,4010.71696,4010.47642,4010.57555
2026-07-19 23:00:00,4010.53648,4010.71696,4010.47642,4010.59083
2026-07-20 00:00:00,4010.53648,4010.71696,4010.47641,4010.6044
2026-07-20 01:00:00,4010.53648,4010.71696,4010.47647,4010.61534
2026-07-20 02:00:00,4010.53648,4010.71655,4010.47641,4010.62286
2026-07-20 03:00:00,4010.53648,4010.71696,4010.47641,4010.62645
2026-07-20 04:00:00,4010.53648,4010.73302,4010.48677,4010.63883
2026-07-20 05:00:00,4010.54967,4010.73461,4010.47796,4010.63417
2026-07-20 06:00:00,4010.55023,4010.77281,4009.94466,4010.6058
2026-07-20 07:00:00,4010.53029,4010.72826,4009.94466,4010.59064
2026-07-20 08:00:00,4010.52683,4010.52683,3994.40783,3995.76207
2026-07-20 09:00:00,3996.08879,3996.56673,3989.30042,3995.1783
2026-07-20 10:00:00,3995.08525,4005.28698,3983.42894,4001.4705
2026-07-20 11:00:00,4001.50626,4018.43901,3996.96231,4002.26511
2026-07-20 12:00:00,4001.68247,4026.89969,4001.68247,4023.20138
2026-07-20 13:00:00,4023.04895,4027.87288,4018.80802,4023.15936
2026-07-20 14:00:00,4023.24791,4026.08906,4018.64652,4019.04179
2026-07-20 15:00:00,4019.31178,4021.07041,4005.66791,4009.18332
2026-07-20 16:00:00,4009.28804,4011.87989,4002.52786,4003.8707
2026-07-20 17:00:00,4004.16387,4021.39382,4001.80978,4017.46306
2026-07-20 18:00:00,4017.61484,4030.83017,4017.19359,4019.41516
2026-07-20 19:00:00,4019.4626,4022.8769,4015.09676,4020.32787
2026-07-20 20:00:00,4019.96827,4025.7649,4018.32356,4024.01898
2026-07-20 21:00:00,4023.87905,4039.42479,4020.42375,4026.61614
2026-07-20 22:00:00,4027.11735,4027.11735,4006.73131,4010.37329
2026-07-20 23:00:00,4009.82157,4016.54818,4006.95335,4007.89942
2026-07-21 00:00:00,4008.44979,4012.84109,3998.72041,4006.84781
2026-07-21 01:00:00,4006.6758,4019.13106,4005.15545,4013.22536
2026-07-21 02:00:00,4013.27952,4018.48503,4005.52854,4010.01187
2026-07-21 03:00:00,4009.75295,4013.32424,4003.84369,4004.77693
2026-07-21 04:00:00,4004.65207,4013.79985,4002.12251,4006.64812
2026-07-21 05:00:00,4006.87549,4016.54818,4004.20282,4006.72388
2026-07-21 06:00:00,4006.98049,4009.53296,4005.76831,4008.3034
2026-07-21 07:00:00,4008.18295,4008.66688,4005.92877,4006.48828
2026-07-21 08:00:00,4006.43273,4011.39235,3999.73871,4001.40174
2026-07-21 09:00:00,4001.19571,4009.6231,3999.8857,4009.17417
2026-07-21 10:00:00,4008.90482,4027.70487,4004.28643,4024.52544
2026-07-21 11:00:00,4024.39212,4034.8612,4018.96954,4022.48982
2026-07-21 12:00:00,4022.75592,4040.73056,4022.04078,4037.92339
2026-07-21 13:00:00,4037.40336,4049.8947,4036.58506,4046.78657
2026-07-21 14:00:00,4046.56069,4051.20726,4043.05334,4048.90574
2026-07-21 15:00:00,4048.8062,4067.85177,4047.0168,4062.03827
2026-07-21 16:00:00,4062.25592,4085.13447,4061.73842,4078.94312
2026-07-21 17:00:00,4079.22185,4079.80479,4067.23059,4070.80117
2026-07-21 18:00:00,4070.41815,4073.03463,4058.48986,4061.8255
2026-07-21 19:00:00,4062.31221,4069.83843,4061.4085,4067.36391
2026-07-21 20:00:00,4067.63022,4070.00407,4061.90341,4062.91701
2026-07-21 21:00:00,4063.24147,4063.24147,4054.128,4055.62957
2026-07-21 22:00:00,4055.80974,4064.71019,4052.52067,4054.76949
2026-07-21 23:00:00,4054.63366,4061.07862,4044.48998,4052.03711
2026-07-22 00:00:00,4051.18074,4072.65619,4051.18074,4069.97768
2026-07-22 01:00:00,4069.78841,4082.84483,4066.3353,4074.79723
2026-07-22 02:00:00,4075.04681,4078.80246,4070.3354,4071.53533
2026-07-22 03:00:00,4071.5814,4072.32448,4066.85916,4067.85856
2026-07-22 04:00:00,4067.33864,4086.6367,4066.9659,4082.05484
2026-07-22 05:00:00,4082.22167,4085.60315,4080.30031,4085.04691
2026-07-22 06:00:00,4084.8827,4086.91226,4076.8335,4077.82773
2026-07-22 07:00:00,4077.84891,4078.47413,4076.5295,4078.30843
2026-07-22 08:00:00,4078.18552,4085.30109,4075.31176,4081.02072
2026-07-22 09:00:00,4080.93959,4082.79917,4079.43087,4080.48317
2026-07-22 10:00:00,4079.96427,4100.88169,4076.64085,4096.42423
2026-07-22 11:00:00,4095.64207,4123.75596,4095.64207,4121.80557
2026-07-22 12:00:00,4121.42109,4130.35397,4119.63418,4129.10479
2026-07-22 13:00:00,4128.41645,4140.78675,4128.41645,4131.36101
2026-07-22 14:00:00,4131.29502,4131.29502,4125.24236,4126.9772
2026-07-22 15:00:00,4126.883,4133.59788,4122.19154,4128.6622
2026-07-22 16:00:00,4129.31748,4134.79429,4114.71835,4114.93717
2026-07-22 17:00:00,4114.96624,4122.52133,4109.81424,4110.21163
2026-07-22 18:00:00,4110.97569,4119.63418,4109.14544,4118.6392
2026-07-22 19:00:00,4118.61493,4122.60734,4112.65172,4114.27953
2026-07-22 20:00:00,4114.99591,4121.67175,4113.60556,4117.81648
2026-07-22 21:00:00,4117.56361,4123.37127,4114.04122,4122.81229
2026-07-22 22:00:00,4122.63096,4133.76876,4109.64534,4114.72956
2026-07-22 23:00:00,4114.03932,4149.8824,4113.19513,4148.82111
2026-07-23 00:00:00,4147.09317,4162.85072,4145.12269,4148.94485
2026-07-23 01:00:00,4148.31227,4165.68194,4148.31227,4159.86927
2026-07-23 02:00:00,4159.765,4159.765,4145.24954,4149.23868
2026-07-23 03:00:00,4148.70344,4148.70344,4138.90154,4143.36648
2026-07-23 04:00:00,4143.18467,4144.74193,4132.74373,4136.58515
2026-07-23 05:00:00,4137.37957,4137.37957,4129.50116,4131.98345
2026-07-23 06:00:00,4131.47703,4137.87396,4128.82304,4130.28998
2026-07-23 07:00:00,4130.23041,4130.88788,4129.2872,4130.69826
2026-07-23 08:00:00,4130.6133,4130.98953,4117.8653,4123.65999
2026-07-23 09:00:00,4123.41128,4133.25618,4114.00879,4133.11138
2026-07-23 10:00:00,4132.86457,4134.18909,4125.07219,4131.05388
2026-07-23 11:00:00,4128.98187,4141.06315,4114.76621,4117.48579
2026-07-23 12:00:00,4116.37504,4128.30781,4112.73283,4128.13922
2026-07-23 13:00:00,4127.80526,4132.74373,4124.73706,4125.95761
2026-07-23 14:00:00,4125.62506,4130.12929,4120.06451,4121.3255
2026-07-23 15:00:00,4121.12226,4130.18338,4119.8039,4122.75166
2026-07-23 16:00:00,4122.19557,4128.08674,4117.25955,4118.45002
2026-07-23 17:00:00,4118.7622,4119.04189,4091.48562,4094.0472
2026-07-23 18:00:00,4094.35043,4098.92355,4088.39628,4094.30708
2026-07-23 19:00:00,4094.16574,4098.86461,4087.46845,4089.25259
2026-07-23 20:00:00,4089.4997,4095.0041,4086.59148,4092.7374
2026-07-23 21:00:00,4092.85674,4093.62368,4073.81757,4085.48588
2026-07-23 22:00:00,4084.74424,4086.4697,4062.76609,4063.71004
2026-07-23 23:00:00,4064.9536,4066.5284,4041.22045,4045.74581
2026-07-24 00:00:00,4046.83027,4061.4085,4041.38377,4058.69958
2026-07-24 01:00:00,4058.59171,4058.66184,4043.40923,4047.52112
2026-07-24 02:00:00,4047.50814,4051.66715,4046.49795,4051.55323
2026-07-24 03:00:00,4051.39477,4054.90257,4042.15925,4043.09202
2026-07-24 04:00:00,4042.81299,4048.41909,4040.2681,4045.16898
2026-07-24 05:00:00,4045.45382,4050.71876,4042.66587,4050.67866
2026-07-24 06:00:00,4050.57949,4050.71495,4047.18616,4049.51576
2026-07-24 07:00:00,4049.28375,4052.32916,4044.98018,4048.89386
2026-07-24 08:00:00,4048.8155,4050.79554,4047.8432,4049.70998
2026-07-24 09:00:00,4049.57662,4050.47039,4046.95051,4048.12535
2026-07-24 10:00:00,4048.02849,4050.38681,4041.5471,4050.35203
2026-07-24 11:00:00,4050.18834,4050.46945,4040.89385,4042.11243
2026-07-24 12:00:00,4042.44289,4049.08487,4023.81048,4024.22131
2026-07-24 13:00:00,4024.89677,4033.02236,4022.1065,4029.40087
2026-07-24 14:00:00,4029.04422,4030.30792,4025.92697,4028.05877
2026-07-24 15:00:00,4028.02514,4032.96233,4022.20256,4022.53918
2026-07-24 16:00:00,4022.59471,4037.95679,4022.09051,4037.62127
2026-07-24 17:00:00,4037.24081,4053.34198,4036.97873,4048.87456
2026-07-24 18:00:00,4048.9782,4057.97551,4044.56265,4057.62641
2026-07-24 19:00:00,4056.7881,4059.59485,4052.19224,4059.54427
2026-07-24 20:00:00,4059.33471,4064.73079,4057.78283,4060.2983
2026-07-24 21:00:00,4059.98602,4063.05867,4051.69969,4056.71947
2026-07-24 22:00:00,4052.15746,4061.4085,4051.20726,4053.86688
2026-07-24 23:00:00,4052.57313,4066.91471,4045.1438,4064.94942
2026-07-25 00:00:00,4060.27437,4069.50718,4056.35799,4064.89724
2026-07-25 01:00:00,4065.14481,4080.69327,4061.89634,4076.91471
2026-07-25 02:00:00,4076.52053,4078.17791,4064.09022,4067.37724
2026-07-25 03:00:00,4067.07741,4069.93399,4063.22376,4064.98988
2026-07-25 04:00:00,4064.88103,4065.65946,4051.38016,4055.39138
2026-07-25 05:00:00,4055.21253,4057.93481,4049.40271,4053.80079
2026-07-25 06:00:00,4053.30694,4057.07211,4051.89825,4053.47211
2026-07-25 07:00:00,4053.37645,4056.11118,4053.34198,4056.02086
2026-07-25 08:00:00,4055.92965,4056.11207,4055.86881,4056.01936
2026-07-25 09:00:00,4055.92965,4056.11207,4055.86881,4056.01372
2026-07-25 10:00:00,4055.92965,4056.11207,4055.86881,4056.00432
2026-07-25 11:00:00,4055.92965,4056.11207,4055.86881,4055.99183
2026-07-25 12:00:00,4055.92965,4056.11207,4055.86881,4055.98783
2026-07-25 13:00:00,4055.92965,4056.11206,4055.86925,4056.00292
2026-07-25 14:00:00,4055.92965,4056.11203,4055.86881,4056.01639
2026-07-25 15:00:00,4055.92965,4056.11206,4055.86881,4056.02731
2026-07-25 16:00:00,4055.92965,4056.11206,4055.86881,4055.91743
2026-07-25 17:00:00,4055.92965,4056.11206,4055.86881,4055.90754
2026-07-25 18:00:00,4055.92965,4056.11206,4055.86881,4055.90133
2026-07-25 19:00:00,4055.92965,4056.11205,4055.86927,4055.89923
2026-07-25 20:00:00,4055.92965,4056.11204,4055.85622,4055.88835
2026-07-25 21:00:00,4055.91744,4056.10716,4055.8606,4055.89966
2026-07-25 22:00:00,4055.92142,4056.10386,4055.86059,4055.90968
2026-07-25 23:00:00,4055.92142,4056.10386,4055.86059,4055.97639
2026-07-26 00:00:00,4055.92142,4056.10386,4055.86059,4055.96077
2026-07-26 01:00:00,4055.92142,4056.10386,4055.86059,4055.95366
2026-07-26 02:00:00,4055.92142,4056.10386,4055.86098,4055.96953
2026-07-26 03:00:00,4055.92142,4056.10378,4055.86059,4055.98417
2026-07-26 04:00:00,4055.92142,4056.10386,4055.86059,4055.99655
2026-07-26 05:00:00,4055.92142,4056.10386,4055.86059,4056.0058
2026-07-26 06:00:00,4055.92142,4056.10385,4055.86059,4056.01128
2026-07-26 07:00:00,4055.92142,4056.10385,4055.86059,4056.01425
2026-07-26 08:00:00,4055.92307,4056.10549,4055.86266,4056.01136
2026-07-26 09:00:00,4055.92307,4056.10544,4055.86223,4056.00441
2026-07-26 10:00:00,4055.92307,4056.10549,4055.86223,4055.99391
2026-07-26 11:00:00,4055.92307,4056.10548,4055.86223,4055.98058
2026-07-26 12:00:00,4055.92307,4056.10548,4055.86223,4055.98636
2026-07-26 13:00:00,4055.92307,4056.10548,4055.86223,4056.00102
2026-07-26 14:00:00,4055.92307,4056.10548,4055.86223,4056.01374
2026-07-26 15:00:00,4055.92307,4056.10548,4055.86268,4055.91918
2026-07-26 16:00:00,4055.92307,4056.10546,4055.86223,4055.90721
2026-07-26 17:00:00,4055.92307,4056.10547,4055.86223,4055.89848
2026-07-26 18:00:00,4055.92307,4056.10547,4055.86223,4055.89359
2026-07-26 19:00:00,4055.92307,4056.10547,4055.86223,4055.89289
2026-07-26 20:00:00,4055.92307,4056.10547,4055.86223,4055.89643
2026-07-26 21:00:00,4055.92307,4056.10547,4055.8627,4055.90395
2026-07-26 22:00:00,4055.92307,4056.10547,4055.86223,4055.91494
2026-07-26 23:00:00,4055.92307,4056.10547,4055.86223,4055.97334
2026-07-27 00:00:00,4055.92307,4056.10547,4055.86223,4055.95783
2026-07-27 01:00:00,4055.92307,4056.10547,4055.86223,4055.96013
2026-07-27 02:00:00,4055.92307,4056.10547,4055.86223,4055.97574
2026-07-27 03:00:00,4055.92307,4056.10546,4055.86223,4055.98981
2026-07-27 04:00:00,4055.92307,4056.10586,4055.8479,4056.00157
2026-07-27 05:00:00,4055.92411,4057.61818,4055.08427,4056.01616
2026-07-27 06:00:00,4055.93147,4056.10879,4055.64343,4056.01212
2026-07-27 07:00:00,4055.9211,4056.25672,4055.69221,4056.00718
2026-07-27 08:00:00,4055.91649,4116.24269,4012.26194,4090.79485
2026-07-27 09:00:00,4090.75602,4096.40637,4084.19098,4095.19246
2026-07-27 10:00:00,4094.64624,4116.42784,4090.81612,4102.20248
2026-07-27 11:00:00,4104.8633,4113.98775,4095.69545,4108.61103
2026-07-27 12:00:00,4107.79101,4110.15208,4094.83641,4096.16123
2026-07-27 13:00:00,4095.89991,4095.89991,4085.1342,4091.1567
2026-07-27 14:00:00,4090.83272,4092.49028,4087.13778,4090.63644
2026-07-27 15:00:00,4090.48688,4094.83641,4084.14467,4092.99326
2026-07-27 16:00:00,4092.43118,4099.16575,4091.65303,4097.40446
2026-07-27 17:00:00,4097.19212,4105.59593,4090.79851,4091.20831
2026-07-27 18:00:00,4092.07299,4096.90233,4087.4719,4096.79104
2026-07-27 19:00:00,4096.57079,4100.37723,4090.9451,4097.58599
2026-07-27 20:00:00,4098.58365,4102.3958,4087.80607,4099.84925
2026-07-27 21:00:00,4100.11423,4104.2479,4094.16581,4094.65665
2026-07-27 22:00:00,4094.46538,4097.6889,4081.96587,4085.16371
2026-07-27 23:00:00,4084.85005,4089.33304,4071.99283,4072.39119
2026-07-28 00:00:00,4073.07587,4078.69426,4064.73676,4074.80995
2026-07-28 01:00:00,4074.41251,4078.97685,4072.82206,4078.89051
2026-07-28 02:00:00,4078.82353,4094.60524,4078.01057,4082.13877
2026-07-28 03:00:00,4082.12489,4082.50097,4070.50108,4076.75807
2026-07-28 04:00:00,4076.66263,4079.469,4073.15384,4077.74729
2026-07-28 05:00:00,4077.95847,4089.80554,4076.3085,4082.80335
2026-07-28 06:00:00,4083.42639,4083.79957,4075.81007,4076.96247
2026-07-28 07:00:00,4076.90987,4077.13948,4076.47448,4076.69468
2026-07-28 08:00:00,4076.66245,4081.46606,4070.99821,4074.16776
2026-07-28 09:00:00,4074.21564,4074.81358,4070.10839,4072.87644
2026-07-28 10:00:00,4072.69503,4073.30747,4058.44156,4059.05246
2026-07-28 11:00:00,4059.84612,4059.92449,4042.49891,4045.08006
2026-07-28 12:00:00,4044.87602,4049.06795,4040.73056,4043.42602
2026-07-28 13:00:00,4042.92783,4050.90449,4041.05636,4048.26765
2026-07-28 14:00:00,4048.73374,4049.5667,4042.52357,4042.611
2026-07-28 15:00:00,4042.71192,4046.28955,4036.04074,4046.10673
2026-07-28 16:00:00,4045.63715,4052.41609,4043.65644,4048.48748
2026-07-28 17:00:00,4048.59446,4052.19224,4046.78079,4046.96283
2026-07-28 18:00:00,4047.24168,4054.56028,4042.21763,4044.19307
2026-07-28 19:00:00,4043.68018,4046.51752,4018.00064,4019.11394
2026-07-28 20:00:00,4020.92688,4029.28235,4016.74475,4028.8896
2026-07-28 21:00:00,4028.19086,4031.44527,4023.49722,4027.20663
2026-07-28 22:00:00,4026.29616,4037.3047,4023.04716,4029.10709
2026-07-28 23:00:00,4029.53001,4035.86136,4021.51347,4022.62237
2026-07-29 00:00:00,4023.10856,4031.22714,4012.44894,4026.09191
2026-07-29 01:00:00,4026.24116,4046.78079,4022.35583,4046.66413
2026-07-29 02:00:00,4046.43713,4046.8378,4036.97873,4037.01457
2026-07-29 03:00:00,4037.03356,4041.22045,4026.41327,4027.95494
2026-07-29 04:00:00,4027.69222,4030.14549,4021.27995,4022.59441
2026-07-29 05:00:00,4022.68214,4027.87288,4021.79613,4027.65454
2026-07-29 06:00:00,4027.4325,4030.47036,4022.84979,4028.58082
2026-07-29 07:00:00,4028.68301,4029.49591,4028.35965,4028.56155
2026-07-29 08:00:00,4028.67948,4029.33355,4013.93883,4019.85146
2026-07-29 09:00:00,4019.51908,4026.25116,4015.54127,4026.09803
2026-07-29 10:00:00,4025.76084,4027.54843,4018.00064,4021.76694
2026-07-29 11:00:00,4021.47326,4029.65828,4009.78989,4025.38218
2026-07-29 12:00:00,4025.1075,4037.95679,4022.84979,4030.93109
2026-07-29 13:00:00,4031.68917,4032.25806,4023.49722,4023.53011
2026-07-29 14:00:00,4023.58498,4028.43012,4020.90873,4026.47127
2026-07-29 15:00:00,4026.39184,4039.09847,4026.39184,4033.89322
2026-07-29 16:00:00,4033.0193,4044.16225,4033.0193,4041.94494
2026-07-29 17:00:00,4041.75014,4047.76361,4040.89385,4043.64549
2026-07-29 18:00:00,4043.71881,4044.22541,4035.79265,4037.91849
2026-07-29 19:00:00,4038.26985,4038.26985,4031.24455,4033.1117
2026-07-29 20:00:00,4033.06851,4034.20979,4025.92697,4027.02247
2026-07-29 21:00:00,4026.89221,4035.79926,4025.44079,4031.43542
2026-07-29 22:00:00,4031.88884,4032.58327,4010.58795,4022.05859
2026-07-29 23:00:00,4022.34351,4025.44079,4004.96616,4005.05123
2026-07-30 00:00:00,4005.37829,4010.82921,3996.32338,4003.80684
2026-07-30 01:00:00,4003.8815,4013.66741,4003.23067,4009.11848
2026-07-30 02:00:00,4009.30043,4031.60781,4008.01603,4028.01696
2026-07-30 03:00:00,4028.81066,4049.8947,4026.73754,4042.26289
2026-07-30 04:00:00,4042.22297,4108.98797,4034.02762,4108.25897
2026-07-30 05:00:00,4106.83651,4114.04122,4046.50268,4047.97756
2026-07-30 06:00:00,4049.91172,4071.82987,4040.72178,4066.93415
2026-07-30 07:00:00,4066.17292,4068.55761,4064.77066,4065.84109
2026-07-30 08:00:00,4066.06402,4090.64878,4064.54497,4087.01395
2026-07-30 09:00:00,4087.51378,4099.3687,4085.29297,4085.42413
2026-07-30 10:00:00,4085.58152,4086.2954,4065.04065,4071.0237
2026-07-30 11:00:00,4070.19925,4093.31423,4070.19925,4085.30117
2026-07-30 12:00:00,4085.79498,4089.81228,4065.84121,4066.24464
2026-07-30 13:00:00,4066.9253,4069.82503,4050.65593,4057.07295
2026-07-30 14:00:00,4057.3985,4060.57271,4045.79844,4045.92137
2026-07-30 15:00:00,4046.04247,4051.69969,4029.82067,4032.99485
2026-07-30 16:00:00,4033.28733,4040.89385,4029.1712,4035.86226
2026-07-30 17:00:00,4035.95156,4051.02981,4035.95156,4038.96472
2026-07-30 18:00:00,4038.7194,4072.65619,4038.08636,4061.34024
2026-07-30 19:00:00,4060.96414,4072.49033,4060.27162,4064.35922
2026-07-30 20:00:00,4065.12585,4083.05003,4062.26269,4079.52049
2026-07-30 21:00:00,4079.34113,4082.74734,4076.3085,4077.3533
2026-07-30 22:00:00,4077.71508,4087.95633,4068.01725,4073.11716
2026-07-30 23:00:00,4072.35882,4109.92491,4062.78838,4107.91581
2026-07-31 00:00:00,4103.34053,4117.93774,4087.25785,4099.30837
2026-07-31 01:00:00,4098.6825,4109.47645,4081.24046,4108.13816
2026-07-31 02:00:00,4108.29996,4119.46447,4106.94484,4109.17571
2026-07-31 03:00:00,4109.45777,4111.07569,4099.53675,4102.66525
2026-07-31 04:00:00,4102.85985,4107.09364,4099.03263,4099.16782
2026-07-31 05:00:00,4099.2736,4115.05699,4099.15967,4111.91463
2026-07-31 06:00:00,4110.52359,4116.75793,4099.20066,4103.49754
2026-07-31 07:00:00,4103.37557,4103.94962,4103.16403,4103.55714
2026-07-31 08:00:00,4103.58768,4111.68859,4102.22751,4109.68321
2026-07-31 09:00:00,4109.75098,4112.01118,4103.23745,4106.29518
2026-07-31 10:00:00,4106.71503,4106.71503,4090.81612,4093.69405
2026-07-31 11:00:00,4093.40878,4101.21806,4082.33207,4086.20253
2026-07-31 12:00:00,4086.28907,4089.64502,4073.87457,4077.93559
2026-07-31 13:00:00,4077.57182,4079.46804,4072.49033,4074.67355
2026-07-31 14:00:00,4074.84001,4081.46606,4073.02641,4079.38138
2026-07-31 15:00:00,4078.97774,4082.83011,4073.55754,4074.73353
2026-07-31 16:00:00,4074.49697,4088.52621,4073.15384,4079.01362
2026-07-31 17:00:00,4078.85183,4079.42146,4068.51377,4070.4629
2026-07-31 18:00:00,4070.51518,4070.81363,4055.47895,4063.94295
2026-07-31 19:00:00,4063.72802,4064.09033,4050.32851,4053.99402
2026-07-31 20:00:00,4054.23189,4057.94749,4052.6849,4054.32586
2026-07-31 21:00:00,4054.5264,4060.67965,4051.38838,4055.43147
2026-07-31 22:00:00,4055.1924,4060.42099,4041.2066,4041.52452
2026-07-31 23:00:00,4042.17359,4044.99383,4022.52615,4028.85385
2026-08-01 00:00:00,4030.39643,4049.73069,4021.07041,4049.47086
2026-08-01 01:00:00,4048.8852,4051.60436,4037.63072,4045.72025
2026-08-01 02:00:00,4045.5834,4050.25153,4041.46505,4043.59633
2026-08-01 03:00:00,4043.37403,4054.49238,4041.71045,4053.54071
2026-08-01 04:00:00,4053.58704,4054.49238,4047.698,4049.7796
2026-08-01 05:00:00,4049.75513,4055.64343,4047.26287,4052.30418
2026-08-01 06:00:00,4052.20325,4055.12765,4043.34465,4045.25141
2026-08-01 07:00:00,4044.91865,4044.91865,4042.03719,4042.73765
2026-08-01 08:00:00,4042.68428,4042.87431,4042.62528,4042.75341
2026-08-01 09:00:00,4042.68594,4042.87261,4042.62234,4042.76542
2026-08-01 10:00:00,4042.68264,4042.87429,4042.62574,4042.78437
2026-08-01 11:00:00,4042.69218,4042.87318,4042.62401,4042.67556
2026-08-01 12:00:00,4042.68407,4042.87344,4042.62423,4042.66978
2026-08-01 13:00:00,4042.68864,4042.87256,4042.62401,4042.65912
2026-08-01 14:00:00,4042.6856,4042.87259,4042.62101,4042.65577
2026-08-01 15:00:00,4042.68559,4042.86451,4042.62101,4042.65179
2026-08-01 16:00:00,4042.68101,4042.86613,4042.61906,4042.65848
2026-08-01 17:00:00,4042.68264,4042.86529,4042.62038,4042.66743
2026-08-01 18:00:00,4042.6824,4042.86207,4042.61936,4042.67943
2026-08-01 19:00:00,4042.68264,4042.86613,4042.61907,4042.72754
2026-08-01 20:00:00,4042.68417,4042.86109,4042.62034,4042.70995
2026-08-01 21:00:00,4042.68101,4042.8645,4042.61937,4042.72251
2026-08-01 22:00:00,4042.67937,4042.86124,4042.61875,4042.73759
2026-08-01 23:00:00,4042.67937,4042.86124,4042.61875,4042.75073
2026-08-02 00:00:00,4042.67937,4042.86124,4042.61874,4042.761
2026-08-02 01:00:00,4042.67937,4042.86124,4042.61874,4042.76768
2026-08-02 02:00:00,4042.67937,4042.8611,4042.61909,4042.7703
2026-08-02 03:00:00,4042.67937,4042.86124,4042.61874,4042.76869
2026-08-02 04:00:00,4042.67937,4042.86123,4042.61874,4042.76296
2026-08-02 05:00:00,4042.67937,4042.86123,4042.61874,4042.7535
2026-08-02 06:00:00,4042.67937,4042.86123,4042.61874,4042.74098
2026-08-02 07:00:00,4042.67937,4042.86123,4042.61874,4042.73779
2026-08-02 08:00:00,4042.67937,4042.86123,4042.6191,4042.7528
2026-08-02 09:00:00,4042.67937,4042.86112,4042.61874,4042.76617
2026-08-02 10:00:00,4042.67937,4042.86123,4042.61874,4042.77697
2026-08-02 11:00:00,4042.67937,4042.86123,4042.61874,4042.66688
2026-08-02 12:00:00,4042.67937,4042.86122,4042.61874,4042.65712
2026-08-02 13:00:00,4042.67937,4042.86122,4042.61874,4042.65104
2026-08-02 14:00:00,4042.67937,4042.86122,4042.61912,4042.64906
2026-08-02 15:00:00,4042.67937,4042.86113,4042.61874,4042.65131
2026-08-02 16:00:00,4042.67937,4042.86122,4042.61874,4042.65765
2026-08-02 17:00:00,4042.67937,4042.86122,4042.61874,4042.66763
2026-08-02 18:00:00,4042.67937,4042.86122,4042.61874,4042.73422
2026-08-02 19:00:00,4042.67937,4042.86121,4042.61874,4042.71865
2026-08-02 20:00:00,4042.67937,4042.86121,4042.61874,4042.71145
2026-08-02 21:00:00,4042.67937,4042.86121,4042.61914,4042.72727
2026-08-02 22:00:00,4042.67937,4042.86114,4042.61874,4042.74187
2026-08-02 23:00:00,4042.67937,4042.86121,4042.61874,4042.75421
2026-08-03 00:00:00,4042.67937,4042.86121,4042.61874,4042.76345
2026-08-03 01:00:00,4042.67937,4042.86121,4042.61874,4042.76893
2026-08-03 02:00:00,4042.67937,4042.8612,4042.61874,4042.77026
2026-08-03 03:00:00,4042.67937,4042.8612,4042.61916,4042.76736
2026-08-03 04:00:00,4042.67937,4042.87265,4042.61751,4042.75869
2026-08-03 05:00:00,4042.67801,4043.50815,4042.6073,4042.75359
2026-08-03 06:00:00,4042.68199,4043.18117,4042.20057,4042.7451
2026-08-03 07:00:00,4042.68784,4043.99871,4041.38377,4043.20594
2026-08-03 08:00:00,4043.13867,4088.47459,4022.31329,4063.98869
2026-08-03 09:00:00,4064.12722,4073.32628,4062.39844,4072.0959
2026-08-03 10:00:00,4072.61578,4078.71416,4056.13694,4056.35969
2026-08-03 11:00:00,4056.75851,4061.4782,4047.92746,4055.72557
2026-08-03 12:00:00,4054.72257,4065.70174,4051.557,4062.88456
2026-08-03 13:00:00,4062.83258,4066.85916,4059.43006,4064.47766
2026-08-03 14:00:00,4064.37979,4071.66124,4063.63652,4065.18093
2026-08-03 15:00:00,4065.77708,4069.23493,4054.49238,4068.71028
2026-08-03 16:00:00,4067.90581,4070.99821,4062.06841,4065.8129
2026-08-03 17:00:00,4065.41199,4065.41199,4052.84915,4061.51378
2026-08-03 18:00:00,4061.51322,4062.06841,4055.31449,4058.77361
2026-08-03 19:00:00,4058.93993,4062.21195,4045.56467,4055.85168
2026-08-03 20:00:00,4056.88545,4056.95971,4046.04716,4047.9521
2026-08-03 21:00:00,4047.45628,4062.72853,4045.78323,4062.36448
2026-08-03 22:00:00,4062.07967,4064.21459,4042.80435,4048.52703
2026-08-03 23:00:00,4048.27683,4051.53553,4022.04078,4032.21434
2026-08-04 00:00:00,4031.9135,4038.77221,4027.38623,4037.0648
2026-08-04 01:00:00,4037.94783,4039.75115,4030.46641,4037.22433
2026-08-04 02:00:00,4036.96789,4039.26162,4035.02401,4037.17526
2026-08-04 03:00:00,4036.68133,4037.79375,4030.61437,4031.21233
2026-08-04 04:00:00,4031.02941,4044.65297,4029.79402,4043.431
2026-08-04 05:00:00,4043.77754,4055.80792,4041.96527,4052.25382
2026-08-04 06:00:00,4052.35143,4057.94749,4050.38681,4055.3131
2026-08-04 07:00:00,4055.25693,4055.27787,4053.10741,4053.26607
2026-08-04 08:00:00,4053.29434,4054.49238,4049.40271,4053.4173
2026-08-04 09:00:00,4053.22317,4055.00573,4050.71495,4053.32326
2026-08-04 10:00:00,4053.13634,4069.34158,4049.84213,4050.49752
2026-08-04 11:00:00,4051.77759,4061.57345,4042.61423,4059.91879
2026-08-04 12:00:00,4059.90327,4065.04065,4055.97242,4059.06043
2026-08-04 13:00:00,4059.5292,4061.90653,4052.84915,4053.24424
2026-08-04 14:00:00,4053.7758,4066.28922,4051.53553,4065.8081
2026-08-04 15:00:00,4064.93627,4067.02456,4057.61171,4061.60119
2026-08-04 16:00:00,4060.95253,4066.58882,4056.63056,4062.00585
2026-08-04 17:00:00,4061.3658,4066.50667,4060.7488,4065.50262
2026-08-04 18:00:00,4065.35699,4072.65619,4054.9856,4055.44756
2026-08-04 19:00:00,4055.36481,4055.36481,4046.48706,4049.54053
2026-08-04 20:00:00,4049.35514,4060.41904,4045.56485,4053.93407
2026-08-04 21:00:00,4053.96032,4084.01032,4052.89129,4072.76497
2026-08-04 22:00:00,4070.88083,4084.01137,4061.90341,4070.9014
2026-08-04 23:00:00,4071.28831,4093.66301,4062.50782,4084.75837
2026-08-05 00:00:00,4084.95314,4091.14949,4076.3085,4084.18787
2026-08-05 01:00:00,4083.89592,4088.47459,4075.9762,4087.8135
2026-08-05 02:00:00,4087.75988,4093.74217,4083.40065,4093.62954
2026-08-05 03:00:00,4093.40369,4105.94294,4087.09702,4087.40955
2026-08-05 04:00:00,4088.04835,4088.79349,4075.86501,4080.08181
2026-08-05 05:00:00,4080.31708,4084.63361,4076.47466,4079.08716
2026-08-05 06:00:00,4078.7486,4080.30031,4074.97963,4077.39577
2026-08-05 07:00:00,4077.53527,4078.03744,4077.13948,4077.70545
2026-08-05 08:00:00,4077.6532,4086.05472,4075.76546,4076.59445
2026-08-05 09:00:00,4077.15309,4077.15309,4065.90565,4072.94209
2026-08-05 10:00:00,4072.75749,4083.29931,4070.99821,4082.03607
2026-08-05 11:00:00,4082.04942,4102.05923,4078.12536,4101.8736
2026-08-05 12:00:00,4101.34543,4135.36861,4096.41207,4130.94473
2026-08-05 13:00:00,4131.61954,4135.82034,4127.45251,4128.86085
2026-08-05 14:00:00,4128.90558,4141.3012,4128.90558,4134.85877
2026-08-05 15:00:00,4134.91838,4172.22964,4134.91838,4163.61832
2026-08-05 16:00:00,4164.93596,4178.02668,4160.59913,4177.67399
2026-08-05 17:00:00,4176.90168,4179.30077,4162.57354,4171.25667
2026-08-05 18:00:00,4170.65389,4172.01389,4160.07987,4160.16279
2026-08-05 19:00:00,4160.20114,4166.84029,4152.38315,4158.57495
2026-08-05 20:00:00,4157.77575,4161.81122,4150.27668,4161.57112
2026-08-05 21:00:00,4161.06535,4192.51393,4159.96208,4192.23189
2026-08-05 22:00:00,4191.54952,4212.47736,4183.83989,4184.10763
2026-08-05 23:00:00,4184.38768,4204.37258,4183.16763,4203.94021
2026-08-06 00:00:00,4203.04279,4248.05408,4203.04279,4243.81868
2026-08-06 01:00:00,4243.79968,4267.13964,4234.23805,4234.42576
2026-08-06 02:00:00,4234.83156,4247.07774,4225.7867,4240.74209
2026-08-06 03:00:00,4240.0459,4252.42388,4235.79107,4251.05209
2026-08-06 04:00:00,4251.78143,4265.11985,4249.31528,4261.60403
2026-08-06 05:00:00,4261.81634,4261.81634,4246.8255,4247.01607
2026-08-06 06:00:00,4247.35423,4250.49177,4243.58158,4246.99711
2026-08-06 07:00:00,4246.60064,4247.54704,4246.55902,4247.07951
2026-08-06 08:00:00,4247.04554,4254.05198,4245.95111,4249.45655
2026-08-06 09:00:00,4249.0283,4282.28845,4249.0283,4277.9627
2026-08-06 10:00:00,4276.31551,4299.15389,4263.41684,4295.86705
2026-08-06 11:00:00,4295.38811,4302.01401,4271.80614,4287.15635
2026-08-06 12:00:00,4286.71454,4304.07478,4274.9658,4278.89432
2026-08-06 13:00:00,4278.65596,4280.82192,4260.78847,4265.30629
2026-08-06 14:00:00,4264.45304,4266.75769,4253.32823,4262.56053
2026-08-06 15:00:00,4262.52598,4267.87901,4244.1349,4266.82197
2026-08-06 16:00:00,4266.47414,4268.03244,4250.43567,4255.19041
2026-08-06 17:00:00,4254.10084,4264.2393,4252.38662,4261.7703
2026-08-06 18:00:00,4261.22887,4278.16156,4260.75841,4277.6147
2026-08-06 19:00:00,4276.61763,4284.96,4272.04375,4272.74766
2026-08-06 20:00:00,4272.40442,4274.46938,4264.85804,4270.35644
2026-08-06 21:00:00,4270.65555,4273.09588,4252.16492,4262.25505
2026-08-06 22:00:00,4261.84719,4270.949,4249.89375,4250.97314
2026-08-06 23:00:00,4250.88557,4277.07167,4231.37139,4267.7922
2026-08-07 00:00:00,4267.73098,4276.91558,4261.45915,4269.79144
2026-08-07 01:00:00,4269.2892,4274.41761,4232.44593,4238.4254
2026-08-07 02:00:00,4236.78748,4242.48786,4224.22648,4240.99314
2026-08-07 03:00:00,4241.19154,4248.44932,4237.8136,4247.11993
2026-08-07 04:00:00,4246.94938,4249.53255,4240.70226,4242.88918
2026-08-07 05:00:00,4242.50511,4251.88146,4232.86878,4248.28142
2026-08-07 06:00:00,4247.72377,4249.35197,4235.01312,4240.8196
2026-08-07 07:00:00,4240.67481,4240.8821,4239.98304,4240.34418
2026-08-07 08:00:00,4240.28508,4243.22145,4236.21113,4241.05535
2026-08-07 09:00:00,4241.11125,4252.78557,4238.84193,4252.5991
2026-08-07 10:00:00,4252.50007,4252.50007,4230.65533,4232.01982
2026-08-07 11:00:00,4231.79789,4260.16477,4230.24215,4258.66396
2026-08-07 12:00:00,4258.1045,4261.84794,4246.0541,4250.60061
2026-08-07 13:00:00,4251.15804,4265.05298,4249.53289,4264.59374
2026-08-07 14:00:00,4263.54255,4269.71926,4259.13877,4265.9398
2026-08-07 15:00:00,4266.93245,4281.00518,4262.11014,4279.83373
2026-08-07 16:00:00,4279.60288,4298.30217,4278.50331,4298.09852
2026-08-07 17:00:00,4297.60965,4297.74798,4283.5725,4290.41231
2026-08-07 18:00:00,4289.73716,4319.28127,4287.56698,4303.81895
2026-08-07 19:00:00,4303.98955,4320.22978,4302.18292,4314.75235
2026-08-07 20:00:00,4315.26494,4320.74477,4308.48649,4317.06364
2026-08-07 21:00:00,4317.18739,4327.69291,4316.20924,4321.5482
2026-08-07 22:00:00,4322.61851,4371.01145,4303.7292,4357.1706
2026-08-07 23:00:00,4357.766,4367.35724,4338.49994,4344.60952
2026-08-08 00:00:00,4345.06197,4352.0899,4328.62956,4342.52471
2026-08-08 01:00:00,4342.85808,4357.3118,4340.46617,4342.56365
2026-08-08 02:00:00,4343.37473,4349.3389,4328.96671,4329.28519
2026-08-08 03:00:00,4329.80834,4343.1846,4326.71361,4341.08548
2026-08-08 04:00:00,4341.7327,4343.24855,4332.38021,4334.19335
2026-08-08 05:00:00,4334.6684,4349.79584,4332.47805,4344.0159
2026-08-08 06:00:00,4342.32336,4345.55884,4335.76136,4342.63347
2026-08-08 07:00:00,4342.38579,4342.9167,4341.59684,4342.24845
2026-08-08 08:00:00,4342.26798,4342.46356,4342.19553,4342.25524
2026-08-08 09:00:00,4342.2621,4342.46452,4342.201,4342.3252
2026-08-08 10:00:00,4342.26958,4342.46525,4342.19673,4342.32847
2026-08-08 11:00:00,4342.26233,4342.55321,4342.19809,4342.33453
2026-08-08 12:00:00,4342.26238,4342.45739,4342.19725,4342.32052
2026-08-08 13:00:00,4342.26233,4342.46167,4342.19808,4342.34739
2026-08-08 14:00:00,4342.26822,4342.46337,4342.1986,4342.35287
2026-08-08 15:00:00,4342.26859,4342.46307,4342.19676,4342.36121
2026-08-08 16:00:00,4342.26869,4342.45958,4342.19618,4342.36531
2026-08-08 17:00:00,4342.26873,4342.46336,4342.1624,4342.35918
2026-08-08 18:00:00,4342.2627,4342.45604,4342.1624,4342.35231
2026-08-08 19:00:00,4342.26044,4342.45531,4342.1624,4342.33736
2026-08-08 20:00:00,4342.2545,4342.45358,4342.1624,4342.32467
2026-08-08 21:00:00,4342.25457,4342.45698,4342.1624,4342.32044
2026-08-08 22:00:00,4342.26233,4342.45771,4342.19724,4342.33684
2026-08-08 23:00:00,4342.26233,4342.45771,4342.19723,4342.3518
2026-08-09 00:00:00,4342.26233,4342.45771,4342.19723,4342.36426
2026-08-09 01:00:00,4342.26233,4342.45771,4342.19723,4342.25243
2026-08-09 02:00:00,4342.26233,4342.4577,4342.19723,4342.24097
2026-08-09 03:00:00,4342.26233,4342.4577,4342.19747,4342.23328
2026-08-09 04:00:00,4342.26233,4342.45743,4342.19723,4342.2299
2026-08-09 05:00:00,4342.26233,4342.4577,4342.19723,4342.23106
2026-08-09 06:00:00,4342.26233,4342.4577,4342.19723,4342.23668
2026-08-09 07:00:00,4342.26233,4342.4577,4342.19723,4342.24457
2026-08-09 08:00:00,4342.26044,4342.45582,4342.19535,4342.25768
2026-08-09 09:00:00,4342.26044,4342.45582,4342.19558,4342.30713
2026-08-09 10:00:00,4342.26044,4342.45555,4342.19534,4342.29088
2026-08-09 11:00:00,4342.26044,4342.45582,4342.19534,4342.30736
2026-08-09 12:00:00,4342.26044,4342.45582,4342.19534,4342.32351
2026-08-09 13:00:00,4342.26044,4342.45582,4342.19534,4342.33753
2026-08-09 14:00:00,4342.26044,4342.45581,4342.19534,4342.34843
2026-08-09 15:00:00,4342.26044,4342.45581,4342.19534,4342.35546
2026-08-09 16:00:00,4342.26044,4342.45556,4342.1956,4342.35813
2026-08-09 17:00:00,4342.26044,4342.45581,4342.19534,4342.35624
2026-08-09 18:00:00,4342.26044,4342.45581,4342.19534,4342.34993
2026-08-09 19:00:00,4342.26044,4342.45581,4342.19534,4342.33964
2026-08-09 20:00:00,4342.26044,4342.45581,4342.19534,4342.32609
2026-08-09 21:00:00,4342.26044,4342.45581,4342.19533,4342.32378
2026-08-09 22:00:00,4342.26044,4342.45581,4342.19562,4342.33985
2026-08-09 23:00:00,4342.26044,4342.45558,4342.19533,4342.35413
2026-08-10 00:00:00,4342.26044,4342.45581,4342.19533,4342.2602
2026-08-10 01:00:00,4342.26044,4342.4558,4342.19533,4342.2466
2026-08-10 02:00:00,4342.26044,4342.4558,4342.19533,4342.23624
2026-08-10 03:00:00,4342.26044,4342.4558,4342.19533,4342.22986
2026-08-10 04:00:00,4342.26044,4342.45392,4342.1624,4342.22789
2026-08-10 05:00:00,4342.26044,4342.7281,4342.1624,4342.23784
2026-08-10 06:00:00,4342.26835,4342.7281,4342.16142,4342.18657
2026-08-10 07:00:00,4342.28568,4344.06425,4341.6818,4343.62261
2026-08-10 08:00:00,4343.64486,4355.9871,4335.00954,4342.46
2026-08-10 09:00:00,4342.32391,4349.72182,4333.41507,4333.87088
2026-08-10 10:00:00,4334.80988,4348.22368,4331.25433,4332.14584
2026-08-10 11:00:00,4331.95814,4338.95952,4313.50559,4316.86293
2026-08-10 12:00:00,4318.19741,4334.86314,4318.19741,4322.37614
2026-08-10 13:00:00,4321.4286,4329.19174,4317.97573,4327.24387
2026-08-10 14:00:00,4326.9562,4339.06144,4323.45383,4337.37602
2026-08-10 15:00:00,4337.83472,4352.17827,4332.94337,4349.11933
2026-08-10 16:00:00,4348.83189,4359.57799,4342.1624,4359.44924
2026-08-10 17:00:00,4359.12755,4361.48225,4350.31042,4356.03981
2026-08-10 18:00:00,4355.93208,4356.59242,4345.37001,4347.2738
2026-08-10 19:00:00,4346.88484,4349.71727,4341.21988,4341.87718
2026-08-10 20:00:00,4341.97026,4344.4261,4335.88955,4336.40975
2026-08-10 21:00:00,4337.43459,4339.71271,4328.98052,4335.92898
2026-08-10 22:00:00,4335.46537,4336.51344,4325.82082,4334.66577
2026-08-10 23:00:00,4334.54036,4338.58302,4318.19137,4318.97671
2026-08-11 00:00:00,4320.6466,4350.28494,4317.12328,4344.77577
2026-08-11 01:00:00,4344.59106,4358.42602,4342.7281,4358.12712
2026-08-11 02:00:00,4357.44972,4364.71564,4351.20296,4355.92157
2026-08-11 03:00:00,4355.08366,4364.90615,4352.93606,4359.52632
2026-08-11 04:00:00,4359.28349,4383.71101,4359.28349,4378.99177
2026-08-11 05:00:00,4378.87004,4395.6044,4378.64066,4389.70661
2026-08-11 06:00:00,4389.22345,4391.9364,4386.54209,4389.993
2026-08-11 07:00:00,4389.83451,4390.00834,4387.27137,4389.03059
2026-08-11 08:00:00,4388.96596,4400.47991,4388.39839,4399.51915
2026-08-11 09:00:00,4399.75928,4402.3249,4394.99006,4402.0834
2026-08-11 10:00:00,4401.5307,4422.79946,4396.37739,4410.25099
2026-08-11 11:00:00,4411.64976,4432.42764,4392.55003,4430.57525
2026-08-11 12:00:00,4430.75816,4434.78647,4409.71229,4411.97389
2026-08-11 13:00:00,4411.71515,4421.25741,4411.27082,4417.818
2026-08-11 14:00:00,4417.55213,4420.64933,4404.31623,4406.92213
2026-08-11 15:00:00,4406.34773,4408.58793,4368.52912,4374.14702
2026-08-11 16:00:00,4373.48361,4382.31298,4360.5285,4364.78252
2026-08-11 17:00:00,4364.40859,4367.00293,4357.26681,4357.57737
2026-08-11 18:00:00,4357.80034,4376.36761,4356.48594,4370.4767
2026-08-11 19:00:00,4370.80666,4375.9846,4366.97202,4372.83373
2026-08-11 20:00:00,4372.63306,4381.73692,4370.75714,4379.13876
2026-08-11 21:00:00,4379.24595,4392.74512,4379.24595,4388.61588
2026-08-11 22:00:00,4388.38174,4400.24641,4382.97149,4394.61516
2026-08-11 23:00:00,4394.05368,4407.93875,4384.61876,4389.87291
2026-08-12 00:00:00,4390.7037,4397.73077,4380.36847,4393.37616
2026-08-12 01:00:00,4393.81663,4398.31105,4370.25762,4380.04955
2026-08-12 02:00:00,4380.32852,4385.51315,4378.24607,4384.11668
2026-08-12 03:00:00,4384.2809,4385.00329,4369.48353,4371.91971
2026-08-12 04:00:00,4371.50867,4372.6332,4361.2892,4371.38532
2026-08-12 05:00:00,4371.27865,4374.79549,4361.8599,4372.69971
2026-08-12 06:00:00,4372.60911,4372.62815,4367.25423,4367.71611
2026-08-12 07:00:00,4368.15364,4369.29915,4368.14747,4368.44713
2026-08-12 08:00:00,4368.4795,4378.26115,4367.76589,4370.27316
2026-08-12 09:00:00,4369.94859,4373.87919,4363.38249,4371.35495
2026-08-12 10:00:00,4371.17037,4383.77641,4366.30522,4380.61545
2026-08-12 11:00:00,4380.35025,4397.83795,4378.36336,4396.11284
2026-08-12 12:00:00,4395.36451,4414.42635,4394.83168,4412.26969
2026-08-12 13:00:00,4412.20362,4415.01104,4401.55838,4402.31001
2026-08-12 14:00:00,4402.19293,4403.15266,4395.39795,4400.88689
2026-08-12 15:00:00,4400.75155,4405.08837,4385.0347,4393.89672
2026-08-12 16:00:00,4393.19014,4405.86862,4385.19558,4403.69312
2026-08-12 17:00:00,4404.05376,4409.94884,4398.58522,4405.57256
2026-08-12 18:00:00,4405.31611,4410.14333,4401.9897,4402.05648
2026-08-12 19:00:00,4402.24767,4423.40868,4402.05582,4415.84387
2026-08-12 20:00:00,4415.28846,4420.67106,4408.00494,4412.20584
2026-08-12 21:00:00,4411.49936,4415.79087,4407.61636,4413.40502
2026-08-12 22:00:00,4413.17286,4438.32941,4381.60221,4435.24642
2026-08-12 23:00:00,4434.37883,4441.22288,4409.55993,4430.93949
2026-08-13 00:00:00,4430.6817,4439.2306,4415.79087,4421.4094
2026-08-13 01:00:00,4420.88677,4431.44291,4411.93449,4421.23548
2026-08-13 02:00:00,4420.78422,4425.75791,4397.73077,4401.78156
2026-08-13 03:00:00,4400.19398,4410.99157,4399.27852,4399.84161
2026-08-13 04:00:00,4400.31322,4418.52245,4396.76398,4413.23668
2026-08-13 05:00:00,4413.22982,4418.71432,4408.78229,4411.32445
2026-08-13 06:00:00,4412.03462,4413.4522,4406.52929,4409.04752
2026-08-13 07:00:00,4408.74155,4409.05681,4408.39358,4408.82443
2026-08-13 08:00:00,4408.74865,4409.94884,4398.31105,4402.08306
2026-08-13 09:00:00,4402.17047,4413.37002,4402.17047,4412.80577
2026-08-13 10:00:00,4412.07221,4449.78419,4412.07221,4427.36963
2026-08-13 11:00:00,4427.70384,4436.23856,4407.4221,4407.90568
2026-08-13 12:00:00,4408.72581,4413.4522,4399.8592,4407.32056
2026-08-13 13:00:00,4407.60411,4412.5607,4399.60273,4399.7957
2026-08-13 14:00:00,4400.13561,4400.13561,4392.90107,4398.26874
2026-08-13 15:00:00,4398.06126,4407.03363,4382.36352,4383.23749
2026-08-13 16:00:00,4384.53217,4384.53217,4369.39835,4380.12659
2026-08-13 17:00:00,4380.22082,4380.96907,4369.48353,4370.49126
2026-08-13 18:00:00,4370.36596,4379.62598,4364.90615,4375.53737
2026-08-13 19:00:00,4375.71907,4385.00329,4373.49661,4384.68614
2026-08-13 20:00:00,4384.07925,4393.91936,4381.73692,4392.33656
2026-08-13 21:00:00,4392.30901,4397.01077,4383.27343,4387.29864
2026-08-13 22:00:00,4386.84556,4400.44004,4381.54493,4399.88013
2026-08-13 23:00:00,4398.48166,4401.02104,4370.02048,4374.12906
2026-08-14 00:00:00,4374.55489,4386.90994,4359.22734,4386.4237
2026-08-14 01:00:00,4386.06981,4386.06981,4357.67823,4364.17999
2026-08-14 02:00:00,4364.95919,4368.43322,4351.79947,4366.72968
2026-08-14 03:00:00,4366.92326,4373.86654,4356.33528,4356.62539
2026-08-14 04:00:00,4356.59119,4363.76331,4354.98025,4357.4776
2026-08-14 05:00:00,4357.41202,4358.6279,4345.18119,4348.05694
2026-08-14 06:00:00,4348.91716,4352.36769,4346.69217,4351.17522
2026-08-14 07:00:00,4350.64279,4351.75718,4350.64279,4351.49926
2026-08-14 08:00:00,4351.43021,4362.24045,4351.0202,4354.23876
2026-08-14 09:00:00,4354.50632,4364.52514,4348.61358,4357.88648
2026-08-14 10:00:00,4358.61211,4361.91264,4333.37208,4340.38305
2026-08-14 11:00:00,4340.3467,4342.3893,4312.87054,4319.66153
2026-08-14 12:00:00,4318.87417,4323.35568,4311.90719,4314.86584
2026-08-14 13:00:00,4313.98822,4327.99709,4313.98822,4324.66885
2026-08-14 14:00:00,4324.57169,4327.8802,4323.01574,4325.8294
2026-08-14 15:00:00,4325.78644,4332.51473,4310.61379,4331.88806
2026-08-14 16:00:00,4331.08396,4336.70254,4328.81693,4335.34953
2026-08-14 17:00:00,4334.74167,4344.35123,4330.50407,4344.09988
2026-08-14 18:00:00,4343.58408,4349.52808,4342.35095,4347.69693
2026-08-14 19:00:00,4347.72498,4356.33565,4346.00997,4355.86653
2026-08-14 20:00:00,4354.63307,4358.33229,4348.58236,4349.52464
2026-08-14 21:00:00,4349.29851,4369.09673,4349.14974,4368.14185
2026-08-14 22:00:00,4366.83892,4385.7199,4366.12816,4374.37563
2026-08-14 23:00:00,4374.20036,4396.587,4370.08531,4383.7629
2026-08-15 00:00:00,4384.0846,4393.09406,4379.79426,4381.06638
2026-08-15 01:00:00,4381.18352,4394.83168,4379.24239,4391.92205
2026-08-15 02:00:00,4391.82063,4395.45613,4381.54493,4385.33372
2026-08-15 03:00:00,4385.59525,4387.44641,4376.55915,4377.7778
2026-08-15 04:00:00,4377.7012,4383.09699,4372.54045,4373.34788
2026-08-15 05:00:00,4373.41843,4382.44657,4372.73165,4375.04209
2026-08-15 06:00:00,4375.30467,4376.79262,4371.20252,4376.56187
2026-08-15 07:00:00,4376.01866,4376.94227,4375.53437,4375.58851
2026-08-15 08:00:00,4375.60547,4375.79927,4375.5341,4375.57899
2026-08-15 09:00:00,4375.60513,4375.80222,4375.5341,4375.56984
2026-08-15 10:00:00,4375.60165,4375.80415,4375.5341,4375.56147
2026-08-15 11:00:00,4375.59437,4375.80222,4375.52895,4375.56539
2026-08-15 12:00:00,4375.59435,4375.80605,4375.53088,4375.58664
2026-08-15 13:00:00,4375.60708,4375.79844,4375.52894,4375.58745
2026-08-15 14:00:00,4375.5959,4375.80228,4375.5341,4375.65261
2026-08-15 15:00:00,4375.59958,4375.80414,4375.53266,4375.64319
2026-08-15 16:00:00,4375.60547,4375.80036,4375.53682,4375.64536
2026-08-15 17:00:00,4375.60552,4375.80419,4375.53879,4375.66401
2026-08-15 18:00:00,4375.60753,4375.80322,4375.53601,4375.67185
2026-08-15 19:00:00,4375.59973,4375.80116,4375.53677,4375.68234
2026-08-15 20:00:00,4375.59751,4375.80126,4375.53218,4375.70055
2026-08-15 21:00:00,4375.60774,4375.7946,4375.53082,4375.6938
2026-08-15 22:00:00,4375.5959,4375.7927,4375.53027,4375.69375
2026-08-15 23:00:00,4375.5959,4375.79269,4375.53027,4375.68915
2026-08-16 00:00:00,4375.5959,4375.79269,4375.53027,4375.68032
2026-08-16 01:00:00,4375.5959,4375.79269,4375.53076,4375.66788
2026-08-16 02:00:00,4375.5959,4375.79266,4375.53027,4375.65294
2026-08-16 03:00:00,4375.5959,4375.79269,4375.53027,4375.66956
2026-08-16 04:00:00,4375.5959,4375.79269,4375.53027,4375.6848
2026-08-16 05:00:00,4375.5959,4375.79268,4375.53027,4375.69762
2026-08-16 06:00:00,4375.5959,4375.79268,4375.53027,4375.58712
2026-08-16 07:00:00,4375.5959,4379.85286,4375.53078,4375.57726
2026-08-16 08:00:00,4375.59782,4375.7946,4375.53268,4375.56911
2026-08-16 09:00:00,4375.59782,4375.7946,4375.53218,4375.56527
2026-08-16 10:00:00,4375.59782,4375.7946,4375.53218,4375.566
2026-08-16 11:00:00,4375.59782,4375.79461,4375.53218,4375.57124
2026-08-16 12:00:00,4375.59782,4375.79461,4375.53218,4375.58064
2026-08-16 13:00:00,4375.59782,4375.79457,4375.53218,4375.59353
2026-08-16 14:00:00,4375.59782,4375.79461,4375.53266,4375.6466
2026-08-16 15:00:00,4375.59782,4375.79461,4375.53218,4375.63012
2026-08-16 16:00:00,4375.59782,4375.79461,4375.53218,4375.64334
2026-08-16 17:00:00,4375.59782,4375.79462,4375.53218,4375.65977
2026-08-16 18:00:00,4375.59782,4375.79462,4375.53218,4375.67416
2026-08-16 19:00:00,4375.59782,4375.79462,4375.53218,4375.68552
2026-08-16 20:00:00,4375.59782,4375.79456,4375.53218,4375.69303
2026-08-16 21:00:00,4375.59782,4375.79462,4375.53263,4375.69618
2026-08-16 22:00:00,4375.59782,4375.79462,4375.53218,4375.69475
2026-08-16 23:00:00,4375.59782,4375.79463,4375.53218,4375.68884
2026-08-17 00:00:00,4375.59782,4375.79463,4375.53219,4375.67886
2026-08-17 01:00:00,4375.59782,4375.79463,4375.53219,4375.66551
2026-08-17 02:00:00,4375.59782,4375.79455,4375.53219,4375.6599
2026-08-17 03:00:00,4375.59782,4375.79463,4375.53261,4375.67622
2026-08-17 04:00:00,4375.59782,4375.81578,4375.53866,4375.69887
2026-08-17 05:00:00,4375.60373,4375.80472,4375.53638,4375.60431
2026-08-17 06:00:00,4375.60739,4375.84991,4375.52542,4375.54686
2026-08-17 07:00:00,4375.60522,4376.73509,4375.21876,4376.62523
2026-08-17 08:00:00,4376.54,4385.78783,4372.1581,4385.57681
2026-08-17 09:00:00,4385.05692,4386.15729,4367.39807,4370.92175
2026-08-17 10:00:00,4371.23624,4400.63369,4368.33828,4400.35207
2026-08-17 11:00:00,4399.97672,4415.05846,4392.40406,4395.53409
2026-08-17 12:00:00,4395.15192,4399.12612,4388.39822,4392.87773
2026-08-17 13:00:00,4392.69992,4397.56444,4388.23785,4397.07812
2026-08-17 14:00:00,4396.04747,4399.08499,4389.04494,4391.44766
2026-08-17 15:00:00,4392.49175,4400.63369,4386.03674,4393.72335
2026-08-17 16:00:00,4393.83043,4403.77593,4391.68075,4403.08134
2026-08-17 17:00:00,4402.96267,4410.92144,4396.31251,4405.39451
2026-08-17 18:00:00,4405.12253,4405.67451,4393.222,4395.4847
2026-08-17 19:00:00,4395.29904,4400.09419,4393.48008,4394.30339
2026-08-17 20:00:00,4394.28703,4406.83165,4391.74352,4398.75863
2026-08-17 21:00:00,4398.83945,4405.75411,4395.6044,4397.11419
2026-08-17 22:00:00,4397.04878,4397.73077,4377.70871,4386.04328
2026-08-17 23:00:00,4385.67094,4414.62123,4382.50504,4408.32887
2026-08-18 00:00:00,4409.25569,4427.32545,4404.18399,4415.37508
2026-08-18 01:00:00,4415.44234,4427.32545,4415.44234,4426.82975
2026-08-18 02:00:00,4426.9188,4427.91357,4421.94059,4424.71751
2026-08-18 03:00:00,4424.82376,4426.49759,4411.50521,4413.91657
2026-08-18 04:00:00,4414.34479,4415.83312,4398.50451,4406.05351
2026-08-18 05:00:00,4406.31852,4421.28749,4399.64859,4420.27495
2026-08-18 06:00:00,4419.54921,4421.44012,4414.65896,4416.62725
2026-08-18 07:00:00,4416.46004,4417.14273,4416.46004,4417.05662
2026-08-18 08:00:00,4416.81549,4418.91295,4410.92144,4411.54773
2026-08-18 09:00:00,4411.39189,4425.0661,4411.23865,4423.97343
2026-08-18 10:00:00,4424.12911,4433.69603,4418.04763,4432.5244
2026-08-18 11:00:00,4430.55095,4435.5801,4404.70422,4408.13699
2026-08-18 12:00:00,4408.16507,4409.10609,4394.05923,4399.54454
2026-08-18 13:00:00,4398.9994,4405.05589,4390.97216,4392.03457
2026-08-18 14:00:00,4391.54791,4395.20224,4389.68192,4394.07003
2026-08-18 15:00:00,4394.37563,4397.53738,4385.77255,4395.60248
2026-08-18 16:00:00,4396.07821,4400.13156,4388.46711,4397.83963
2026-08-18 17:00:00,4397.98554,4403.54045,4396.18411,4397.24876
2026-08-18 18:00:00,4396.928,4398.65776,4387.31189,4393.22328
2026-08-18 19:00:00,4393.15354,4395.5284,4386.47555,4393.97231
2026-08-18 20:00:00,4393.86583,4399.47206,4389.62293,4397.51424
2026-08-18 21:00:00,4397.344,4398.57868,4388.45275,4396.02432
2026-08-18 22:00:00,4395.35018,4400.0528,4390.71329,4394.50697
2026-08-18 23:00:00,4393.96118,4404.32094,4384.42652,4393.5326
2026-08-19 00:00:00,4393.12541,4404.70422,4366.922,4369.80762
2026-08-19 01:00:00,4373.57236,4376.63766,4352.9562,4364.30928
2026-08-19 02:00:00,4363.84524,4371.5847,4362.62403,4363.71052
2026-08-19 03:00:00,4363.76006,4368.14747,4357.10862,4357.21854
2026-08-19 04:00:00,4357.26661,4360.90881,4352.74658,4354.46488
2026-08-19 05:00:00,4354.49889,4358.05805,4340.08941,4343.95947
2026-08-19 06:00:00,4341.36541,4346.88111,4330.69161,4335.67938
2026-08-19 07:00:00,4335.3554,4335.3554,4333.88229,4334.40384
2026-08-19 08:00:00,4334.23748,4343.35203,4331.89673,4333.44852
2026-08-19 09:00:00,4333.58934,4338.39479,4327.50563,4332.97222
2026-08-19 10:00:00,4332.81906,4347.75561,4332.81906,4337.60619
2026-08-19 11:00:00,4338.52928,4356.41595,4325.9749,4355.14314
2026-08-19 12:00:00,4354.01663,4362.70139,4352.17827,4354.85802
2026-08-19 13:00:00,4354.47964,4359.76806,4352.17827,4355.23104
2026-08-19 14:00:00,4355.52292,4355.96986,4344.80361,4348.72367
2026-08-19 15:00:00,4347.7932,4350.28494,4335.72909,4338.30765
2026-08-19 16:00:00,4338.20078,4348.80401,4333.92267,4348.57942
2026-08-19 17:00:00,4347.96557,4362.62106,4347.86692,4355.27663
2026-08-19 18:00:00,4355.49472,4363.00175,4351.87518,4355.3359
2026-08-19 19:00:00,4355.37304,4361.72924,4354.07324,4361.33948
2026-08-19 20:00:00,4360.46934,4369.29261,4359.45708,4366.42093
2026-08-19 21:00:00,4366.74137,4375.44645,4363.38249,4365.2094
2026-08-19 22:00:00,4365.38545,4442.47001,4362.16753,4437.9365
2026-08-19 23:00:00,4438.10521,4465.28243,4423.90281,4460.36158
2026-08-20 00:00:00,4459.65015,4496.60506,4455.52334,4487.65123
2026-08-20 01:00:00,4487.82029,4493.05426,4478.68148,4491.80575
2026-08-20 02:00:00,4491.98617,4498.28809,4490.95073,4494.60203
2026-08-20 03:00:00,4494.61982,4498.62792,4484.50603,4485.14016
2026-08-20 04:00:00,4485.34899,4496.20071,4473.67244,4495.39023
2026-08-20 05:00:00,4495.36185,4512.22814,4494.98417,4509.53957
2026-08-20 06:00:00,4509.77739,4524.47742,4505.72227,4523.24519
2026-08-20 07:00:00,4523.14482,4523.14482,4522.43126,4522.92102
2026-08-20 08:00:00,4522.81989,4527.83263,4517.7321,4519.72518
2026-08-20 09:00:00,4519.5825,4525.76298,4511.27006,4512.40234
2026-08-20 10:00:00,4512.30308,4521.85344,4504.09873,4509.85331
2026-08-20 11:00:00,4509.61846,4509.61846,4484.10385,4487.98737
2026-08-20 12:00:00,4487.10946,4499.64003,4487.10946,4491.94986
2026-08-20 13:00:00,4491.92851,4500.85516,4487.11983,4498.6167
2026-08-20 14:00:00,4498.90657,4499.55859,4486.42433,4488.88341
2026-08-20 15:00:00,4489.12793,4493.2976,4478.4809,4481.86071
2026-08-20 16:00:00,4480.96645,4495.65144,4480.28409,4493.67571
2026-08-20 17:00:00,4492.93294,4494.44879,4483.90279,4490.07986
2026-08-20 18:00:00,4490.34048,4499.16843,4487.12196,4488.57513
2026-08-20 19:00:00,4488.53852,4493.77612,4482.09403,4483.94486
2026-08-20 20:00:00,4483.58739,4495.12233,4480.88901,4489.611
2026-08-20 21:00:00,4488.88885,4491.71686,4466.27959,4467.42964
2026-08-20 22:00:00,4467.26941,4476.07538,4451.3688,4475.87318
2026-08-20 23:00:00,4475.45371,4487.72607,4470.72172,4480.32202
2026-08-21 00:00:00,4480.77794,4515.48812,4480.77794,4515.19807
2026-08-21 01:00:00,4514.90805,4544.49492,4510.11922,4523.20659
2026-08-21 02:00:00,4522.70363,4525.27575,4503.89587,4511.01633
2026-08-21 03:00:00,4510.6599,4520.31287,4507.30952,4520.07358
2026-08-21 04:00:00,4519.8551,4524.88688,4509.18284,4522.17384
2026-08-21 05:00:00,4522.88226,4532.26976,4519.9783,4529.2124
2026-08-21 06:00:00,4528.70974,4529.19063,4517.11988,4519.34377
2026-08-21 07:00:00,4519.29236,4519.49916,4518.85042,4519.07673
2026-08-21 08:00:00,4519.08976,4524.36327,4517.52801,4524.27869
2026-08-21 09:00:00,4524.18214,4532.50737,4521.40887,4527.09496
2026-08-21 10:00:00,4526.97837,4528.20864,4510.1304,4511.17591
2026-08-21 11:00:00,4511.0523,4539.17139,4509.73245,4530.11923
2026-08-21 12:00:00,4529.82523,4543.18295,4518.48153,4535.1954
2026-08-21 13:00:00,4536.39434,4538.02868,4526.73034,4535.07724
2026-08-21 14:00:00,4534.1904,4547.99406,4534.1904,4541.00895
2026-08-21 15:00:00,4541.17517,4555.28273,4531.03761,4554.99248
2026-08-21 16:00:00,4554.39792,4567.87868,4545.86781,4562.52788
2026-08-21 17:00:00,4563.50757,4567.67003,4558.71627,4563.58798
2026-08-21 18:00:00,4563.64818,4583.58744,4559.56334,4583.29476
2026-08-21 19:00:00,4582.61032,4601.08586,4580.60004,4582.62422
2026-08-21 20:00:00,4583.95871,4593.68827,4578.75458,4588.30287
2026-08-21 21:00:00,4588.34549,4606.17632,4586.50389,4597.45276
2026-08-21 22:00:00,4597.8679,4600.45084,4564.75099,4577.81063
2026-08-21 23:00:00,4577.55695,4591.36823,4574.35616,4581.58037
2026-08-22 00:00:00,4582.12493,4603.20383,4579.94085,4591.40097
2026-08-22 01:00:00,4590.89952,4615.42632,4588.33505,4611.26244
2026-08-22 02:00:00,4612.24139,4628.5582,4608.7197,4628.44541
2026-08-22 03:00:00,4628.04807,4631.91226,4615.28652,4621.21224
2026-08-22 04:00:00,4621.02635,4627.94429,4619.151,4624.34025
2026-08-22 05:00:00,4624.22641,4625.61497,4615.09535,4618.87961
2026-08-22 06:00:00,4619.10883,4619.10883,4603.20383,4603.92129
2026-08-22 07:00:00,4603.83002,4608.84039,4602.74522,4608.1779
2026-08-22 08:00:00,4608.20999,4608.39489,4608.08258,4608.10542
2026-08-22 09:00:00,4608.18281,4608.39007,4608.08258,4608.10714
2026-08-22 10:00:00,4608.18491,4608.39184,4608.08258,4608.10902
2026-08-22 11:00:00,4608.18274,4608.39158,4608.08258,4608.11377
2026-08-22 12:00:00,4608.1848,4608.39801,4608.08258,4608.24158
2026-08-22 13:00:00,4608.18026,4608.39442,4608.08258,4608.22651
2026-08-22 14:00:00,4608.18044,4608.39522,4608.08258,4608.22003
2026-08-22 15:00:00,4608.18238,4608.39585,4608.08258,4608.23788
2026-08-22 16:00:00,4608.18225,4608.39014,4608.08258,4608.25429
2026-08-22 17:00:00,4608.18192,4608.38761,4608.08258,4608.25597
2026-08-22 18:00:00,4608.16869,4608.38972,4608.08258,4608.27865
2026-08-22 19:00:00,4608.182,4608.39395,4608.08258,4608.28468
2026-08-22 20:00:00,4608.18238,4608.39462,4608.08258,4608.28167
2026-08-22 21:00:00,4608.17729,4608.38709,4608.08258,4608.27799
2026-08-22 22:00:00,4608.17813,4608.38518,4608.10905,4608.26976
2026-08-22 23:00:00,4608.17813,4608.38548,4608.10905,4608.25754
2026-08-23 00:00:00,4608.17813,4608.38548,4608.10905,4608.24219
2026-08-23 01:00:00,4608.17813,4608.38547,4608.10905,4608.2514
2026-08-23 02:00:00,4608.17813,4608.38547,4608.10905,4608.26793
2026-08-23 03:00:00,4608.17813,4608.38547,4608.10905,4608.28217
2026-08-23 04:00:00,4608.17813,4608.38547,4608.10931,4608.17254
2026-08-23 05:00:00,4608.17813,4608.3852,4608.10905,4608.1592
2026-08-23 06:00:00,4608.17813,4608.38547,4608.10905,4608.1496
2026-08-23 07:00:00,4608.17813,4608.38603,4608.08258,4608.14655
2026-08-23 08:00:00,4608.18026,4608.38758,4608.11116,4608.1461
2026-08-23 09:00:00,4608.18026,4608.38758,4608.11116,4608.15044
2026-08-23 10:00:00,4608.18026,4608.38758,4608.11147,4608.15929
2026-08-23 11:00:00,4608.18026,4608.38736,4608.11116,4608.17202
2026-08-23 12:00:00,4608.18026,4608.38758,4608.11116,4608.23612
2026-08-23 13:00:00,4608.18026,4608.38758,4608.11116,4608.21855
2026-08-23 14:00:00,4608.18026,4608.38758,4608.11116,4608.22364
2026-08-23 15:00:00,4608.18026,4608.38758,4608.11116,4608.2413
2026-08-23 16:00:00,4608.18026,4608.38758,4608.11115,4608.25711
2026-08-23 17:00:00,4608.18026,4608.38757,4608.11149,4608.26996
2026-08-23 18:00:00,4608.18026,4608.38737,4608.11115,4608.27896
2026-08-23 19:00:00,4608.18026,4608.38757,4608.11115,4608.28347
2026-08-23 20:00:00,4608.18026,4608.38757,4608.11115,4608.28318
2026-08-23 21:00:00,4608.18026,4608.38757,4608.11115,4608.27812
2026-08-23 22:00:00,4608.18026,4608.38757,4608.11115,4608.26863
2026-08-23 23:00:00,4608.18026,4608.38757,4608.11151,4608.25538
2026-08-24 00:00:00,4608.18026,4608.38739,4608.11115,4608.24117
2026-08-24 01:00:00,4608.18026,4608.38757,4608.11115,4608.25862
2026-08-24 02:00:00,4608.18026,4608.38756,4608.11115,4608.27459
2026-08-24 03:00:00,4608.18026,4608.38756,4608.11115,4608.28794
2026-08-24 04:00:00,4608.18026,4608.39924,4603.58206,4603.76315
2026-08-24 05:00:00,4603.68047,4603.79229,4602.35641,4603.65451
2026-08-24 06:00:00,4603.5744,4603.8396,4603.5081,4603.69568
2026-08-24 07:00:00,4603.63267,4603.81446,4603.20383,4603.63747
2026-08-24 08:00:00,4603.56408,4624.27746,4600.88082,4606.52254
2026-08-24 09:00:00,4606.73865,4624.70518,4605.32375,4624.27224
2026-08-24 10:00:00,4624.16278,4642.84562,4596.85575,4616.5515
2026-08-24 11:00:00,4617.48661,4637.93429,4608.08258,4636.32495
2026-08-24 12:00:00,4635.88478,4656.14378,4626.76897,4640.3734
2026-08-24 13:00:00,4641.21733,4650.08438,4633.49087,4641.53539
2026-08-24 14:00:00,4641.30736,4641.87903,4632.41766,4638.1624
2026-08-24 15:00:00,4639.0048,4646.03401,4630.3974,4641.11766
2026-08-24 16:00:00,4640.50373,4658.96385,4640.04685,4650.04948
2026-08-24 17:00:00,4649.94896,4652.97675,4629.91452,4643.26054
2026-08-24 18:00:00,4642.6777,4646.19245,4630.916,4636.48792
2026-08-24 19:00:00,4636.99781,4645.54492,4632.62972,4645.24802
2026-08-24 20:00:00,4644.98176,4651.50748,4642.31001,4644.56554
2026-08-24 21:00:00,4644.32594,4670.27835,4638.54278,4656.64609
2026-08-24 22:00:00,4656.78202,4666.79111,4648.78434,4662.92291
2026-08-24 23:00:00,4663.11958,4683.30825,4658.7468,4660.60692
2026-08-25 00:00:00,4662.25666,4678.36257,4654.45296,4674.27446
2026-08-25 01:00:00,4673.54398,4678.80036,4642.09451,4642.5579
2026-08-25 02:00:00,4642.6223,4662.23034,4642.6223,4645.07814
2026-08-25 03:00:00,4644.86316,4659.78943,4630.48713,4637.22052
2026-08-25 04:00:00,4636.92327,4641.66357,4626.20281,4637.39654
2026-08-25 05:00:00,4637.01955,4654.84336,4635.89933,4651.30765
2026-08-25 06:00:00,4651.63879,4657.47421,4647.33211,4652.16852
2026-08-25 07:00:00,4651.95436,4652.28556,4651.16279,4652.05205
2026-08-25 08:00:00,4652.08672,4667.89985,4652.05298,4667.64514
2026-08-25 09:00:00,4666.91892,4682.52341,4666.39959,4679.59612
2026-08-25 10:00:00,4679.31157,4695.93801,4675.51898,4689.70155
2026-08-25 11:00:00,4688.81116,4688.81116,4657.80771,4659.0522
2026-08-25 12:00:00,4661.46562,4661.46562,4622.14005,4622.62236
2026-08-25 13:00:00,4623.14205,4641.47553,4619.80153,4632.77205
2026-08-25 14:00:00,4633.391,4637.7887,4624.91906,4626.09574
2026-08-25 15:00:00,4626.19062,4647.18078,4625.24383,4643.00064
2026-08-25 16:00:00,4643.44147,4653.32713,4638.19331,4638.8173
2026-08-25 17:00:00,4640.15466,4643.60344,4630.27272,4630.86802
2026-08-25 18:00:00,4630.75788,4643.33826,4620.64504,4629.68676
2026-08-25 19:00:00,4629.15362,4642.52553,4623.17346,4637.95045
2026-08-25 20:00:00,4637.82144,4642.4782,4631.69204,4640.31399
2026-08-25 21:00:00,4641.16792,4647.23562,4638.11179,4642.92177
2026-08-25 22:00:00,4643.35156,4643.35156,4630.58418,4638.85352
2026-08-25 23:00:00,4638.93438,4640.58657,4607.65793,4610.69197
2026-08-26 00:00:00,4611.59052,4638.98448,4611.59052,4635.30076
2026-08-26 01:00:00,4635.20142,4657.66185,4629.36041,4651.92655
2026-08-26 02:00:00,4652.12449,4653.49502,4637.57362,4640.52951
2026-08-26 03:00:00,4641.01964,4647.94777,4634.99421,4647.72504
2026-08-26 04:00:00,4647.06257,4654.82005,4644.60853,4654.44057
2026-08-26 05:00:00,4653.40516,4667.44457,4653.21548,4666.54585
2026-08-26 06:00:00,4665.54169,4668.97003,4657.93971,4658.63733
2026-08-26 07:00:00,4658.73323,4658.90083,4656.97979,4658.3509
2026-08-26 08:00:00,4658.3556,4673.55237,4656.14378,4673.33272
2026-08-26 09:00:00,4673.27351,4673.71074,4653.76024,4653.88108
2026-08-26 10:00:00,4654.08221,4656.68213,4634.24324,4638.1566
2026-08-26 11:00:00,4637.9623,4661.57002,4637.14352,4661.00591
2026-08-26 12:00:00,4659.88721,4670.06024,4654.95564,4658.80568
2026-08-26 13:00:00,4658.90215,4660.09021,4643.60344,4644.03212
2026-08-26 14:00:00,4643.94654,4644.41059,4639.07961,4639.85154
2026-08-26 15:00:00,4640.07001,4647.48803,4636.28356,4639.24742
2026-08-26 16:00:00,4639.01684,4641.66357,4625.3469,4633.71522
2026-08-26 17:00:00,4633.136,4639.37514,4626.40047,4629.18824
2026-08-26 18:00:00,4628.88,4630.95073,4622.78107,4627.46894
2026-08-26 19:00:00,4627.04739,4631.13046,4616.59203,4624.08447
2026-08-26 20:00:00,4624.11631,4625.18688,4613.18448,4620.12172
2026-08-26 21:00:00,4620.22645,4625.3469,4616.59203,4625.07908
2026-08-26 22:00:00,4624.56732,4633.22009,4606.67937,4615.88188
2026-08-26 23:00:00,4617.16302,4630.18777,4600.6625,4629.80277
2026-08-27 00:00:00,4629.18313,4632.20308,4606.38445,4607.27569
2026-08-27 01:00:00,4607.47176,4609.26683,4582.25287,4598.20522
2026-08-27 02:00:00,4600.19096,4602.53292,4584.80948,4591.347
2026-08-27 03:00:00,4590.92663,4602.35641,4589.80772,4597.12772
2026-08-27 04:00:00,4596.72178,4604.26739,4592.502,4594.26498
2026-08-27 05:00:00,4594.56657,4600.87417,4590.88719,4592.8099
2026-08-27 06:00:00,4593.07329,4596.64445,4584.42213,4594.48089
2026-08-27 07:00:00,4594.38695,4594.78129,4593.0553,4593.80466
2026-08-27 08:00:00,4593.73892,4613.18448,4590.98701,4608.48408
2026-08-27 09:00:00,4608.40286,4624.9706,4606.95758,4623.74092
2026-08-27 10:00:00,4623.50152,4626.54902,4601.5093,4603.22811
2026-08-27 11:00:00,4603.64285,4639.29483,4603.64285,4639.19431
2026-08-27 12:00:00,4638.96172,4642.31001,4623.56561,4629.68502
2026-08-27 13:00:00,4629.33225,4638.43406,4624.27746,4624.55864
2026-08-27 14:00:00,4625.00391,4627.27315,4617.57206,4618.5025
2026-08-27 15:00:00,4618.40727,4621.89526,4601.5093,4606.44029
2026-08-27 16:00:00,4605.15688,4611.48259,4597.5016,4597.95512
2026-08-27 17:00:00,4598.70543,4605.48253,4593.8993,4601.94053
2026-08-27 18:00:00,4601.55861,4607.33947,4595.37705,4603.07259
2026-08-27 19:00:00,4601.89543,4601.89543,4579.59333,4579.78406
2026-08-27 20:00:00,4580.10746,4590.31444,4568.50473,4590.19275
2026-08-27 21:00:00,4589.81325,4600.57107,4588.09362,4597.90563
2026-08-27 22:00:00,4598.28767,4601.29757,4580.85204,4585.17275
2026-08-27 23:00:00,4585.49045,4593.8993,4569.96618,4573.79754
2026-08-28 00:00:00,4573.77798,4598.3354,4567.49602,4591.10189
2026-08-28 01:00:00,4590.99684,4610.84471,4589.12609,4610.74223
2026-08-28 02:00:00,4610.50617,4616.94207,4602.61898,4614.4102
2026-08-28 03:00:00,4613.93731,4616.92698,4605.53585,4605.64749
2026-08-28 04:00:00,4605.95671,4611.48259,4601.08586,4610.23667
2026-08-28 05:00:00,4609.89504,4617.91464,4604.47555,4609.17948
2026-08-28 06:00:00,4608.63031,4609.56947,4600.0276,4601.5152
2026-08-28 07:00:00,4601.25362,4602.12306,4599.39083,4601.1046
2026-08-28 08:00:00,4601.25974,4610.79418,4601.21373,4610.71997
2026-08-28 09:00:00,4610.49985,4611.3483,4594.74361,4594.7955
2026-08-28 10:00:00,4594.86495,4602.56823,4585.89379,4587.78786
2026-08-28 11:00:00,4586.93372,4601.29757,4576.03075,4576.56189
2026-08-28 12:00:00,4576.48392,4589.26113,4574.63716,4586.03769
2026-08-28 13:00:00,4585.28693,4590.76884,4578.73331,4579.09285
2026-08-28 14:00:00,4579.29943,4585.05273,4577.91613,4584.94505
2026-08-28 15:00:00,4584.77998,4585.89379,4572.24391,4576.54182
2026-08-28 16:00:00,4576.10123,4611.69024,4572.42547,4611.31102
2026-08-28 17:00:00,4610.76115,4614.67467,4595.75787,4610.47778
2026-08-28 18:00:00,4611.19279,4614.67467,4601.18988,4601.71281
2026-08-28 19:00:00,4601.91076,4608.20467,4600.87417,4606.34321
2026-08-28 20:00:00,4606.15158,4610.73522,4598.05742,4598.25016
2026-08-28 21:00:00,4598.82245,4602.04085,4591.45519,4593.5199
2026-08-28 22:00:00,4593.32785,4603.55563,4589.64475,4602.23938
2026-08-28 23:00:00,4601.91405,4627.27315,4593.80853,4625.76549
2026-08-29 00:00:00,4623.3947,4637.16814,4528.57531,4579.05612
2026-08-29 01:00:00,4578.27475,4581.48165,4525.91084,4526.23566
2026-08-29 02:00:00,4526.57792,4528.3779,4465.9987,4480.47495
2026-08-29 03:00:00,4480.68692,4486.13358,4461.49728,4471.08646
2026-08-29 04:00:00,4470.24161,4472.31055,4444.64198,4454.76978
2026-08-29 05:00:00,4455.17933,4467.1644,4453.9462,4458.96793
2026-08-29 06:00:00,4460.00681,4462.49275,4453.35115,4456.44061
2026-08-29 07:00:00,4456.35382,4459.0161,4453.52303,4458.87935
2026-08-29 08:00:00,4458.77197,4458.99154,4458.71145,4458.73438
2026-08-29 09:00:00,4458.78842,4458.98745,4458.71106,4458.72835
2026-08-29 10:00:00,4458.78293,4458.99043,4458.71232,4458.72659
2026-08-29 11:00:00,4458.78504,4458.98548,4458.71143,4458.72497
2026-08-29 12:00:00,4458.7831,4458.98502,4458.71232,4458.7257
2026-08-29 13:00:00,4458.78306,4458.98543,4458.71145,4458.72598
2026-08-29 14:00:00,4458.77732,4458.98755,4458.71232,4458.76201
2026-08-29 15:00:00,4458.77735,4458.98643,4458.71141,4458.73531
2026-08-29 16:00:00,4458.77872,4458.98544,4458.6892,4458.80936
2026-08-29 17:00:00,4458.766,4458.96357,4458.68721,4458.79391
2026-08-29 18:00:00,4458.75805,4458.98549,4458.70161,4458.82944
2026-08-29 19:00:00,4458.7775,4458.98524,4458.70907,4458.84568
2026-08-29 20:00:00,4458.77711,4458.99043,4458.71232,4458.86143
2026-08-29 21:00:00,4458.77877,4458.98341,4458.70907,4458.87411
2026-08-29 22:00:00,4458.78191,4458.98248,4458.71503,4458.88043
2026-08-29 23:00:00,4458.78191,4458.98234,4458.71503,4458.88219
2026-08-30 00:00:00,4458.78191,4458.98248,4458.71542,4458.87928
2026-08-30 01:00:00,4458.78191,4458.98248,4458.71503,4458.87191
2026-08-30 02:00:00,4458.78191,4458.98248,4458.71503,4458.86057
2026-08-30 03:00:00,4458.78191,4458.98249,4458.71503,4458.84608
2026-08-30 04:00:00,4458.78191,4458.98249,4458.71504,4458.85048
2026-08-30 05:00:00,4458.78191,4458.98249,4458.71504,4458.86669
2026-08-30 06:00:00,4458.78191,4458.98233,4458.71504,4458.88083
2026-08-30 07:00:00,4458.78191,4458.98627,4458.71232,4458.78271
2026-08-30 08:00:00,4458.78588,4458.98648,4458.71902,4458.76932
2026-08-30 09:00:00,4458.78588,4458.98648,4458.71902,4458.75943
2026-08-30 10:00:00,4458.78588,4458.98649,4458.71902,4458.75372
2026-08-30 11:00:00,4458.78588,4458.98649,4458.71902,4458.7526
2026-08-30 12:00:00,4458.78588,4458.98626,4458.71903,4458.75615
2026-08-30 13:00:00,4458.78588,4458.98649,4458.71932,4458.76411
2026-08-30 14:00:00,4458.78588,4458.98649,4458.71903,4458.77593
2026-08-30 15:00:00,4458.78588,4458.98649,4458.71903,4458.84244
2026-08-30 16:00:00,4458.78588,4458.98649,4458.71903,4458.82534
2026-08-30 17:00:00,4458.78588,4458.98649,4458.71903,4458.8253
2026-08-30 18:00:00,4458.78588,4458.98649,4458.71903,4458.84255
2026-08-30 19:00:00,4458.78588,4458.98624,4458.71903,4458.85818
2026-08-30 20:00:00,4458.78588,4458.9865,4458.7193,4458.87109
2026-08-30 21:00:00,4458.78588,4458.9865,4458.71903,4458.88038
2026-08-30 22:00:00,4458.78588,4458.9865,4458.71903,4458.8854
2026-08-30 23:00:00,4458.78588,4458.9865,4458.71903,4458.8858
2026-08-31 00:00:00,4458.78588,4458.9865,4458.71904,4458.88156
2026-08-31 01:00:00,4458.78588,4458.98622,4458.71904,4458.87296
2026-08-31 02:00:00,4458.78588,4458.9865,4458.71928,4458.86062
2026-08-31 03:00:00,4458.78588,4458.9865,4458.71904,4458.84538
2026-08-31 04:00:00,4458.78588,4459.53706,4456.79612,4456.96391
2026-08-31 05:00:00,4457.17644,4457.17644,4456.08354,4456.20312
2026-08-31 06:00:00,4456.14772,4456.54674,4455.53377,4456.19301
2026-08-31 07:00:00,4456.15721,4456.52658,4455.7323,4456.20231
2026-08-31 08:00:00,4456.15919,4466.27959,4436.55723,4461.54335
2026-08-31 09:00:00,4460.75495,4466.53421,4435.38998,4458.89106
2026-08-31 10:00:00,4458.12245,4470.87227,4452.95454,4459.10182
2026-08-31 11:00:00,4459.83325,4467.16639,4436.14333,4441.82924
2026-08-31 12:00:00,4442.80031,4442.80031,4400.09589,4421.66291
2026-08-31 13:00:00,4420.73188,4433.45585,4420.28025,4422.48108
2026-08-31 14:00:00,4422.19648,4424.58298,4413.55487,4424.44791
2026-08-31 15:00:00,4424.13661,4443.45701,4420.03436,4443.03037
2026-08-31 16:00:00,4442.22641,4443.24385,4430.07132,4438.93245
2026-08-31 17:00:00,4438.3906,4448.09005,4435.37142,4442.13212
2026-08-31 18:00:00,4442.38322,4449.98906,4434.36487,4435.73315
2026-08-31 19:00:00,4435.66256,4445.2507,4435.37656,4444.59569
2026-08-31 20:00:00,4443.49869,4455.7323,4443.49869,4454.55777
2026-08-31 21:00:00,4454.61783,4464.48502,4452.55799,4455.18278
2026-08-31 22:00:00,4455.3142,4460.70122,4434.61617,4438.65359
2026-08-31 23:00:00,4437.84724,4448.00285,4418.4917,4419.5929
2026-09-01 00:00:00,4421.19392,4434.98315,4416.75722,4434.64313
2026-09-01 01:00:00,4434.30725,4438.17902,4424.19118,4424.65829
2026-09-01 02:00:00,4425.44245,4439.51165,4425.44245,4432.96295
2026-09-01 03:00:00,4433.13907,4440.19711,4429.48264,4436.278
2026-09-01 04:00:00,4436.45498,4436.73875,4426.34561,4431.9425
2026-09-01 05:00:00,4432.08365,4451.95329,4429.28644,4450.90143
2026-09-01 06:00:00,4449.35924,4455.53377,4446.81608,4448.80126
2026-09-01 07:00:00,4448.65508,4449.22635,4447.60719,4449.05277
2026-09-01 08:00:00,4448.95865,4456.12941,4445.82759,4447.31017
2026-09-01 09:00:00,4447.02091,4451.56695,4442.07534,4451.28522
2026-09-01 10:00:00,4451.12295,4462.05653,4448.00051,4453.581
2026-09-01 11:00:00,4453.98715,4455.93084,4436.12131,4442.72416
2026-09-01 12:00:00,4442.56584,4449.19025,4428.50184,4441.82939
2026-09-01 13:00:00,4441.46398,4443.45701,4430.12136,4437.64894
2026-09-01 14:00:00,4438.25173,4438.25173,4425.65484,4427.15114
2026-09-01 15:00:00,4427.34392,4446.058188,4425.75791,4441.77510
2026-09-01 16:00:00,4440.96546,4443.96005,4428.50184,4430.44634
2026-09-01 17:00:00,4430.36288,4435.38281,4415.0782,4417.88784
2026-09-01 18:00:00,4418.37966,4419.10822,4370.70222,4375.00906
2026-09-01 19:00:00,4374.26389,4377.69354,4366.15637,4367.66407
2026-09-01 20:00:00,4368.36371,4386.26347,4364.00163,4378.7852
2026-09-01 21:00:00,4378.40835,4386.73451,4374.26184,4374.42394
2026-09-01 22:00:00,4374.64021,4376.80654,4352.93606,4358.72995
2026-09-01 23:00:00,4360.47159,4363.6877,4326.75666,4362.53058
2026-09-02 00:00:00,4361.59198,4374.83594,4354.26476,4358.43647
2026-09-02 01:00:00,4358.1105,4373.93353,4356.15961,4372.41052
2026-09-02 02:00:00,4371.64299,4373.68789,4348.39327,4355.0011
2026-09-02 03:00:00,4355.2104,4355.2104,4341.97386,4342.25038
2026-09-02 04:00:00,4342.61539,4345.78976,4328.62398,4332.87528
2026-09-02 05:00:00,4332.73933,4337.26579,4323.3419,4325.7387
2026-09-02 06:00:00,4326.24583,4330.69161,4324.34357,4328.57714
2026-09-02 07:00:00,4328.63198,4329.91082,4328.17703,4329.74577
2026-09-02 08:00:00,4329.43633,4334.69717,4326.38228,4329.55782
2026-09-02 09:00:00,4329.72145,4335.19747,4325.41865,4327.80387
2026-09-02 10:00:00,4328.13669,4333.99205,4314.80842,4319.92995
2026-09-02 11:00:00,4319.58299,4329.30503,4290.33315,4290.8652
2026-09-02 12:00:00,4291.66759,4315.18081,4289.45224,4300.75214
2026-09-02 13:00:00,4301.32152,4303.66672,4283.20555,4301.97371
2026-09-02 14:00:00,4302.40291,4307.48398,4301.90109,4307.07701
2026-09-02 15:00:00,4306.7438,4325.12656,4304.593,4320.99603
2026-09-02 16:00:00,4321.51782,4328.81693,4314.78531,4319.80086
2026-09-02 17:00:00,4320.01524,4330.69161,4316.98996,4323.46048
2026-09-02 18:00:00,4322.87349,4331.44194,4313.3785,4313.99355
2026-09-02 19:00:00,4314.55643,4322.45383,4305.33431,4308.40738
2026-09-02 20:00:00,4308.55387,4311.84452,4302.00043,4307.09527
2026-09-02 21:00:00,4307.03467,4335.20673,4307.03467,4331.05144
2026-09-02 22:00:00,4330.35866,4347.53126,4328.06752,4332.1565
2026-09-02 23:00:00,4332.19434,4382.20762,4330.6411,4380.91382
2026-09-03 00:00:00,4378.41945,4396.18411,4376.30537,4376.39311
2026-09-03 01:00:00,4376.52212,4381.65552,4364.631,4372.99855
2026-09-03 02:00:00,4372.58602,4374.59216,4364.10227,4369.20982
2026-09-03 03:00:00,4369.63056,4380.00964,4364.37225,4377.83373
2026-09-03 04:00:00,4377.68277,4379.43418,4369.09919,4372.83637
2026-09-03 05:00:00,4373.32289,4390.5027,4372.34792,4389.61664
2026-09-03 06:00:00,4387.77125,4391.55066,4384.23429,4387.76527
2026-09-03 07:00:00,4388.00046,4389.196,4387.11942,4387.57681
2026-09-03 08:00:00,4387.43639,4393.09406,4383.8499,4384.84589
2026-09-03 09:00:00,4384.80378,4388.61225,4381.92893,4384.73671
2026-09-03 10:00:00,4384.87906,4395.02483,4383.08131,4394.72081
2026-09-03 11:00:00,4394.09732,4411.87477,4389.32956,4411.31922
2026-09-03 12:00:00,4410.43931,4420.08487,4407.4221,4419.41902
2026-09-03 13:00:00,4419.55828,4432.90183,4418.995,4432.70595
2026-09-03 14:00:00,4432.37821,4438.63463,4426.54154,4436.89545
2026-09-03 15:00:00,4436.15106,4439.31457,4422.85115,4432.31711
2026-09-03 16:00:00,4432.84424,4435.37656,4418.71769,4421.35797
2026-09-03 17:00:00,4421.73671,4431.05282,4420.28025,4428.9265
2026-09-03 18:00:00,4428.97387,4440.10301,4425.98691,4437.63995
2026-09-03 19:00:00,4436.89743,4442.07534,4426.14969,4428.35464
2026-09-03 20:00:00,4428.04569,4429.55191,4420.47564,4427.27963
2026-09-03 21:00:00,4427.43143,4444.83954,4424.11496,4444.54353
2026-09-03 22:00:00,4443.99915,4494.2323,4438.13243,4493.90441
2026-09-03 23:00:00,4493.44493,4496.45288,4458.31476,4465.32554
2026-09-04 00:00:00,4465.64752,4483.29971,4461.69634,4482.67311
2026-09-04 01:00:00,4481.54429,4510.59991,4481.54429,4491.43787
2026-09-04 02:00:00,4489.37277,4495.73452,4485.91423,4486.75994
2026-09-04 03:00:00,4487.10928,4494.18004,4481.79193,4488.47941
2026-09-04 04:00:00,4488.29479,4489.53937,4474.61153,4475.30263
2026-09-04 05:00:00,4475.26732,4480.76044,4472.67197,4475.45383
2026-09-04 06:00:00,4478.39613,4478.39613,4470.47253,4473.78645
2026-09-04 07:00:00,4473.54177,4474.47313,4472.72573,4474.16855
2026-09-04 08:00:00,4474.06874,4479.12896,4471.02602,4475.34707
2026-09-04 09:00:00,4475.0325,4480.0228,4472.27191,4479.87568
2026-09-04 10:00:00,4479.45567,4486.71931,4473.47231,4486.58502
2026-09-04 11:00:00,4486.22157,4486.55053,4466.64283,4480.61609
2026-09-04 12:00:00,4479.70736,4482.69679,4470.87227,4476.70512
2026-09-04 13:00:00,4476.71737,4478.55783,4467.47677,4467.68791
2026-09-04 14:00:00,4468.04268,4474.87358,4465.88067,4473.94209
2026-09-04 15:00:00,4474.04886,4477.87928,4467.67636,4470.99567
2026-09-04 16:00:00,4470.03478,4472.98744,4460.3033,4462.71619
2026-09-04 17:00:00,4461.37106,4491.1345,4461.37106,4482.52504
2026-09-04 18:00:00,4482.85594,4486.7461,4474.62501,4478.16187
2026-09-04 19:00:00,4478.56968,4479.91603,4463.3949,4467.27773
2026-09-04 20:00:00,4467.6554,4476.47612,4466.31009,4474.63463
2026-09-04 21:00:00,4474.44939,4475.3985,4465.43092,4467.51469
2026-09-04 22:00:00,4468.79293,4514.11331,4377.25288,4407.33386
2026-09-04 23:00:00,4403.66185,4433.54988,4368.52912,4415.72542
2026-09-05 00:00:00,4417.76092,4441.2862,4411.89257,4427.71089
2026-09-05 01:00:00,4424.85702,4449.16564,4423.99575,4436.64047
2026-09-05 02:00:00,4436.79082,4443.25958,4431.78964,4436.18722
2026-09-05 03:00:00,4436.88876,4440.10857,4415.79087,4417.37914
2026-09-05 04:00:00,4417.2081,4426.54154,4412.6732,4423.89038
2026-09-05 05:00:00,4423.99989,4438.54075,4423.20268,4435.0444
2026-09-05 06:00:00,4434.35504,4435.5733,4428.77018,4430.05647
2026-09-05 07:00:00,4430.11359,4430.40399,4428.87793,4429.00654
2026-09-05 08:00:00,4428.94118,4429.14019,4428.867,4429.00835
2026-09-05 09:00:00,4428.93903,4429.14048,4428.86817,4429.02697
2026-09-05 10:00:00,4428.94315,4429.14383,4428.86704,4429.04558
2026-09-05 11:00:00,4428.94903,4429.14833,4428.8759,4428.91071
2026-09-05 12:00:00,4428.94335,4429.14833,4428.87018,4428.90591
2026-09-05 13:00:00,4428.94314,4429.14238,4428.87293,4428.90168
2026-09-05 14:00:00,4428.94187,4429.14987,4428.8699,4428.91951
2026-09-05 15:00:00,4428.95099,4429.14967,4428.87984,4428.90998
2026-09-05 16:00:00,4428.94354,4429.1461,4428.87683,4428.90073
2026-09-05 17:00:00,4428.94352,4429.14441,4428.87793,4428.9224
2026-09-05 18:00:00,4428.94544,4429.14833,4428.87687,4428.90798
2026-09-05 19:00:00,4428.94537,4429.14772,4428.87881,4429.00429
2026-09-05 20:00:00,4428.94528,4429.14833,4428.87685,4428.98726
2026-09-05 21:00:00,4428.94518,4429.15029,4428.87974,4428.98794
2026-09-05 22:00:00,4428.95099,4429.15029,4428.88475,4429.00519
2026-09-05 23:00:00,4428.95099,4429.14989,4428.88463,4429.02098
2026-09-06 00:00:00,4428.95099,4429.15029,4428.88463,4429.03419
2026-09-06 01:00:00,4428.95099,4429.15029,4428.88463,4429.04391
2026-09-06 02:00:00,4428.95099,4429.15029,4428.88463,4429.04946
2026-09-06 03:00:00,4428.95099,4429.15029,4428.88462,4429.05045
2026-09-06 04:00:00,4428.95099,4429.15028,4428.88477,4429.0468
2026-09-06 05:00:00,4428.95099,4429.14991,4428.88462,4429.03878
2026-09-06 06:00:00,4428.95099,4429.15028,4428.88462,4429.02694
2026-09-06 07:00:00,4428.95099,4429.15028,4428.88462,4429.01212
2026-09-06 08:00:00,4428.95099,4429.15028,4428.88462,4429.02186
2026-09-06 09:00:00,4428.95099,4429.15028,4428.88462,4429.0377
2026-09-06 10:00:00,4428.95099,4429.15028,4428.88462,4429.05131
2026-09-06 11:00:00,4428.95099,4429.15028,4428.88478,4428.94522
2026-09-06 12:00:00,4428.95099,4429.14993,4428.88461,4428.93249
2026-09-06 13:00:00,4428.95099,4429.15028,4428.88461,4428.92337
2026-09-06 14:00:00,4428.95099,4429.15028,4428.88461,4428.9185
2026-09-06 15:00:00,4428.95099,4429.15028,4428.88461,4428.91823
2026-09-06 16:00:00,4428.95099,4429.15028,4428.88461,4428.92257
2026-09-06 17:00:00,4428.95099,4429.15028,4428.8848,4428.93122
2026-09-06 18:00:00,4428.95099,4429.14995,4428.88461,4428.94357
2026-09-06 19:00:00,4428.95099,4429.15028,4428.88461,4429.00408
2026-09-06 20:00:00,4428.95099,4429.15028,4428.8846,4428.98721
2026-09-06 21:00:00,4428.95099,4429.15027,4428.8846,4428.9933
2026-09-06 22:00:00,4428.95099,4429.15027,4428.8846,4429.01023
2026-09-06 23:00:00,4428.95099,4429.15027,4428.8846,4429.02534
2026-09-07 00:00:00,4428.95099,4429.15027,4428.88482,4429.03758
2026-09-07 01:00:00,4428.95099,4429.14997,4428.8846,4429.04608
2026-09-07 02:00:00,4428.95099,4429.15027,4428.8846,4429.05026
2026-09-07 03:00:00,4428.95099,4429.15027,4428.8846,4429.04982
2026-09-07 04:00:00,4428.95099,4429.14865,4428.86112,4429.03656
2026-09-07 05:00:00,4428.94421,4430.07132,4428.80631,4429.02906
2026-09-07 06:00:00,4428.9463,4429.14202,4428.86626,4429.01202
2026-09-07 07:00:00,4428.94185,4429.31448,4428.69796,4429.20258
2026-09-07 08:00:00,4429.13538,4434.89188,4418.32722,4429.79502
2026-09-07 09:00:00,4430.4578,4434.30525,4420.60461,4423.50511
2026-09-07 10:00:00,4421.87877,4428.69796,4412.2838,4412.56108
2026-09-07 11:00:00,4413.16818,4415.98587,4391.3649,4410.89689
2026-09-07 12:00:00,4411.53669,4418.13201,4403.04467,4409.23463
2026-09-07 13:00:00,4409.71128,4410.60029,4401.9897,4403.44643
2026-09-07 14:00:00,4403.09419,4406.83941,4395.02483,4398.75843
2026-09-07 15:00:00,4398.51436,4412.6732,4395.41119,4397.73365
2026-09-07 16:00:00,4397.31829,4399.40715,4385.96491,4391.60856
2026-09-07 17:00:00,4392.16921,4406.64522,4391.8152,4405.5398
2026-09-07 18:00:00,4404.62367,4423.86613,4404.62367,4409.96412
2026-09-07 19:00:00,4410.32666,4413.47801,4404.51022,4405.22938
2026-09-07 20:00:00,4405.50756,4406.12609,4390.00834,4391.88558
2026-09-07 21:00:00,4391.79139,4395.02483,4382.50504,4386.32106
2026-09-07 22:00:00,4386.2099,4393.09406,4383.92165,4391.37425
